19.Yamanashi.ken, Life tables (period 1x1), Females     Last modified:2025-04-30, ver.005_001 JMD(IPSS)

  Year          Age         mx       qx    ax      lx      dx      Lx       Tx     ex
  1947           0     0.07154  0.06792  0.25  100000    6792   94929  5492955  54.93
  1947           1     0.02277  0.02251  0.50   93208    2098   92159  5398026  57.91
  1947           2     0.01735  0.01720  0.50   91110    1567   90327  5305867  58.24
  1947           3     0.01254  0.01246  0.50   89543    1116   88985  5215540  58.25
  1947           4     0.00862  0.00858  0.50   88427     759   88048  5126555  57.97
  1947           5     0.00573  0.00572  0.50   87668     501   87417  5038508  57.47
  1947           6     0.00374  0.00373  0.50   87167     325   87004  4951090  56.80
  1947           7     0.00243  0.00243  0.50   86842     211   86736  4864086  56.01
  1947           8     0.00167  0.00167  0.50   86631     144   86559  4777350  55.15
  1947           9     0.00129  0.00129  0.50   86486     111   86431  4690791  54.24
  1947          10     0.00116  0.00116  0.50   86375     100   86325  4604361  53.31
  1947          11     0.00118  0.00118  0.50   86275     102   86224  4518036  52.37
  1947          12     0.00128  0.00128  0.50   86173     111   86117  4431812  51.43
  1947          13     0.00143  0.00143  0.50   86062     123   86000  4345695  50.49
  1947          14     0.00166  0.00166  0.50   85939     142   85868  4259695  49.57
  1947          15     0.00200  0.00200  0.50   85796     171   85711  4173827  48.65
  1947          16     0.00250  0.00250  0.50   85625     214   85518  4088116  47.74
  1947          17     0.00320  0.00319  0.50   85411     273   85275  4002598  46.86
  1947          18     0.00401  0.00400  0.50   85139     341   84968  3917323  46.01
  1947          19     0.00484  0.00483  0.50   84798     410   84593  3832355  45.19
  1947          20     0.00560  0.00558  0.50   84388     471   84153  3747762  44.41
  1947          21     0.00620  0.00618  0.50   83917     518   83658  3663609  43.66
  1947          22     0.00661  0.00659  0.50   83399     549   83124  3579951  42.93
  1947          23     0.00688  0.00685  0.50   82850     568   82566  3496827  42.21
  1947          24     0.00706  0.00704  0.50   82282     579   81992  3414261  41.49
  1947          25     0.00718  0.00715  0.50   81703     584   81411  3332269  40.79
  1947          26     0.00721  0.00719  0.50   81119     583   80827  3250858  40.08
  1947          27     0.00717  0.00715  0.50   80536     576   80248  3170030  39.36
  1947          28     0.00713  0.00710  0.50   79960     568   79676  3089782  38.64
  1947          29     0.00715  0.00712  0.50   79392     565   79110  3010106  37.91
  1947          30     0.00725  0.00722  0.50   78827     569   78542  2930997  37.18
  1947          31     0.00736  0.00734  0.50   78258     574   77971  2852454  36.45
  1947          32     0.00742  0.00740  0.50   77684     575   77396  2774484  35.72
  1947          33     0.00743  0.00740  0.50   77109     571   76824  2697087  34.98
  1947          34     0.00742  0.00739  0.50   76538     565   76255  2620263  34.23
  1947          35     0.00748  0.00745  0.50   75973     566   75690  2544008  33.49
  1947          36     0.00768  0.00765  0.50   75407     577   75118  2468318  32.73
  1947          37     0.00790  0.00787  0.50   74830     589   74536  2393200  31.98
  1947          38     0.00812  0.00809  0.50   74242     601   73941  2318664  31.23
  1947          39     0.00838  0.00835  0.50   73641     615   73334  2244723  30.48
  1947          40     0.00867  0.00864  0.50   73026     631   72711  2171389  29.73
  1947          41     0.00895  0.00891  0.50   72395     645   72073  2098678  28.99
  1947          42     0.00901  0.00897  0.50   71751     644   71429  2026605  28.25
  1947          43     0.00885  0.00882  0.50   71107     627   70794  1955176  27.50
  1947          44     0.00856  0.00852  0.50   70480     600   70180  1884383  26.74
  1947          45     0.00831  0.00827  0.50   69880     578   69591  1814203  25.96
  1947          46     0.00829  0.00826  0.50   69302     572   69016  1744612  25.17
  1947          47     0.00858  0.00854  0.50   68729     587   68436  1675596  24.38
  1947          48     0.00916  0.00912  0.50   68142     621   67832  1607160  23.59
  1947          49     0.01000  0.00995  0.50   67521     672   67185  1539329  22.80
  1947          50     0.01093  0.01087  0.50   66849     727   66486  1472144  22.02
  1947          51     0.01178  0.01171  0.50   66123     774   65735  1405658  21.26
  1947          52     0.01259  0.01251  0.50   65348     818   64940  1339922  20.50
  1947          53     0.01341  0.01332  0.50   64531     859   64101  1274983  19.76
  1947          54     0.01420  0.01410  0.50   63671     898   63223  1210882  19.02
  1947          55     0.01512  0.01501  0.50   62774     942   62303  1147659  18.28
  1947          56     0.01636  0.01622  0.50   61832    1003   61330  1085356  17.55
  1947          57     0.01797  0.01781  0.50   60829    1084   60287  1024026  16.83
  1947          58     0.01995  0.01975  0.50   59745    1180   59155   963740  16.13
  1947          59     0.02209  0.02185  0.50   58565    1280   57925   904585  15.45
  1947          60     0.02447  0.02417  0.50   57285    1385   56593   846660  14.78
  1947          61     0.02713  0.02676  0.50   55901    1496   55153   790067  14.13
  1947          62     0.02991  0.02947  0.50   54404    1603   53603   734914  13.51
  1947          63     0.03261  0.03209  0.50   52801    1694   51954   681311  12.90
  1947          64     0.03514  0.03453  0.50   51107    1765   50224   629357  12.31
  1947          65     0.03749  0.03680  0.50   49342    1816   48434   579133  11.74
  1947          66     0.04001  0.03923  0.50   47526    1864   46594   530699  11.17
  1947          67     0.04311  0.04220  0.50   45662    1927   44698   484105  10.60
  1947          68     0.04708  0.04600  0.50   43735    2012   42729   439406  10.05
  1947          69     0.05191  0.05059  0.50   41723    2111   40668   396677   9.51
  1947          70     0.05730  0.05571  0.50   39612    2207   38509   356009   8.99
  1947          71     0.06246  0.06057  0.50   37406    2266   36273   317500   8.49
  1947          72     0.06737  0.06517  0.50   35140    2290   33995   281227   8.00
  1947          73     0.07242  0.06989  0.50   32850    2296   31702   247232   7.53
  1947          74     0.07854  0.07558  0.50   30554    2309   29400   215530   7.05
  1947          75     0.08676  0.08316  0.50   28245    2349   27071   186131   6.59
  1947          76     0.09762  0.09308  0.50   25896    2410   24691   159060   6.14
  1947          77     0.11058  0.10479  0.50   23486    2461   22255   134369   5.72
  1947          78     0.12495  0.11760  0.50   21025    2473   19789   112114   5.33
  1947          79     0.14042  0.13121  0.50   18552    2434   17335    92325   4.98
  1947          80     0.15677  0.14538  0.50   16118    2343   14946    74990   4.65
  1947          81     0.17357  0.15971  0.50   13775    2200   12675    60044   4.36
  1947          82     0.19046  0.17390  0.50   11575    2013   10568    47369   4.09
  1947          83     0.20750  0.18800  0.50    9562    1798    8663    36801   3.85
  1947          84     0.22492  0.20219  0.50    7764    1570    6979    28137   3.62
  1947          85     0.24295  0.21664  0.50    6195    1342    5524    21158   3.42
  1947          86     0.26174  0.23145  0.50    4853    1123    4291    15634   3.22
  1947          87     0.28140  0.24669  0.50    3729     920    3269    11343   3.04
  1947          88     0.30195  0.26235  0.50    2809     737    2441     8074   2.87
  1947          89     0.32337  0.27836  0.50    2072     577    1784     5633   2.72
  1947          90     0.34560  0.29468  0.50    1496     441    1275     3849   2.57
  1947          91     0.36856  0.31121  0.50    1055     328     891     2574   2.44
  1947          92     0.39214  0.32786  0.50     727     238     607     1683   2.32
  1947          93     0.41625  0.34454  0.50     488     168     404     1076   2.20
  1947          94     0.44077  0.36117  0.50     320     116     262      672   2.10
  1947          95     0.46558  0.37767  0.50     204      77     166      409   2.00
  1947          96     0.49057  0.39394  0.50     127      50     102      244   1.91
  1947          97     0.51560  0.40992  0.50      77      32      61      141   1.83
  1947          98     0.54055  0.42554  0.50      46      19      36       80   1.76
  1947          99     0.56530  0.44073  0.50      26      12      20       44   1.69
  1947         100     0.58972  0.45543  0.50      15       7      11       24   1.63
  1947         101     0.61370  0.46960  0.50       8       4       6       13   1.57
  1947         102     0.63711  0.48319  0.50       4       2       3        6   1.52
  1947         103     0.65985  0.49616  0.50       2       1       2        3   1.47
  1947         104     0.68184  0.50849  0.50       1       1       1        2   1.43
  1947         105     0.70300  0.52016  0.50       1       0       0        1   1.39
  1947         106     0.72333  0.53121  0.50       0       0       0        0   1.35
  1947         107     0.74286  0.54167  0.50       0       0       0        0   1.32
  1947         108     0.76172  0.55163  0.50       0       0       0        0   1.29
  1947         109     0.78010  0.56120  0.50       0       0       0        0   1.26
  1947         110+    0.80732  1.00000  1.24       0       0       0        0   1.24
  1948           0     0.04995  0.04804  0.20  100000    4804   96172  5993227  59.93
  1948           1     0.01020  0.01015  0.50   95196     966   94713  5897055  61.95
  1948           2     0.00789  0.00786  0.50   94230     740   93860  5802342  61.58
  1948           3     0.00579  0.00578  0.50   93490     540   93220  5708483  61.06
  1948           4     0.00408  0.00407  0.50   92950     378   92760  5615263  60.41
  1948           5     0.00285  0.00285  0.50   92571     264   92439  5522503  59.66
  1948           6     0.00208  0.00208  0.50   92307     192   92212  5430064  58.83
  1948           7     0.00167  0.00167  0.50   92116     153   92039  5337852  57.95
  1948           8     0.00148  0.00148  0.50   91962     136   91894  5245813  57.04
  1948           9     0.00140  0.00140  0.50   91827     128   91763  5153919  56.13
  1948          10     0.00135  0.00135  0.50   91698     124   91637  5062156  55.20
  1948          11     0.00132  0.00132  0.50   91575     121   91514  4970519  54.28
  1948          12     0.00132  0.00132  0.50   91454     121   91394  4879005  53.35
  1948          13     0.00137  0.00137  0.50   91333     125   91271  4787611  52.42
  1948          14     0.00150  0.00149  0.50   91208     136   91140  4696340  51.49
  1948          15     0.00174  0.00173  0.50   91072     158   90993  4605200  50.57
  1948          16     0.00211  0.00211  0.50   90914     192   90818  4514207  49.65
  1948          17     0.00262  0.00262  0.50   90722     238   90604  4423389  48.76
  1948          18     0.00324  0.00323  0.50   90485     293   90338  4332786  47.88
  1948          19     0.00391  0.00390  0.50   90192     352   90016  4242447  47.04
  1948          20     0.00458  0.00457  0.50   89840     410   89635  4152431  46.22
  1948          21     0.00521  0.00519  0.50   89430     464   89198  4062796  45.43
  1948          22     0.00575  0.00573  0.50   88965     510   88711  3973598  44.66
  1948          23     0.00618  0.00616  0.50   88456     545   88183  3884888  43.92
  1948          24     0.00649  0.00647  0.50   87911     569   87627  3796704  43.19
  1948          25     0.00669  0.00667  0.50   87342     583   87051  3709078  42.47
  1948          26     0.00679  0.00677  0.50   86760     587   86466  3622027  41.75
  1948          27     0.00678  0.00675  0.50   86172     582   85881  3535561  41.03
  1948          28     0.00666  0.00664  0.50   85590     569   85306  3449679  40.30
  1948          29     0.00648  0.00646  0.50   85022     549   84747  3364373  39.57
  1948          30     0.00627  0.00625  0.50   84472     528   84208  3279626  38.82
  1948          31     0.00608  0.00607  0.50   83944     509   83690  3195418  38.07
  1948          32     0.00596  0.00594  0.50   83435     496   83187  3111728  37.30
  1948          33     0.00591  0.00589  0.50   82939     489   82695  3028541  36.52
  1948          34     0.00594  0.00592  0.50   82450     488   82206  2945846  35.73
  1948          35     0.00606  0.00604  0.50   81962     495   81715  2863640  34.94
  1948          36     0.00627  0.00625  0.50   81467     509   81212  2781926  34.15
  1948          37     0.00655  0.00653  0.50   80958     528   80693  2700713  33.36
  1948          38     0.00682  0.00680  0.50   80429     547   80156  2620020  32.58
  1948          39     0.00704  0.00701  0.50   79883     560   79603  2539864  31.79
  1948          40     0.00721  0.00719  0.50   79323     570   79038  2460261  31.02
  1948          41     0.00737  0.00735  0.50   78753     579   78463  2381223  30.24
  1948          42     0.00756  0.00753  0.50   78174     588   77880  2302760  29.46
  1948          43     0.00777  0.00774  0.50   77586     601   77285  2224880  28.68
  1948          44     0.00803  0.00800  0.50   76985     616   76677  2147595  27.90
  1948          45     0.00835  0.00832  0.50   76369     635   76052  2070918  27.12
  1948          46     0.00873  0.00869  0.50   75734     658   75405  1994866  26.34
  1948          47     0.00913  0.00909  0.50   75076     682   74735  1919461  25.57
  1948          48     0.00951  0.00947  0.50   74394     704   74042  1844726  24.80
  1948          49     0.00987  0.00982  0.50   73690     724   73328  1770684  24.03
  1948          50     0.01026  0.01021  0.50   72966     745   72594  1697356  23.26
  1948          51     0.01077  0.01072  0.50   72221     774   71834  1624762  22.50
  1948          52     0.01142  0.01136  0.50   71447     812   71041  1552928  21.74
  1948          53     0.01225  0.01218  0.50   70636     860   70206  1481886  20.98
  1948          54     0.01336  0.01327  0.50   69776     926   69313  1411680  20.23
  1948          55     0.01474  0.01463  0.50   68849    1008   68346  1342368  19.50
  1948          56     0.01630  0.01616  0.50   67842    1097   67294  1274022  18.78
  1948          57     0.01777  0.01762  0.50   66745    1176   66157  1206729  18.08
  1948          58     0.01899  0.01881  0.50   65570    1233   64953  1140571  17.39
  1948          59     0.02012  0.01991  0.50   64336    1281   63696  1075618  16.72
  1948          60     0.02122  0.02100  0.50   63055    1324   62393  1011923  16.05
  1948          61     0.02236  0.02211  0.50   61731    1365   61049   949530  15.38
  1948          62     0.02377  0.02349  0.50   60366    1418   59657   888481  14.72
  1948          63     0.02568  0.02536  0.50   58948    1495   58201   828824  14.06
  1948          64     0.02817  0.02778  0.50   57453    1596   56655   770623  13.41
  1948          65     0.03120  0.03072  0.50   55857    1716   54999   713968  12.78
  1948          66     0.03465  0.03406  0.50   54141    1844   53219   658968  12.17
  1948          67     0.03839  0.03766  0.50   52297    1970   51312   605749  11.58
  1948          68     0.04230  0.04143  0.50   50327    2085   49285   554437  11.02
  1948          69     0.04642  0.04537  0.50   48242    2189   47148   505152  10.47
  1948          70     0.05074  0.04949  0.50   46054    2279   44914   458004   9.95
  1948          71     0.05516  0.05368  0.50   43775    2350   42600   413090   9.44
  1948          72     0.05983  0.05809  0.50   41425    2406   40222   370490   8.94
  1948          73     0.06489  0.06285  0.50   39018    2452   37792   330269   8.46
  1948          74     0.07033  0.06794  0.50   36566    2484   35324   292477   8.00
  1948          75     0.07619  0.07340  0.50   34082    2502   32831   257153   7.55
  1948          76     0.08285  0.07956  0.50   31580    2512   30324   224321   7.10
  1948          77     0.09041  0.08650  0.50   29068    2514   27811   193997   6.67
  1948          78     0.09891  0.09425  0.50   26553    2503   25302   166186   6.26
  1948          79     0.10853  0.10295  0.50   24051    2476   22813   140884   5.86
  1948          80     0.11948  0.11275  0.50   21575    2432   20359   118072   5.47
  1948          81     0.13196  0.12379  0.50   19142    2370   17957    97713   5.10
  1948          82     0.14614  0.13619  0.50   16773    2284   15630    79755   4.76
  1948          83     0.16201  0.14987  0.50   14488    2171   13403    64125   4.43
  1948          84     0.17952  0.16473  0.50   12317    2029   11303    50722   4.12
  1948          85     0.19863  0.18069  0.50   10288    1859    9359    39420   3.83
  1948          86     0.21930  0.19763  0.50    8429    1666    7596    30061   3.57
  1948          87     0.24148  0.21547  0.50    6763    1457    6035    22465   3.32
  1948          88     0.26512  0.23409  0.50    5306    1242    4685    16430   3.10
  1948          89     0.29015  0.25339  0.50    4064    1030    3549    11746   2.89
  1948          90     0.31650  0.27326  0.50    3034     829    2620     8197   2.70
  1948          91     0.34405  0.29355  0.50    2205     647    1881     5577   2.53
  1948          92     0.37267  0.31413  0.50    1558     489    1313     3696   2.37
  1948          93     0.40219  0.33486  0.50    1068     358     890     2383   2.23
  1948          94     0.43243  0.35556  0.50     711     253     584     1493   2.10
  1948          95     0.46318  0.37608  0.50     458     172     372      909   1.98
  1948          96     0.49421  0.39629  0.50     286     113     229      537   1.88
  1948          97     0.52528  0.41602  0.50     173      72     137      308   1.78
  1948          98     0.55616  0.43515  0.50     101      44      79      171   1.70
  1948          99     0.58661  0.45357  0.50      57      26      44       92   1.62
  1948         100     0.61639  0.47117  0.50      31      15      24       48   1.55
  1948         101     0.64529  0.48788  0.50      16       8      12       25   1.49
  1948         102     0.67312  0.50362  0.50       8       4       6       12   1.44
  1948         103     0.69974  0.51837  0.50       4       2       3        6   1.39
  1948         104     0.72500  0.53211  0.50       2       1       1        3   1.35
  1948         105     0.74888  0.54486  0.50       1       1       1        1   1.31
  1948         106     0.77140  0.55668  0.50       0       0       0        1   1.27
  1948         107     0.79266  0.56768  0.50       0       0       0        0   1.24
  1948         108     0.81295  0.57800  0.50       0       0       0        0   1.21
  1948         109     0.83255  0.58784  0.50       0       0       0        0   1.19
  1948         110+    0.85759  1.00000  1.17       0       0       0        0   1.17
  1949           0     0.05441  0.05217  0.21  100000    5217   95867  6078987  60.79
  1949           1     0.01347  0.01338  0.50   94783    1268   94150  5983121  63.12
  1949           2     0.01111  0.01105  0.50   93516    1034   92999  5888971  62.97
  1949           3     0.00885  0.00881  0.50   92482     814   92075  5795972  62.67
  1949           4     0.00677  0.00675  0.50   91668     618   91358  5703898  62.22
  1949           5     0.00498  0.00497  0.50   91049     452   90823  5612539  61.64
  1949           6     0.00353  0.00352  0.50   90597     319   90437  5521716  60.95
  1949           7     0.00243  0.00242  0.50   90278     219   90168  5431279  60.16
  1949           8     0.00164  0.00164  0.50   90059     148   89985  5341111  59.31
  1949           9     0.00113  0.00113  0.50   89911     101   89860  5251125  58.40
  1949          10     0.00083  0.00083  0.50   89810      74   89773  5161265  57.47
  1949          11     0.00070  0.00070  0.50   89735      63   89704  5071492  56.52
  1949          12     0.00070  0.00070  0.50   89673      63   89641  4981788  55.56
  1949          13     0.00081  0.00081  0.50   89610      72   89574  4892147  54.59
  1949          14     0.00101  0.00101  0.50   89537      91   89492  4802574  53.64
  1949          15     0.00130  0.00130  0.50   89447     116   89389  4713081  52.69
  1949          16     0.00165  0.00165  0.50   89331     147   89257  4623693  51.76
  1949          17     0.00207  0.00207  0.50   89184     184   89091  4534435  50.84
  1949          18     0.00253  0.00252  0.50   88999     225   88887  4445344  49.95
  1949          19     0.00299  0.00299  0.50   88775     265   88642  4356457  49.07
  1949          20     0.00342  0.00342  0.50   88509     303   88358  4267815  48.22
  1949          21     0.00380  0.00379  0.50   88207     334   88040  4179457  47.38
  1949          22     0.00411  0.00410  0.50   87872     360   87692  4091417  46.56
  1949          23     0.00437  0.00436  0.50   87512     381   87321  4003725  45.75
  1949          24     0.00459  0.00458  0.50   87131     399   86931  3916404  44.95
  1949          25     0.00479  0.00478  0.50   86732     415   86524  3829473  44.15
  1949          26     0.00496  0.00495  0.50   86317     427   86103  3742948  43.36
  1949          27     0.00508  0.00506  0.50   85890     435   85672  3656845  42.58
  1949          28     0.00513  0.00512  0.50   85455     437   85236  3571173  41.79
  1949          29     0.00513  0.00512  0.50   85017     435   84800  3485937  41.00
  1949          30     0.00510  0.00509  0.50   84583     430   84367  3401137  40.21
  1949          31     0.00507  0.00506  0.50   84152     425   83940  3316769  39.41
  1949          32     0.00506  0.00504  0.50   83727     422   83516  3232830  38.61
  1949          33     0.00510  0.00509  0.50   83304     424   83093  3149314  37.80
  1949          34     0.00522  0.00521  0.50   82881     431   82665  3066221  37.00
  1949          35     0.00540  0.00538  0.50   82449     444   82227  2983556  36.19
  1949          36     0.00560  0.00559  0.50   82006     458   81777  2901329  35.38
  1949          37     0.00581  0.00580  0.50   81548     473   81311  2819552  34.58
  1949          38     0.00602  0.00600  0.50   81075     487   80832  2738241  33.77
  1949          39     0.00623  0.00621  0.50   80588     500   80338  2657409  32.98
  1949          40     0.00643  0.00641  0.50   80088     514   79831  2577071  32.18
  1949          41     0.00665  0.00663  0.50   79575     527   79311  2497239  31.38
  1949          42     0.00687  0.00685  0.50   79047     541   78777  2417928  30.59
  1949          43     0.00709  0.00706  0.50   78506     554   78229  2339152  29.80
  1949          44     0.00727  0.00725  0.50   77951     565   77669  2260923  29.00
  1949          45     0.00742  0.00739  0.50   77387     572   77101  2183254  28.21
  1949          46     0.00751  0.00748  0.50   76815     575   76527  2106154  27.42
  1949          47     0.00757  0.00754  0.50   76240     575   75952  2029626  26.62
  1949          48     0.00760  0.00758  0.50   75665     573   75378  1953674  25.82
  1949          49     0.00764  0.00761  0.50   75092     572   74806  1878296  25.01
  1949          50     0.00775  0.00772  0.50   74520     575   74233  1803490  24.20
  1949          51     0.00798  0.00795  0.50   73945     588   73651  1729257  23.39
  1949          52     0.00838  0.00835  0.50   73357     612   73051  1655606  22.57
  1949          53     0.00895  0.00891  0.50   72745     648   72421  1582556  21.75
  1949          54     0.00968  0.00964  0.50   72096     695   71749  1510135  20.95
  1949          55     0.01056  0.01051  0.50   71402     750   71027  1438386  20.14
  1949          56     0.01159  0.01152  0.50   70651     814   70244  1367360  19.35
  1949          57     0.01277  0.01269  0.50   69837     886   69394  1297115  18.57
  1949          58     0.01411  0.01401  0.50   68951     966   68468  1227721  17.81
  1949          59     0.01562  0.01549  0.50   67985    1053   67458  1159253  17.05
  1949          60     0.01732  0.01717  0.50   66931    1149   66357  1091795  16.31
  1949          61     0.01925  0.01906  0.50   65782    1254   65155  1025438  15.59
  1949          62     0.02139  0.02117  0.50   64528    1366   63845   960283  14.88
  1949          63     0.02375  0.02348  0.50   63162    1483   62421   896438  14.19
  1949          64     0.02639  0.02605  0.50   61680    1607   60876   834017  13.52
  1949          65     0.02939  0.02896  0.50   60073    1740   59203   773141  12.87
  1949          66     0.03281  0.03228  0.50   58333    1883   57391   713938  12.24
  1949          67     0.03667  0.03601  0.50   56450    2033   55433   656547  11.63
  1949          68     0.04096  0.04014  0.50   54417    2184   53325   601113  11.05
  1949          69     0.04558  0.04457  0.50   52233    2328   51069   547789  10.49
  1949          70     0.05047  0.04923  0.50   49905    2457   48677   496720   9.95
  1949          71     0.05564  0.05414  0.50   47448    2569   46164   448043   9.44
  1949          72     0.06108  0.05927  0.50   44880    2660   43550   401879   8.95
  1949          73     0.06678  0.06462  0.50   42220    2728   40855   358329   8.49
  1949          74     0.07277  0.07022  0.50   39491    2773   38105   317474   8.04
  1949          75     0.07915  0.07613  0.50   36718    2796   35321   279369   7.61
  1949          76     0.08607  0.08252  0.50   33923    2799   32523   244048   7.19
  1949          77     0.09352  0.08934  0.50   31124    2781   29733   211525   6.80
  1949          78     0.10148  0.09658  0.50   28343    2737   26974   181792   6.41
  1949          79     0.11010  0.10436  0.50   25606    2672   24270   154817   6.05
  1949          80     0.11957  0.11282  0.50   22933    2587   21640   130548   5.69
  1949          81     0.13006  0.12211  0.50   20346    2485   19104   108908   5.35
  1949          82     0.14172  0.13234  0.50   17861    2364   16680    89804   5.03
  1949          83     0.15464  0.14354  0.50   15498    2225   14385    73125   4.72
  1949          84     0.16885  0.15570  0.50   13273    2067   12240    58739   4.43
  1949          85     0.18435  0.16879  0.50   11206    1892   10261    46500   4.15
  1949          86     0.20112  0.18274  0.50    9315    1702    8464    36239   3.89
  1949          87     0.21913  0.19749  0.50    7613    1503    6861    27775   3.65
  1949          88     0.23833  0.21296  0.50    6109    1301    5459    20914   3.42
  1949          89     0.25870  0.22907  0.50    4808    1101    4258    15455   3.21
  1949          90     0.28016  0.24574  0.50    3707     911    3251    11198   3.02
  1949          91     0.30266  0.26288  0.50    2796     735    2428     7947   2.84
  1949          92     0.32612  0.28040  0.50    2061     578    1772     5518   2.68
  1949          93     0.35045  0.29820  0.50    1483     442    1262     3746   2.53
  1949          94     0.37556  0.31619  0.50    1041     329     876     2484   2.39
  1949          95     0.40132  0.33425  0.50     712     238     593     1608   2.26
  1949          96     0.42760  0.35228  0.50     474     167     390     1015   2.14
  1949          97     0.45426  0.37018  0.50     307     114     250      625   2.04
  1949          98     0.48115  0.38784  0.50     193      75     156      375   1.94
  1949          99     0.50809  0.40516  0.50     118      48      94      219   1.85
  1949         100     0.53494  0.42205  0.50      70      30      56      124   1.77
  1949         101     0.56154  0.43844  0.50      41      18      32       69   1.70
  1949         102     0.58775  0.45426  0.50      23      10      18       37   1.63
  1949         103     0.61346  0.46946  0.50      12       6      10       20   1.57
  1949         104     0.63858  0.48403  0.50       7       3       5       10   1.51
  1949         105     0.66307  0.49797  0.50       3       2       3        5   1.46
  1949         106     0.68695  0.51132  0.50       2       1       1        2   1.42
  1949         107     0.71027  0.52413  0.50       1       0       1        1   1.37
  1949         108     0.73315  0.53649  0.50       0       0       0        1   1.33
  1949         109     0.75576  0.54849  0.50       0       0       0        0   1.30
  1949         110+    0.78620  1.00000  1.27       0       0       0        0   1.27
  1950           0     0.04784  0.04607  0.20  100000    4607   96319  6243655  62.44
  1950           1     0.01248  0.01240  0.50   95393    1183   94801  6147337  64.44
  1950           2     0.00982  0.00977  0.50   94210     920   93750  6052536  64.25
  1950           3     0.00735  0.00732  0.50   93290     683   92948  5958786  63.87
  1950           4     0.00522  0.00520  0.50   92607     482   92366  5865838  63.34
  1950           5     0.00354  0.00353  0.50   92125     325   91962  5773472  62.67
  1950           6     0.00231  0.00231  0.50   91799     212   91694  5681510  61.89
  1950           7     0.00149  0.00149  0.50   91588     136   91519  5589816  61.03
  1950           8     0.00098  0.00098  0.50   91451      90   91407  5498297  60.12
  1950           9     0.00070  0.00070  0.50   91362      64   91330  5406890  59.18
  1950          10     0.00057  0.00057  0.50   91298      52   91272  5315560  58.22
  1950          11     0.00055  0.00055  0.50   91246      50   91221  5224288  57.25
  1950          12     0.00061  0.00061  0.50   91196      56   91168  5133067  56.29
  1950          13     0.00073  0.00073  0.50   91140      66   91107  5041899  55.32
  1950          14     0.00091  0.00091  0.50   91074      82   91033  4950792  54.36
  1950          15     0.00114  0.00114  0.50   90991     104   90939  4859760  53.41
  1950          16     0.00143  0.00143  0.50   90888     130   90823  4768820  52.47
  1950          17     0.00178  0.00178  0.50   90757     162   90677  4677998  51.54
  1950          18     0.00218  0.00217  0.50   90596     197   90497  4587321  50.64
  1950          19     0.00259  0.00259  0.50   90399     234   90282  4496824  49.74
  1950          20     0.00301  0.00301  0.50   90164     271   90029  4406542  48.87
  1950          21     0.00339  0.00339  0.50   89893     304   89741  4316513  48.02
  1950          22     0.00371  0.00370  0.50   89589     332   89423  4226772  47.18
  1950          23     0.00394  0.00393  0.50   89257     351   89082  4137349  46.35
  1950          24     0.00408  0.00407  0.50   88906     362   88725  4048267  45.53
  1950          25     0.00417  0.00417  0.50   88544     369   88360  3959542  44.72
  1950          26     0.00424  0.00423  0.50   88176     373   87989  3871182  43.90
  1950          27     0.00428  0.00428  0.50   87803     375   87615  3783193  43.09
  1950          28     0.00430  0.00429  0.50   87427     375   87240  3695578  42.27
  1950          29     0.00427  0.00426  0.50   87052     371   86867  3608338  41.45
  1950          30     0.00423  0.00422  0.50   86682     366   86499  3521471  40.63
  1950          31     0.00425  0.00424  0.50   86316     366   86133  3434973  39.80
  1950          32     0.00439  0.00438  0.50   85949     376   85761  3348840  38.96
  1950          33     0.00463  0.00462  0.50   85573     395   85376  3263079  38.13
  1950          34     0.00495  0.00494  0.50   85178     420   84968  3177703  37.31
  1950          35     0.00529  0.00527  0.50   84758     447   84534  3092735  36.49
  1950          36     0.00558  0.00557  0.50   84311     469   84076  3008201  35.68
  1950          37     0.00578  0.00576  0.50   83841     483   83600  2924125  34.88
  1950          38     0.00585  0.00583  0.50   83358     486   83115  2840526  34.08
  1950          39     0.00579  0.00577  0.50   82872     479   82633  2757411  33.27
  1950          40     0.00566  0.00565  0.50   82393     465   82161  2674778  32.46
  1950          41     0.00554  0.00552  0.50   81928     453   81702  2592618  31.65
  1950          42     0.00543  0.00541  0.50   81475     441   81255  2510916  30.82
  1950          43     0.00537  0.00535  0.50   81035     434   80818  2429661  29.98
  1950          44     0.00541  0.00539  0.50   80601     435   80383  2348843  29.14
  1950          45     0.00555  0.00553  0.50   80166     443   79944  2268460  28.30
  1950          46     0.00576  0.00574  0.50   79723     458   79494  2188516  27.45
  1950          47     0.00600  0.00598  0.50   79265     474   79028  2109022  26.61
  1950          48     0.00629  0.00627  0.50   78791     494   78544  2029993  25.76
  1950          49     0.00666  0.00663  0.50   78297     519   78038  1951449  24.92
  1950          50     0.00715  0.00713  0.50   77778     554   77501  1873412  24.09
  1950          51     0.00782  0.00779  0.50   77224     601   76923  1795911  23.26
  1950          52     0.00865  0.00862  0.50   76622     660   76292  1718988  22.43
  1950          53     0.00964  0.00960  0.50   75962     729   75597  1642696  21.63
  1950          54     0.01076  0.01070  0.50   75233     805   74831  1567099  20.83
  1950          55     0.01195  0.01188  0.50   74428     884   73986  1492268  20.05
  1950          56     0.01319  0.01311  0.50   73544     964   73062  1418282  19.28
  1950          57     0.01446  0.01436  0.50   72580    1042   72059  1345220  18.53
  1950          58     0.01576  0.01563  0.50   71538    1118   70979  1273161  17.80
  1950          59     0.01703  0.01688  0.50   70419    1189   69825  1202183  17.07
  1950          60     0.01828  0.01811  0.50   69230    1254   68604  1132358  16.36
  1950          61     0.01956  0.01937  0.50   67977    1317   67318  1063754  15.65
  1950          62     0.02108  0.02086  0.50   66660    1391   65964   996436  14.95
  1950          63     0.02304  0.02278  0.50   65269    1487   64526   930472  14.26
  1950          64     0.02548  0.02516  0.50   63782    1605   62980   865946  13.58
  1950          65     0.02838  0.02799  0.50   62178    1740   61308   802966  12.91
  1950          66     0.03165  0.03116  0.50   60438    1883   59496   741658  12.27
  1950          67     0.03521  0.03460  0.50   58554    2026   57542   682162  11.65
  1950          68     0.03900  0.03826  0.50   56529    2163   55447   624621  11.05
  1950          69     0.04301  0.04211  0.50   54366    2289   53221   569173  10.47
  1950          70     0.04727  0.04618  0.50   52077    2405   50874   515952   9.91
  1950          71     0.05192  0.05061  0.50   49672    2514   48415   465078   9.36
  1950          72     0.05696  0.05538  0.50   47158    2612   45852   416663   8.84
  1950          73     0.06242  0.06053  0.50   44546    2696   43198   370811   8.32
  1950          74     0.06849  0.06623  0.50   41850    2772   40464   327613   7.83
  1950          75     0.07547  0.07273  0.50   39078    2842   37657   287149   7.35
  1950          76     0.08366  0.08030  0.50   36236    2910   34781   249491   6.89
  1950          77     0.09312  0.08898  0.50   33327    2965   31844   214710   6.44
  1950          78     0.10386  0.09874  0.50   30361    2998   28862   182866   6.02
  1950          79     0.11582  0.10948  0.50   27363    2996   25866   154004   5.63
  1950          80     0.12892  0.12111  0.50   24368    2951   22892   128138   5.26
  1950          81     0.14307  0.13352  0.50   21416    2859   19987   105246   4.91
  1950          82     0.15817  0.14658  0.50   18557    2720   17197    85260   4.59
  1950          83     0.17420  0.16024  0.50   15837    2538   14568    68063   4.30
  1950          84     0.19119  0.17450  0.50   13299    2321   12139    53495   4.02
  1950          85     0.20917  0.18937  0.50   10978    2079    9939    41356   3.77
  1950          86     0.22821  0.20483  0.50    8899    1823    7988    31417   3.53
  1950          87     0.24832  0.22090  0.50    7076    1563    6295    23429   3.31
  1950          88     0.26954  0.23752  0.50    5513    1310    4859    17135   3.11
  1950          89     0.29182  0.25466  0.50    4204    1071    3668    12276   2.92
  1950          90     0.31515  0.27225  0.50    3133     853    2707     8607   2.75
  1950          91     0.33944  0.29019  0.50    2280     662    1949     5901   2.59
  1950          92     0.36461  0.30839  0.50    1619     499    1369     3951   2.44
  1950          93     0.39055  0.32675  0.50    1119     366     936     2582   2.31
  1950          94     0.41712  0.34514  0.50     754     260     624     1646   2.18
  1950          95     0.44419  0.36346  0.50     494     179     404     1022   2.07
  1950          96     0.47158  0.38160  0.50     314     120     254      619   1.97
  1950          97     0.49914  0.39945  0.50     194      78     155      364   1.88
  1950          98     0.52668  0.41690  0.50     117      49      92      209   1.79
  1950          99     0.55404  0.43386  0.50      68      30      53      117   1.71
  1950         100     0.58105  0.45024  0.50      39      17      30       63   1.64
  1950         101     0.60753  0.46598  0.50      21      10      16       33   1.58
  1950         102     0.63334  0.48101  0.50      11       5       9       17   1.52
  1950         103     0.65836  0.49531  0.50       6       3       4        9   1.47
  1950         104     0.68252  0.50886  0.50       3       2       2        4   1.42
  1950         105     0.70576  0.52167  0.50       1       1       1        2   1.38
  1950         106     0.72813  0.53379  0.50       1       0       1        1   1.34
  1950         107     0.74970  0.54530  0.50       0       0       0        0   1.31
  1950         108     0.77065  0.55630  0.50       0       0       0        0   1.27
  1950         109     0.79119  0.56692  0.50       0       0       0        0   1.25
  1950         110+    0.81838  1.00000  1.22       0       0       0        0   1.22
  1951           0     0.04080  0.03950  0.19  100000    3950   96816  6517674  65.18
  1951           1     0.00926  0.00922  0.50   96050     885   95608  6420858  66.85
  1951           2     0.00714  0.00712  0.50   95165     677   94826  6325251  66.47
  1951           3     0.00467  0.00466  0.50   94488     440   94268  6230424  65.94
  1951           4     0.00272  0.00271  0.50   94048     255   93920  6136156  65.25
  1951           5     0.00179  0.00179  0.50   93793     168   93709  6042236  64.42
  1951           6     0.00128  0.00128  0.50   93625     120   93565  5948527  63.54
  1951           7     0.00064  0.00064  0.50   93505      60   93475  5854962  62.62
  1951           8     0.00042  0.00042  0.50   93445      40   93426  5761487  61.66
  1951           9     0.00052  0.00052  0.50   93406      49   93381  5668061  60.68
  1951          10     0.00064  0.00064  0.50   93357      60   93327  5574680  59.71
  1951          11     0.00074  0.00074  0.50   93297      69   93262  5481352  58.75
  1951          12     0.00083  0.00083  0.50   93228      77   93189  5388090  57.79
  1951          13     0.00084  0.00084  0.50   93150      78   93111  5294901  56.84
  1951          14     0.00082  0.00082  0.50   93072      76   93034  5201790  55.89
  1951          15     0.00082  0.00082  0.50   92996      76   92958  5108755  54.94
  1951          16     0.00089  0.00089  0.50   92920      82   92878  5015798  53.98
  1951          17     0.00105  0.00105  0.50   92837      97   92789  4922919  53.03
  1951          18     0.00137  0.00137  0.50   92740     127   92676  4830131  52.08
  1951          19     0.00183  0.00183  0.50   92613     169   92528  4737454  51.15
  1951          20     0.00217  0.00217  0.50   92444     201   92343  4644926  50.25
  1951          21     0.00245  0.00244  0.50   92243     225   92130  4552583  49.35
  1951          22     0.00274  0.00274  0.50   92017     252   91891  4460453  48.47
  1951          23     0.00300  0.00300  0.50   91765     275   91628  4368561  47.61
  1951          24     0.00313  0.00312  0.50   91490     286   91347  4276934  46.75
  1951          25     0.00308  0.00307  0.50   91204     280   91064  4185586  45.89
  1951          26     0.00301  0.00301  0.50   90924     274   90788  4094522  45.03
  1951          27     0.00310  0.00310  0.50   90651     281   90510  4003734  44.17
  1951          28     0.00329  0.00328  0.50   90370     296   90221  3913224  43.30
  1951          29     0.00349  0.00348  0.50   90073     314   89916  3823003  42.44
  1951          30     0.00377  0.00377  0.50   89759     338   89590  3733086  41.59
  1951          31     0.00402  0.00402  0.50   89421     359   89242  3643496  40.75
  1951          32     0.00411  0.00410  0.50   89062     365   88880  3554254  39.91
  1951          33     0.00409  0.00408  0.50   88697     362   88516  3465375  39.07
  1951          34     0.00404  0.00404  0.50   88336     357   88157  3376858  38.23
  1951          35     0.00397  0.00396  0.50   87979     348   87805  3288701  37.38
  1951          36     0.00387  0.00386  0.50   87631     338   87462  3200896  36.53
  1951          37     0.00390  0.00389  0.50   87293     340   87123  3113434  35.67
  1951          38     0.00405  0.00404  0.50   86953     352   86777  3026312  34.80
  1951          39     0.00423  0.00422  0.50   86601     366   86418  2939535  33.94
  1951          40     0.00437  0.00436  0.50   86236     376   86048  2853116  33.09
  1951          41     0.00445  0.00444  0.50   85860     381   85669  2767069  32.23
  1951          42     0.00463  0.00462  0.50   85479     395   85282  2681399  31.37
  1951          43     0.00489  0.00487  0.50   85084     415   84877  2596118  30.51
  1951          44     0.00514  0.00513  0.50   84670     434   84453  2511241  29.66
  1951          45     0.00532  0.00531  0.50   84235     447   84012  2426788  28.81
  1951          46     0.00548  0.00546  0.50   83788     458   83560  2342776  27.96
  1951          47     0.00597  0.00595  0.50   83331     496   83083  2259217  27.11
  1951          48     0.00649  0.00647  0.50   82835     536   82567  2176134  26.27
  1951          49     0.00671  0.00669  0.50   82299     551   82024  2093567  25.44
  1951          50     0.00706  0.00704  0.50   81748     575   81461  2011543  24.61
  1951          51     0.00797  0.00794  0.50   81173     644   80851  1930083  23.78
  1951          52     0.00910  0.00906  0.50   80529     729   80164  1849232  22.96
  1951          53     0.00995  0.00990  0.50   79799     790   79404  1769068  22.17
  1951          54     0.01034  0.01029  0.50   79009     813   78603  1689664  21.39
  1951          55     0.01092  0.01086  0.50   78196     849   77772  1611061  20.60
  1951          56     0.01223  0.01216  0.50   77347     940   76877  1533289  19.82
  1951          57     0.01364  0.01355  0.50   76407    1035   75889  1456412  19.06
  1951          58     0.01459  0.01448  0.50   75372    1092   74826  1380522  18.32
  1951          59     0.01576  0.01564  0.50   74280    1161   73700  1305696  17.58
  1951          60     0.01686  0.01672  0.50   73119    1222   72508  1231997  16.85
  1951          61     0.01760  0.01745  0.50   71897    1254   71269  1159489  16.13
  1951          62     0.01916  0.01898  0.50   70642    1341   69972  1088219  15.40
  1951          63     0.02230  0.02205  0.50   69301    1528   68537  1018248  14.69
  1951          64     0.02469  0.02439  0.50   67773    1653   66947   949711  14.01
  1951          65     0.02506  0.02475  0.50   66120    1636   65302   882764  13.35
  1951          66     0.02770  0.02732  0.50   64484    1761   63603   817462  12.68
  1951          67     0.03199  0.03149  0.50   62722    1975   61735   753859  12.02
  1951          68     0.03611  0.03547  0.50   60747    2155   59670   692125  11.39
  1951          69     0.04007  0.03928  0.50   58592    2302   57442   632455  10.79
  1951          70     0.04399  0.04304  0.50   56291    2423   55079   575013  10.22
  1951          71     0.04728  0.04618  0.50   53868    2488   52624   519934   9.65
  1951          72     0.05107  0.04980  0.50   51380    2559   50101   467310   9.10
  1951          73     0.05708  0.05550  0.50   48821    2710   47466   417210   8.55
  1951          74     0.06717  0.06499  0.50   46112    2997   44613   369744   8.02
  1951          75     0.07986  0.07680  0.50   43115    3311   41459   325130   7.54
  1951          76     0.08496  0.08150  0.50   39804    3244   38182   283671   7.13
  1951          77     0.08787  0.08418  0.50   36560    3077   35021   245489   6.71
  1951          78     0.09625  0.09183  0.50   33483    3075   31945   210468   6.29
  1951          79     0.10762  0.10212  0.50   30408    3105   28855   178522   5.87
  1951          80     0.11839  0.11177  0.50   27303    3052   25777   149667   5.48
  1951          81     0.13046  0.12247  0.50   24251    2970   22766   123890   5.11
  1951          82     0.14583  0.13592  0.50   21281    2893   19835   101124   4.75
  1951          83     0.16227  0.15009  0.50   18388    2760   17008    81290   4.42
  1951          84     0.17975  0.16493  0.50   15628    2578   14340    64282   4.11
  1951          85     0.19894  0.18094  0.50   13051    2361   11870    49942   3.83
  1951          86     0.21971  0.19796  0.50   10689    2116    9631    38072   3.56
  1951          87     0.24183  0.21575  0.50    8573    1850    7648    28440   3.32
  1951          88     0.26547  0.23436  0.50    6724    1576    5936    20792   3.09
  1951          89     0.29057  0.25371  0.50    5148    1306    4495    14856   2.89
  1951          90     0.31699  0.27362  0.50    3842    1051    3316    10361   2.70
  1951          91     0.34464  0.29398  0.50    2791     820    2380     7045   2.52
  1951          92     0.37340  0.31465  0.50    1970     620    1660     4665   2.37
  1951          93     0.40308  0.33547  0.50    1350     453    1124     3005   2.23
  1951          94     0.43348  0.35626  0.50     897     320     737     1881   2.10
  1951          95     0.46439  0.37688  0.50     578     218     469     1143   1.98
  1951          96     0.49558  0.39716  0.50     360     143     288      674   1.87
  1951          97     0.52680  0.41697  0.50     217      90     172      386   1.78
  1951          98     0.55781  0.43616  0.50     127      55      99      214   1.69
  1951          99     0.58838  0.45463  0.50      71      32      55      115   1.62
  1951         100     0.61829  0.47228  0.50      39      18      30       60   1.55
  1951         101     0.64732  0.48904  0.50      21      10      16       31   1.49
  1951         102     0.67530  0.50484  0.50      10       5       8       15   1.43
  1951         103     0.70209  0.51966  0.50       5       3       4        7   1.38
  1951         104     0.72756  0.53349  0.50       2       1       2        3   1.34
  1951         105     0.75161  0.54631  0.50       1       1       1        2   1.30
  1951         106     0.77420  0.55814  0.50       1       0       0        1   1.27
  1951         107     0.79533  0.56904  0.50       0       0       0        0   1.24
  1951         108     0.81492  0.57900  0.50       0       0       0        0   1.21
  1951         109     0.83297  0.58805  0.50       0       0       0        0   1.19
  1951         110+    0.85907  1.00000  1.16       0       0       0        0   1.16
  1952           0     0.03588  0.03487  0.19  100000    3487   97172  6660580  66.61
  1952           1     0.00847  0.00843  0.50   96513     814   96106  6563408  68.01
  1952           2     0.00622  0.00620  0.50   95699     593   95403  6467302  67.58
  1952           3     0.00413  0.00412  0.50   95106     392   94910  6371899  67.00
  1952           4     0.00253  0.00252  0.50   94715     239   94595  6276988  66.27
  1952           5     0.00163  0.00163  0.50   94476     154   94399  6182393  65.44
  1952           6     0.00115  0.00115  0.50   94322     109   94267  6087995  64.54
  1952           7     0.00080  0.00080  0.50   94213      75   94175  5993727  63.62
  1952           8     0.00061  0.00061  0.50   94138      58   94109  5899552  62.67
  1952           9     0.00058  0.00058  0.50   94080      54   94053  5805443  61.71
  1952          10     0.00062  0.00062  0.50   94026      58   93997  5711390  60.74
  1952          11     0.00069  0.00069  0.50   93968      64   93935  5617393  59.78
  1952          12     0.00072  0.00072  0.50   93903      68   93869  5523458  58.82
  1952          13     0.00073  0.00073  0.50   93835      69   93801  5429588  57.86
  1952          14     0.00074  0.00074  0.50   93767      70   93732  5335787  56.91
  1952          15     0.00077  0.00077  0.50   93697      72   93661  5242056  55.95
  1952          16     0.00084  0.00084  0.50   93625      78   93586  5148395  54.99
  1952          17     0.00095  0.00095  0.50   93547      89   93502  5054809  54.04
  1952          18     0.00111  0.00111  0.50   93457     104   93406  4961307  53.09
  1952          19     0.00130  0.00130  0.50   93354     121   93293  4867902  52.14
  1952          20     0.00148  0.00148  0.50   93232     138   93163  4774609  51.21
  1952          21     0.00166  0.00165  0.50   93095     154   93018  4681445  50.29
  1952          22     0.00183  0.00183  0.50   92940     170   92856  4588428  49.37
  1952          23     0.00199  0.00199  0.50   92771     185   92678  4495572  48.46
  1952          24     0.00215  0.00215  0.50   92586     199   92487  4402894  47.55
  1952          25     0.00230  0.00229  0.50   92387     212   92281  4310407  46.66
  1952          26     0.00244  0.00244  0.50   92175     225   92063  4218126  45.76
  1952          27     0.00260  0.00260  0.50   91951     239   91831  4126063  44.87
  1952          28     0.00279  0.00279  0.50   91712     256   91584  4034232  43.99
  1952          29     0.00303  0.00302  0.50   91456     276   91318  3942648  43.11
  1952          30     0.00326  0.00325  0.50   91180     296   91032  3851330  42.24
  1952          31     0.00342  0.00342  0.50   90883     310   90728  3760298  41.37
  1952          32     0.00349  0.00348  0.50   90573     315   90415  3669570  40.52
  1952          33     0.00348  0.00347  0.50   90258     314   90101  3579155  39.65
  1952          34     0.00344  0.00344  0.50   89944     309   89790  3489054  38.79
  1952          35     0.00341  0.00340  0.50   89635     305   89483  3399264  37.92
  1952          36     0.00341  0.00340  0.50   89330     304   89178  3309781  37.05
  1952          37     0.00346  0.00345  0.50   89026     307   88873  3220603  36.18
  1952          38     0.00358  0.00357  0.50   88719     317   88560  3131731  35.30
  1952          39     0.00379  0.00379  0.50   88402     335   88235  3043170  34.42
  1952          40     0.00402  0.00401  0.50   88067     353   87891  2954935  33.55
  1952          41     0.00417  0.00417  0.50   87714     365   87531  2867045  32.69
  1952          42     0.00423  0.00422  0.50   87349     369   87164  2779513  31.82
  1952          43     0.00427  0.00426  0.50   86980     370   86795  2692349  30.95
  1952          44     0.00435  0.00434  0.50   86610     376   86422  2605554  30.08
  1952          45     0.00451  0.00450  0.50   86233     388   86039  2519133  29.21
  1952          46     0.00475  0.00474  0.50   85845     407   85642  2433094  28.34
  1952          47     0.00509  0.00508  0.50   85438     434   85221  2347452  27.48
  1952          48     0.00558  0.00557  0.50   85004     473   84767  2262231  26.61
  1952          49     0.00627  0.00625  0.50   84531     528   84267  2177463  25.76
  1952          50     0.00714  0.00711  0.50   84002     597   83704  2093197  24.92
  1952          51     0.00816  0.00813  0.50   83405     678   83066  2009493  24.09
  1952          52     0.00930  0.00926  0.50   82727     766   82344  1926427  23.29
  1952          53     0.01047  0.01041  0.50   81961     854   81535  1844083  22.50
  1952          54     0.01146  0.01139  0.50   81108     924   80646  1762548  21.73
  1952          55     0.01236  0.01229  0.50   80184     985   79691  1681902  20.98
  1952          56     0.01334  0.01325  0.50   79199    1050   78674  1602211  20.23
  1952          57     0.01440  0.01430  0.50   78149    1118   77591  1523537  19.50
  1952          58     0.01541  0.01529  0.50   77032    1178   76443  1445946  18.77
  1952          59     0.01592  0.01579  0.50   75854    1198   75255  1369503  18.05
  1952          60     0.01621  0.01608  0.50   74656    1201   74056  1294248  17.34
  1952          61     0.01673  0.01659  0.50   73456    1219   72846  1220192  16.61
  1952          62     0.01768  0.01752  0.50   72237    1266   71604  1147346  15.88
  1952          63     0.01914  0.01896  0.50   70971    1345   70298  1075742  15.16
  1952          64     0.02092  0.02070  0.50   69626    1441   68905  1005443  14.44
  1952          65     0.02280  0.02255  0.50   68184    1537   67416   936538  13.74
  1952          66     0.02487  0.02456  0.50   66647    1637   65829   869123  13.04
  1952          67     0.02776  0.02738  0.50   65010    1780   64120   803294  12.36
  1952          68     0.03201  0.03151  0.50   63230    1992   62234   739174  11.69
  1952          69     0.03715  0.03647  0.50   61238    2233   60122   676939  11.05
  1952          70     0.04239  0.04151  0.50   59005    2449   57780   616818  10.45
  1952          71     0.04712  0.04603  0.50   56555    2603   55254   559038   9.88
  1952          72     0.05189  0.05058  0.50   53952    2729   52588   503784   9.34
  1952          73     0.05744  0.05584  0.50   51223    2860   49793   451197   8.81
  1952          74     0.06399  0.06201  0.50   48363    2999   46863   401404   8.30
  1952          75     0.07130  0.06884  0.50   45364    3123   43803   354540   7.82
  1952          76     0.07832  0.07537  0.50   42241    3184   40649   310738   7.36
  1952          77     0.08589  0.08235  0.50   39057    3216   37449   270088   6.92
  1952          78     0.09527  0.09094  0.50   35841    3259   34211   232639   6.49
  1952          79     0.10736  0.10189  0.50   32582    3320   30922   198428   6.09
  1952          80     0.12218  0.11515  0.50   29262    3369   27577   167506   5.72
  1952          81     0.13662  0.12789  0.50   25892    3311   24237   139929   5.40
  1952          82     0.14813  0.13791  0.50   22581    3114   21024   115692   5.12
  1952          83     0.15893  0.14723  0.50   19467    2866   18034    94668   4.86
  1952          84     0.17011  0.15677  0.50   16601    2603   15300    76634   4.62
  1952          85     0.18204  0.16685  0.50   13998    2336   12830    61335   4.38
  1952          86     0.19476  0.17748  0.50   11663    2070   10628    48504   4.16
  1952          87     0.20821  0.18857  0.50    9593    1809    8688    37877   3.95
  1952          88     0.22233  0.20009  0.50    7784    1557    7005    29188   3.75
  1952          89     0.23713  0.21199  0.50    6226    1320    5566    22183   3.56
  1952          90     0.25258  0.22426  0.50    4906    1100    4356    16617   3.39
  1952          91     0.26868  0.23686  0.50    3806     902    3355    12261   3.22
  1952          92     0.28541  0.24977  0.50    2905     725    2542     8905   3.07
  1952          93     0.30276  0.26295  0.50    2179     573    1893     6363   2.92
  1952          94     0.32069  0.27637  0.50    1606     444    1384     4471   2.78
  1952          95     0.33916  0.28998  0.50    1162     337     994     3087   2.66
  1952          96     0.35814  0.30375  0.50     825     251     700     2093   2.54
  1952          97     0.37757  0.31761  0.50     575     182     483     1393   2.42
  1952          98     0.39740  0.33153  0.50     392     130     327      910   2.32
  1952          99     0.41757  0.34545  0.50     262      91     217      583   2.22
  1952         100     0.43803  0.35933  0.50     172      62     141      366   2.13
  1952         101     0.45870  0.37312  0.50     110      41      89      225   2.05
  1952         102     0.47951  0.38678  0.50      69      27      56      136   1.97
  1952         103     0.50039  0.40025  0.50      42      17      34       80   1.90
  1952         104     0.52127  0.41350  0.50      25      10      20       46   1.83
  1952         105     0.54208  0.42648  0.50      15       6      12       26   1.77
  1952         106     0.56273  0.43916  0.50       9       4       7       15   1.71
  1952         107     0.58315  0.45150  0.50       5       2       4        8   1.65
  1952         108     0.60327  0.46347  0.50       3       1       2        4   1.60
  1952         109     0.62309  0.47508  0.50       1       1       1        2   1.56
  1952         110+    0.66042  1.00000  1.51       1       1       1        1   1.51
  1953           0     0.03884  0.03766  0.19  100000    3766   96956  6577041  65.77
  1953           1     0.00862  0.00858  0.50   96234     826   95821  6480084  67.34
  1953           2     0.00605  0.00603  0.50   95408     575   95120  6384263  66.92
  1953           3     0.00400  0.00399  0.50   94833     379   94644  6289143  66.32
  1953           4     0.00260  0.00260  0.50   94454     245   94332  6194499  65.58
  1953           5     0.00183  0.00182  0.50   94209     172   94123  6100168  64.75
  1953           6     0.00140  0.00139  0.50   94037     131   93972  6006045  63.87
  1953           7     0.00103  0.00103  0.50   93906      97   93858  5912073  62.96
  1953           8     0.00077  0.00077  0.50   93809      72   93773  5818215  62.02
  1953           9     0.00062  0.00062  0.50   93737      58   93708  5724442  61.07
  1953          10     0.00058  0.00058  0.50   93679      54   93652  5630734  60.11
  1953          11     0.00060  0.00060  0.50   93624      56   93596  5537083  59.14
  1953          12     0.00065  0.00065  0.50   93568      61   93538  5443486  58.18
  1953          13     0.00073  0.00073  0.50   93508      68   93474  5349948  57.21
  1953          14     0.00085  0.00084  0.50   93440      79   93400  5256474  56.26
  1953          15     0.00101  0.00101  0.50   93361      95   93314  5163074  55.30
  1953          16     0.00121  0.00121  0.50   93267     113   93210  5069760  54.36
  1953          17     0.00143  0.00143  0.50   93153     133   93087  4976550  53.42
  1953          18     0.00163  0.00163  0.50   93020     151   92945  4883463  52.50
  1953          19     0.00177  0.00177  0.50   92869     165   92787  4790519  51.58
  1953          20     0.00188  0.00188  0.50   92704     175   92617  4697732  50.67
  1953          21     0.00198  0.00198  0.50   92530     183   92438  4605115  49.77
  1953          22     0.00209  0.00209  0.50   92347     193   92250  4512677  48.87
  1953          23     0.00223  0.00223  0.50   92154     206   92051  4420427  47.97
  1953          24     0.00242  0.00242  0.50   91948     222   91837  4328376  47.07
  1953          25     0.00262  0.00261  0.50   91726     240   91606  4236539  46.19
  1953          26     0.00280  0.00279  0.50   91486     256   91358  4144933  45.31
  1953          27     0.00293  0.00293  0.50   91231     267   91097  4053574  44.43
  1953          28     0.00304  0.00304  0.50   90963     276   90825  3962477  43.56
  1953          29     0.00313  0.00312  0.50   90687     283   90546  3871652  42.69
  1953          30     0.00314  0.00313  0.50   90404     283   90262  3781107  41.82
  1953          31     0.00316  0.00316  0.50   90121     285   89978  3690844  40.95
  1953          32     0.00329  0.00328  0.50   89836     295   89689  3600866  40.08
  1953          33     0.00349  0.00349  0.50   89541     312   89385  3511177  39.21
  1953          34     0.00375  0.00374  0.50   89229     334   89062  3421792  38.35
  1953          35     0.00403  0.00402  0.50   88895     357   88717  3332730  37.49
  1953          36     0.00430  0.00429  0.50   88538     380   88348  3244014  36.64
  1953          37     0.00448  0.00447  0.50   88158     394   87961  3155666  35.80
  1953          38     0.00445  0.00444  0.50   87764     390   87569  3067705  34.95
  1953          39     0.00418  0.00417  0.50   87374     364   87192  2980137  34.11
  1953          40     0.00381  0.00381  0.50   87010     331   86844  2892945  33.25
  1953          41     0.00355  0.00354  0.50   86678     307   86525  2806101  32.37
  1953          42     0.00345  0.00344  0.50   86372     297   86223  2719576  31.49
  1953          43     0.00358  0.00357  0.50   86075     307   85921  2633353  30.59
  1953          44     0.00399  0.00398  0.50   85767     341   85597  2547432  29.70
  1953          45     0.00462  0.00461  0.50   85426     394   85229  2461835  28.82
  1953          46     0.00537  0.00535  0.50   85032     455   84804  2376607  27.95
  1953          47     0.00602  0.00600  0.50   84576     508   84323  2291803  27.10
  1953          48     0.00655  0.00653  0.50   84069     549   83794  2207480  26.26
  1953          49     0.00699  0.00696  0.50   83520     581   83229  2123686  25.43
  1953          50     0.00739  0.00737  0.50   82938     611   82633  2040457  24.60
  1953          51     0.00787  0.00784  0.50   82327     646   82004  1957824  23.78
  1953          52     0.00856  0.00853  0.50   81682     697   81333  1875820  22.97
  1953          53     0.00957  0.00952  0.50   80985     771   80599  1794486  22.16
  1953          54     0.01076  0.01070  0.50   80214     859   79785  1713887  21.37
  1953          55     0.01190  0.01183  0.50   79355     939   78886  1634102  20.59
  1953          56     0.01281  0.01272  0.50   78417     998   77918  1555216  19.83
  1953          57     0.01366  0.01357  0.50   77419    1050   76894  1477298  19.08
  1953          58     0.01454  0.01444  0.50   76369    1103   75817  1400404  18.34
  1953          59     0.01506  0.01495  0.50   75266    1125   74704  1324587  17.60
  1953          60     0.01540  0.01528  0.50   74141    1133   73575  1249883  16.86
  1953          61     0.01595  0.01583  0.50   73008    1156   72431  1176309  16.11
  1953          62     0.01711  0.01696  0.50   71853    1219   71243  1103878  15.36
  1953          63     0.01924  0.01905  0.50   70634    1346   69961  1032635  14.62
  1953          64     0.02272  0.02247  0.50   69288    1557   68510   962674  13.89
  1953          65     0.02728  0.02691  0.50   67731    1823   66820   894164  13.20
  1953          66     0.03082  0.03036  0.50   65908    2001   64908   827344  12.55
  1953          67     0.03406  0.03349  0.50   63908    2140   62838   762436  11.93
  1953          68     0.03824  0.03752  0.50   61768    2317   60609   699598  11.33
  1953          69     0.04334  0.04242  0.50   59450    2522   58189   638990  10.75
  1953          70     0.04881  0.04764  0.50   56928    2712   55572   580800  10.20
  1953          71     0.05339  0.05200  0.50   54216    2819   52806   525228   9.69
  1953          72     0.05679  0.05523  0.50   51397    2838   49977   472422   9.19
  1953          73     0.05942  0.05770  0.50   48558    2802   47157   422445   8.70
  1953          74     0.06317  0.06124  0.50   45756    2802   44355   375288   8.20
  1953          75     0.06974  0.06739  0.50   42954    2895   41507   330932   7.70
  1953          76     0.07835  0.07539  0.50   40060    3020   38550   289426   7.22
  1953          77     0.08784  0.08414  0.50   37039    3117   35481   250876   6.77
  1953          78     0.09751  0.09298  0.50   33923    3154   32346   215395   6.35
  1953          79     0.10833  0.10276  0.50   30769    3162   29188   183049   5.95
  1953          80     0.12113  0.11422  0.50   27607    3153   26030   153861   5.57
  1953          81     0.13456  0.12607  0.50   24454    3083   22912   127831   5.23
  1953          82     0.14739  0.13727  0.50   21371    2934   19904   104919   4.91
  1953          83     0.16089  0.14891  0.50   18437    2746   17064    85015   4.61
  1953          84     0.17547  0.16131  0.50   15692    2531   14426    67951   4.33
  1953          85     0.19111  0.17444  0.50   13160    2296   12012    53525   4.07
  1953          86     0.20782  0.18826  0.50   10865    2045    9842    41512   3.82
  1953          87     0.22558  0.20272  0.50    8819    1788    7925    31670   3.59
  1953          88     0.24440  0.21778  0.50    7031    1531    6266    23745   3.38
  1953          89     0.26424  0.23340  0.50    5500    1284    4858    17479   3.18
  1953          90     0.28509  0.24952  0.50    4216    1052    3690    12621   2.99
  1953          91     0.30689  0.26607  0.50    3164     842    2743     8931   2.82
  1953          92     0.32960  0.28297  0.50    2322     657    1994     6187   2.66
  1953          93     0.35313  0.30014  0.50    1665     500    1415     4194   2.52
  1953          94     0.37739  0.31748  0.50    1165     370     980     2778   2.38
  1953          95     0.40228  0.33492  0.50     795     266     662     1798   2.26
  1953          96     0.42769  0.35234  0.50     529     186     436     1136   2.15
  1953          97     0.45349  0.36967  0.50     343     127     279      700   2.04
  1953          98     0.47953  0.38679  0.50     216      84     174      420   1.95
  1953          99     0.50569  0.40363  0.50     132      53     106      246   1.86
  1953         100     0.53182  0.42011  0.50      79      33      62      141   1.78
  1953         101     0.55777  0.43614  0.50      46      20      36       78   1.71
  1953         102     0.58341  0.45166  0.50      26      12      20       42   1.64
  1953         103     0.60861  0.46662  0.50      14       7      11       22   1.58
  1953         104     0.63325  0.48096  0.50       8       4       6       12   1.53
  1953         105     0.65720  0.49466  0.50       4       2       3        6   1.48
  1953         106     0.68038  0.50768  0.50       2       1       1        3   1.43
  1953         107     0.70269  0.51999  0.50       1       1       1        1   1.39
  1953         108     0.72402  0.53158  0.50       0       0       0        1   1.35
  1953         109     0.74438  0.54247  0.50       0       0       0        0   1.32
  1953         110+    0.77727  1.00000  1.29       0       0       0        0   1.29
  1954           0     0.03288  0.03202  0.19  100000    3202   97393  6772810  67.73
  1954           1     0.00674  0.00671  0.50   96798     650   96473  6675417  68.96
  1954           2     0.00450  0.00449  0.50   96148     431   95932  6578945  68.43
  1954           3     0.00309  0.00309  0.50   95716     295   95569  6483013  67.73
  1954           4     0.00229  0.00229  0.50   95421     218   95312  6387444  66.94
  1954           5     0.00170  0.00170  0.50   95203     162   95122  6292132  66.09
  1954           6     0.00125  0.00125  0.50   95041     119   94981  6197011  65.20
  1954           7     0.00094  0.00094  0.50   94922      89   94877  6102029  64.28
  1954           8     0.00076  0.00076  0.50   94833      72   94797  6007152  63.34
  1954           9     0.00068  0.00068  0.50   94761      65   94728  5912355  62.39
  1954          10     0.00067  0.00067  0.50   94696      64   94664  5817627  61.43
  1954          11     0.00070  0.00070  0.50   94633      66   94599  5722963  60.48
  1954          12     0.00073  0.00073  0.50   94566      69   94532  5628363  59.52
  1954          13     0.00073  0.00073  0.50   94497      69   94463  5533832  58.56
  1954          14     0.00071  0.00071  0.50   94428      67   94395  5439369  57.60
  1954          15     0.00071  0.00071  0.50   94361      67   94328  5344975  56.64
  1954          16     0.00077  0.00077  0.50   94294      73   94258  5250647  55.68
  1954          17     0.00094  0.00094  0.50   94222      88   94177  5156389  54.73
  1954          18     0.00118  0.00118  0.50   94133     111   94078  5062212  53.78
  1954          19     0.00146  0.00146  0.50   94022     137   93954  4968134  52.84
  1954          20     0.00175  0.00175  0.50   93885     164   93803  4874180  51.92
  1954          21     0.00200  0.00200  0.50   93721     187   93627  4780377  51.01
  1954          22     0.00219  0.00219  0.50   93534     205   93431  4686750  50.11
  1954          23     0.00233  0.00233  0.50   93329     217   93220  4593319  49.22
  1954          24     0.00242  0.00241  0.50   93112     225   92999  4500099  48.33
  1954          25     0.00244  0.00244  0.50   92887     226   92774  4407100  47.45
  1954          26     0.00245  0.00245  0.50   92660     227   92547  4314326  46.56
  1954          27     0.00252  0.00251  0.50   92433     232   92317  4221779  45.67
  1954          28     0.00261  0.00261  0.50   92201     241   92081  4129462  44.79
  1954          29     0.00273  0.00273  0.50   91960     251   91835  4037381  43.90
  1954          30     0.00289  0.00288  0.50   91710     264   91578  3945546  43.02
  1954          31     0.00303  0.00302  0.50   91445     276   91307  3853968  42.14
  1954          32     0.00309  0.00308  0.50   91169     281   91029  3762661  41.27
  1954          33     0.00305  0.00305  0.50   90888     277   90750  3671632  40.40
  1954          34     0.00292  0.00292  0.50   90611     265   90479  3580883  39.52
  1954          35     0.00279  0.00279  0.50   90347     252   90221  3490404  38.63
  1954          36     0.00276  0.00276  0.50   90095     248   89971  3400183  37.74
  1954          37     0.00293  0.00292  0.50   89847     262   89715  3310212  36.84
  1954          38     0.00325  0.00324  0.50   89584     290   89439  3220497  35.95
  1954          39     0.00365  0.00365  0.50   89294     326   89131  3131058  35.06
  1954          40     0.00410  0.00409  0.50   88968     364   88786  3041927  34.19
  1954          41     0.00454  0.00453  0.50   88605     401   88404  2953141  33.33
  1954          42     0.00493  0.00492  0.50   88204     434   87986  2864737  32.48
  1954          43     0.00522  0.00520  0.50   87769     457   87541  2776750  31.64
  1954          44     0.00535  0.00533  0.50   87313     466   87080  2689209  30.80
  1954          45     0.00544  0.00542  0.50   86847     471   86611  2602129  29.96
  1954          46     0.00561  0.00560  0.50   86376     483   86134  2515518  29.12
  1954          47     0.00595  0.00593  0.50   85892     510   85638  2429384  28.28
  1954          48     0.00646  0.00644  0.50   85383     550   85108  2343746  27.45
  1954          49     0.00713  0.00710  0.50   84833     602   84532  2258638  26.62
  1954          50     0.00780  0.00777  0.50   84230     655   83903  2174107  25.81
  1954          51     0.00835  0.00832  0.50   83576     695   83228  2090204  25.01
  1954          52     0.00875  0.00871  0.50   82881     722   82520  2006975  24.22
  1954          53     0.00899  0.00895  0.50   82159     735   81791  1924456  23.42
  1954          54     0.00920  0.00916  0.50   81423     746   81051  1842665  22.63
  1954          55     0.00945  0.00940  0.50   80678     759   80298  1761614  21.84
  1954          56     0.00981  0.00976  0.50   79919     780   79529  1681316  21.04
  1954          57     0.01039  0.01034  0.50   79139     818   78730  1601786  20.24
  1954          58     0.01131  0.01125  0.50   78321     881   77880  1523057  19.45
  1954          59     0.01258  0.01251  0.50   77440     968   76956  1445177  18.66
  1954          60     0.01415  0.01405  0.50   76471    1075   75934  1368221  17.89
  1954          61     0.01593  0.01581  0.50   75397    1192   74801  1292287  17.14
  1954          62     0.01790  0.01774  0.50   74205    1316   73547  1217486  16.41
  1954          63     0.02006  0.01986  0.50   72889    1448   72165  1143939  15.69
  1954          64     0.02259  0.02234  0.50   71441    1596   70643  1071774  15.00
  1954          65     0.02563  0.02530  0.50   69845    1767   68961  1001130  14.33
  1954          66     0.02886  0.02845  0.50   68078    1937   67109   932169  13.69
  1954          67     0.03170  0.03120  0.50   66141    2064   65109   865060  13.08
  1954          68     0.03375  0.03319  0.50   64077    2127   63014   799950  12.48
  1954          69     0.03573  0.03510  0.50   61951    2175   60863   736937  11.90
  1954          70     0.03835  0.03763  0.50   59776    2249   58651   676073  11.31
  1954          71     0.04132  0.04048  0.50   57527    2329   56362   617422  10.73
  1954          72     0.04433  0.04337  0.50   55198    2394   54001   561060  10.16
  1954          73     0.04733  0.04623  0.50   52804    2441   51584   507059   9.60
  1954          74     0.05100  0.04973  0.50   50363    2505   49111   455475   9.04
  1954          75     0.05624  0.05471  0.50   47858    2618   46549   406364   8.49
  1954          76     0.06376  0.06179  0.50   45240    2795   43842   359815   7.95
  1954          77     0.07299  0.07042  0.50   42445    2989   40950   315973   7.44
  1954          78     0.08308  0.07977  0.50   39456    3147   37882   275022   6.97
  1954          79     0.09331  0.08915  0.50   36308    3237   34690   237140   6.53
  1954          80     0.10327  0.09820  0.50   33071    3248   31448   202451   6.12
  1954          81     0.11377  0.10765  0.50   29824    3211   28219   171003   5.73
  1954          82     0.12565  0.11822  0.50   26613    3146   25040   142784   5.37
  1954          83     0.13873  0.12973  0.50   23467    3044   21945   117744   5.02
  1954          84     0.15297  0.14210  0.50   20423    2902   18972    95799   4.69
  1954          85     0.16839  0.15532  0.50   17520    2721   16160    76828   4.39
  1954          86     0.18502  0.16936  0.50   14799    2506   13546    60668   4.10
  1954          87     0.20288  0.18420  0.50   12293    2264   11161    47122   3.83
  1954          88     0.22200  0.19982  0.50   10029    2004    9027    35961   3.59
  1954          89     0.24236  0.21617  0.50    8025    1735    7157    26934   3.36
  1954          90     0.26397  0.23319  0.50    6290    1467    5557    19777   3.14
  1954          91     0.28676  0.25080  0.50    4823    1210    4218    14220   2.95
  1954          92     0.31070  0.26892  0.50    3614     972    3128    10002   2.77
  1954          93     0.33569  0.28744  0.50    2642     759    2262     6874   2.60
  1954          94     0.36164  0.30626  0.50    1882     577    1594     4612   2.45
  1954          95     0.38842  0.32525  0.50    1306     425    1094     3018   2.31
  1954          96     0.41589  0.34429  0.50     881     303     729     1924   2.18
  1954          97     0.44389  0.36327  0.50     578     210     473     1195   2.07
  1954          98     0.47226  0.38204  0.50     368     141     298      722   1.96
  1954          99     0.50080  0.40051  0.50     227      91     182      424   1.87
  1954         100     0.52934  0.41856  0.50     136      57     108      243   1.78
  1954         101     0.55769  0.43609  0.50      79      35      62      135   1.70
  1954         102     0.58567  0.45301  0.50      45      20      35       73   1.63
  1954         103     0.61311  0.46925  0.50      24      11      19       38   1.57
  1954         104     0.63985  0.48476  0.50      13       6      10       20   1.51
  1954         105     0.66574  0.49948  0.50       7       3       5       10   1.45
  1954         106     0.69065  0.51337  0.50       3       2       2        5   1.41
  1954         107     0.71445  0.52640  0.50       2       1       1        2   1.37
  1954         108     0.73708  0.53859  0.50       1       0       1        1   1.33
  1954         109     0.75864  0.55001  0.50       0       0       0        0   1.29
  1954         110+    0.79247  1.00000  1.26       0       0       0        0   1.26
  1955           0     0.02708  0.02649  0.18  100000    2649   97827  6887439  68.87
  1955           1     0.00514  0.00513  0.50   97351     499   97101  6789612  69.74
  1955           2     0.00392  0.00391  0.50   96852     379   96662  6692511  69.10
  1955           3     0.00280  0.00280  0.50   96473     270   96338  6595849  68.37
  1955           4     0.00193  0.00193  0.50   96203     186   96110  6499511  67.56
  1955           5     0.00141  0.00141  0.50   96017     136   95949  6403402  66.69
  1955           6     0.00109  0.00109  0.50   95881     104   95829  6307452  65.78
  1955           7     0.00079  0.00079  0.50   95777      76   95739  6211623  64.86
  1955           8     0.00062  0.00062  0.50   95701      59   95671  6115884  63.91
  1955           9     0.00055  0.00055  0.50   95642      53   95615  6020213  62.95
  1955          10     0.00053  0.00053  0.50   95589      51   95564  5924597  61.98
  1955          11     0.00053  0.00053  0.50   95538      50   95513  5829034  61.01
  1955          12     0.00052  0.00052  0.50   95488      50   95463  5733521  60.04
  1955          13     0.00053  0.00053  0.50   95438      50   95413  5638058  59.08
  1955          14     0.00055  0.00055  0.50   95388      52   95361  5542645  58.11
  1955          15     0.00059  0.00059  0.50   95335      56   95307  5447283  57.14
  1955          16     0.00070  0.00070  0.50   95279      67   95246  5351976  56.17
  1955          17     0.00093  0.00093  0.50   95212      88   95168  5256730  55.21
  1955          18     0.00124  0.00124  0.50   95124     118   95065  5161562  54.26
  1955          19     0.00157  0.00157  0.50   95006     149   94931  5066497  53.33
  1955          20     0.00186  0.00186  0.50   94857     176   94769  4971566  52.41
  1955          21     0.00209  0.00208  0.50   94681     197   94582  4876797  51.51
  1955          22     0.00226  0.00225  0.50   94483     213   94377  4782215  50.61
  1955          23     0.00238  0.00238  0.50   94270     224   94158  4687838  49.73
  1955          24     0.00246  0.00245  0.50   94047     231   93931  4593679  48.84
  1955          25     0.00250  0.00249  0.50   93816     234   93699  4499748  47.96
  1955          26     0.00251  0.00250  0.50   93582     234   93465  4406049  47.08
  1955          27     0.00249  0.00249  0.50   93348     232   93232  4312585  46.20
  1955          28     0.00244  0.00244  0.50   93115     227   93002  4219353  45.31
  1955          29     0.00234  0.00234  0.50   92889     217   92780  4126351  44.42
  1955          30     0.00225  0.00225  0.50   92671     209   92567  4033571  43.53
  1955          31     0.00221  0.00220  0.50   92462     204   92361  3941005  42.62
  1955          32     0.00223  0.00223  0.50   92259     205   92156  3848644  41.72
  1955          33     0.00235  0.00235  0.50   92053     216   91945  3756488  40.81
  1955          34     0.00258  0.00258  0.50   91837     237   91719  3664543  39.90
  1955          35     0.00287  0.00287  0.50   91600     263   91469  3572824  39.00
  1955          36     0.00314  0.00314  0.50   91338     287   91194  3481355  38.12
  1955          37     0.00333  0.00333  0.50   91051     303   90899  3390161  37.23
  1955          38     0.00346  0.00345  0.50   90748     313   90591  3299262  36.36
  1955          39     0.00355  0.00354  0.50   90435     320   90274  3208670  35.48
  1955          40     0.00360  0.00360  0.50   90114     324   89952  3118396  34.60
  1955          41     0.00365  0.00364  0.50   89790     327   89627  3028444  33.73
  1955          42     0.00379  0.00378  0.50   89463     338   89294  2938817  32.85
  1955          43     0.00398  0.00398  0.50   89125     354   88948  2849523  31.97
  1955          44     0.00415  0.00414  0.50   88770     367   88587  2760576  31.10
  1955          45     0.00434  0.00434  0.50   88403     383   88211  2671989  30.23
  1955          46     0.00469  0.00468  0.50   88020     412   87814  2583778  29.35
  1955          47     0.00530  0.00529  0.50   87608     463   87376  2495964  28.49
  1955          48     0.00602  0.00600  0.50   87145     523   86883  2408587  27.64
  1955          49     0.00666  0.00664  0.50   86622     575   86334  2321704  26.80
  1955          50     0.00718  0.00715  0.50   86047     615   85739  2235370  25.98
  1955          51     0.00760  0.00757  0.50   85432     647   85108  2149631  25.16
  1955          52     0.00801  0.00798  0.50   84785     676   84447  2064522  24.35
  1955          53     0.00846  0.00843  0.50   84109     709   83754  1980075  23.54
  1955          54     0.00885  0.00881  0.50   83400     734   83033  1896321  22.74
  1955          55     0.00931  0.00927  0.50   82665     766   82282  1813289  21.94
  1955          56     0.01004  0.00999  0.50   81899     818   81490  1731006  21.14
  1955          57     0.01105  0.01099  0.50   81081     891   80635  1649516  20.34
  1955          58     0.01229  0.01222  0.50   80190     980   79700  1568881  19.56
  1955          59     0.01374  0.01365  0.50   79210    1081   78670  1489181  18.80
  1955          60     0.01537  0.01525  0.50   78129    1192   77533  1410511  18.05
  1955          61     0.01714  0.01699  0.50   76938    1307   76284  1332978  17.33
  1955          62     0.01886  0.01868  0.50   75630    1413   74924  1256694  16.62
  1955          63     0.02032  0.02012  0.50   74217    1493   73471  1181770  15.92
  1955          64     0.02141  0.02118  0.50   72724    1540   71954  1108299  15.24
  1955          65     0.02244  0.02219  0.50   71184    1579   70394  1036345  14.56
  1955          66     0.02485  0.02455  0.50   69605    1708   68751   965950  13.88
  1955          67     0.02784  0.02746  0.50   67896    1864   66964   897200  13.21
  1955          68     0.03035  0.02990  0.50   66032    1974   65045   830236  12.57
  1955          69     0.03302  0.03248  0.50   64058    2081   63017   765191  11.95
  1955          70     0.03665  0.03599  0.50   61977    2231   60861   702174  11.33
  1955          71     0.04110  0.04027  0.50   59746    2406   58543   641312  10.73
  1955          72     0.04591  0.04488  0.50   57340    2573   56054   582769  10.16
  1955          73     0.05061  0.04936  0.50   54767    2703   53415   526716   9.62
  1955          74     0.05457  0.05313  0.50   52064    2766   50681   473300   9.09
  1955          75     0.05786  0.05623  0.50   49298    2772   47912   422620   8.57
  1955          76     0.06279  0.06088  0.50   46526    2832   45109   374708   8.05
  1955          77     0.07057  0.06817  0.50   43693    2979   42204   329599   7.54
  1955          78     0.08150  0.07831  0.50   40715    3188   39120   287395   7.06
  1955          79     0.09400  0.08978  0.50   37526    3369   35842   248274   6.62
  1955          80     0.10626  0.10090  0.50   34157    3446   32434   212433   6.22
  1955          81     0.11755  0.11103  0.50   30711    3410   29006   179999   5.86
  1955          82     0.12787  0.12018  0.50   27301    3281   25660   150993   5.53
  1955          83     0.13873  0.12973  0.50   24020    3116   22462   125333   5.22
  1955          84     0.15051  0.13997  0.50   20904    2926   19441   102871   4.92
  1955          85     0.16317  0.15087  0.50   17978    2712   16622    83430   4.64
  1955          86     0.17671  0.16237  0.50   15266    2479   14026    66808   4.38
  1955          87     0.19111  0.17444  0.50   12787    2231   11672    52782   4.13
  1955          88     0.20639  0.18708  0.50   10556    1975    9569    41110   3.89
  1955          89     0.22255  0.20026  0.50    8581    1719    7722    31541   3.68
  1955          90     0.23959  0.21396  0.50    6863    1468    6129    23819   3.47
  1955          91     0.25750  0.22813  0.50    5395    1231    4779    17690   3.28
  1955          92     0.27627  0.24274  0.50    4164    1011    3659    12911   3.10
  1955          93     0.29586  0.25773  0.50    3153     813    2747     9252   2.93
  1955          94     0.31623  0.27306  0.50    2340     639    2021     6506   2.78
  1955          95     0.33733  0.28865  0.50    1701     491    1456     4485   2.64
  1955          96     0.35910  0.30444  0.50    1210     368    1026     3029   2.50
  1955          97     0.38147  0.32037  0.50     842     270     707     2003   2.38
  1955          98     0.40435  0.33635  0.50     572     192     476     1296   2.26
  1955          99     0.42766  0.35232  0.50     380     134     313      820   2.16
  1955         100     0.45129  0.36820  0.50     246      91     201      507   2.06
  1955         101     0.47514  0.38393  0.50     155      60     126      306   1.97
  1955         102     0.49910  0.39943  0.50      96      38      77      181   1.89
  1955         103     0.52307  0.41463  0.50      57      24      46      104   1.81
  1955         104     0.54694  0.42949  0.50      34      14      26       59   1.74
  1955         105     0.57059  0.44394  0.50      19       9      15       32   1.68
  1955         106     0.59392  0.45793  0.50      11       5       8       17   1.62
  1955         107     0.61683  0.47143  0.50       6       3       4        9   1.57
  1955         108     0.63919  0.48438  0.50       3       1       2        5   1.52
  1955         109     0.66097  0.49679  0.50       2       1       1        2   1.47
  1955         110+    0.69973  1.00000  1.43       1       1       1        1   1.43
  1956           0     0.02926  0.02858  0.18  100000    2858   97663  6864381  68.64
  1956           1     0.00570  0.00568  0.50   97142     552   96866  6766718  69.66
  1956           2     0.00384  0.00383  0.50   96591     370   96406  6669852  69.05
  1956           3     0.00258  0.00258  0.50   96221     248   96097  6573446  68.32
  1956           4     0.00183  0.00183  0.50   95972     176   95885  6477349  67.49
  1956           5     0.00131  0.00131  0.50   95797     126   95734  6381465  66.61
  1956           6     0.00092  0.00092  0.50   95671      88   95627  6285731  65.70
  1956           7     0.00062  0.00062  0.50   95583      59   95553  6190104  64.76
  1956           8     0.00046  0.00046  0.50   95524      44   95502  6094550  63.80
  1956           9     0.00041  0.00041  0.50   95480      39   95461  5999048  62.83
  1956          10     0.00040  0.00040  0.50   95441      38   95422  5903588  61.86
  1956          11     0.00042  0.00042  0.50   95403      40   95383  5808166  60.88
  1956          12     0.00046  0.00046  0.50   95362      43   95341  5712783  59.91
  1956          13     0.00048  0.00048  0.50   95319      46   95296  5617443  58.93
  1956          14     0.00052  0.00051  0.50   95273      49   95248  5522147  57.96
  1956          15     0.00057  0.00057  0.50   95224      54   95197  5426898  56.99
  1956          16     0.00067  0.00067  0.50   95169      64   95138  5331702  56.02
  1956          17     0.00081  0.00081  0.50   95106      77   95067  5236564  55.06
  1956          18     0.00102  0.00102  0.50   95028      97   94980  5141497  54.10
  1956          19     0.00127  0.00127  0.50   94932     121   94871  5046517  53.16
  1956          20     0.00150  0.00150  0.50   94811     142   94740  4951646  52.23
  1956          21     0.00169  0.00169  0.50   94669     160   94589  4856906  51.30
  1956          22     0.00183  0.00182  0.50   94509     172   94423  4762317  50.39
  1956          23     0.00192  0.00192  0.50   94336     181   94246  4667895  49.48
  1956          24     0.00198  0.00198  0.50   94155     186   94062  4573649  48.58
  1956          25     0.00201  0.00200  0.50   93969     188   93875  4479586  47.67
  1956          26     0.00202  0.00202  0.50   93781     189   93686  4385711  46.77
  1956          27     0.00205  0.00205  0.50   93592     191   93496  4292025  45.86
  1956          28     0.00211  0.00210  0.50   93400     196   93302  4198529  44.95
  1956          29     0.00219  0.00219  0.50   93204     204   93102  4105226  44.05
  1956          30     0.00225  0.00225  0.50   93000     209   92895  4012125  43.14
  1956          31     0.00230  0.00230  0.50   92790     213   92684  3919230  42.24
  1956          32     0.00236  0.00236  0.50   92577     218   92468  3826546  41.33
  1956          33     0.00242  0.00242  0.50   92359     223   92247  3734078  40.43
  1956          34     0.00246  0.00246  0.50   92136     226   92022  3641830  39.53
  1956          35     0.00247  0.00247  0.50   91909     227   91796  3549808  38.62
  1956          36     0.00246  0.00246  0.50   91682     226   91569  3458012  37.72
  1956          37     0.00248  0.00247  0.50   91457     226   91344  3366443  36.81
  1956          38     0.00254  0.00253  0.50   91230     231   91115  3275099  35.90
  1956          39     0.00266  0.00266  0.50   90999     242   90879  3183984  34.99
  1956          40     0.00286  0.00286  0.50   90758     259   90628  3093106  34.08
  1956          41     0.00314  0.00313  0.50   90499     283   90357  3002477  33.18
  1956          42     0.00348  0.00348  0.50   90215     314   90058  2912121  32.28
  1956          43     0.00391  0.00391  0.50   89902     351   89726  2822062  31.39
  1956          44     0.00443  0.00442  0.50   89550     396   89353  2732336  30.51
  1956          45     0.00495  0.00494  0.50   89155     441   88935  2642984  29.64
  1956          46     0.00541  0.00540  0.50   88714     479   88475  2554049  28.79
  1956          47     0.00575  0.00573  0.50   88236     506   87983  2465574  27.94
  1956          48     0.00599  0.00597  0.50   87730     524   87468  2377592  27.10
  1956          49     0.00615  0.00613  0.50   87206     534   86939  2290124  26.26
  1956          50     0.00623  0.00621  0.50   86672     538   86403  2203185  25.42
  1956          51     0.00628  0.00626  0.50   86134     539   85864  2116782  24.58
  1956          52     0.00650  0.00648  0.50   85595     554   85318  2030918  23.73
  1956          53     0.00710  0.00707  0.50   85040     602   84740  1945600  22.88
  1956          54     0.00807  0.00804  0.50   84439     679   84099  1860861  22.04
  1956          55     0.00940  0.00935  0.50   83760     784   83368  1776761  21.21
  1956          56     0.01101  0.01095  0.50   82976     909   82522  1693393  20.41
  1956          57     0.01263  0.01255  0.50   82068    1030   81553  1610871  19.63
  1956          58     0.01388  0.01379  0.50   81038    1117   80479  1529319  18.87
  1956          59     0.01448  0.01437  0.50   79920    1149   79346  1448840  18.13
  1956          60     0.01491  0.01480  0.50   78772    1166   78189  1369494  17.39
  1956          61     0.01578  0.01565  0.50   77606    1215   76999  1291305  16.64
  1956          62     0.01720  0.01706  0.50   76391    1303   75740  1214306  15.90
  1956          63     0.01914  0.01896  0.50   75088    1424   74376  1138566  15.16
  1956          64     0.02133  0.02110  0.50   73665    1555   72887  1064190  14.45
  1956          65     0.02358  0.02331  0.50   72110    1681   71270   991303  13.75
  1956          66     0.02628  0.02594  0.50   70429    1827   69516   920033  13.06
  1956          67     0.02957  0.02914  0.50   68602    1999   67603   850517  12.40
  1956          68     0.03332  0.03277  0.50   66603    2183   65512   782915  11.75
  1956          69     0.03655  0.03589  0.50   64420    2312   63264   717403  11.14
  1956          70     0.03894  0.03819  0.50   62108    2372   60922   654139  10.53
  1956          71     0.04280  0.04190  0.50   59736    2503   58484   593217   9.93
  1956          72     0.04836  0.04722  0.50   57233    2702   55882   534733   9.34
  1956          73     0.05511  0.05363  0.50   54530    2924   53068   478851   8.78
  1956          74     0.06253  0.06063  0.50   51606    3129   50041   425783   8.25
  1956          75     0.07006  0.06769  0.50   48477    3282   46836   375742   7.75
  1956          76     0.07731  0.07443  0.50   45195    3364   43513   328905   7.28
  1956          77     0.08534  0.08185  0.50   41831    3424   40119   285392   6.82
  1956          78     0.09525  0.09092  0.50   38407    3492   36661   245273   6.39
  1956          79     0.10668  0.10128  0.50   34915    3536   33147   208611   5.97
  1956          80     0.11900  0.11232  0.50   31379    3524   29617   175464   5.59
  1956          81     0.13182  0.12367  0.50   27855    3445   26132   145847   5.24
  1956          82     0.14503  0.13522  0.50   24410    3301   22760   119714   4.90
  1956          83     0.15921  0.14747  0.50   21109    3113   19553    96955   4.59
  1956          84     0.17455  0.16054  0.50   17996    2889   16552    77402   4.30
  1956          85     0.19107  0.17441  0.50   15107    2635   13790    60850   4.03
  1956          86     0.20877  0.18904  0.50   12472    2358   11293    47061   3.77
  1956          87     0.22765  0.20439  0.50   10115    2067    9081    35767   3.54
  1956          88     0.24770  0.22041  0.50    8047    1774    7160    26687   3.32
  1956          89     0.26890  0.23703  0.50    6274    1487    5530    19526   3.11
  1956          90     0.29122  0.25420  0.50    4787    1217    4178    13996   2.92
  1956          91     0.31458  0.27183  0.50    3570     970    3085     9818   2.75
  1956          92     0.33893  0.28981  0.50    2599     753    2223     6733   2.59
  1956          93     0.36416  0.30807  0.50    1846     569    1562     4510   2.44
  1956          94     0.39015  0.32647  0.50    1277     417    1069     2949   2.31
  1956          95     0.41679  0.34491  0.50     860     297     712     1880   2.19
  1956          96     0.44392  0.36329  0.50     564     205     461     1168   2.07
  1956          97     0.47139  0.38148  0.50     359     137     290      707   1.97
  1956          98     0.49904  0.39938  0.50     222      89     178      416   1.88
  1956          99     0.52669  0.41690  0.50     133      56     106      239   1.79
  1956         100     0.55417  0.43394  0.50      78      34      61      133   1.71
  1956         101     0.58133  0.45041  0.50      44      20      34       72   1.64
  1956         102     0.60801  0.46626  0.50      24      11      19       38   1.58
  1956         103     0.63406  0.48143  0.50      13       6      10       20   1.52
  1956         104     0.65935  0.49587  0.50       7       3       5       10   1.47
  1956         105     0.68376  0.50955  0.50       3       2       3        5   1.42
  1956         106     0.70719  0.52245  0.50       2       1       1        2   1.38
  1956         107     0.72952  0.53454  0.50       1       0       1        1   1.34
  1956         108     0.75072  0.54583  0.50       0       0       0        0   1.31
  1956         109     0.77083  0.55639  0.50       0       0       0        0   1.27
  1956         110+    0.80222  1.00000  1.25       0       0       0        0   1.25
  1957           0     0.03079  0.03004  0.18  100000    3004   97548  6893902  68.94
  1957           1     0.00497  0.00496  0.50   96996     481   96756  6796354  70.07
  1957           2     0.00376  0.00375  0.50   96515     362   96334  6699599  69.42
  1957           3     0.00278  0.00278  0.50   96153     267   96019  6603265  68.67
  1957           4     0.00204  0.00204  0.50   95886     196   95788  6507246  67.86
  1957           5     0.00149  0.00149  0.50   95690     143   95618  6411458  67.00
  1957           6     0.00108  0.00108  0.50   95547     103   95495  6315840  66.10
  1957           7     0.00078  0.00078  0.50   95444      74   95407  6220345  65.17
  1957           8     0.00061  0.00061  0.50   95370      59   95340  6124938  64.22
  1957           9     0.00057  0.00057  0.50   95311      54   95284  6029598  63.26
  1957          10     0.00059  0.00059  0.50   95257      56   95229  5934314  62.30
  1957          11     0.00063  0.00063  0.50   95201      60   95171  5839085  61.33
  1957          12     0.00067  0.00067  0.50   95141      64   95109  5743914  60.37
  1957          13     0.00066  0.00066  0.50   95077      63   95046  5648805  59.41
  1957          14     0.00064  0.00064  0.50   95014      61   94984  5553760  58.45
  1957          15     0.00063  0.00063  0.50   94953      60   94923  5458776  57.49
  1957          16     0.00067  0.00067  0.50   94894      64   94862  5363852  56.52
  1957          17     0.00077  0.00077  0.50   94830      73   94794  5268991  55.56
  1957          18     0.00093  0.00093  0.50   94757      88   94713  5174197  54.60
  1957          19     0.00113  0.00113  0.50   94670     107   94616  5079483  53.65
  1957          20     0.00135  0.00134  0.50   94562     127   94499  4984867  52.72
  1957          21     0.00153  0.00153  0.50   94435     145   94363  4890369  51.79
  1957          22     0.00167  0.00167  0.50   94291     158   94212  4796006  50.86
  1957          23     0.00175  0.00175  0.50   94133     165   94050  4701794  49.95
  1957          24     0.00175  0.00175  0.50   93968     164   93886  4607744  49.04
  1957          25     0.00172  0.00171  0.50   93804     161   93723  4513858  48.12
  1957          26     0.00171  0.00171  0.50   93643     160   93563  4420134  47.20
  1957          27     0.00178  0.00178  0.50   93483     167   93400  4326571  46.28
  1957          28     0.00195  0.00195  0.50   93316     182   93225  4233172  45.36
  1957          29     0.00218  0.00218  0.50   93134     203   93033  4139946  44.45
  1957          30     0.00238  0.00237  0.50   92931     221   92821  4046914  43.55
  1957          31     0.00250  0.00250  0.50   92710     231   92595  3954093  42.65
  1957          32     0.00254  0.00254  0.50   92479     235   92362  3861498  41.76
  1957          33     0.00248  0.00248  0.50   92244     229   92130  3769137  40.86
  1957          34     0.00231  0.00231  0.50   92016     213   91909  3677007  39.96
  1957          35     0.00210  0.00210  0.50   91803     192   91707  3585097  39.05
  1957          36     0.00190  0.00190  0.50   91611     174   91524  3493391  38.13
  1957          37     0.00178  0.00178  0.50   91437     163   91355  3401867  37.20
  1957          38     0.00179  0.00179  0.50   91274     163   91192  3310512  36.27
  1957          39     0.00195  0.00194  0.50   91111     177   91022  3219319  35.33
  1957          40     0.00223  0.00223  0.50   90933     203   90832  3128297  34.40
  1957          41     0.00259  0.00258  0.50   90731     234   90614  3037465  33.48
  1957          42     0.00290  0.00289  0.50   90496     262   90365  2946852  32.56
  1957          43     0.00316  0.00315  0.50   90234     285   90092  2856486  31.66
  1957          44     0.00341  0.00340  0.50   89950     306   89797  2766394  30.75
  1957          45     0.00367  0.00367  0.50   89644     329   89480  2676597  29.86
  1957          46     0.00399  0.00398  0.50   89315     356   89137  2587117  28.97
  1957          47     0.00439  0.00438  0.50   88960     390   88764  2497980  28.08
  1957          48     0.00496  0.00495  0.50   88569     438   88350  2409216  27.20
  1957          49     0.00571  0.00569  0.50   88131     502   87881  2320865  26.33
  1957          50     0.00649  0.00646  0.50   87630     566   87346  2232985  25.48
  1957          51     0.00711  0.00708  0.50   87063     616   86755  2145638  24.64
  1957          52     0.00753  0.00750  0.50   86447     649   86122  2058883  23.82
  1957          53     0.00777  0.00774  0.50   85798     664   85466  1972761  22.99
  1957          54     0.00793  0.00790  0.50   85134     673   84798  1887295  22.17
  1957          55     0.00821  0.00818  0.50   84461     690   84116  1802497  21.34
  1957          56     0.00880  0.00876  0.50   83771     734   83404  1718381  20.51
  1957          57     0.00982  0.00977  0.50   83037     811   82631  1634977  19.69
  1957          58     0.01125  0.01119  0.50   82226     920   81766  1552346  18.88
  1957          59     0.01279  0.01270  0.50   81306    1033   80789  1470580  18.09
  1957          60     0.01455  0.01445  0.50   80273    1160   79693  1389791  17.31
  1957          61     0.01670  0.01657  0.50   79113    1311   78458  1310098  16.56
  1957          62     0.01891  0.01873  0.50   77802    1457   77074  1231641  15.83
  1957          63     0.02080  0.02059  0.50   76345    1572   75559  1154567  15.12
  1957          64     0.02240  0.02215  0.50   74773    1656   73945  1079007  14.43
  1957          65     0.02382  0.02354  0.50   73117    1721   72257  1005062  13.75
  1957          66     0.02537  0.02505  0.50   71396    1789   70502   932805  13.07
  1957          67     0.02766  0.02728  0.50   69608    1899   68658   862303  12.39
  1957          68     0.03115  0.03067  0.50   67709    2076   66670   793645  11.72
  1957          69     0.03531  0.03470  0.50   65632    2277   64494   726974  11.08
  1957          70     0.03954  0.03878  0.50   63355    2457   62126   662481  10.46
  1957          71     0.04392  0.04298  0.50   60898    2617   59590   600354   9.86
  1957          72     0.04939  0.04820  0.50   58281    2809   56876   540765   9.28
  1957          73     0.05666  0.05510  0.50   55472    3057   53944   483888   8.72
  1957          74     0.06494  0.06290  0.50   52415    3297   50767   429945   8.20
  1957          75     0.07293  0.07037  0.50   49118    3456   47390   379178   7.72
  1957          76     0.07965  0.07660  0.50   45662    3498   43913   331787   7.27
  1957          77     0.08647  0.08289  0.50   42164    3495   40417   287874   6.83
  1957          78     0.09506  0.09075  0.50   38669    3509   36915   247457   6.40
  1957          79     0.10596  0.10063  0.50   35160    3538   33391   210542   5.99
  1957          80     0.11906  0.11237  0.50   31622    3553   29845   177151   5.60
  1957          81     0.13287  0.12460  0.50   28069    3497   26320   147306   5.25
  1957          82     0.14617  0.13622  0.50   24571    3347   22898   120986   4.92
  1957          83     0.15990  0.14806  0.50   21224    3142   19653    98088   4.62
  1957          84     0.17453  0.16052  0.50   18082    2903   16631    78435   4.34
  1957          85     0.19026  0.17374  0.50   15179    2637   13861    61805   4.07
  1957          86     0.20711  0.18768  0.50   12542    2354   11365    47944   3.82
  1957          87     0.22507  0.20230  0.50   10188    2061    9158    36579   3.59
  1957          88     0.24411  0.21755  0.50    8127    1768    7243    27421   3.37
  1957          89     0.26420  0.23337  0.50    6359    1484    5617    20178   3.17
  1957          90     0.28533  0.24970  0.50    4875    1217    4266    14561   2.99
  1957          91     0.30743  0.26647  0.50    3658     975    3170    10295   2.81
  1957          92     0.33045  0.28360  0.50    2683     761    2303     7124   2.66
  1957          93     0.35432  0.30100  0.50    1922     579    1633     4822   2.51
  1957          94     0.37893  0.31857  0.50    1344     428    1130     3189   2.37
  1957          95     0.40419  0.33624  0.50     916     308     762     2059   2.25
  1957          96     0.42996  0.35388  0.50     608     215     500     1298   2.14
  1957          97     0.45612  0.37141  0.50     393     146     320      797   2.03
  1957          98     0.48252  0.38873  0.50     247      96     199      478   1.94
  1957          99     0.50902  0.40575  0.50     151      61     120      279   1.85
  1957         100     0.53546  0.42238  0.50      90      38      71      159   1.77
  1957         101     0.56172  0.43855  0.50      52      23      40       88   1.70
  1957         102     0.58763  0.45418  0.50      29      13      22       47   1.63
  1957         103     0.61306  0.46923  0.50      16       7      12       25   1.57
  1957         104     0.63790  0.48364  0.50       8       4       6       13   1.51
  1957         105     0.66201  0.49738  0.50       4       2       3        6   1.47
  1957         106     0.68530  0.51041  0.50       2       1       2        3   1.42
  1957         107     0.70764  0.52270  0.50       1       1       1        1   1.38
  1957         108     0.72900  0.53426  0.50       1       0       0        1   1.34
  1957         109     0.74943  0.54515  0.50       0       0       0        0   1.31
  1957         110+    0.78213  1.00000  1.28       0       0       0        0   1.28
  1958           0     0.02795  0.02732  0.18  100000    2732   97762  6975394  69.75
  1958           1     0.00385  0.00384  0.50   97268     373   97081  6877633  70.71
  1958           2     0.00320  0.00319  0.50   96894     310   96739  6780552  69.98
  1958           3     0.00255  0.00255  0.50   96585     246   96462  6683812  69.20
  1958           4     0.00195  0.00194  0.50   96339     187   96245  6587351  68.38
  1958           5     0.00143  0.00143  0.50   96151     138   96082  6491106  67.51
  1958           6     0.00103  0.00103  0.50   96014      99   95964  6395023  66.61
  1958           7     0.00075  0.00075  0.50   95915      72   95879  6299059  65.67
  1958           8     0.00056  0.00056  0.50   95843      54   95816  6203181  64.72
  1958           9     0.00045  0.00045  0.50   95789      43   95767  6107365  63.76
  1958          10     0.00040  0.00040  0.50   95746      38   95727  6011597  62.79
  1958          11     0.00039  0.00039  0.50   95707      38   95689  5915871  61.81
  1958          12     0.00042  0.00042  0.50   95670      40   95650  5820182  60.84
  1958          13     0.00049  0.00049  0.50   95630      47   95606  5724532  59.86
  1958          14     0.00059  0.00059  0.50   95583      57   95555  5628926  58.89
  1958          15     0.00073  0.00073  0.50   95526      70   95491  5533371  57.93
  1958          16     0.00089  0.00089  0.50   95456      85   95414  5437880  56.97
  1958          17     0.00104  0.00104  0.50   95372     100   95322  5342466  56.02
  1958          18     0.00119  0.00119  0.50   95272     114   95215  5247144  55.08
  1958          19     0.00132  0.00132  0.50   95159     126   95096  5151928  54.14
  1958          20     0.00143  0.00143  0.50   95033     136   94965  5056833  53.21
  1958          21     0.00151  0.00151  0.50   94897     143   94826  4961868  52.29
  1958          22     0.00157  0.00157  0.50   94754     149   94679  4867042  51.37
  1958          23     0.00162  0.00162  0.50   94605     153   94528  4772363  50.45
  1958          24     0.00166  0.00166  0.50   94452     157   94374  4677834  49.53
  1958          25     0.00170  0.00170  0.50   94295     160   94215  4583461  48.61
  1958          26     0.00177  0.00177  0.50   94135     166   94052  4489246  47.69
  1958          27     0.00188  0.00188  0.50   93969     176   93881  4395194  46.77
  1958          28     0.00199  0.00199  0.50   93792     186   93699  4301313  45.86
  1958          29     0.00206  0.00206  0.50   93606     193   93510  4207614  44.95
  1958          30     0.00209  0.00208  0.50   93413     195   93316  4114104  44.04
  1958          31     0.00208  0.00208  0.50   93219     194   93122  4020788  43.13
  1958          32     0.00204  0.00204  0.50   93025     190   92930  3927666  42.22
  1958          33     0.00200  0.00200  0.50   92835     185   92743  3834736  41.31
  1958          34     0.00199  0.00199  0.50   92650     184   92558  3741993  40.39
  1958          35     0.00206  0.00205  0.50   92466     190   92371  3649435  39.47
  1958          36     0.00224  0.00224  0.50   92276     206   92173  3557064  38.55
  1958          37     0.00253  0.00253  0.50   92070     233   91953  3464892  37.63
  1958          38     0.00285  0.00285  0.50   91837     261   91706  3372938  36.73
  1958          39     0.00312  0.00311  0.50   91576     285   91433  3281232  35.83
  1958          40     0.00330  0.00329  0.50   91290     301   91140  3189799  34.94
  1958          41     0.00338  0.00337  0.50   90990     307   90837  3098659  34.05
  1958          42     0.00338  0.00338  0.50   90683     306   90530  3007822  33.17
  1958          43     0.00337  0.00337  0.50   90377     304   90225  2917292  32.28
  1958          44     0.00340  0.00339  0.50   90073     305   89920  2827067  31.39
  1958          45     0.00350  0.00349  0.50   89768     314   89611  2737147  30.49
  1958          46     0.00372  0.00371  0.50   89454     332   89288  2647536  29.60
  1958          47     0.00404  0.00404  0.50   89122     360   88943  2558248  28.70
  1958          48     0.00445  0.00444  0.50   88763     394   88566  2469305  27.82
  1958          49     0.00489  0.00488  0.50   88369     431   88153  2380739  26.94
  1958          50     0.00536  0.00535  0.50   87938     470   87703  2292586  26.07
  1958          51     0.00588  0.00586  0.50   87468     513   87211  2204883  25.21
  1958          52     0.00648  0.00646  0.50   86955     562   86674  2117672  24.35
  1958          53     0.00718  0.00716  0.50   86393     618   86084  2030998  23.51
  1958          54     0.00792  0.00789  0.50   85775     677   85437  1944913  22.67
  1958          55     0.00871  0.00867  0.50   85098     738   84729  1859477  21.85
  1958          56     0.00958  0.00953  0.50   84360     804   83958  1774748  21.04
  1958          57     0.01048  0.01042  0.50   83556     871   83121  1690790  20.24
  1958          58     0.01139  0.01132  0.50   82685     936   82217  1607669  19.44
  1958          59     0.01235  0.01227  0.50   81749    1003   81248  1525452  18.66
  1958          60     0.01342  0.01333  0.50   80746    1077   80208  1444204  17.89
  1958          61     0.01467  0.01456  0.50   79669    1160   79089  1363996  17.12
  1958          62     0.01614  0.01601  0.50   78509    1257   77881  1284907  16.37
  1958          63     0.01787  0.01771  0.50   77252    1368   76568  1207026  15.62
  1958          64     0.01989  0.01970  0.50   75884    1495   75137  1130458  14.90
  1958          65     0.02226  0.02202  0.50   74389    1638   73571  1055321  14.19
  1958          66     0.02503  0.02472  0.50   72752    1799   71852   981751  13.49
  1958          67     0.02823  0.02784  0.50   70953    1975   69965   909899  12.82
  1958          68     0.03185  0.03135  0.50   68978    2162   67896   839933  12.18
  1958          69     0.03575  0.03512  0.50   66815    2347   65642   772037  11.55
  1958          70     0.03984  0.03907  0.50   64469    2519   63209   706395  10.96
  1958          71     0.04418  0.04322  0.50   61950    2678   60611   643186  10.38
  1958          72     0.04867  0.04752  0.50   59272    2816   57864   582574   9.83
  1958          73     0.05330  0.05191  0.50   56456    2931   54991   524710   9.29
  1958          74     0.05838  0.05672  0.50   53525    3036   52007   469720   8.78
  1958          75     0.06419  0.06220  0.50   50489    3140   48919   417713   8.27
  1958          76     0.07057  0.06816  0.50   47349    3227   45735   368794   7.79
  1958          77     0.07738  0.07450  0.50   44121    3287   42478   323058   7.32
  1958          78     0.08465  0.08121  0.50   40835    3316   39177   280580   6.87
  1958          79     0.09282  0.08870  0.50   37519    3328   35854   241404   6.43
  1958          80     0.10238  0.09739  0.50   34190    3330   32525   205549   6.01
  1958          81     0.11346  0.10737  0.50   30861    3313   29204   173024   5.61
  1958          82     0.12612  0.11864  0.50   27547    3268   25913   143820   5.22
  1958          83     0.14041  0.13120  0.50   24279    3185   22686   117907   4.86
  1958          84     0.15631  0.14498  0.50   21094    3058   19565    95221   4.51
  1958          85     0.17382  0.15992  0.50   18035    2884   16593    75656   4.19
  1958          86     0.19292  0.17595  0.50   15151    2666   13818    59063   3.90
  1958          87     0.21360  0.19298  0.50   12485    2409   11281    45244   3.62
  1958          88     0.23582  0.21095  0.50   10076    2126    9013    33964   3.37
  1958          89     0.25956  0.22975  0.50    7950    1827    7037    24951   3.14
  1958          90     0.28477  0.24928  0.50    6124    1527    5361    17913   2.93
  1958          91     0.31135  0.26941  0.50    4597    1239    3978    12553   2.73
  1958          92     0.33920  0.29001  0.50    3359     974    2872     8575   2.55
  1958          93     0.36819  0.31094  0.50    2385     741    2014     5703   2.39
  1958          94     0.39813  0.33203  0.50    1643     546    1370     3689   2.25
  1958          95     0.42884  0.35313  0.50    1098     388     904     2319   2.11
  1958          96     0.46010  0.37405  0.50     710     266     577     1415   1.99
  1958          97     0.49166  0.39464  0.50     444     175     357      838   1.89
  1958          98     0.52326  0.41475  0.50     269     112     213      481   1.79
  1958          99     0.55466  0.43423  0.50     157      68     123      268   1.70
  1958         100     0.58559  0.45297  0.50      89      40      69      145   1.62
  1958         101     0.61582  0.47084  0.50      49      23      37       76   1.55
  1958         102     0.64511  0.48778  0.50      26      13      19       38   1.49
  1958         103     0.67330  0.50372  0.50      13       7      10       19   1.44
  1958         104     0.70026  0.51866  0.50       7       3       5        9   1.39
  1958         105     0.72592  0.53261  0.50       3       2       2        4   1.34
  1958         106     0.75033  0.54563  0.50       1       1       1        2   1.30
  1958         107     0.77359  0.55783  0.50       1       0       0        1   1.27
  1958         108     0.79596  0.56936  0.50       0       0       0        0   1.23
  1958         109     0.81773  0.58042  0.50       0       0       0        0   1.21
  1958         110+    0.84461  1.00000  1.18       0       0       0        0   1.18
  1959           0     0.02803  0.02740  0.18  100000    2740   97756  6991514  69.92
  1959           1     0.00366  0.00365  0.50   97260     355   97082  6893758  70.88
  1959           2     0.00293  0.00293  0.50   96905     284   96763  6796676  70.14
  1959           3     0.00231  0.00231  0.50   96621     223   96510  6699913  69.34
  1959           4     0.00182  0.00182  0.50   96398     175   96310  6603403  68.50
  1959           5     0.00143  0.00143  0.50   96223     138   96154  6507093  67.63
  1959           6     0.00112  0.00112  0.50   96085     108   96031  6410939  66.72
  1959           7     0.00085  0.00085  0.50   95977      81   95937  6314908  65.80
  1959           8     0.00063  0.00063  0.50   95896      61   95866  6218971  64.85
  1959           9     0.00049  0.00049  0.50   95835      47   95812  6123105  63.89
  1959          10     0.00042  0.00042  0.50   95788      40   95768  6027293  62.92
  1959          11     0.00040  0.00040  0.50   95748      39   95728  5931525  61.95
  1959          12     0.00043  0.00043  0.50   95709      41   95689  5835797  60.97
  1959          13     0.00049  0.00049  0.50   95668      47   95645  5740108  60.00
  1959          14     0.00059  0.00059  0.50   95621      56   95593  5644464  59.03
  1959          15     0.00071  0.00071  0.50   95565      68   95531  5548870  58.06
  1959          16     0.00084  0.00084  0.50   95497      80   95457  5453339  57.10
  1959          17     0.00098  0.00098  0.50   95417      93   95370  5357882  56.15
  1959          18     0.00111  0.00111  0.50   95324     106   95271  5262511  55.21
  1959          19     0.00123  0.00123  0.50   95218     117   95160  5167241  54.27
  1959          20     0.00132  0.00132  0.50   95101     126   95038  5072081  53.33
  1959          21     0.00140  0.00140  0.50   94975     133   94909  4977043  52.40
  1959          22     0.00147  0.00147  0.50   94843     139   94773  4882134  51.48
  1959          23     0.00153  0.00153  0.50   94703     145   94631  4787361  50.55
  1959          24     0.00159  0.00159  0.50   94558     151   94483  4692730  49.63
  1959          25     0.00165  0.00165  0.50   94407     156   94329  4598247  48.71
  1959          26     0.00171  0.00171  0.50   94251     161   94171  4503918  47.79
  1959          27     0.00176  0.00176  0.50   94090     165   94007  4409747  46.87
  1959          28     0.00180  0.00180  0.50   93925     169   93840  4315740  45.95
  1959          29     0.00184  0.00184  0.50   93756     172   93670  4221900  45.03
  1959          30     0.00188  0.00188  0.50   93584     176   93496  4128230  44.11
  1959          31     0.00193  0.00192  0.50   93408     180   93318  4034734  43.19
  1959          32     0.00198  0.00198  0.50   93228     184   93136  3941416  42.28
  1959          33     0.00203  0.00203  0.50   93044     189   92950  3848280  41.36
  1959          34     0.00208  0.00207  0.50   92855     193   92759  3755331  40.44
  1959          35     0.00214  0.00214  0.50   92663     198   92564  3662571  39.53
  1959          36     0.00226  0.00226  0.50   92464     209   92360  3570008  38.61
  1959          37     0.00243  0.00242  0.50   92256     224   92144  3477648  37.70
  1959          38     0.00260  0.00259  0.50   92032     239   91913  3385504  36.79
  1959          39     0.00273  0.00273  0.50   91793     250   91668  3293591  35.88
  1959          40     0.00284  0.00284  0.50   91543     260   91413  3201923  34.98
  1959          41     0.00297  0.00297  0.50   91283     271   91148  3110510  34.08
  1959          42     0.00311  0.00311  0.50   91012     283   90871  3019362  33.18
  1959          43     0.00327  0.00326  0.50   90730     296   90582  2928491  32.28
  1959          44     0.00344  0.00344  0.50   90434     311   90278  2837909  31.38
  1959          45     0.00365  0.00364  0.50   90123     328   89959  2747631  30.49
  1959          46     0.00390  0.00389  0.50   89794     350   89620  2657672  29.60
  1959          47     0.00424  0.00423  0.50   89445     379   89256  2568053  28.71
  1959          48     0.00469  0.00468  0.50   89066     417   88858  2478797  27.83
  1959          49     0.00526  0.00525  0.50   88649     465   88417  2389939  26.96
  1959          50     0.00597  0.00595  0.50   88184     525   87922  2301522  26.10
  1959          51     0.00682  0.00680  0.50   87660     596   87362  2213600  25.25
  1959          52     0.00775  0.00772  0.50   87064     672   86727  2126239  24.42
  1959          53     0.00866  0.00862  0.50   86391     745   86019  2039511  23.61
  1959          54     0.00940  0.00936  0.50   85646     802   85245  1953492  22.81
  1959          55     0.01001  0.00996  0.50   84845     845   84422  1868247  22.02
  1959          56     0.01054  0.01049  0.50   84000     881   83559  1783825  21.24
  1959          57     0.01106  0.01100  0.50   83119     914   82662  1700265  20.46
  1959          58     0.01160  0.01153  0.50   82205     948   81731  1617603  19.68
  1959          59     0.01221  0.01214  0.50   81257     986   80764  1535872  18.90
  1959          60     0.01298  0.01290  0.50   80271    1035   79753  1455109  18.13
  1959          61     0.01401  0.01391  0.50   79235    1102   78684  1375356  17.36
  1959          62     0.01532  0.01520  0.50   78133    1188   77539  1296672  16.60
  1959          63     0.01692  0.01678  0.50   76945    1291   76299  1219133  15.84
  1959          64     0.01881  0.01864  0.50   75654    1410   74949  1142834  15.11
  1959          65     0.02099  0.02077  0.50   74244    1542   73473  1067885  14.38
  1959          66     0.02341  0.02314  0.50   72702    1682   71861   994411  13.68
  1959          67     0.02625  0.02591  0.50   71020    1840   70100   922550  12.99
  1959          68     0.02970  0.02927  0.50   69179    2025   68167   852451  12.32
  1959          69     0.03379  0.03323  0.50   67155    2232   66039   784284  11.68
  1959          70     0.03845  0.03772  0.50   64923    2449   63698   718245  11.06
  1959          71     0.04336  0.04244  0.50   62474    2651   61148   654547  10.48
  1959          72     0.04817  0.04703  0.50   59823    2814   58416   593398   9.92
  1959          73     0.05263  0.05128  0.50   57009    2923   55547   534982   9.38
  1959          74     0.05685  0.05528  0.50   54086    2990   52591   479435   8.86
  1959          75     0.06121  0.05940  0.50   51096    3035   49578   426844   8.35
  1959          76     0.06664  0.06449  0.50   48061    3099   46511   377266   7.85
  1959          77     0.07366  0.07104  0.50   44961    3194   43364   330755   7.36
  1959          78     0.08257  0.07930  0.50   41767    3312   40111   287390   6.88
  1959          79     0.09327  0.08912  0.50   38455    3427   36742   247279   6.43
  1959          80     0.10546  0.10018  0.50   35028    3509   33274   210537   6.01
  1959          81     0.11857  0.11194  0.50   31519    3528   29755   177263   5.62
  1959          82     0.13205  0.12387  0.50   27991    3467   26257   147508   5.27
  1959          83     0.14580  0.13589  0.50   24524    3333   22857   121251   4.94
  1959          84     0.15995  0.14810  0.50   21191    3138   19622    98394   4.64
  1959          85     0.17462  0.16060  0.50   18053    2899   16603    78772   4.36
  1959          86     0.19000  0.17352  0.50   15153    2629   13839    62169   4.10
  1959          87     0.20623  0.18695  0.50   12524    2341   11353    48330   3.86
  1959          88     0.22340  0.20096  0.50   10183    2046    9160    36976   3.63
  1959          89     0.24157  0.21554  0.50    8136    1754    7260    27817   3.42
  1959          90     0.26075  0.23067  0.50    6383    1472    5647    20557   3.22
  1959          91     0.28091  0.24632  0.50    4910    1210    4306    14911   3.04
  1959          92     0.30203  0.26240  0.50    3701     971    3215    10605   2.87
  1959          93     0.32404  0.27886  0.50    2730     761    2349     7390   2.71
  1959          94     0.34687  0.29560  0.50    1969     582    1678     5041   2.56
  1959          95     0.37043  0.31255  0.50    1387     433    1170     3363   2.43
  1959          96     0.39463  0.32960  0.50     953     314     796     2193   2.30
  1959          97     0.41936  0.34667  0.50     639     222     528     1397   2.19
  1959          98     0.44448  0.36366  0.50     418     152     342      869   2.08
  1959          99     0.46989  0.38049  0.50     266     101     215      527   1.98
  1959         100     0.49543  0.39707  0.50     165      65     132      312   1.90
  1959         101     0.52098  0.41331  0.50      99      41      79      180   1.81
  1959         102     0.54637  0.42914  0.50      58      25      46      101   1.74
  1959         103     0.57149  0.44448  0.50      33      15      26       56   1.67
  1959         104     0.59621  0.45929  0.50      18       8      14       30   1.61
  1959         105     0.62042  0.47353  0.50      10       5       8       16   1.55
  1959         106     0.64409  0.48719  0.50       5       3       4        8   1.50
  1959         107     0.66720  0.50030  0.50       3       1       2        4   1.46
  1959         108     0.68985  0.51293  0.50       1       1       1        2   1.41
  1959         109     0.71216  0.52516  0.50       1       0       0        1   1.37
  1959         110+    0.74741  1.00000  1.34       0       0       0        0   1.34
  1960           0     0.02375  0.02330  0.18  100000    2330   98082  7047025  70.47
  1960           1     0.00320  0.00319  0.50   97670     312   97514  6948943  71.15
  1960           2     0.00248  0.00248  0.50   97358     241   97238  6851429  70.37
  1960           3     0.00186  0.00186  0.50   97117     181   97027  6754191  69.55
  1960           4     0.00138  0.00138  0.50   96937     133   96870  6657164  68.68
  1960           5     0.00102  0.00101  0.50   96803      98   96754  6560294  67.77
  1960           6     0.00076  0.00076  0.50   96705      74   96668  6463540  66.84
  1960           7     0.00059  0.00059  0.50   96632      57   96603  6366871  65.89
  1960           8     0.00049  0.00049  0.50   96574      47   96551  6270268  64.93
  1960           9     0.00043  0.00043  0.50   96527      42   96506  6173717  63.96
  1960          10     0.00041  0.00041  0.50   96486      39   96466  6077211  62.99
  1960          11     0.00040  0.00040  0.50   96446      38   96427  5980745  62.01
  1960          12     0.00041  0.00041  0.50   96408      39   96389  5884318  61.04
  1960          13     0.00043  0.00043  0.50   96369      41   96348  5787929  60.06
  1960          14     0.00048  0.00048  0.50   96327      46   96305  5691581  59.09
  1960          15     0.00054  0.00054  0.50   96282      52   96256  5595276  58.11
  1960          16     0.00062  0.00062  0.50   96230      59   96200  5499020  57.14
  1960          17     0.00071  0.00071  0.50   96171      69   96137  5402820  56.18
  1960          18     0.00082  0.00082  0.50   96102      79   96063  5306683  55.22
  1960          19     0.00093  0.00093  0.50   96023      89   95979  5210620  54.26
  1960          20     0.00103  0.00103  0.50   95934      98   95885  5114642  53.31
  1960          21     0.00112  0.00112  0.50   95836     107   95782  5018756  52.37
  1960          22     0.00122  0.00122  0.50   95729     117   95670  4922974  51.43
  1960          23     0.00134  0.00134  0.50   95612     128   95548  4827304  50.49
  1960          24     0.00147  0.00147  0.50   95484     141   95413  4731756  49.56
  1960          25     0.00162  0.00161  0.50   95343     154   95266  4636343  48.63
  1960          26     0.00175  0.00175  0.50   95189     166   95106  4541077  47.71
  1960          27     0.00187  0.00187  0.50   95023     177   94934  4445971  46.79
  1960          28     0.00197  0.00197  0.50   94845     187   94752  4351037  45.88
  1960          29     0.00207  0.00206  0.50   94658     195   94561  4256285  44.96
  1960          30     0.00216  0.00216  0.50   94463     204   94361  4161724  44.06
  1960          31     0.00224  0.00224  0.50   94259     211   94154  4067363  43.15
  1960          32     0.00228  0.00228  0.50   94048     215   93941  3973210  42.25
  1960          33     0.00228  0.00228  0.50   93834     213   93727  3879269  41.34
  1960          34     0.00223  0.00222  0.50   93620     208   93516  3785542  40.44
  1960          35     0.00217  0.00217  0.50   93412     203   93311  3692026  39.52
  1960          36     0.00216  0.00216  0.50   93209     201   93109  3598715  38.61
  1960          37     0.00223  0.00222  0.50   93008     207   92905  3505606  37.69
  1960          38     0.00234  0.00234  0.50   92802     217   92693  3412701  36.77
  1960          39     0.00249  0.00248  0.50   92584     230   92469  3320008  35.86
  1960          40     0.00262  0.00262  0.50   92354     242   92233  3227539  34.95
  1960          41     0.00272  0.00271  0.50   92112     250   91987  3135306  34.04
  1960          42     0.00278  0.00278  0.50   91862     255   91735  3043318  33.13
  1960          43     0.00288  0.00288  0.50   91607     263   91475  2951584  32.22
  1960          44     0.00306  0.00305  0.50   91344     279   91204  2860108  31.31
  1960          45     0.00334  0.00334  0.50   91065     304   90913  2768904  30.41
  1960          46     0.00374  0.00373  0.50   90761     339   90592  2677991  29.51
  1960          47     0.00423  0.00422  0.50   90422     382   90231  2587400  28.61
  1960          48     0.00478  0.00477  0.50   90041     430   89826  2497168  27.73
  1960          49     0.00539  0.00537  0.50   89611     481   89370  2407342  26.86
  1960          50     0.00603  0.00601  0.50   89130     535   88862  2317972  26.01
  1960          51     0.00668  0.00666  0.50   88594     590   88299  2229110  25.16
  1960          52     0.00733  0.00731  0.50   88004     643   87683  2140811  24.33
  1960          53     0.00799  0.00795  0.50   87361     695   87014  2053128  23.50
  1960          54     0.00866  0.00862  0.50   86666     747   86293  1966115  22.69
  1960          55     0.00933  0.00929  0.50   85919     798   85520  1879822  21.88
  1960          56     0.01000  0.00995  0.50   85121     847   84697  1794302  21.08
  1960          57     0.01071  0.01065  0.50   84274     898   83825  1709605  20.29
  1960          58     0.01149  0.01143  0.50   83376     953   82900  1625780  19.50
  1960          59     0.01234  0.01226  0.50   82423    1011   81918  1542880  18.72
  1960          60     0.01323  0.01314  0.50   81413    1070   80878  1460962  17.95
  1960          61     0.01419  0.01409  0.50   80343    1132   79777  1380085  17.18
  1960          62     0.01536  0.01525  0.50   79210    1208   78607  1300308  16.42
  1960          63     0.01689  0.01675  0.50   78003    1307   77349  1221702  15.66
  1960          64     0.01887  0.01869  0.50   76696    1434   75979  1144352  14.92
  1960          65     0.02132  0.02109  0.50   75262    1588   74469  1068373  14.20
  1960          66     0.02412  0.02383  0.50   73675    1756   72797   993904  13.49
  1960          67     0.02725  0.02689  0.50   71919    1934   70952   921107  12.81
  1960          68     0.03075  0.03029  0.50   69985    2120   68925   850155  12.15
  1960          69     0.03465  0.03406  0.50   67866    2312   66710   781230  11.51
  1960          70     0.03901  0.03826  0.50   65554    2508   64300   714520  10.90
  1960          71     0.04385  0.04291  0.50   63046    2705   61693   650220  10.31
  1960          72     0.04893  0.04777  0.50   60341    2882   58900   588527   9.75
  1960          73     0.05403  0.05261  0.50   57459    3023   55947   529627   9.22
  1960          74     0.05924  0.05754  0.50   54436    3132   52870   473680   8.70
  1960          75     0.06481  0.06277  0.50   51304    3221   49693   420810   8.20
  1960          76     0.07111  0.06867  0.50   48083    3302   46432   371117   7.72
  1960          77     0.07838  0.07543  0.50   44781    3378   43092   324685   7.25
  1960          78     0.08681  0.08320  0.50   41404    3445   39681   281592   6.80
  1960          79     0.09656  0.09211  0.50   37959    3496   36211   241911   6.37
  1960          80     0.10770  0.10219  0.50   34463    3522   32702   205701   5.97
  1960          81     0.11987  0.11310  0.50   30941    3499   29191   172999   5.59
  1960          82     0.13272  0.12446  0.50   27441    3415   25734   143808   5.24
  1960          83     0.14620  0.13624  0.50   24026    3273   22389   118074   4.91
  1960          84     0.16039  0.14848  0.50   20753    3081   19212    95685   4.61
  1960          85     0.17536  0.16122  0.50   17671    2849   16247    76473   4.33
  1960          86     0.19120  0.17452  0.50   14822    2587   13529    60226   4.06
  1960          87     0.20801  0.18841  0.50   12235    2305   11083    46697   3.82
  1960          88     0.22583  0.20292  0.50    9930    2015    8923    35614   3.59
  1960          89     0.24470  0.21802  0.50    7915    1726    7052    26692   3.37
  1960          90     0.26461  0.23369  0.50    6189    1446    5466    19639   3.17
  1960          91     0.28554  0.24987  0.50    4743    1185    4150    14173   2.99
  1960          92     0.30744  0.26648  0.50    3558     948    3084    10023   2.82
  1960          93     0.33027  0.28346  0.50    2610     740    2240     6939   2.66
  1960          94     0.35392  0.30071  0.50    1870     562    1589     4699   2.51
  1960          95     0.37831  0.31814  0.50    1308     416    1100     3110   2.38
  1960          96     0.40334  0.33565  0.50     892     299     742     2010   2.25
  1960          97     0.42888  0.35315  0.50     592     209     488     1268   2.14
  1960          98     0.45479  0.37053  0.50     383     142     312      781   2.04
  1960          99     0.48093  0.38770  0.50     241      94     194      468   1.94
  1960         100     0.50716  0.40457  0.50     148      60     118      274   1.85
  1960         101     0.53332  0.42104  0.50      88      37      69      156   1.78
  1960         102     0.55926  0.43705  0.50      51      22      40       87   1.70
  1960         103     0.58483  0.45251  0.50      29      13      22       47   1.64
  1960         104     0.60991  0.46738  0.50      16       7      12       25   1.58
  1960         105     0.63441  0.48164  0.50       8       4       6       13   1.52
  1960         106     0.65830  0.49528  0.50       4       2       3        6   1.47
  1960         107     0.68156  0.50833  0.50       2       1       2        3   1.43
  1960         108     0.70432  0.52089  0.50       1       1       1        1   1.39
  1960         109     0.72672  0.53303  0.50       1       0       0        1   1.35
  1960         110+    0.76090  1.00000  1.31       0       0       0        0   1.31
  1961           0     0.02199  0.02160  0.17  100000    2160   98217  7160922  71.61
  1961           1     0.00319  0.00319  0.50   97840     312   97684  7062704  72.19
  1961           2     0.00248  0.00247  0.50   97528     241   97407  6965020  71.42
  1961           3     0.00178  0.00178  0.50   97287     173   97200  6867613  70.59
  1961           4     0.00118  0.00118  0.50   97114     114   97056  6770413  69.72
  1961           5     0.00073  0.00073  0.50   96999      71   96963  6673356  68.80
  1961           6     0.00045  0.00045  0.50   96928      44   96906  6576393  67.85
  1961           7     0.00031  0.00031  0.50   96884      30   96869  6479487  66.88
  1961           8     0.00025  0.00025  0.50   96854      25   96842  6382617  65.90
  1961           9     0.00026  0.00026  0.50   96830      25   96817  6285775  64.92
  1961          10     0.00029  0.00029  0.50   96805      28   96791  6188958  63.93
  1961          11     0.00032  0.00032  0.50   96777      31   96762  6092167  62.95
  1961          12     0.00036  0.00036  0.50   96746      35   96729  5995405  61.97
  1961          13     0.00041  0.00041  0.50   96711      39   96692  5898676  60.99
  1961          14     0.00047  0.00047  0.50   96672      46   96649  5801985  60.02
  1961          15     0.00056  0.00056  0.50   96626      54   96599  5705336  59.05
  1961          16     0.00067  0.00067  0.50   96572      64   96540  5608737  58.08
  1961          17     0.00079  0.00079  0.50   96508      76   96470  5512197  57.12
  1961          18     0.00091  0.00091  0.50   96431      88   96387  5415727  56.16
  1961          19     0.00102  0.00102  0.50   96344      98   96294  5319340  55.21
  1961          20     0.00114  0.00114  0.50   96245     110   96191  5223045  54.27
  1961          21     0.00129  0.00129  0.50   96136     124   96074  5126855  53.33
  1961          22     0.00146  0.00146  0.50   96012     140   95942  5030781  52.40
  1961          23     0.00162  0.00162  0.50   95872     155   95794  4934839  51.47
  1961          24     0.00172  0.00171  0.50   95717     164   95635  4839044  50.56
  1961          25     0.00178  0.00178  0.50   95553     170   95468  4743409  49.64
  1961          26     0.00182  0.00182  0.50   95383     173   95296  4647941  48.73
  1961          27     0.00181  0.00181  0.50   95210     172   95124  4552645  47.82
  1961          28     0.00181  0.00180  0.50   95037     171   94952  4457521  46.90
  1961          29     0.00183  0.00183  0.50   94866     173   94779  4362570  45.99
  1961          30     0.00183  0.00183  0.50   94692     173   94606  4267791  45.07
  1961          31     0.00179  0.00179  0.50   94519     169   94434  4173185  44.15
  1961          32     0.00172  0.00171  0.50   94350     162   94269  4078751  43.23
  1961          33     0.00166  0.00166  0.50   94188     156   94110  3984482  42.30
  1961          34     0.00169  0.00169  0.50   94032     159   93952  3890372  41.37
  1961          35     0.00178  0.00178  0.50   93873     167   93790  3796420  40.44
  1961          36     0.00190  0.00190  0.50   93706     178   93617  3702630  39.51
  1961          37     0.00201  0.00201  0.50   93528     188   93434  3609013  38.59
  1961          38     0.00211  0.00210  0.50   93340     196   93242  3515579  37.66
  1961          39     0.00220  0.00219  0.50   93143     204   93041  3422338  36.74
  1961          40     0.00232  0.00232  0.50   92939     216   92831  3329296  35.82
  1961          41     0.00252  0.00251  0.50   92723     233   92607  3236465  34.90
  1961          42     0.00273  0.00273  0.50   92490     253   92364  3143858  33.99
  1961          43     0.00295  0.00295  0.50   92238     272   92102  3051494  33.08
  1961          44     0.00317  0.00316  0.50   91966     291   91820  2959393  32.18
  1961          45     0.00338  0.00337  0.50   91674     309   91520  2867573  31.28
  1961          46     0.00357  0.00356  0.50   91365     325   91203  2776053  30.38
  1961          47     0.00373  0.00372  0.50   91040     339   90871  2684850  29.49
  1961          48     0.00395  0.00394  0.50   90701     357   90522  2593979  28.60
  1961          49     0.00428  0.00427  0.50   90344     386   90151  2503457  27.71
  1961          50     0.00467  0.00466  0.50   89958     419   89748  2413306  26.83
  1961          51     0.00507  0.00506  0.50   89539     453   89312  2323558  25.95
  1961          52     0.00553  0.00551  0.50   89086     491   88840  2234245  25.08
  1961          53     0.00612  0.00610  0.50   88595     541   88324  2145405  24.22
  1961          54     0.00686  0.00683  0.50   88054     602   87753  2057080  23.36
  1961          55     0.00767  0.00764  0.50   87452     668   87118  1969327  22.52
  1961          56     0.00854  0.00850  0.50   86784     738   86415  1882209  21.69
  1961          57     0.00952  0.00947  0.50   86046     815   85639  1795794  20.87
  1961          58     0.01066  0.01061  0.50   85231     904   84779  1710155  20.06
  1961          59     0.01192  0.01185  0.50   84327     999   83827  1625376  19.27
  1961          60     0.01331  0.01322  0.50   83328    1102   82777  1541549  18.50
  1961          61     0.01486  0.01475  0.50   82226    1212   81620  1458772  17.74
  1961          62     0.01648  0.01634  0.50   81014    1324   80352  1377152  17.00
  1961          63     0.01806  0.01790  0.50   79690    1427   78977  1296800  16.27
  1961          64     0.01955  0.01936  0.50   78264    1515   77506  1217823  15.56
  1961          65     0.02097  0.02076  0.50   76749    1593   75952  1140317  14.86
  1961          66     0.02271  0.02246  0.50   75155    1688   74312  1064365  14.16
  1961          67     0.02485  0.02455  0.50   73468    1803   72566   990053  13.48
  1961          68     0.02740  0.02703  0.50   71664    1937   70696   917487  12.80
  1961          69     0.03049  0.03003  0.50   69727    2094   68680   846792  12.14
  1961          70     0.03421  0.03364  0.50   67633    2275   66495   778112  11.50
  1961          71     0.03853  0.03781  0.50   65358    2471   64122   711617  10.89
  1961          72     0.04332  0.04240  0.50   62887    2666   61554   647494  10.30
  1961          73     0.04840  0.04726  0.50   60221    2846   58798   585940   9.73
  1961          74     0.05361  0.05221  0.50   57375    2996   55877   527143   9.19
  1961          75     0.05889  0.05720  0.50   54379    3111   52824   471266   8.67
  1961          76     0.06465  0.06262  0.50   51268    3211   49663   418442   8.16
  1961          77     0.07094  0.06851  0.50   48058    3292   46411   368779   7.67
  1961          78     0.07774  0.07483  0.50   44765    3350   43090   322368   7.20
  1961          79     0.08517  0.08169  0.50   41416    3383   39724   279278   6.74
  1961          80     0.09351  0.08933  0.50   38032    3397   36333   239554   6.30
  1961          81     0.10328  0.09821  0.50   34635    3402   32934   203220   5.87
  1961          82     0.11500  0.10875  0.50   31233    3397   29535   170286   5.45
  1961          83     0.12874  0.12095  0.50   27837    3367   26153   140752   5.06
  1961          84     0.14445  0.13472  0.50   24470    3296   22821   114598   4.68
  1961          85     0.16208  0.14993  0.50   21173    3174   19586    91777   4.33
  1961          86     0.18157  0.16646  0.50   17999    2996   16501    72191   4.01
  1961          87     0.20288  0.18419  0.50   15003    2763   13621    55690   3.71
  1961          88     0.22597  0.20303  0.50   12239    2485   10997    42069   3.44
  1961          89     0.25082  0.22287  0.50    9754    2174    8667    31072   3.19
  1961          90     0.27738  0.24360  0.50    7580    1847    6657    22405   2.96
  1961          91     0.30555  0.26506  0.50    5734    1520    4974    15748   2.75
  1961          92     0.33523  0.28710  0.50    4214    1210    3609    10774   2.56
  1961          93     0.36624  0.30956  0.50    3004     930    2539     7165   2.38
  1961          94     0.39839  0.33221  0.50    2074     689    1730     4625   2.23
  1961          95     0.43143  0.35487  0.50    1385     492    1139     2896   2.09
  1961          96     0.46508  0.37733  0.50     894     337     725     1756   1.97
  1961          97     0.49906  0.39940  0.50     556     222     445     1031   1.85
  1961          98     0.53304  0.42087  0.50     334     141     264      586   1.75
  1961          99     0.56672  0.44159  0.50     194      85     151      322   1.66
  1961         100     0.59979  0.46141  0.50     108      50      83      171   1.59
  1961         101     0.63196  0.48022  0.50      58      28      44       88   1.52
  1961         102     0.66295  0.49790  0.50      30      15      23       44   1.45
  1961         103     0.69254  0.51442  0.50      15       8      11       21   1.40
  1961         104     0.72056  0.52972  0.50       7       4       5       10   1.35
  1961         105     0.74690  0.54381  0.50       3       2       3        5   1.31
  1961         106     0.77156  0.55677  0.50       2       1       1        2   1.27
  1961         107     0.79466  0.56870  0.50       1       0       1        1   1.24
  1961         108     0.81648  0.57979  0.50       0       0       0        0   1.21
  1961         109     0.83741  0.59027  0.50       0       0       0        0   1.18
  1961         110+    0.86401  1.00000  1.16       0       0       0        0   1.16
  1962           0     0.01967  0.01935  0.17  100000    1935   98398  7178888  71.79
  1962           1     0.00221  0.00220  0.50   98065     216   97957  7080490  72.20
  1962           2     0.00182  0.00182  0.50   97849     178   97760  6982533  71.36
  1962           3     0.00146  0.00146  0.50   97671     142   97600  6884773  70.49
  1962           4     0.00113  0.00113  0.50   97528     110   97473  6787174  69.59
  1962           5     0.00084  0.00084  0.50   97418      82   97377  6689700  68.67
  1962           6     0.00062  0.00062  0.50   97336      60   97306  6592323  67.73
  1962           7     0.00045  0.00045  0.50   97276      44   97254  6495017  66.77
  1962           8     0.00035  0.00035  0.50   97233      34   97216  6397762  65.80
  1962           9     0.00031  0.00031  0.50   97199      30   97184  6300547  64.82
  1962          10     0.00030  0.00030  0.50   97169      29   97154  6203363  63.84
  1962          11     0.00032  0.00032  0.50   97139      31   97124  6106209  62.86
  1962          12     0.00034  0.00034  0.50   97109      33   97092  6009085  61.88
  1962          13     0.00040  0.00040  0.50   97075      38   97056  5911993  60.90
  1962          14     0.00048  0.00048  0.50   97037      46   97014  5814937  59.92
  1962          15     0.00058  0.00058  0.50   96991      56   96962  5717923  58.95
  1962          16     0.00070  0.00070  0.50   96934      67   96900  5620960  57.99
  1962          17     0.00081  0.00081  0.50   96867      78   96828  5524060  57.03
  1962          18     0.00091  0.00091  0.50   96789      88   96745  5427232  56.07
  1962          19     0.00099  0.00099  0.50   96701      96   96653  5330487  55.12
  1962          20     0.00107  0.00107  0.50   96605     103   96553  5233834  54.18
  1962          21     0.00111  0.00111  0.50   96502     107   96448  5137281  53.24
  1962          22     0.00112  0.00112  0.50   96394     108   96340  5040833  52.29
  1962          23     0.00110  0.00110  0.50   96286     106   96234  4944493  51.35
  1962          24     0.00108  0.00108  0.50   96181     104   96129  4848259  50.41
  1962          25     0.00109  0.00108  0.50   96077     104   96025  4752131  49.46
  1962          26     0.00112  0.00112  0.50   95973     108   95919  4656106  48.51
  1962          27     0.00120  0.00120  0.50   95865     115   95808  4560187  47.57
  1962          28     0.00130  0.00129  0.50   95750     124   95688  4464380  46.63
  1962          29     0.00140  0.00140  0.50   95626     134   95559  4368691  45.68
  1962          30     0.00148  0.00148  0.50   95492     141   95422  4273132  44.75
  1962          31     0.00153  0.00153  0.50   95351     146   95278  4177710  43.81
  1962          32     0.00157  0.00157  0.50   95205     149   95131  4082432  42.88
  1962          33     0.00160  0.00160  0.50   95056     152   94980  3987301  41.95
  1962          34     0.00165  0.00165  0.50   94904     156   94826  3892321  41.01
  1962          35     0.00169  0.00168  0.50   94748     160   94668  3797495  40.08
  1962          36     0.00169  0.00169  0.50   94588     160   94508  3702827  39.15
  1962          37     0.00167  0.00167  0.50   94428     158   94349  3608319  38.21
  1962          38     0.00166  0.00166  0.50   94271     157   94192  3513970  37.28
  1962          39     0.00171  0.00171  0.50   94114     161   94033  3419777  36.34
  1962          40     0.00184  0.00184  0.50   93953     173   93866  3325744  35.40
  1962          41     0.00205  0.00205  0.50   93780     192   93684  3231878  34.46
  1962          42     0.00233  0.00233  0.50   93588     218   93479  3138194  33.53
  1962          43     0.00266  0.00266  0.50   93370     248   93246  3044715  32.61
  1962          44     0.00301  0.00300  0.50   93121     280   92981  2951470  31.69
  1962          45     0.00336  0.00336  0.50   92842     312   92686  2858488  30.79
  1962          46     0.00374  0.00373  0.50   92530     345   92357  2765802  29.89
  1962          47     0.00417  0.00416  0.50   92185     383   91993  2673445  29.00
  1962          48     0.00462  0.00461  0.50   91801     423   91590  2581452  28.12
  1962          49     0.00505  0.00504  0.50   91378     460   91148  2489863  27.25
  1962          50     0.00546  0.00544  0.50   90918     495   90670  2398715  26.38
  1962          51     0.00586  0.00584  0.50   90423     528   90159  2308044  25.52
  1962          52     0.00631  0.00629  0.50   89895     566   89612  2217886  24.67
  1962          53     0.00688  0.00686  0.50   89329     613   89023  2128273  23.83
  1962          54     0.00754  0.00752  0.50   88716     667   88383  2039251  22.99
  1962          55     0.00826  0.00823  0.50   88050     725   87687  1950868  22.16
  1962          56     0.00902  0.00898  0.50   87325     785   86933  1863180  21.34
  1962          57     0.00982  0.00977  0.50   86541     846   86118  1776247  20.53
  1962          58     0.01063  0.01058  0.50   85695     906   85242  1690130  19.72
  1962          59     0.01146  0.01139  0.50   84789     966   84306  1604888  18.93
  1962          60     0.01237  0.01229  0.50   83823    1030   83308  1520582  18.14
  1962          61     0.01347  0.01338  0.50   82792    1108   82238  1437275  17.36
  1962          62     0.01485  0.01474  0.50   81684    1204   81082  1355037  16.59
  1962          63     0.01654  0.01640  0.50   80480    1320   79820  1273954  15.83
  1962          64     0.01846  0.01829  0.50   79160    1448   78436  1194134  15.09
  1962          65     0.02055  0.02034  0.50   77712    1581   76922  1115698  14.36
  1962          66     0.02286  0.02261  0.50   76131    1721   75271  1038777  13.64
  1962          67     0.02545  0.02513  0.50   74410    1870   73475   963506  12.95
  1962          68     0.02834  0.02795  0.50   72540    2027   71527   890031  12.27
  1962          69     0.03156  0.03107  0.50   70513    2191   69418   818504  11.61
  1962          70     0.03516  0.03456  0.50   68322    2361   67142   749087  10.96
  1962          71     0.03929  0.03854  0.50   65961    2542   64690   681945  10.34
  1962          72     0.04405  0.04310  0.50   63419    2733   62053   617255   9.73
  1962          73     0.04952  0.04832  0.50   60686    2932   59220   555202   9.15
  1962          74     0.05575  0.05424  0.50   57753    3132   56187   495983   8.59
  1962          75     0.06280  0.06088  0.50   54621    3326   52958   439796   8.05
  1962          76     0.07068  0.06827  0.50   51296    3502   49545   386837   7.54
  1962          77     0.07915  0.07614  0.50   47794    3639   45974   337293   7.06
  1962          78     0.08804  0.08433  0.50   44155    3723   42293   291318   6.60
  1962          79     0.09763  0.09309  0.50   40431    3764   38550   249025   6.16
  1962          80     0.10834  0.10277  0.50   36668    3768   34783   210476   5.74
  1962          81     0.12047  0.11362  0.50   32899    3738   31030   175692   5.34
  1962          82     0.13426  0.12581  0.50   29161    3669   27327   144662   4.96
  1962          83     0.14986  0.13941  0.50   25492    3554   23715   117335   4.60
  1962          84     0.16730  0.15438  0.50   21938    3387   20245    93620   4.27
  1962          85     0.18658  0.17066  0.50   18551    3166   16968    73375   3.96
  1962          86     0.20768  0.18815  0.50   15385    2895   13938    56407   3.67
  1962          87     0.23056  0.20673  0.50   12491    2582   11200    42469   3.40
  1962          88     0.25515  0.22629  0.50    9908    2242    8787    31270   3.16
  1962          89     0.28139  0.24668  0.50    7666    1891    6721    22482   2.93
  1962          90     0.30918  0.26778  0.50    5775    1546    5002    15761   2.73
  1962          91     0.33837  0.28941  0.50    4229    1224    3617    10759   2.54
  1962          92     0.36881  0.31139  0.50    3005     936    2537     7143   2.38
  1962          93     0.40031  0.33355  0.50    2069     690    1724     4606   2.23
  1962          94     0.43263  0.35569  0.50    1379     491    1134     2882   2.09
  1962          95     0.46552  0.37762  0.50     889     336     721     1748   1.97
  1962          96     0.49871  0.39917  0.50     553     221     443     1027   1.86
  1962          97     0.53190  0.42016  0.50     332     140     262      584   1.76
  1962          98     0.56480  0.44042  0.50     193      85     150      322   1.67
  1962          99     0.59713  0.45984  0.50     108      50      83      172   1.59
  1962         100     0.62861  0.47829  0.50      58      28      44       89   1.52
  1962         101     0.65901  0.49568  0.50      30      15      23       44   1.46
  1962         102     0.68809  0.51195  0.50      15       8      11       22   1.41
  1962         103     0.71571  0.52709  0.50       7       4       6       10   1.36
  1962         104     0.74174  0.54107  0.50       4       2       3        5   1.32
  1962         105     0.76617  0.55396  0.50       2       1       1        2   1.28
  1962         106     0.78908  0.56583  0.50       1       0       1        1   1.24
  1962         107     0.81061  0.57682  0.50       0       0       0        0   1.21
  1962         108     0.83109  0.58712  0.50       0       0       0        0   1.19
  1962         109     0.85085  0.59691  0.50       0       0       0        0   1.16
  1962         110+    0.87414  1.00000  1.14       0       0       0        0   1.14
  1963           0     0.01526  0.01506  0.17  100000    1506   98747  7340462  73.40
  1963           1     0.00203  0.00203  0.50   98494     200   98394  7241716  73.52
  1963           2     0.00153  0.00153  0.50   98294     150   98218  7143322  72.67
  1963           3     0.00110  0.00110  0.50   98143     108   98089  7045104  71.78
  1963           4     0.00076  0.00076  0.50   98035      74   97998  6947015  70.86
  1963           5     0.00052  0.00052  0.50   97961      51   97935  6849017  69.92
  1963           6     0.00037  0.00037  0.50   97910      37   97891  6751081  68.95
  1963           7     0.00029  0.00029  0.50   97873      29   97859  6653190  67.98
  1963           8     0.00026  0.00026  0.50   97844      25   97832  6555331  67.00
  1963           9     0.00025  0.00025  0.50   97819      25   97807  6457500  66.01
  1963          10     0.00027  0.00027  0.50   97795      26   97782  6359693  65.03
  1963          11     0.00030  0.00030  0.50   97769      29   97754  6261911  64.05
  1963          12     0.00035  0.00035  0.50   97739      34   97722  6164157  63.07
  1963          13     0.00042  0.00042  0.50   97705      41   97685  6066435  62.09
  1963          14     0.00048  0.00048  0.50   97664      47   97641  5968750  61.11
  1963          15     0.00053  0.00053  0.50   97617      52   97591  5871109  60.14
  1963          16     0.00056  0.00056  0.50   97566      54   97538  5773518  59.18
  1963          17     0.00057  0.00057  0.50   97511      55   97484  5675979  58.21
  1963          18     0.00060  0.00059  0.50   97456      58   97427  5578496  57.24
  1963          19     0.00067  0.00067  0.50   97398      65   97365  5481069  56.28
  1963          20     0.00079  0.00079  0.50   97333      77   97294  5383704  55.31
  1963          21     0.00092  0.00092  0.50   97256      90   97211  5286409  54.36
  1963          22     0.00104  0.00104  0.50   97166     101   97116  5189198  53.41
  1963          23     0.00115  0.00115  0.50   97065     111   97009  5092082  52.46
  1963          24     0.00123  0.00123  0.50   96954     120   96894  4995073  51.52
  1963          25     0.00133  0.00133  0.50   96834     128   96770  4898179  50.58
  1963          26     0.00142  0.00142  0.50   96706     137   96637  4801409  49.65
  1963          27     0.00149  0.00149  0.50   96569     144   96497  4704772  48.72
  1963          28     0.00152  0.00152  0.50   96425     146   96351  4608275  47.79
  1963          29     0.00147  0.00147  0.50   96278     142   96207  4511924  46.86
  1963          30     0.00141  0.00141  0.50   96136     136   96069  4415716  45.93
  1963          31     0.00137  0.00137  0.50   96001     132   95935  4319648  45.00
  1963          32     0.00138  0.00138  0.50   95869     132   95803  4223713  44.06
  1963          33     0.00142  0.00142  0.50   95737     136   95669  4127911  43.12
  1963          34     0.00147  0.00147  0.50   95601     141   95531  4032242  42.18
  1963          35     0.00154  0.00154  0.50   95461     147   95387  3936711  41.24
  1963          36     0.00161  0.00161  0.50   95314     154   95237  3841324  40.30
  1963          37     0.00167  0.00167  0.50   95160     159   95081  3746087  39.37
  1963          38     0.00173  0.00173  0.50   95001     165   94919  3651006  38.43
  1963          39     0.00183  0.00183  0.50   94836     173   94750  3556088  37.50
  1963          40     0.00198  0.00198  0.50   94663     187   94570  3461338  36.56
  1963          41     0.00218  0.00218  0.50   94476     206   94373  3366768  35.64
  1963          42     0.00240  0.00239  0.50   94270     226   94157  3272395  34.71
  1963          43     0.00264  0.00263  0.50   94044     248   93920  3178238  33.80
  1963          44     0.00292  0.00291  0.50   93797     273   93660  3084318  32.88
  1963          45     0.00320  0.00320  0.50   93523     299   93374  2990658  31.98
  1963          46     0.00346  0.00346  0.50   93224     322   93063  2897284  31.08
  1963          47     0.00377  0.00376  0.50   92902     349   92727  2804221  30.18
  1963          48     0.00412  0.00411  0.50   92553     381   92362  2711494  29.30
  1963          49     0.00453  0.00452  0.50   92172     417   91964  2619131  28.42
  1963          50     0.00496  0.00494  0.50   91755     454   91528  2527168  27.54
  1963          51     0.00539  0.00537  0.50   91302     491   91056  2435639  26.68
  1963          52     0.00589  0.00587  0.50   90811     534   90544  2344583  25.82
  1963          53     0.00652  0.00650  0.50   90278     587   89984  2254038  24.97
  1963          54     0.00718  0.00716  0.50   89691     642   89370  2164054  24.13
  1963          55     0.00776  0.00773  0.50   89049     689   88704  2074685  23.30
  1963          56     0.00820  0.00817  0.50   88360     722   87999  1985981  22.48
  1963          57     0.00857  0.00854  0.50   87638     748   87264  1897982  21.66
  1963          58     0.00899  0.00895  0.50   86890     777   86501  1810717  20.84
  1963          59     0.00949  0.00944  0.50   86113     813   85706  1724216  20.02
  1963          60     0.01021  0.01015  0.50   85300     866   84867  1638510  19.21
  1963          61     0.01130  0.01124  0.50   84434     949   83959  1553643  18.40
  1963          62     0.01289  0.01281  0.50   83485    1070   82950  1469684  17.60
  1963          63     0.01503  0.01492  0.50   82415    1230   81800  1386734  16.83
  1963          64     0.01746  0.01731  0.50   81186    1406   80483  1304933  16.07
  1963          65     0.01988  0.01968  0.50   79780    1570   78995  1224451  15.35
  1963          66     0.02205  0.02181  0.50   78210    1706   77357  1145456  14.65
  1963          67     0.02396  0.02368  0.50   76504    1812   75598  1068099  13.96
  1963          68     0.02573  0.02540  0.50   74693    1898   73744   992500  13.29
  1963          69     0.02772  0.02734  0.50   72795    1990   71800   918756  12.62
  1963          70     0.03028  0.02983  0.50   70805    2112   69749   846956  11.96
  1963          71     0.03350  0.03294  0.50   68693    2263   67562   777207  11.31
  1963          72     0.03739  0.03670  0.50   66430    2438   65211   709645  10.68
  1963          73     0.04195  0.04109  0.50   63992    2629   62677   644434  10.07
  1963          74     0.04699  0.04591  0.50   61363    2817   59954   581757   9.48
  1963          75     0.05233  0.05100  0.50   58545    2986   57053   521802   8.91
  1963          76     0.05796  0.05632  0.50   55560    3129   53995   464750   8.36
  1963          77     0.06409  0.06210  0.50   52430    3256   50802   410755   7.83
  1963          78     0.07111  0.06867  0.50   49175    3377   47486   359952   7.32
  1963          79     0.07977  0.07671  0.50   45798    3513   44041   312466   6.82
  1963          80     0.09063  0.08670  0.50   42284    3666   40451   268425   6.35
  1963          81     0.10314  0.09808  0.50   38618    3788   36724   227974   5.90
  1963          82     0.11661  0.11018  0.50   34830    3838   32911   191250   5.49
  1963          83     0.13096  0.12291  0.50   30993    3809   29088   158338   5.11
  1963          84     0.14627  0.13630  0.50   27183    3705   25331   129250   4.75
  1963          85     0.16263  0.15040  0.50   23478    3531   21713   103920   4.43
  1963          86     0.18019  0.16529  0.50   19947    3297   18299    82207   4.12
  1963          87     0.19907  0.18105  0.50   16650    3014   15143    63908   3.84
  1963          88     0.21935  0.19767  0.50   13636    2695   12288    48766   3.58
  1963          89     0.24107  0.21514  0.50   10940    2354    9763    36478   3.33
  1963          90     0.26423  0.23339  0.50    8587    2004    7584    26714   3.11
  1963          91     0.28877  0.25234  0.50    6582    1661    5752    19130   2.91
  1963          92     0.31463  0.27186  0.50    4921    1338    4252    13378   2.72
  1963          93     0.34170  0.29184  0.50    3584    1046    3061     9126   2.55
  1963          94     0.36984  0.31212  0.50    2538     792    2142     6065   2.39
  1963          95     0.39890  0.33257  0.50    1746     581    1455     3923   2.25
  1963          96     0.42867  0.35301  0.50    1165     411     959     2468   2.12
  1963          97     0.45898  0.37331  0.50     754     281     613     1508   2.00
  1963          98     0.48958  0.39330  0.50     472     186     380      895   1.90
  1963          99     0.52026  0.41286  0.50     287     118     227      516   1.80
  1963         100     0.55077  0.43185  0.50     168      73     132      288   1.71
  1963         101     0.58088  0.45014  0.50      96      43      74      157   1.64
  1963         102     0.61036  0.46764  0.50      53      25      40       82   1.57
  1963         103     0.63900  0.48427  0.50      28      14      21       42   1.51
  1963         104     0.66662  0.49997  0.50      14       7      11       21   1.45
  1963         105     0.69309  0.51472  0.50       7       4       5       10   1.40
  1963         106     0.71837  0.52853  0.50       4       2       3        5   1.36
  1963         107     0.74250  0.54148  0.50       2       1       1        2   1.32
  1963         108     0.76567  0.55370  0.50       1       0       1        1   1.28
  1963         109     0.78816  0.56536  0.50       0       0       0        0   1.25
  1963         110+    0.81918  1.00000  1.22       0       0       0        0   1.22
  1964           0     0.01610  0.01589  0.17  100000    1589   98679  7293482  72.93
  1964           1     0.00320  0.00320  0.50   98411     315   98254  7194803  73.11
  1964           2     0.00242  0.00242  0.50   98096     237   97978  7096549  72.34
  1964           3     0.00173  0.00173  0.50   97860     170   97775  6998571  71.52
  1964           4     0.00118  0.00118  0.50   97690     116   97632  6900796  70.64
  1964           5     0.00077  0.00077  0.50   97574      76   97536  6803164  69.72
  1964           6     0.00049  0.00049  0.50   97499      48   97475  6705628  68.78
  1964           7     0.00031  0.00031  0.50   97451      30   97436  6608153  67.81
  1964           8     0.00022  0.00022  0.50   97421      22   97410  6510717  66.83
  1964           9     0.00020  0.00020  0.50   97399      19   97389  6413307  65.85
  1964          10     0.00020  0.00020  0.50   97379      20   97370  6315918  64.86
  1964          11     0.00022  0.00022  0.50   97360      22   97349  6218549  63.87
  1964          12     0.00024  0.00024  0.50   97338      23   97326  6121200  62.89
  1964          13     0.00025  0.00025  0.50   97315      24   97303  6023874  61.90
  1964          14     0.00027  0.00027  0.50   97290      27   97277  5926571  60.92
  1964          15     0.00031  0.00031  0.50   97264      30   97249  5829294  59.93
  1964          16     0.00035  0.00035  0.50   97234      34   97217  5732045  58.95
  1964          17     0.00041  0.00041  0.50   97199      40   97180  5634829  57.97
  1964          18     0.00048  0.00048  0.50   97160      47   97136  5537649  57.00
  1964          19     0.00057  0.00057  0.50   97113      55   97085  5440513  56.02
  1964          20     0.00069  0.00069  0.50   97058      67   97025  5343427  55.05
  1964          21     0.00083  0.00083  0.50   96991      80   96951  5246403  54.09
  1964          22     0.00098  0.00098  0.50   96911      95   96863  5149452  53.14
  1964          23     0.00112  0.00112  0.50   96816     109   96762  5052588  52.19
  1964          24     0.00125  0.00125  0.50   96707     121   96647  4955826  51.25
  1964          25     0.00136  0.00136  0.50   96587     131   96521  4859179  50.31
  1964          26     0.00144  0.00144  0.50   96456     139   96386  4762658  49.38
  1964          27     0.00147  0.00147  0.50   96317     142   96246  4666272  48.45
  1964          28     0.00145  0.00145  0.50   96175     139   96105  4570026  47.52
  1964          29     0.00137  0.00137  0.50   96036     132   95970  4473921  46.59
  1964          30     0.00129  0.00129  0.50   95904     124   95842  4377951  45.65
  1964          31     0.00124  0.00124  0.50   95780     119   95721  4282109  44.71
  1964          32     0.00124  0.00124  0.50   95662     118   95603  4186388  43.76
  1964          33     0.00126  0.00126  0.50   95543     120   95483  4090786  42.82
  1964          34     0.00128  0.00128  0.50   95423     122   95362  3995302  41.87
  1964          35     0.00129  0.00128  0.50   95301     122   95240  3899940  40.92
  1964          36     0.00131  0.00131  0.50   95179     124   95117  3804700  39.97
  1964          37     0.00138  0.00138  0.50   95054     132   94989  3709584  39.03
  1964          38     0.00152  0.00152  0.50   94923     145   94851  3614595  38.08
  1964          39     0.00172  0.00172  0.50   94778     163   94697  3519745  37.14
  1964          40     0.00193  0.00193  0.50   94616     182   94524  3425048  36.20
  1964          41     0.00213  0.00213  0.50   94433     201   94333  3330523  35.27
  1964          42     0.00235  0.00234  0.50   94232     221   94122  3236191  34.34
  1964          43     0.00263  0.00262  0.50   94011     247   93888  3142069  33.42
  1964          44     0.00299  0.00298  0.50   93765     280   93625  3048181  32.51
  1964          45     0.00338  0.00337  0.50   93485     315   93327  2954556  31.60
  1964          46     0.00373  0.00372  0.50   93170     347   92996  2861229  30.71
  1964          47     0.00404  0.00403  0.50   92823     374   92636  2768233  29.82
  1964          48     0.00432  0.00431  0.50   92449     398   92249  2675597  28.94
  1964          49     0.00459  0.00458  0.50   92050     422   91839  2583348  28.06
  1964          50     0.00488  0.00486  0.50   91629     446   91406  2491508  27.19
  1964          51     0.00520  0.00519  0.50   91183     473   90946  2400102  26.32
  1964          52     0.00563  0.00561  0.50   90710     509   90455  2309156  25.46
  1964          53     0.00620  0.00618  0.50   90201     558   89922  2218700  24.60
  1964          54     0.00692  0.00690  0.50   89643     618   89334  2128778  23.75
  1964          55     0.00770  0.00768  0.50   89025     683   88683  2039444  22.91
  1964          56     0.00847  0.00844  0.50   88341     745   87969  1950761  22.08
  1964          57     0.00919  0.00915  0.50   87596     801   87196  1862792  21.27
  1964          58     0.00989  0.00984  0.50   86795     854   86368  1775597  20.46
  1964          59     0.01070  0.01065  0.50   85941     915   85483  1689229  19.66
  1964          60     0.01175  0.01168  0.50   85026     993   84529  1603745  18.86
  1964          61     0.01308  0.01299  0.50   84033    1092   83487  1519216  18.08
  1964          62     0.01462  0.01451  0.50   82941    1204   82339  1435730  17.31
  1964          63     0.01629  0.01616  0.50   81737    1321   81077  1353391  16.56
  1964          64     0.01810  0.01794  0.50   80416    1443   79695  1272314  15.82
  1964          65     0.02004  0.01984  0.50   78974    1567   78190  1192619  15.10
  1964          66     0.02198  0.02174  0.50   77407    1683   76565  1114429  14.40
  1964          67     0.02393  0.02365  0.50   75723    1791   74828  1037864  13.71
  1964          68     0.02598  0.02565  0.50   73933    1896   72985   963036  13.03
  1964          69     0.02841  0.02801  0.50   72037    2018   71028   890052  12.36
  1964          70     0.03151  0.03102  0.50   70019    2172   68933   819024  11.70
  1964          71     0.03536  0.03475  0.50   67847    2357   66668   750091  11.06
  1964          72     0.03999  0.03920  0.50   65489    2567   64206   683423  10.44
  1964          73     0.04536  0.04435  0.50   62922    2791   61527   619217   9.84
  1964          74     0.05124  0.04996  0.50   60131    3004   58629   557691   9.27
  1964          75     0.05743  0.05582  0.50   57128    3189   55533   499061   8.74
  1964          76     0.06401  0.06203  0.50   53938    3346   52266   443528   8.22
  1964          77     0.07105  0.06861  0.50   50593    3471   48857   391262   7.73
  1964          78     0.07859  0.07562  0.50   47122    3563   45340   342405   7.27
  1964          79     0.08679  0.08318  0.50   43558    3623   41747   297065   6.82
  1964          80     0.09582  0.09144  0.50   39935    3651   38109   255319   6.39
  1964          81     0.10586  0.10054  0.50   36283    3648   34460   217209   5.99
  1964          82     0.11709  0.11062  0.50   32636    3610   30831   182750   5.60
  1964          83     0.12953  0.12165  0.50   29025    3531   27260   151919   5.23
  1964          84     0.14317  0.13361  0.50   25495    3406   23791   124659   4.89
  1964          85     0.15806  0.14649  0.50   22088    3236   20470   100868   4.57
  1964          86     0.17421  0.16025  0.50   18853    3021   17342    80397   4.26
  1964          87     0.19164  0.17488  0.50   15831    2769   14447    63055   3.98
  1964          88     0.21035  0.19033  0.50   13063    2486   11820    48608   3.72
  1964          89     0.23036  0.20657  0.50   10577    2185    9484    36789   3.48
  1964          90     0.25165  0.22352  0.50    8392    1876    7454    27305   3.25
  1964          91     0.27419  0.24113  0.50    6516    1571    5730    19851   3.05
  1964          92     0.29793  0.25930  0.50    4945    1282    4304    14120   2.86
  1964          93     0.32281  0.27795  0.50    3663    1018    3154     9816   2.68
  1964          94     0.34872  0.29695  0.50    2645     785    2252     6663   2.52
  1964          95     0.37556  0.31618  0.50    1859     588    1565     4411   2.37
  1964          96     0.40317  0.33553  0.50    1271     427    1058     2846   2.24
  1964          97     0.43141  0.35486  0.50     845     300     695     1787   2.12
  1964          98     0.46009  0.37405  0.50     545     204     443     1093   2.00
  1964          99     0.48903  0.39295  0.50     341     134     274      649   1.90
  1964         100     0.51803  0.41145  0.50     207      85     164      375   1.81
  1964         101     0.54686  0.42944  0.50     122      52      96      211   1.73
  1964         102     0.57535  0.44681  0.50      70      31      54      115   1.65
  1964         103     0.60329  0.46348  0.50      38      18      30       61   1.59
  1964         104     0.63051  0.47938  0.50      21      10      16       32   1.53
  1964         105     0.65690  0.49449  0.50      11       5       8       16   1.47
  1964         106     0.68241  0.50880  0.50       5       3       4        8   1.42
  1964         107     0.70705  0.52238  0.50       3       1       2        4   1.38
  1964         108     0.73097  0.53532  0.50       1       1       1        2   1.34
  1964         109     0.75437  0.54776  0.50       1       0       0        1   1.30
  1964         110+    0.78822  1.00000  1.27       0       0       0        0   1.27
  1965           0     0.01546  0.01526  0.17  100000    1526   98730  7337966  73.38
  1965           1     0.00148  0.00148  0.50   98474     146   98401  7239236  73.51
  1965           2     0.00112  0.00112  0.50   98328     110   98273  7140835  72.62
  1965           3     0.00084  0.00084  0.50   98218      82   98177  7042562  71.70
  1965           4     0.00064  0.00064  0.50   98136      63   98105  6944385  70.76
  1965           5     0.00050  0.00050  0.50   98073      49   98049  6846280  69.81
  1965           6     0.00041  0.00041  0.50   98025      40   98005  6748231  68.84
  1965           7     0.00038  0.00037  0.50   97985      37   97966  6650226  67.87
  1965           8     0.00039  0.00039  0.50   97948      38   97929  6552260  66.90
  1965           9     0.00041  0.00041  0.50   97910      40   97890  6454331  65.92
  1965          10     0.00040  0.00040  0.50   97870      39   97850  6356441  64.95
  1965          11     0.00036  0.00036  0.50   97830      35   97813  6258592  63.97
  1965          12     0.00028  0.00028  0.50   97795      28   97781  6160779  63.00
  1965          13     0.00021  0.00021  0.50   97768      21   97757  6062997  62.01
  1965          14     0.00018  0.00018  0.50   97747      18   97738  5965240  61.03
  1965          15     0.00022  0.00022  0.50   97729      21   97718  5867502  60.04
  1965          16     0.00031  0.00031  0.50   97708      30   97693  5769784  59.05
  1965          17     0.00042  0.00042  0.50   97678      41   97657  5672091  58.07
  1965          18     0.00054  0.00054  0.50   97637      53   97610  5574433  57.09
  1965          19     0.00066  0.00066  0.50   97584      64   97552  5476823  56.12
  1965          20     0.00081  0.00081  0.50   97520      79   97480  5379271  55.16
  1965          21     0.00097  0.00097  0.50   97441      95   97394  5281791  54.21
  1965          22     0.00112  0.00112  0.50   97346     109   97292  5184397  53.26
  1965          23     0.00124  0.00124  0.50   97237     120   97177  5087106  52.32
  1965          24     0.00127  0.00127  0.50   97117     123   97055  4989929  51.38
  1965          25     0.00115  0.00115  0.50   96994     112   96938  4892874  50.45
  1965          26     0.00098  0.00097  0.50   96882      94   96834  4795936  49.50
  1965          27     0.00084  0.00084  0.50   96787      82   96746  4699102  48.55
  1965          28     0.00080  0.00080  0.50   96706      77   96667  4602355  47.59
  1965          29     0.00086  0.00085  0.50   96628      83   96587  4505688  46.63
  1965          30     0.00094  0.00094  0.50   96546      91   96500  4409101  45.67
  1965          31     0.00102  0.00102  0.50   96455      98   96406  4312601  44.71
  1965          32     0.00106  0.00106  0.50   96357     102   96305  4216196  43.76
  1965          33     0.00110  0.00110  0.50   96254     106   96201  4119890  42.80
  1965          34     0.00115  0.00115  0.50   96148     111   96093  4023689  41.85
  1965          35     0.00125  0.00125  0.50   96037     120   95977  3927596  40.90
  1965          36     0.00139  0.00139  0.50   95918     133   95851  3831619  39.95
  1965          37     0.00154  0.00154  0.50   95784     148   95710  3735768  39.00
  1965          38     0.00168  0.00168  0.50   95636     161   95556  3640057  38.06
  1965          39     0.00180  0.00180  0.50   95476     171   95390  3544501  37.12
  1965          40     0.00196  0.00196  0.50   95304     186   95211  3449111  36.19
  1965          41     0.00222  0.00222  0.50   95118     211   95012  3353900  35.26
  1965          42     0.00251  0.00251  0.50   94907     238   94788  3258888  34.34
  1965          43     0.00276  0.00275  0.50   94669     261   94538  3164100  33.42
  1965          44     0.00290  0.00290  0.50   94408     273   94271  3069562  32.51
  1965          45     0.00305  0.00305  0.50   94135     287   93991  2975290  31.61
  1965          46     0.00333  0.00332  0.50   93848     312   93692  2881299  30.70
  1965          47     0.00367  0.00366  0.50   93536     343   93365  2787607  29.80
  1965          48     0.00403  0.00402  0.50   93194     374   93006  2694242  28.91
  1965          49     0.00436  0.00435  0.50   92819     404   92617  2601236  28.02
  1965          50     0.00468  0.00467  0.50   92416     431   92200  2508619  27.14
  1965          51     0.00501  0.00500  0.50   91984     460   91754  2416419  26.27
  1965          52     0.00539  0.00537  0.50   91524     492   91278  2324665  25.40
  1965          53     0.00583  0.00581  0.50   91032     529   90768  2233386  24.53
  1965          54     0.00632  0.00630  0.50   90503     570   90218  2142619  23.67
  1965          55     0.00680  0.00678  0.50   89933     610   89628  2052401  22.82
  1965          56     0.00722  0.00719  0.50   89323     642   89002  1962773  21.97
  1965          57     0.00770  0.00767  0.50   88681     681   88341  1873770  21.13
  1965          58     0.00838  0.00834  0.50   88000     734   87633  1785430  20.29
  1965          59     0.00914  0.00910  0.50   87266     794   86869  1697796  19.46
  1965          60     0.01000  0.00995  0.50   86472     860   86042  1610927  18.63
  1965          61     0.01099  0.01093  0.50   85612     936   85144  1524885  17.81
  1965          62     0.01223  0.01216  0.50   84677    1029   84162  1439740  17.00
  1965          63     0.01385  0.01375  0.50   83647    1150   83072  1355578  16.21
  1965          64     0.01600  0.01587  0.50   82497    1310   81842  1272506  15.42
  1965          65     0.01874  0.01857  0.50   81188    1508   80434  1190663  14.67
  1965          66     0.02169  0.02146  0.50   79680    1710   78825  1110230  13.93
  1965          67     0.02459  0.02429  0.50   77970    1894   77023  1031405  13.23
  1965          68     0.02736  0.02699  0.50   76076    2054   75049   954382  12.55
  1965          69     0.03039  0.02994  0.50   74022    2216   72914   879333  11.88
  1965          70     0.03408  0.03351  0.50   71806    2406   70603   806418  11.23
  1965          71     0.03838  0.03766  0.50   69400    2614   68093   735815  10.60
  1965          72     0.04308  0.04217  0.50   66786    2816   65378   667722  10.00
  1965          73     0.04806  0.04693  0.50   63970    3002   62469   602344   9.42
  1965          74     0.05370  0.05230  0.50   60968    3188   59373   539876   8.86
  1965          75     0.06056  0.05878  0.50   57779    3396   56081   480502   8.32
  1965          76     0.06912  0.06681  0.50   54383    3633   52566   424421   7.80
  1965          77     0.07882  0.07583  0.50   50749    3848   48825   371855   7.33
  1965          78     0.08887  0.08509  0.50   46901    3991   44906   323030   6.89
  1965          79     0.09872  0.09408  0.50   42910    4037   40892   278124   6.48
  1965          80     0.10811  0.10257  0.50   38873    3987   36880   237232   6.10
  1965          81     0.11777  0.11122  0.50   34886    3880   32946   200352   5.74
  1965          82     0.12848  0.12073  0.50   31006    3743   29134   167406   5.40
  1965          83     0.14036  0.13116  0.50   27263    3576   25475   138272   5.07
  1965          84     0.15338  0.14246  0.50   23687    3374   22000   112797   4.76
  1965          85     0.16754  0.15459  0.50   20313    3140   18743    90797   4.47
  1965          86     0.18280  0.16749  0.50   17172    2876   15734    72055   4.20
  1965          87     0.19912  0.18109  0.50   14296    2589   13002    56320   3.94
  1965          88     0.21651  0.19536  0.50   11707    2287   10564    43318   3.70
  1965          89     0.23496  0.21026  0.50    9420    1981    8430    32755   3.48
  1965          90     0.25446  0.22574  0.50    7439    1679    6600    24325   3.27
  1965          91     0.27498  0.24174  0.50    5760    1392    5064    17725   3.08
  1965          92     0.29650  0.25822  0.50    4368    1128    3804    12661   2.90
  1965          93     0.31896  0.27509  0.50    3240     891    2794     8858   2.73
  1965          94     0.34229  0.29227  0.50    2349     686    2005     6063   2.58
  1965          95     0.36640  0.30967  0.50    1662     515    1405     4058   2.44
  1965          96     0.39121  0.32721  0.50    1147     375     960     2653   2.31
  1965          97     0.41659  0.34478  0.50     772     266     639     1693   2.19
  1965          98     0.44242  0.36228  0.50     506     183     414     1055   2.08
  1965          99     0.46857  0.37963  0.50     323     122     261      640   1.99
  1965         100     0.49489  0.39673  0.50     200      79     160      379   1.89
  1965         101     0.52124  0.41348  0.50     121      50      96      219   1.81
  1965         102     0.54747  0.42982  0.50      71      30      56      123   1.73
  1965         103     0.57342  0.44565  0.50      40      18      31       67   1.67
  1965         104     0.59895  0.46092  0.50      22      10      17       36   1.60
  1965         105     0.62390  0.47555  0.50      12       6       9       19   1.55
  1965         106     0.64817  0.48952  0.50       6       3       5        9   1.49
  1965         107     0.67169  0.50282  0.50       3       2       2        5   1.45
  1965         108     0.69452  0.51551  0.50       2       1       1        2   1.40
  1965         109     0.71679  0.52767  0.50       1       0       1        1   1.36
  1965         110+    0.75288  1.00000  1.33       0       0       0        0   1.33
  1966           0     0.01582  0.01561  0.17  100000    1561   98702  7318288  73.18
  1966           1     0.00231  0.00231  0.50   98439     227   98325  7219587  73.34
  1966           2     0.00198  0.00198  0.50   98211     194   98114  7121262  72.51
  1966           3     0.00166  0.00166  0.50   98017     162   97936  7023147  71.65
  1966           4     0.00136  0.00136  0.50   97855     133   97788  6925211  70.77
  1966           5     0.00110  0.00110  0.50   97721     107   97668  6827423  69.87
  1966           6     0.00088  0.00088  0.50   97614      86   97571  6729756  68.94
  1966           7     0.00071  0.00070  0.50   97528      69   97494  6632185  68.00
  1966           8     0.00058  0.00058  0.50   97460      57   97431  6534691  67.05
  1966           9     0.00050  0.00050  0.50   97403      49   97378  6437260  66.09
  1966          10     0.00045  0.00045  0.50   97354      44   97332  6339881  65.12
  1966          11     0.00042  0.00042  0.50   97310      41   97290  6242550  64.15
  1966          12     0.00040  0.00040  0.50   97269      39   97250  6145260  63.18
  1966          13     0.00039  0.00039  0.50   97230      38   97211  6048010  62.20
  1966          14     0.00039  0.00039  0.50   97192      38   97173  5950799  61.23
  1966          15     0.00039  0.00039  0.50   97155      38   97136  5853626  60.25
  1966          16     0.00040  0.00040  0.50   97117      39   97097  5756490  59.27
  1966          17     0.00043  0.00043  0.50   97077      42   97056  5659393  58.30
  1966          18     0.00049  0.00049  0.50   97035      47   97012  5562337  57.32
  1966          19     0.00056  0.00056  0.50   96988      55   96961  5465325  56.35
  1966          20     0.00067  0.00067  0.50   96934      65   96901  5368364  55.38
  1966          21     0.00080  0.00080  0.50   96869      78   96830  5271463  54.42
  1966          22     0.00096  0.00096  0.50   96791      93   96745  5174632  53.46
  1966          23     0.00112  0.00112  0.50   96698     108   96644  5077888  52.51
  1966          24     0.00126  0.00126  0.50   96590     122   96529  4981243  51.57
  1966          25     0.00138  0.00137  0.50   96468     133   96402  4884714  50.64
  1966          26     0.00145  0.00145  0.50   96335     140   96266  4788313  49.70
  1966          27     0.00149  0.00149  0.50   96196     143   96124  4692047  48.78
  1966          28     0.00150  0.00150  0.50   96053     144   95980  4595923  47.85
  1966          29     0.00151  0.00151  0.50   95908     145   95836  4499942  46.92
  1966          30     0.00152  0.00152  0.50   95764     145   95691  4404106  45.99
  1966          31     0.00154  0.00153  0.50   95618     147   95545  4308415  45.06
  1966          32     0.00155  0.00155  0.50   95472     148   95398  4212870  44.13
  1966          33     0.00157  0.00157  0.50   95324     149   95249  4117473  43.19
  1966          34     0.00158  0.00158  0.50   95174     151   95099  4022224  42.26
  1966          35     0.00161  0.00161  0.50   95024     153   94947  3927125  41.33
  1966          36     0.00166  0.00166  0.50   94871     157   94792  3832178  40.39
  1966          37     0.00173  0.00173  0.50   94713     164   94632  3737386  39.46
  1966          38     0.00182  0.00182  0.50   94550     172   94464  3642754  38.53
  1966          39     0.00193  0.00192  0.50   94378     182   94287  3548290  37.60
  1966          40     0.00205  0.00204  0.50   94196     193   94100  3454003  36.67
  1966          41     0.00218  0.00218  0.50   94004     205   93901  3359903  35.74
  1966          42     0.00236  0.00236  0.50   93799     221   93688  3266001  34.82
  1966          43     0.00260  0.00260  0.50   93578     243   93456  3172313  33.90
  1966          44     0.00290  0.00290  0.50   93334     271   93199  3078857  32.99
  1966          45     0.00325  0.00324  0.50   93064     302   92913  2985658  32.08
  1966          46     0.00359  0.00359  0.50   92762     333   92596  2892745  31.18
  1966          47     0.00392  0.00391  0.50   92429     361   92249  2800150  30.30
  1966          48     0.00423  0.00422  0.50   92068     388   91874  2707901  29.41
  1966          49     0.00454  0.00453  0.50   91680     416   91472  2616027  28.53
  1966          50     0.00485  0.00484  0.50   91264     442   91043  2524555  27.66
  1966          51     0.00514  0.00513  0.50   90822     466   90589  2433512  26.79
  1966          52     0.00541  0.00539  0.50   90357     487   90113  2342923  25.93
  1966          53     0.00568  0.00566  0.50   89869     509   89615  2252810  25.07
  1966          54     0.00603  0.00601  0.50   89361     537   89092  2163195  24.21
  1966          55     0.00650  0.00648  0.50   88824     575   88536  2074103  23.35
  1966          56     0.00712  0.00709  0.50   88248     626   87936  1985567  22.50
  1966          57     0.00789  0.00785  0.50   87623     688   87279  1897632  21.66
  1966          58     0.00880  0.00876  0.50   86934     761   86554  1810353  20.82
  1966          59     0.00982  0.00977  0.50   86173     842   85752  1723799  20.00
  1966          60     0.01097  0.01091  0.50   85331     931   84866  1638047  19.20
  1966          61     0.01226  0.01219  0.50   84400    1028   83886  1553181  18.40
  1966          62     0.01370  0.01360  0.50   83372    1134   82805  1469295  17.62
  1966          63     0.01525  0.01513  0.50   82238    1245   81616  1386491  16.86
  1966          64     0.01687  0.01673  0.50   80993    1355   80316  1304875  16.11
  1966          65     0.01851  0.01834  0.50   79638    1460   78908  1224559  15.38
  1966          66     0.02018  0.01998  0.50   78178    1562   77397  1145651  14.65
  1966          67     0.02200  0.02177  0.50   76616    1668   75782  1068254  13.94
  1966          68     0.02411  0.02383  0.50   74948    1786   74056   992472  13.24
  1966          69     0.02663  0.02628  0.50   73163    1922   72201   918416  12.55
  1966          70     0.02964  0.02920  0.50   71240    2080   70200   846215  11.88
  1966          71     0.03316  0.03262  0.50   69160    2256   68032   776015  11.22
  1966          72     0.03724  0.03656  0.50   66904    2446   65681   707983  10.58
  1966          73     0.04193  0.04107  0.50   64458    2647   63134   642302   9.96
  1966          74     0.04732  0.04622  0.50   61811    2857   60382   579168   9.37
  1966          75     0.05351  0.05212  0.50   58954    3072   57418   518786   8.80
  1966          76     0.06059  0.05881  0.50   55881    3287   54238   461368   8.26
  1966          77     0.06848  0.06622  0.50   52595    3483   50854   407130   7.74
  1966          78     0.07708  0.07422  0.50   49112    3645   47290   356276   7.25
  1966          79     0.08639  0.08281  0.50   45467    3765   43585   308987   6.80
  1966          80     0.09645  0.09201  0.50   41702    3837   39783   265402   6.36
  1966          81     0.10732  0.10185  0.50   37865    3857   35937   225619   5.96
  1966          82     0.11903  0.11235  0.50   34008    3821   32098   189682   5.58
  1966          83     0.13164  0.12351  0.50   30188    3728   28323   157584   5.22
  1966          84     0.14519  0.13536  0.50   26459    3582   24668   129261   4.89
  1966          85     0.15976  0.14794  0.50   22878    3385   21185   104592   4.57
  1966          86     0.17541  0.16126  0.50   19493    3144   17921    83407   4.28
  1966          87     0.19218  0.17534  0.50   16349    2867   14916    65486   4.01
  1966          88     0.21013  0.19015  0.50   13483    2564   12201    50570   3.75
  1966          89     0.22925  0.20567  0.50   10919    2246    9796    38369   3.51
  1966          90     0.24955  0.22187  0.50    8673    1924    7711    28573   3.29
  1966          91     0.27101  0.23867  0.50    6749    1611    5944    20861   3.09
  1966          92     0.29360  0.25601  0.50    5138    1315    4480    14918   2.90
  1966          93     0.31723  0.27380  0.50    3823    1047    3299    10437   2.73
  1966          94     0.34184  0.29194  0.50    2776     810    2371     7138   2.57
  1966          95     0.36732  0.31033  0.50    1966     610    1661     4767   2.43
  1966          96     0.39354  0.32884  0.50    1356     446    1133     3106   2.29
  1966          97     0.42036  0.34736  0.50     910     316     752     1974   2.17
  1966          98     0.44763  0.36577  0.50     594     217     485     1222   2.06
  1966          99     0.47518  0.38396  0.50     377     145     304      737   1.96
  1966         100     0.50284  0.40181  0.50     232      93     185      432   1.86
  1966         101     0.53042  0.41923  0.50     139      58     110      247   1.78
  1966         102     0.55777  0.43614  0.50      81      35      63      137   1.70
  1966         103     0.58474  0.45246  0.50      45      21      35       74   1.63
  1966         104     0.61122  0.46815  0.50      25      12      19       39   1.57
  1966         105     0.63712  0.48320  0.50      13       6      10       20   1.51
  1966         106     0.66244  0.49762  0.50       7       3       5       10   1.46
  1966         107     0.68721  0.51147  0.50       3       2       3        5   1.41
  1966         108     0.71153  0.52482  0.50       2       1       1        2   1.37
  1966         109     0.73555  0.53777  0.50       1       0       1        1   1.33
  1966         110+    0.76954  1.00000  1.30       0       0       0        0   1.30
  1967           0     0.01357  0.01342  0.17  100000    1342   98881  7445882  74.46
  1967           1     0.00177  0.00177  0.50   98658     175   98571  7347001  74.47
  1967           2     0.00144  0.00144  0.50   98484     142   98412  7248430  73.60
  1967           3     0.00115  0.00115  0.50   98341     113   98285  7150018  72.71
  1967           4     0.00088  0.00088  0.50   98229      87   98185  7051733  71.79
  1967           5     0.00064  0.00064  0.50   98142      63   98110  6953547  70.85
  1967           6     0.00044  0.00044  0.50   98079      43   98057  6855437  69.90
  1967           7     0.00028  0.00028  0.50   98036      27   98022  6757380  68.93
  1967           8     0.00017  0.00017  0.50   98008      16   98000  6659358  67.95
  1967           9     0.00010  0.00010  0.50   97992      10   97987  6561358  66.96
  1967          10     0.00008  0.00008  0.50   97982       7   97978  6463371  65.96
  1967          11     0.00010  0.00010  0.50   97975      10   97970  6365392  64.97
  1967          12     0.00016  0.00016  0.50   97965      16   97957  6267422  63.98
  1967          13     0.00025  0.00025  0.50   97949      24   97937  6169465  62.99
  1967          14     0.00035  0.00035  0.50   97925      34   97908  6071528  62.00
  1967          15     0.00045  0.00045  0.50   97891      44   97869  5973620  61.02
  1967          16     0.00055  0.00055  0.50   97847      54   97820  5875751  60.05
  1967          17     0.00063  0.00063  0.50   97793      61   97762  5777932  59.08
  1967          18     0.00067  0.00067  0.50   97731      65   97699  5680170  58.12
  1967          19     0.00067  0.00067  0.50   97666      66   97633  5582471  57.16
  1967          20     0.00064  0.00064  0.50   97601      63   97569  5484837  56.20
  1967          21     0.00061  0.00061  0.50   97538      59   97508  5387268  55.23
  1967          22     0.00059  0.00059  0.50   97479      57   97450  5289760  54.27
  1967          23     0.00059  0.00059  0.50   97422      58   97393  5192310  53.30
  1967          24     0.00063  0.00063  0.50   97364      61   97333  5094917  52.33
  1967          25     0.00070  0.00070  0.50   97303      69   97268  4997583  51.36
  1967          26     0.00079  0.00079  0.50   97234      77   97196  4900315  50.40
  1967          27     0.00087  0.00087  0.50   97157      84   97115  4803119  49.44
  1967          28     0.00095  0.00095  0.50   97073      92   97027  4706004  48.48
  1967          29     0.00106  0.00106  0.50   96981     103   96929  4608977  47.52
  1967          30     0.00122  0.00122  0.50   96878     119   96819  4512048  46.57
  1967          31     0.00137  0.00136  0.50   96759     132   96693  4415229  45.63
  1967          32     0.00142  0.00142  0.50   96627     137   96559  4318536  44.69
  1967          33     0.00141  0.00141  0.50   96490     136   96422  4221977  43.76
  1967          34     0.00139  0.00139  0.50   96354     134   96287  4125555  42.82
  1967          35     0.00138  0.00138  0.50   96220     133   96153  4029268  41.88
  1967          36     0.00140  0.00140  0.50   96087     135   96020  3933114  40.93
  1967          37     0.00143  0.00142  0.50   95952     137   95884  3837095  39.99
  1967          38     0.00147  0.00146  0.50   95816     140   95745  3741211  39.05
  1967          39     0.00154  0.00154  0.50   95675     147   95602  3645465  38.10
  1967          40     0.00166  0.00166  0.50   95528     159   95449  3549864  37.16
  1967          41     0.00184  0.00184  0.50   95369     175   95282  3454415  36.22
  1967          42     0.00205  0.00205  0.50   95194     195   95097  3359133  35.29
  1967          43     0.00227  0.00227  0.50   94999     215   94891  3264036  34.36
  1967          44     0.00245  0.00245  0.50   94784     232   94668  3169145  33.44
  1967          45     0.00261  0.00260  0.50   94552     246   94429  3074477  32.52
  1967          46     0.00277  0.00276  0.50   94306     261   94175  2980048  31.60
  1967          47     0.00298  0.00297  0.50   94045     280   93905  2885873  30.69
  1967          48     0.00321  0.00321  0.50   93765     301   93615  2791968  29.78
  1967          49     0.00345  0.00345  0.50   93465     322   93303  2698353  28.87
  1967          50     0.00370  0.00370  0.50   93142     344   92970  2605049  27.97
  1967          51     0.00398  0.00397  0.50   92798     369   92614  2512079  27.07
  1967          52     0.00433  0.00432  0.50   92429     399   92230  2419465  26.18
  1967          53     0.00477  0.00476  0.50   92030     438   91811  2327235  25.29
  1967          54     0.00532  0.00531  0.50   91592     486   91349  2235424  24.41
  1967          55     0.00595  0.00593  0.50   91106     540   90836  2144075  23.53
  1967          56     0.00665  0.00663  0.50   90566     600   90266  2053240  22.67
  1967          57     0.00745  0.00742  0.50   89965     668   89632  1962974  21.82
  1967          58     0.00833  0.00830  0.50   89298     741   88927  1873342  20.98
  1967          59     0.00920  0.00916  0.50   88557     811   88151  1784415  20.15
  1967          60     0.01008  0.01003  0.50   87746     880   87306  1696264  19.33
  1967          61     0.01109  0.01103  0.50   86866     958   86386  1608958  18.52
  1967          62     0.01234  0.01227  0.50   85907    1054   85380  1522571  17.72
  1967          63     0.01392  0.01382  0.50   84854    1173   84267  1437191  16.94
  1967          64     0.01582  0.01570  0.50   83681    1314   83024  1352924  16.17
  1967          65     0.01793  0.01777  0.50   82367    1464   81635  1269900  15.42
  1967          66     0.01988  0.01969  0.50   80903    1593   80107  1188265  14.69
  1967          67     0.02182  0.02159  0.50   79310    1712   78454  1108158  13.97
  1967          68     0.02401  0.02373  0.50   77598    1841   76677  1029704  13.27
  1967          69     0.02649  0.02615  0.50   75757    1981   74766   953027  12.58
  1967          70     0.02924  0.02882  0.50   73776    2126   72713   878261  11.90
  1967          71     0.03233  0.03181  0.50   71650    2279   70510   805548  11.24
  1967          72     0.03606  0.03542  0.50   69370    2457   68142   735038  10.60
  1967          73     0.04078  0.03996  0.50   66913    2674   65576   666896   9.97
  1967          74     0.04647  0.04542  0.50   64239    2917   62780   601321   9.36
  1967          75     0.05297  0.05161  0.50   61321    3165   59739   538540   8.78
  1967          76     0.05985  0.05811  0.50   58157    3379   56467   478801   8.23
  1967          77     0.06718  0.06500  0.50   54778    3560   52997   422334   7.71
  1967          78     0.07518  0.07245  0.50   51217    3711   49362   369337   7.21
  1967          79     0.08397  0.08059  0.50   47506    3828   45592   319975   6.74
  1967          80     0.09370  0.08951  0.50   43678    3910   41723   274383   6.28
  1967          81     0.10465  0.09944  0.50   39768    3955   37791   232660   5.85
  1967          82     0.11705  0.11058  0.50   35814    3960   33833   194869   5.44
  1967          83     0.13097  0.12292  0.50   31853    3915   29896   161035   5.06
  1967          84     0.14643  0.13644  0.50   27938    3812   26032   131140   4.69
  1967          85     0.16347  0.15112  0.50   24126    3646   22303   105108   4.36
  1967          86     0.18210  0.16690  0.50   20480    3418   18771    82805   4.04
  1967          87     0.20234  0.18375  0.50   17062    3135   15494    64034   3.75
  1967          88     0.22420  0.20160  0.50   13927    2808   12523    48539   3.49
  1967          89     0.24767  0.22038  0.50   11119    2450    9894    36016   3.24
  1967          90     0.27272  0.23999  0.50    8669    2080    7629    26123   3.01
  1967          91     0.29927  0.26032  0.50    6588    1715    5731    18494   2.81
  1967          92     0.32723  0.28122  0.50    4873    1370    4188    12763   2.62
  1967          93     0.35646  0.30254  0.50    3503    1060    2973     8575   2.45
  1967          94     0.38680  0.32411  0.50    2443     792    2047     5602   2.29
  1967          95     0.41803  0.34576  0.50    1651     571    1366     3555   2.15
  1967          96     0.44993  0.36730  0.50    1080     397     882     2189   2.03
  1967          97     0.48225  0.38856  0.50     684     266     551     1307   1.91
  1967          98     0.51472  0.40936  0.50     418     171     332      757   1.81
  1967          99     0.54706  0.42956  0.50     247     106     194      424   1.72
  1967         100     0.57901  0.44902  0.50     141      63     109      231   1.64
  1967         101     0.61029  0.46760  0.50      78      36      59      121   1.56
  1967         102     0.64066  0.48523  0.50      41      20      31       62   1.50
  1967         103     0.66989  0.50181  0.50      21      11      16       31   1.44
  1967         104     0.69780  0.51731  0.50      11       5       8       15   1.39
  1967         105     0.72425  0.53170  0.50       5       3       4        7   1.35
  1967         106     0.74921  0.54504  0.50       2       1       2        3   1.30
  1967         107     0.77275  0.55739  0.50       1       1       1        1   1.27
  1967         108     0.79510  0.56892  0.50       0       0       0        1   1.24
  1967         109     0.81660  0.57985  0.50       0       0       0        0   1.21
  1967         110+    0.84534  1.00000  1.18       0       0       0        0   1.18
  1968           0     0.01190  0.01178  0.16  100000    1178   99016  7455637  74.56
  1968           1     0.00212  0.00212  0.50   98822     209   98718  7356622  74.44
  1968           2     0.00183  0.00183  0.50   98613     180   98523  7257904  73.60
  1968           3     0.00129  0.00129  0.50   98433     127   98369  7159381  72.73
  1968           4     0.00081  0.00081  0.50   98305      79   98266  7061012  71.83
  1968           5     0.00060  0.00060  0.50   98226      59   98197  6962746  70.88
  1968           6     0.00045  0.00045  0.50   98168      44   98145  6864549  69.93
  1968           7     0.00020  0.00020  0.50   98123      20   98114  6766404  68.96
  1968           8     0.00021  0.00021  0.50   98104      20   98094  6668290  67.97
  1968           9     0.00031  0.00031  0.50   98084      31   98068  6570197  66.99
  1968          10     0.00029  0.00029  0.50   98053      28   98039  6472129  66.01
  1968          11     0.00026  0.00026  0.50   98025      26   98012  6374090  65.03
  1968          12     0.00031  0.00031  0.50   97999      30   97984  6276078  64.04
  1968          13     0.00014  0.00014  0.50   97969      13   97962  6178094  63.06
  1968          14     0.00008  0.00008  0.50   97956       8   97952  6080132  62.07
  1968          15     0.00048  0.00048  0.50   97948      47   97924  5982180  61.08
  1968          16     0.00084  0.00084  0.50   97901      82   97860  5884256  60.10
  1968          17     0.00070  0.00070  0.50   97819      69   97785  5786396  59.15
  1968          18     0.00049  0.00049  0.50   97750      48   97727  5688611  58.20
  1968          19     0.00059  0.00059  0.50   97703      58   97674  5590885  57.22
  1968          20     0.00064  0.00064  0.50   97645      63   97614  5493211  56.26
  1968          21     0.00066  0.00066  0.50   97583      65   97550  5395597  55.29
  1968          22     0.00079  0.00079  0.50   97518      77   97479  5298047  54.33
  1968          23     0.00093  0.00093  0.50   97441      91   97395  5200567  53.37
  1968          24     0.00099  0.00098  0.50   97350      96   97302  5103172  52.42
  1968          25     0.00100  0.00100  0.50   97254      97   97206  5005870  51.47
  1968          26     0.00110  0.00110  0.50   97157     107   97104  4908664  50.52
  1968          27     0.00137  0.00137  0.50   97051     133   96984  4811560  49.58
  1968          28     0.00160  0.00160  0.50   96917     155   96840  4714576  48.65
  1968          29     0.00154  0.00154  0.50   96763     149   96688  4617736  47.72
  1968          30     0.00128  0.00128  0.50   96613     123   96552  4521048  46.80
  1968          31     0.00121  0.00121  0.50   96490     117   96431  4424496  45.85
  1968          32     0.00162  0.00162  0.50   96373     156   96295  4328065  44.91
  1968          33     0.00194  0.00194  0.50   96217     186   96124  4231770  43.98
  1968          34     0.00166  0.00166  0.50   96031     159   95951  4135646  43.07
  1968          35     0.00129  0.00129  0.50   95872     124   95810  4039695  42.14
  1968          36     0.00131  0.00131  0.50   95748     126   95685  3943885  41.19
  1968          37     0.00122  0.00122  0.50   95622     116   95564  3848200  40.24
  1968          38     0.00112  0.00112  0.50   95506     107   95452  3752636  39.29
  1968          39     0.00127  0.00127  0.50   95399     121   95338  3657184  38.34
  1968          40     0.00164  0.00164  0.50   95278     156   95200  3561845  37.38
  1968          41     0.00202  0.00201  0.50   95122     192   95026  3466646  36.44
  1968          42     0.00209  0.00209  0.50   94930     199   94831  3371620  35.52
  1968          43     0.00229  0.00229  0.50   94731     217   94623  3276789  34.59
  1968          44     0.00299  0.00298  0.50   94515     282   94374  3182166  33.67
  1968          45     0.00362  0.00361  0.50   94233     340   94063  3087792  32.77
  1968          46     0.00361  0.00361  0.50   93893     339   93723  2993729  31.88
  1968          47     0.00330  0.00329  0.50   93554     308   93400  2900006  31.00
  1968          48     0.00295  0.00295  0.50   93246     275   93109  2806606  30.10
  1968          49     0.00276  0.00276  0.50   92971     256   92843  2713497  29.19
  1968          50     0.00268  0.00268  0.50   92715     248   92591  2620654  28.27
  1968          51     0.00279  0.00278  0.50   92467     257   92338  2528063  27.34
  1968          52     0.00374  0.00373  0.50   92209     344   92037  2435725  26.42
  1968          53     0.00553  0.00552  0.50   91865     507   91612  2343687  25.51
  1968          54     0.00591  0.00589  0.50   91358     538   91089  2252076  24.65
  1968          55     0.00580  0.00578  0.50   90820     525   90557  2160987  23.79
  1968          56     0.00668  0.00666  0.50   90295     602   89994  2070429  22.93
  1968          57     0.00831  0.00827  0.50   89693     742   89322  1980435  22.08
  1968          58     0.00968  0.00964  0.50   88951     857   88523  1891113  21.26
  1968          59     0.00953  0.00948  0.50   88094     836   87676  1802590  20.46
  1968          60     0.00939  0.00935  0.50   87259     816   86851  1714914  19.65
  1968          61     0.01099  0.01093  0.50   86443     945   85970  1628063  18.83
  1968          62     0.01356  0.01347  0.50   85498    1152   84922  1542092  18.04
  1968          63     0.01577  0.01565  0.50   84347    1320   83687  1457170  17.28
  1968          64     0.01636  0.01623  0.50   83027    1348   82353  1373483  16.54
  1968          65     0.01518  0.01506  0.50   81679    1230   81064  1291130  15.81
  1968          66     0.01545  0.01534  0.50   80449    1234   79832  1210066  15.04
  1968          67     0.01798  0.01782  0.50   79215    1411   78509  1130234  14.27
  1968          68     0.02228  0.02203  0.50   77804    1714   76947  1051725  13.52
  1968          69     0.02636  0.02601  0.50   76089    1979   75100   974778  12.81
  1968          70     0.02870  0.02829  0.50   74110    2097   73062   899678  12.14
  1968          71     0.03074  0.03027  0.50   72013    2180   70923   826617  11.48
  1968          72     0.03272  0.03219  0.50   69833    2248   68709   755693  10.82
  1968          73     0.03538  0.03477  0.50   67585    2350   66411   686984  10.16
  1968          74     0.04359  0.04266  0.50   65236    2783   63844   620573   9.51
  1968          75     0.05766  0.05604  0.50   62452    3500   60702   556729   8.91
  1968          76     0.06214  0.06026  0.50   58952    3553   57176   496027   8.41
  1968          77     0.06237  0.06049  0.50   55400    3351   53724   438851   7.92
  1968          78     0.06807  0.06583  0.50   52049    3426   50336   385126   7.40
  1968          79     0.08003  0.07695  0.50   48622    3742   46752   334791   6.89
  1968          80     0.09605  0.09165  0.50   44881    4113   42824   288039   6.42
  1968          81     0.11085  0.10503  0.50   40767    4282   38626   245215   6.01
  1968          82     0.12099  0.11408  0.50   36486    4162   34404   206589   5.66
  1968          83     0.13174  0.12359  0.50   32323    3995   30326   172184   5.33
  1968          84     0.14401  0.13434  0.50   28328    3806   26425   141859   5.01
  1968          85     0.15715  0.14570  0.50   24523    3573   22736   115433   4.71
  1968          86     0.17118  0.15768  0.50   20950    3303   19298    92697   4.42
  1968          87     0.18626  0.17039  0.50   17646    3007   16143    73399   4.16
  1968          88     0.20233  0.18374  0.50   14640    2690   13295    57256   3.91
  1968          89     0.21939  0.19770  0.50   11950    2363   10768    43962   3.68
  1968          90     0.23748  0.21227  0.50    9587    2035    8570    33193   3.46
  1968          91     0.25656  0.22739  0.50    7552    1717    6693    24623   3.26
  1968          92     0.27662  0.24301  0.50    5835    1418    5126    17930   3.07
  1968          93     0.29762  0.25907  0.50    4417    1144    3845    12804   2.90
  1968          94     0.31951  0.27550  0.50    3273     902    2822     8959   2.74
  1968          95     0.34223  0.29223  0.50    2371     693    2025     6138   2.59
  1968          96     0.36569  0.30916  0.50    1678     519    1419     4113   2.45
  1968          97     0.38981  0.32623  0.50    1159     378     970     2694   2.32
  1968          98     0.41449  0.34333  0.50     781     268     647     1724   2.21
  1968          99     0.43959  0.36038  0.50     513     185     421     1077   2.10
  1968         100     0.46501  0.37729  0.50     328     124     266      657   2.00
  1968         101     0.49062  0.39397  0.50     204      80     164      390   1.91
  1968         102     0.51627  0.41034  0.50     124      51      98      226   1.83
  1968         103     0.54184  0.42633  0.50      73      31      57      128   1.75
  1968         104     0.56719  0.44187  0.50      42      19      33       71   1.68
  1968         105     0.59218  0.45690  0.50      23      11      18       38   1.62
  1968         106     0.61672  0.47137  0.50      13       6      10       20   1.56
  1968         107     0.64068  0.48524  0.50       7       3       5       10   1.51
  1968         108     0.66392  0.49845  0.50       3       2       3        5   1.46
  1968         109     0.68635  0.51099  0.50       2       1       1        2   1.42
  1968         110+    0.72441  1.00000  1.38       1       1       1        1   1.38
  1969           0     0.01094  0.01084  0.16  100000    1084   99093  7514160  75.14
  1969           1     0.00271  0.00271  0.50   98916     268   98782  7415067  74.96
  1969           2     0.00196  0.00196  0.50   98647     194   98551  7316286  74.17
  1969           3     0.00129  0.00129  0.50   98454     127   98391  7217735  73.31
  1969           4     0.00075  0.00075  0.50   98327      73   98290  7119345  72.40
  1969           5     0.00039  0.00039  0.50   98254      39   98234  7021054  71.46
  1969           6     0.00020  0.00020  0.50   98215      19   98205  6922820  70.49
  1969           7     0.00010  0.00010  0.50   98196      10   98191  6824615  69.50
  1969           8     0.00007  0.00007  0.50   98186       7   98182  6726424  68.51
  1969           9     0.00006  0.00006  0.50   98179       6   98176  6628242  67.51
  1969          10     0.00007  0.00007  0.50   98173       7   98169  6530066  66.52
  1969          11     0.00010  0.00010  0.50   98166      10   98161  6431897  65.52
  1969          12     0.00014  0.00014  0.50   98156      14   98149  6333736  64.53
  1969          13     0.00019  0.00019  0.50   98142      19   98133  6235587  63.54
  1969          14     0.00025  0.00025  0.50   98123      25   98111  6137454  62.55
  1969          15     0.00032  0.00032  0.50   98098      31   98083  6039343  61.56
  1969          16     0.00038  0.00038  0.50   98067      37   98048  5941261  60.58
  1969          17     0.00043  0.00043  0.50   98030      42   98009  5843212  59.61
  1969          18     0.00047  0.00047  0.50   97988      46   97965  5745203  58.63
  1969          19     0.00054  0.00054  0.50   97942      53   97915  5647238  57.66
  1969          20     0.00063  0.00063  0.50   97889      61   97858  5549323  56.69
  1969          21     0.00071  0.00071  0.50   97828      70   97793  5451465  55.73
  1969          22     0.00077  0.00077  0.50   97758      75   97720  5353672  54.76
  1969          23     0.00080  0.00080  0.50   97682      79   97643  5255952  53.81
  1969          24     0.00082  0.00082  0.50   97604      80   97564  5158309  52.85
  1969          25     0.00082  0.00081  0.50   97524      79   97484  5060745  51.89
  1969          26     0.00083  0.00083  0.50   97445      81   97404  4963261  50.93
  1969          27     0.00088  0.00088  0.50   97364      86   97321  4865856  49.98
  1969          28     0.00097  0.00097  0.50   97278      95   97231  4768535  49.02
  1969          29     0.00108  0.00108  0.50   97184     104   97131  4671305  48.07
  1969          30     0.00115  0.00115  0.50   97079     111   97023  4574173  47.12
  1969          31     0.00118  0.00118  0.50   96968     115   96910  4477150  46.17
  1969          32     0.00119  0.00119  0.50   96853     115   96795  4380240  45.23
  1969          33     0.00118  0.00118  0.50   96738     114   96681  4283445  44.28
  1969          34     0.00117  0.00117  0.50   96624     113   96567  4186764  43.33
  1969          35     0.00117  0.00117  0.50   96510     113   96454  4090197  42.38
  1969          36     0.00116  0.00116  0.50   96398     112   96342  3993743  41.43
  1969          37     0.00115  0.00115  0.50   96285     111   96230  3897402  40.48
  1969          38     0.00117  0.00117  0.50   96175     112   96118  3801172  39.52
  1969          39     0.00125  0.00125  0.50   96062     120   96002  3705053  38.57
  1969          40     0.00138  0.00138  0.50   95942     132   95876  3609051  37.62
  1969          41     0.00153  0.00153  0.50   95810     146   95736  3513175  36.67
  1969          42     0.00166  0.00166  0.50   95663     159   95584  3417439  35.72
  1969          43     0.00180  0.00180  0.50   95505     172   95419  3321855  34.78
  1969          44     0.00197  0.00197  0.50   95332     188   95238  3226437  33.84
  1969          45     0.00216  0.00216  0.50   95144     206   95042  3131198  32.91
  1969          46     0.00237  0.00236  0.50   94939     225   94826  3036157  31.98
  1969          47     0.00264  0.00263  0.50   94714     250   94589  2941330  31.05
  1969          48     0.00299  0.00298  0.50   94465     282   94324  2846741  30.14
  1969          49     0.00340  0.00339  0.50   94183     320   94023  2752417  29.22
  1969          50     0.00381  0.00380  0.50   93863     357   93685  2658394  28.32
  1969          51     0.00415  0.00414  0.50   93506     387   93312  2564709  27.43
  1969          52     0.00439  0.00438  0.50   93119     408   92915  2471397  26.54
  1969          53     0.00455  0.00454  0.50   92711     421   92500  2378482  25.65
  1969          54     0.00478  0.00477  0.50   92289     440   92069  2285982  24.77
  1969          55     0.00517  0.00516  0.50   91849     474   91612  2193913  23.89
  1969          56     0.00579  0.00577  0.50   91375     527   91112  2102301  23.01
  1969          57     0.00659  0.00657  0.50   90848     597   90550  2011189  22.14
  1969          58     0.00754  0.00751  0.50   90251     678   89912  1920639  21.28
  1969          59     0.00858  0.00854  0.50   89573     765   89191  1830727  20.44
  1969          60     0.00963  0.00959  0.50   88808     851   88382  1741536  19.61
  1969          61     0.01063  0.01058  0.50   87957     930   87492  1653154  18.80
  1969          62     0.01168  0.01162  0.50   87026    1011   86521  1565662  17.99
  1969          63     0.01289  0.01281  0.50   86015    1102   85465  1479141  17.20
  1969          64     0.01419  0.01409  0.50   84914    1196   84316  1393676  16.41
  1969          65     0.01558  0.01546  0.50   83718    1294   83071  1309361  15.64
  1969          66     0.01736  0.01721  0.50   82424    1419   81714  1226290  14.88
  1969          67     0.01975  0.01956  0.50   81005    1584   80213  1144576  14.13
  1969          68     0.02284  0.02259  0.50   79420    1794   78524  1064363  13.40
  1969          69     0.02647  0.02612  0.50   77627    2028   76613   985840  12.70
  1969          70     0.03036  0.02991  0.50   75599    2261   74469   909227  12.03
  1969          71     0.03429  0.03371  0.50   73338    2473   72102   834758  11.38
  1969          72     0.03837  0.03765  0.50   70865    2668   69531   762656  10.76
  1969          73     0.04280  0.04191  0.50   68197    2858   66768   693125  10.16
  1969          74     0.04768  0.04657  0.50   65339    3043   63818   626357   9.59
  1969          75     0.05304  0.05167  0.50   62297    3219   60687   562539   9.03
  1969          76     0.05889  0.05720  0.50   59078    3379   57388   501852   8.49
  1969          77     0.06553  0.06345  0.50   55698    3534   53931   444464   7.98
  1969          78     0.07325  0.07066  0.50   52164    3686   50321   390532   7.49
  1969          79     0.08175  0.07854  0.50   48478    3808   46574   340211   7.02
  1969          80     0.09077  0.08683  0.50   44671    3879   42731   293637   6.57
  1969          81     0.10054  0.09572  0.50   40792    3905   38839   250906   6.15
  1969          82     0.11139  0.10551  0.50   36887    3892   34941   212066   5.75
  1969          83     0.12346  0.11629  0.50   32995    3837   31077   177125   5.37
  1969          84     0.13684  0.12808  0.50   29158    3734   27291   146048   5.01
  1969          85     0.15156  0.14088  0.50   25424    3582   23633   118757   4.67
  1969          86     0.16763  0.15467  0.50   21842    3378   20153    95125   4.36
  1969          87     0.18508  0.16940  0.50   18464    3128   16900    74972   4.06
  1969          88     0.20390  0.18504  0.50   15336    2838   13917    58072   3.79
  1969          89     0.22411  0.20153  0.50   12498    2519   11239    44155   3.53
  1969          90     0.24569  0.21881  0.50    9980    2184    8888    32916   3.30
  1969          91     0.26862  0.23681  0.50    7796    1846    6873    24028   3.08
  1969          92     0.29284  0.25544  0.50    5950    1520    5190    17155   2.88
  1969          93     0.31829  0.27459  0.50    4430    1216    3822    11965   2.70
  1969          94     0.34485  0.29414  0.50    3214     945    2741     8144   2.53
  1969          95     0.37243  0.31396  0.50    2268     712    1912     5403   2.38
  1969          96     0.40085  0.33392  0.50    1556     520    1296     3490   2.24
  1969          97     0.42996  0.35388  0.50    1037     367     853     2194   2.12
  1969          98     0.45955  0.37369  0.50     670     250     545     1341   2.00
  1969          99     0.48943  0.39320  0.50     419     165     337      796   1.90
  1969         100     0.51937  0.41230  0.50     255     105     202      459   1.80
  1969         101     0.54916  0.43086  0.50     150      64     117      257   1.72
  1969         102     0.57856  0.44875  0.50      85      38      66      140   1.64
  1969         103     0.60738  0.46589  0.50      47      22      36       74   1.58
  1969         104     0.63540  0.48220  0.50      25      12      19       38   1.51
  1969         105     0.66247  0.49764  0.50      13       6      10       19   1.46
  1969         106     0.68853  0.51220  0.50       7       3       5        9   1.41
  1969         107     0.71355  0.52592  0.50       3       2       2        4   1.37
  1969         108     0.73770  0.53892  0.50       2       1       1        2   1.32
  1969         109     0.76121  0.55136  0.50       1       0       1        1   1.29
  1969         110+    0.79538  1.00000  1.26       0       0       0        0   1.26
  1970           0     0.01349  0.01334  0.17  100000    1334   98888  7462152  74.62
  1970           1     0.00125  0.00125  0.50   98666     123   98604  7363265  74.63
  1970           2     0.00100  0.00100  0.50   98543      98   98494  7264660  73.72
  1970           3     0.00076  0.00076  0.50   98445      75   98407  7166167  72.79
  1970           4     0.00056  0.00056  0.50   98370      55   98342  7067760  71.85
  1970           5     0.00042  0.00042  0.50   98315      41   98294  6969417  70.89
  1970           6     0.00034  0.00034  0.50   98273      34   98256  6871123  69.92
  1970           7     0.00032  0.00032  0.50   98240      31   98224  6772867  68.94
  1970           8     0.00031  0.00031  0.50   98208      30   98193  6674643  67.96
  1970           9     0.00030  0.00030  0.50   98178      29   98163  6576450  66.98
  1970          10     0.00028  0.00028  0.50   98148      28   98135  6478287  66.00
  1970          11     0.00027  0.00027  0.50   98121      26   98108  6380152  65.02
  1970          12     0.00027  0.00027  0.50   98095      26   98082  6282044  64.04
  1970          13     0.00027  0.00027  0.50   98069      26   98056  6183962  63.06
  1970          14     0.00028  0.00028  0.50   98043      28   98029  6085906  62.07
  1970          15     0.00034  0.00034  0.50   98015      34   97998  5987877  61.09
  1970          16     0.00044  0.00044  0.50   97981      43   97959  5889879  60.11
  1970          17     0.00056  0.00056  0.50   97938      55   97910  5791920  59.14
  1970          18     0.00067  0.00067  0.50   97883      65   97850  5694010  58.17
  1970          19     0.00072  0.00072  0.50   97817      71   97782  5596160  57.21
  1970          20     0.00073  0.00073  0.50   97747      71   97711  5498378  56.25
  1970          21     0.00071  0.00071  0.50   97676      70   97641  5400667  55.29
  1970          22     0.00072  0.00072  0.50   97606      71   97571  5303026  54.33
  1970          23     0.00078  0.00078  0.50   97535      76   97497  5205455  53.37
  1970          24     0.00089  0.00089  0.50   97459      87   97416  5107958  52.41
  1970          25     0.00101  0.00101  0.50   97372      98   97323  5010542  51.46
  1970          26     0.00109  0.00109  0.50   97274     106   97221  4913219  50.51
  1970          27     0.00112  0.00112  0.50   97168     109   97113  4815998  49.56
  1970          28     0.00109  0.00109  0.50   97059     106   97006  4718884  48.62
  1970          29     0.00099  0.00099  0.50   96953      96   96905  4621879  47.67
  1970          30     0.00085  0.00085  0.50   96858      83   96816  4524973  46.72
  1970          31     0.00082  0.00082  0.50   96775      79   96735  4428157  45.76
  1970          32     0.00098  0.00098  0.50   96696      95   96648  4331422  44.79
  1970          33     0.00122  0.00122  0.50   96600     118   96541  4234774  43.84
  1970          34     0.00140  0.00140  0.50   96482     135   96415  4138232  42.89
  1970          35     0.00147  0.00147  0.50   96347     141   96277  4041818  41.95
  1970          36     0.00144  0.00144  0.50   96206     138   96137  3945541  41.01
  1970          37     0.00143  0.00143  0.50   96068     137   95999  3849404  40.07
  1970          38     0.00148  0.00147  0.50   95930     141   95860  3753405  39.13
  1970          39     0.00156  0.00156  0.50   95789     150   95714  3657545  38.18
  1970          40     0.00167  0.00167  0.50   95639     160   95559  3561831  37.24
  1970          41     0.00176  0.00176  0.50   95479     168   95395  3466272  36.30
  1970          42     0.00178  0.00178  0.50   95311     170   95226  3370877  35.37
  1970          43     0.00177  0.00177  0.50   95141     168   95057  3275651  34.43
  1970          44     0.00179  0.00179  0.50   94973     170   94888  3180594  33.49
  1970          45     0.00191  0.00191  0.50   94803     181   94713  3085706  32.55
  1970          46     0.00220  0.00220  0.50   94622     208   94518  2990993  31.61
  1970          47     0.00270  0.00269  0.50   94414     254   94287  2896475  30.68
  1970          48     0.00319  0.00319  0.50   94160     300   94010  2802188  29.76
  1970          49     0.00352  0.00352  0.50   93860     330   93694  2708179  28.85
  1970          50     0.00382  0.00381  0.50   93529     356   93351  2614484  27.95
  1970          51     0.00422  0.00421  0.50   93173     392   92977  2521133  27.06
  1970          52     0.00464  0.00463  0.50   92781     429   92566  2428156  26.17
  1970          53     0.00494  0.00493  0.50   92351     455   92124  2335590  25.29
  1970          54     0.00509  0.00508  0.50   91897     467   91663  2243466  24.41
  1970          55     0.00523  0.00521  0.50   91430     477   91191  2151803  23.54
  1970          56     0.00547  0.00546  0.50   90953     496   90705  2060612  22.66
  1970          57     0.00595  0.00593  0.50   90457     536   90189  1969907  21.78
  1970          58     0.00674  0.00671  0.50   89920     604   89619  1879718  20.90
  1970          59     0.00781  0.00778  0.50   89317     695   88969  1790100  20.04
  1970          60     0.00911  0.00907  0.50   88622     804   88220  1701130  19.20
  1970          61     0.01058  0.01052  0.50   87818     924   87356  1612910  18.37
  1970          62     0.01217  0.01210  0.50   86894    1051   86368  1525554  17.56
  1970          63     0.01386  0.01377  0.50   85843    1182   85252  1439186  16.77
  1970          64     0.01569  0.01557  0.50   84661    1318   84002  1353934  15.99
  1970          65     0.01761  0.01745  0.50   83343    1455   82615  1269933  15.24
  1970          66     0.01933  0.01914  0.50   81888    1568   81104  1187317  14.50
  1970          67     0.02113  0.02091  0.50   80320    1679   79480  1106213  13.77
  1970          68     0.02340  0.02313  0.50   78641    1819   77731  1026733  13.06
  1970          69     0.02635  0.02601  0.50   76822    1998   75823   949002  12.35
  1970          70     0.02996  0.02951  0.50   74824    2208   73720   873179  11.67
  1970          71     0.03370  0.03314  0.50   72615    2407   71412   799459  11.01
  1970          72     0.03776  0.03706  0.50   70209    2602   68908   728047  10.37
  1970          73     0.04246  0.04158  0.50   67607    2811   66201   659139   9.75
  1970          74     0.04793  0.04681  0.50   64796    3033   63279   592938   9.15
  1970          75     0.05452  0.05307  0.50   61763    3278   60124   529658   8.58
  1970          76     0.06317  0.06123  0.50   58485    3581   56694   469534   8.03
  1970          77     0.07306  0.07048  0.50   54904    3870   52969   412840   7.52
  1970          78     0.08298  0.07967  0.50   51034    4066   49001   359871   7.05
  1970          79     0.09217  0.08811  0.50   46968    4138   44899   310870   6.62
  1970          80     0.10043  0.09563  0.50   42830    4096   40782   265972   6.21
  1970          81     0.10927  0.10361  0.50   38734    4013   36727   225190   5.81
  1970          82     0.12020  0.11338  0.50   34720    3937   32752   188463   5.43
  1970          83     0.13317  0.12486  0.50   30784    3844   28862   155711   5.06
  1970          84     0.14796  0.13776  0.50   26940    3711   25084   126849   4.71
  1970          85     0.16437  0.15189  0.50   23229    3528   21465   101765   4.38
  1970          86     0.18230  0.16707  0.50   19701    3291   18055    80300   4.08
  1970          87     0.20167  0.18319  0.50   16409    3006   14906    62245   3.79
  1970          88     0.22248  0.20021  0.50   13403    2683   12061    47339   3.53
  1970          89     0.24474  0.21806  0.50   10720    2338    9551    35277   3.29
  1970          90     0.26844  0.23667  0.50    8382    1984    7390    25726   3.07
  1970          91     0.29352  0.25596  0.50    6398    1638    5580    18336   2.87
  1970          92     0.31992  0.27580  0.50    4761    1313    4104    12756   2.68
  1970          93     0.34753  0.29608  0.50    3448    1021    2937     8652   2.51
  1970          94     0.37620  0.31664  0.50    2427     768    2043     5715   2.35
  1970          95     0.40576  0.33732  0.50    1658     559    1379     3672   2.21
  1970          96     0.43602  0.35798  0.50    1099     393     902     2293   2.09
  1970          97     0.46677  0.37844  0.50     706     267     572     1391   1.97
  1970          98     0.49776  0.39857  0.50     439     175     351      819   1.87
  1970          99     0.52878  0.41821  0.50     264     110     209      468   1.77
  1970         100     0.55958  0.43725  0.50     153      67     120      259   1.69
  1970         101     0.58993  0.45556  0.50      86      39      67      139   1.61
  1970         102     0.61961  0.47306  0.50      47      22      36       73   1.55
  1970         103     0.64841  0.48966  0.50      25      12      19       37   1.49
  1970         104     0.67614  0.50531  0.50      13       6       9       18   1.43
  1970         105     0.70262  0.51996  0.50       6       3       5        9   1.38
  1970         106     0.72775  0.53359  0.50       3       2       2        4   1.34
  1970         107     0.75146  0.54623  0.50       1       1       1        2   1.30
  1970         108     0.77392  0.55800  0.50       1       0       0        1   1.27
  1970         109     0.79538  0.56907  0.50       0       0       0        0   1.24
  1970         110+    0.82655  1.00000  1.21       0       0       0        0   1.21
  1971           0     0.01148  0.01137  0.16  100000    1137   99050  7566763  75.67
  1971           1     0.00099  0.00099  0.50   98863      98   98814  7467713  75.54
  1971           2     0.00092  0.00092  0.50   98765      91   98719  7368899  74.61
  1971           3     0.00084  0.00084  0.50   98674      83   98633  7270180  73.68
  1971           4     0.00075  0.00075  0.50   98591      74   98554  7171548  72.74
  1971           5     0.00066  0.00066  0.50   98517      65   98485  7072993  71.79
  1971           6     0.00057  0.00057  0.50   98452      57   98424  6974509  70.84
  1971           7     0.00050  0.00050  0.50   98396      49   98371  6876085  69.88
  1971           8     0.00044  0.00044  0.50   98347      43   98325  6777714  68.92
  1971           9     0.00038  0.00038  0.50   98304      37   98285  6679388  67.95
  1971          10     0.00032  0.00032  0.50   98266      31   98251  6581103  66.97
  1971          11     0.00026  0.00026  0.50   98235      25   98223  6482853  65.99
  1971          12     0.00021  0.00021  0.50   98210      21   98200  6384630  65.01
  1971          13     0.00018  0.00018  0.50   98189      17   98181  6286431  64.02
  1971          14     0.00016  0.00016  0.50   98172      16   98164  6188250  63.03
  1971          15     0.00017  0.00017  0.50   98156      17   98148  6090086  62.04
  1971          16     0.00021  0.00021  0.50   98139      20   98129  5991938  61.06
  1971          17     0.00027  0.00027  0.50   98119      26   98105  5893809  60.07
  1971          18     0.00035  0.00035  0.50   98092      35   98075  5795704  59.08
  1971          19     0.00045  0.00045  0.50   98058      44   98036  5697629  58.10
  1971          20     0.00057  0.00057  0.50   98014      56   97986  5599593  57.13
  1971          21     0.00069  0.00069  0.50   97958      68   97924  5501607  56.16
  1971          22     0.00081  0.00081  0.50   97890      79   97850  5403683  55.20
  1971          23     0.00091  0.00091  0.50   97811      89   97766  5305833  54.25
  1971          24     0.00097  0.00097  0.50   97722      94   97675  5208067  53.29
  1971          25     0.00097  0.00097  0.50   97628      95   97580  5110392  52.35
  1971          26     0.00092  0.00092  0.50   97533      90   97488  5012811  51.40
  1971          27     0.00086  0.00086  0.50   97443      84   97401  4915323  50.44
  1971          28     0.00082  0.00082  0.50   97359      80   97319  4817922  49.49
  1971          29     0.00085  0.00085  0.50   97279      82   97238  4720604  48.53
  1971          30     0.00094  0.00094  0.50   97196      91   97151  4623366  47.57
  1971          31     0.00107  0.00107  0.50   97105     104   97053  4526215  46.61
  1971          32     0.00121  0.00121  0.50   97001     117   96942  4429162  45.66
  1971          33     0.00132  0.00131  0.50   96884     127   96820  4332220  44.72
  1971          34     0.00136  0.00136  0.50   96756     132   96690  4235400  43.77
  1971          35     0.00137  0.00137  0.50   96625     132   96559  4138709  42.83
  1971          36     0.00137  0.00136  0.50   96492     132   96427  4042151  41.89
  1971          37     0.00135  0.00135  0.50   96361     130   96296  3945724  40.95
  1971          38     0.00132  0.00132  0.50   96231     127   96167  3849429  40.00
  1971          39     0.00128  0.00128  0.50   96103     123   96042  3753262  39.05
  1971          40     0.00125  0.00125  0.50   95980     120   95920  3657220  38.10
  1971          41     0.00125  0.00125  0.50   95860     119   95800  3561300  37.15
  1971          42     0.00134  0.00134  0.50   95741     128   95677  3465500  36.20
  1971          43     0.00154  0.00154  0.50   95612     147   95539  3369823  35.24
  1971          44     0.00181  0.00181  0.50   95465     173   95379  3274285  34.30
  1971          45     0.00211  0.00210  0.50   95293     200   95192  3178906  33.36
  1971          46     0.00237  0.00237  0.50   95092     225   94979  3083713  32.43
  1971          47     0.00263  0.00262  0.50   94867     249   94742  2988734  31.50
  1971          48     0.00285  0.00285  0.50   94618     270   94483  2893992  30.59
  1971          49     0.00306  0.00305  0.50   94348     288   94204  2799509  29.67
  1971          50     0.00331  0.00330  0.50   94060     311   93905  2705305  28.76
  1971          51     0.00368  0.00367  0.50   93749     345   93577  2611400  27.86
  1971          52     0.00421  0.00420  0.50   93405     392   93209  2517823  26.96
  1971          53     0.00488  0.00487  0.50   93013     453   92786  2424614  26.07
  1971          54     0.00555  0.00553  0.50   92560     512   92304  2331828  25.19
  1971          55     0.00618  0.00616  0.50   92048     567   91764  2239524  24.33
  1971          56     0.00674  0.00672  0.50   91481     615   91173  2147759  23.48
  1971          57     0.00722  0.00719  0.50   90866     654   90539  2056586  22.63
  1971          58     0.00759  0.00756  0.50   90212     682   89871  1966047  21.79
  1971          59     0.00791  0.00788  0.50   89530     706   89178  1876175  20.96
  1971          60     0.00838  0.00834  0.50   88825     741   88454  1786998  20.12
  1971          61     0.00916  0.00912  0.50   88084     803   87683  1698543  19.28
  1971          62     0.01028  0.01023  0.50   87281     893   86835  1610861  18.46
  1971          63     0.01171  0.01164  0.50   86388    1005   85886  1524026  17.64
  1971          64     0.01335  0.01326  0.50   85383    1132   84817  1438140  16.84
  1971          65     0.01512  0.01501  0.50   84251    1265   83619  1353323  16.06
  1971          66     0.01701  0.01687  0.50   82986    1400   82286  1269704  15.30
  1971          67     0.01901  0.01883  0.50   81586    1536   80818  1187418  14.55
  1971          68     0.02110  0.02088  0.50   80050    1671   79214  1106600  13.82
  1971          69     0.02329  0.02302  0.50   78378    1804   77476  1027386  13.11
  1971          70     0.02562  0.02530  0.50   76574    1937   75606   949909  12.41
  1971          71     0.02830  0.02791  0.50   74637    2083   73595   874304  11.71
  1971          72     0.03151  0.03102  0.50   72554    2251   71429   800708  11.04
  1971          73     0.03542  0.03480  0.50   70303    2447   69080   729279  10.37
  1971          74     0.04018  0.03939  0.50   67857    2673   66520   660199   9.73
  1971          75     0.04597  0.04493  0.50   65184    2929   63719   593679   9.11
  1971          76     0.05305  0.05168  0.50   62255    3218   60646   529960   8.51
  1971          77     0.06145  0.05962  0.50   59038    3520   57278   469313   7.95
  1971          78     0.07101  0.06857  0.50   55518    3807   53614   412036   7.42
  1971          79     0.08129  0.07812  0.50   51711    4040   49691   358421   6.93
  1971          80     0.09191  0.08787  0.50   47671    4189   45577   308730   6.48
  1971          81     0.10299  0.09794  0.50   43482    4259   41353   263153   6.05
  1971          82     0.11475  0.10852  0.50   39223    4257   37095   221801   5.65
  1971          83     0.12737  0.11974  0.50   34967    4187   32873   184706   5.28
  1971          84     0.14100  0.13171  0.50   30780    4054   28753   151832   4.93
  1971          85     0.15579  0.14453  0.50   26726    3863   24794   123079   4.61
  1971          86     0.17183  0.15823  0.50   22863    3618   21054    98285   4.30
  1971          87     0.18917  0.17282  0.50   19245    3326   17582    77231   4.01
  1971          88     0.20786  0.18829  0.50   15919    2997   14421    59648   3.75
  1971          89     0.22789  0.20458  0.50   12922    2644   11600    45228   3.50
  1971          90     0.24926  0.22164  0.50   10278    2278    9139    33628   3.27
  1971          91     0.27194  0.23939  0.50    8000    1915    7043    24488   3.06
  1971          92     0.29586  0.25773  0.50    6085    1568    5301    17446   2.87
  1971          93     0.32096  0.27657  0.50    4517    1249    3892    12145   2.69
  1971          94     0.34713  0.29579  0.50    3268     966    2784     8253   2.53
  1971          95     0.37425  0.31526  0.50    2301     725    1938     5468   2.38
  1971          96     0.40218  0.33484  0.50    1576     528    1312     3530   2.24
  1971          97     0.43075  0.35442  0.50    1048     371     862     2218   2.12
  1971          98     0.45978  0.37384  0.50     677     253     550     1356   2.00
  1971          99     0.48908  0.39298  0.50     424     166     340      806   1.90
  1971         100     0.51844  0.41172  0.50     257     106     204      465   1.81
  1971         101     0.54764  0.42992  0.50     151      65     119      261   1.73
  1971         102     0.57648  0.44749  0.50      86      39      67      142   1.65
  1971         103     0.60475  0.46434  0.50      48      22      37       75   1.58
  1971         104     0.63228  0.48041  0.50      26      12      19       39   1.52
  1971         105     0.65894  0.49564  0.50      13       7      10       19   1.47
  1971         106     0.68466  0.51005  0.50       7       3       5        9   1.42
  1971         107     0.70946  0.52369  0.50       3       2       2        4   1.37
  1971         108     0.73349  0.53667  0.50       2       1       1        2   1.33
  1971         109     0.75696  0.54913  0.50       1       0       1        1   1.30
  1971         110+    0.79104  1.00000  1.26       0       0       0        0   1.26
  1972           0     0.00949  0.00942  0.16  100000     942   99211  7617213  76.17
  1972           1     0.00094  0.00094  0.50   99058      93   99011  7518002  75.89
  1972           2     0.00082  0.00082  0.50   98965      81   98924  7418991  74.97
  1972           3     0.00070  0.00070  0.50   98884      69   98849  7320066  74.03
  1972           4     0.00057  0.00057  0.50   98815      57   98787  7221217  73.08
  1972           5     0.00045  0.00045  0.50   98758      45   98736  7122430  72.12
  1972           6     0.00034  0.00034  0.50   98714      34   98697  7023694  71.15
  1972           7     0.00027  0.00027  0.50   98680      26   98667  6924998  70.18
  1972           8     0.00023  0.00023  0.50   98654      22   98642  6826331  69.20
  1972           9     0.00021  0.00021  0.50   98631      21   98621  6727688  68.21
  1972          10     0.00023  0.00023  0.50   98610      23   98599  6629068  67.23
  1972          11     0.00025  0.00025  0.50   98588      25   98575  6530469  66.24
  1972          12     0.00026  0.00026  0.50   98563      25   98550  6431894  65.26
  1972          13     0.00026  0.00026  0.50   98537      25   98525  6333344  64.27
  1972          14     0.00028  0.00028  0.50   98512      27   98499  6234819  63.29
  1972          15     0.00035  0.00035  0.50   98485      34   98468  6136320  62.31
  1972          16     0.00045  0.00045  0.50   98451      44   98429  6037852  61.33
  1972          17     0.00055  0.00055  0.50   98407      55   98379  5939423  60.36
  1972          18     0.00063  0.00063  0.50   98352      62   98321  5841044  59.39
  1972          19     0.00064  0.00064  0.50   98291      63   98259  5742722  58.43
  1972          20     0.00064  0.00064  0.50   98227      62   98196  5644463  57.46
  1972          21     0.00063  0.00063  0.50   98165      61   98134  5546267  56.50
  1972          22     0.00063  0.00063  0.50   98103      62   98073  5448133  55.53
  1972          23     0.00065  0.00065  0.50   98042      64   98010  5350061  54.57
  1972          24     0.00068  0.00068  0.50   97978      67   97945  5252051  53.60
  1972          25     0.00073  0.00073  0.50   97911      71   97876  5154106  52.64
  1972          26     0.00077  0.00077  0.50   97840      75   97803  5056230  51.68
  1972          27     0.00079  0.00079  0.50   97765      77   97726  4958428  50.72
  1972          28     0.00081  0.00081  0.50   97688      80   97648  4860701  49.76
  1972          29     0.00086  0.00086  0.50   97608      84   97566  4763053  48.80
  1972          30     0.00091  0.00091  0.50   97524      88   97480  4665487  47.84
  1972          31     0.00096  0.00096  0.50   97436      94   97389  4568007  46.88
  1972          32     0.00105  0.00105  0.50   97342     102   97291  4470617  45.93
  1972          33     0.00117  0.00117  0.50   97240     113   97183  4373326  44.97
  1972          34     0.00128  0.00128  0.50   97126     124   97064  4276143  44.03
  1972          35     0.00134  0.00134  0.50   97002     130   96937  4179079  43.08
  1972          36     0.00130  0.00130  0.50   96872     126   96810  4082142  42.14
  1972          37     0.00117  0.00117  0.50   96747     114   96690  3985332  41.19
  1972          38     0.00104  0.00103  0.50   96633     100   96583  3888642  40.24
  1972          39     0.00095  0.00095  0.50   96533      91   96488  3792059  39.28
  1972          40     0.00095  0.00095  0.50   96442      92   96396  3695571  38.32
  1972          41     0.00108  0.00108  0.50   96350     104   96298  3599175  37.36
  1972          42     0.00132  0.00132  0.50   96246     127   96182  3502877  36.40
  1972          43     0.00160  0.00160  0.50   96119     154   96042  3406694  35.44
  1972          44     0.00191  0.00190  0.50   95965     183   95874  3310652  34.50
  1972          45     0.00222  0.00221  0.50   95782     212   95676  3214779  33.56
  1972          46     0.00255  0.00254  0.50   95570     243   95449  3119102  32.64
  1972          47     0.00289  0.00289  0.50   95327     275   95189  3023654  31.72
  1972          48     0.00326  0.00325  0.50   95052     309   94897  2928464  30.81
  1972          49     0.00364  0.00363  0.50   94743     344   94571  2833567  29.91
  1972          50     0.00398  0.00398  0.50   94399     375   94211  2738996  29.02
  1972          51     0.00427  0.00426  0.50   94023     401   93823  2644785  28.13
  1972          52     0.00452  0.00451  0.50   93623     423   93411  2550962  27.25
  1972          53     0.00481  0.00480  0.50   93200     447   92976  2457551  26.37
  1972          54     0.00522  0.00520  0.50   92753     483   92512  2364575  25.49
  1972          55     0.00570  0.00569  0.50   92270     525   92008  2272063  24.62
  1972          56     0.00620  0.00618  0.50   91745     567   91462  2180055  23.76
  1972          57     0.00669  0.00667  0.50   91178     608   90874  2088593  22.91
  1972          58     0.00715  0.00712  0.50   90570     645   90248  1997719  22.06
  1972          59     0.00759  0.00756  0.50   89925     680   89586  1907471  21.21
  1972          60     0.00818  0.00815  0.50   89246     727   88882  1817886  20.37
  1972          61     0.00910  0.00906  0.50   88518     802   88117  1729004  19.53
  1972          62     0.01037  0.01032  0.50   87717     905   87264  1640886  18.71
  1972          63     0.01198  0.01191  0.50   86812    1034   86295  1553622  17.90
  1972          64     0.01379  0.01370  0.50   85778    1175   85191  1467327  17.11
  1972          65     0.01567  0.01555  0.50   84603    1316   83945  1382137  16.34
  1972          66     0.01750  0.01735  0.50   83288    1445   82565  1298191  15.59
  1972          67     0.01926  0.01908  0.50   81842    1562   81061  1215626  14.85
  1972          68     0.02100  0.02078  0.50   80281    1669   79446  1134565  14.13
  1972          69     0.02302  0.02276  0.50   78612    1789   77717  1055119  13.42
  1972          70     0.02561  0.02529  0.50   76823    1943   75852   977401  12.72
  1972          71     0.02877  0.02836  0.50   74880    2124   73819   901549  12.04
  1972          72     0.03242  0.03190  0.50   72757    2321   71596   827731  11.38
  1972          73     0.03654  0.03588  0.50   70436    2528   69172   756135  10.74
  1972          74     0.04128  0.04045  0.50   67908    2747   66535   686963  10.12
  1972          75     0.04668  0.04561  0.50   65161    2972   63675   620428   9.52
  1972          76     0.05218  0.05085  0.50   62189    3163   60608   556753   8.95
  1972          77     0.05774  0.05612  0.50   59027    3313   57370   496145   8.41
  1972          78     0.06361  0.06165  0.50   55714    3435   53997   438775   7.88
  1972          79     0.07059  0.06818  0.50   52279    3564   50497   384778   7.36
  1972          80     0.07940  0.07637  0.50   48715    3720   46855   334281   6.86
  1972          81     0.08984  0.08598  0.50   44994    3869   43060   287427   6.39
  1972          82     0.10152  0.09661  0.50   41126    3973   39139   244367   5.94
  1972          83     0.11434  0.10816  0.50   37153    4018   35143   205228   5.52
  1972          84     0.12836  0.12062  0.50   33134    3997   31136   170084   5.13
  1972          85     0.14363  0.13401  0.50   29138    3905   27185   138948   4.77
  1972          86     0.16026  0.14837  0.50   25233    3744   23361   111763   4.43
  1972          87     0.17835  0.16375  0.50   21489    3519   19730    88402   4.11
  1972          88     0.19797  0.18014  0.50   17970    3237   16352    68672   3.82
  1972          89     0.21917  0.19752  0.50   14733    2910   13278    52320   3.55
  1972          90     0.24195  0.21584  0.50   11823    2552   10547    39042   3.30
  1972          91     0.26629  0.23500  0.50    9271    2179    8182    28495   3.07
  1972          92     0.29213  0.25490  0.50    7092    1808    6189    20313   2.86
  1972          93     0.31939  0.27541  0.50    5285    1455    4557    14125   2.67
  1972          94     0.34793  0.29637  0.50    3829    1135    3262     9568   2.50
  1972          95     0.37761  0.31764  0.50    2694     856    2266     6306   2.34
  1972          96     0.40823  0.33903  0.50    1838     623    1527     4040   2.20
  1972          97     0.43957  0.36037  0.50    1215     438     996     2513   2.07
  1972          98     0.47140  0.38149  0.50     777     297     629     1517   1.95
  1972          99     0.50347  0.40222  0.50     481     193     384      888   1.85
  1972         100     0.53550  0.42240  0.50     287     121     227      504   1.75
  1972         101     0.56722  0.44190  0.50     166      73     129      277   1.67
  1972         102     0.59837  0.46057  0.50      93      43      71      148   1.59
  1972         103     0.62870  0.47834  0.50      50      24      38       76   1.53
  1972         104     0.65798  0.49510  0.50      26      13      20       38   1.47
  1972         105     0.68604  0.51082  0.50      13       7      10       19   1.41
  1972         106     0.71278  0.52550  0.50       6       3       5        9   1.36
  1972         107     0.73821  0.53919  0.50       3       2       2        4   1.32
  1972         108     0.76253  0.55205  0.50       1       1       1        2   1.28
  1972         109     0.78603  0.56427  0.50       1       0       0        1   1.25
  1972         110+    0.81887  1.00000  1.22       0       0       0        0   1.22
  1973           0     0.00972  0.00964  0.16  100000     964   99193  7656642  76.57
  1973           1     0.00187  0.00187  0.50   99036     185   98944  7557449  76.31
  1973           2     0.00090  0.00090  0.50   98851      89   98807  7458505  75.45
  1973           3     0.00045  0.00045  0.50   98763      45   98740  7359699  74.52
  1973           4     0.00039  0.00039  0.50   98718      38   98699  7260958  73.55
  1973           5     0.00043  0.00043  0.50   98680      43   98658  7162260  72.58
  1973           6     0.00040  0.00040  0.50   98637      40   98617  7063601  71.61
  1973           7     0.00023  0.00023  0.50   98598      22   98586  6964984  70.64
  1973           8     0.00015  0.00015  0.50   98575      15   98568  6866397  69.66
  1973           9     0.00012  0.00012  0.50   98560      12   98554  6767830  68.67
  1973          10     0.00005  0.00005  0.50   98548       5   98546  6669275  67.68
  1973          11     0.00000  0.00000  0.50   98544       0   98544  6570729  66.68
  1973          12     0.00001  0.00001  0.50   98544       1   98543  6472185  65.68
  1973          13     0.00027  0.00027  0.50   98543      27   98530  6373642  64.68
  1973          14     0.00046  0.00046  0.50   98516      45   98493  6275112  63.70
  1973          15     0.00032  0.00032  0.50   98471      31   98455  6176619  62.73
  1973          16     0.00014  0.00014  0.50   98440      14   98432  6078163  61.75
  1973          17     0.00026  0.00026  0.50   98425      26   98413  5979731  60.75
  1973          18     0.00045  0.00045  0.50   98400      44   98378  5881318  59.77
  1973          19     0.00046  0.00046  0.50   98356      45   98333  5782941  58.80
  1973          20     0.00038  0.00038  0.50   98311      37   98292  5684608  57.82
  1973          21     0.00043  0.00043  0.50   98273      42   98253  5586315  56.84
  1973          22     0.00072  0.00072  0.50   98232      71   98196  5488063  55.87
  1973          23     0.00097  0.00097  0.50   98161      95   98114  5389867  54.91
  1973          24     0.00092  0.00092  0.50   98066      90   98021  5291753  53.96
  1973          25     0.00074  0.00074  0.50   97976      73   97940  5193732  53.01
  1973          26     0.00067  0.00067  0.50   97904      66   97871  5095792  52.05
  1973          27     0.00085  0.00085  0.50   97838      84   97796  4997922  51.08
  1973          28     0.00115  0.00115  0.50   97754     113   97698  4900126  50.13
  1973          29     0.00131  0.00131  0.50   97642     128   97577  4802428  49.18
  1973          30     0.00103  0.00103  0.50   97513     101   97463  4704850  48.25
  1973          31     0.00068  0.00068  0.50   97412      66   97379  4607388  47.30
  1973          32     0.00068  0.00068  0.50   97346      66   97313  4510008  46.33
  1973          33     0.00089  0.00089  0.50   97280      86   97237  4412695  45.36
  1973          34     0.00105  0.00105  0.50   97194     102   97142  4315459  44.40
  1973          35     0.00110  0.00110  0.50   97091     106   97038  4218316  43.45
  1973          36     0.00096  0.00096  0.50   96985      93   96938  4121278  42.49
  1973          37     0.00069  0.00069  0.50   96892      66   96858  4024340  41.53
  1973          38     0.00080  0.00080  0.50   96825      77   96787  3927482  40.56
  1973          39     0.00161  0.00161  0.50   96748     156   96670  3830695  39.59
  1973          40     0.00215  0.00215  0.50   96592     208   96488  3734025  38.66
  1973          41     0.00164  0.00164  0.50   96384     158   96305  3637537  37.74
  1973          42     0.00113  0.00113  0.50   96226     109   96172  3541231  36.80
  1973          43     0.00102  0.00101  0.50   96117      98   96069  3445059  35.84
  1973          44     0.00133  0.00133  0.50   96020     127   95956  3348991  34.88
  1973          45     0.00190  0.00189  0.50   95893     182   95802  3253034  33.92
  1973          46     0.00250  0.00250  0.50   95711     239   95591  3157233  32.99
  1973          47     0.00294  0.00294  0.50   95472     280   95332  3061641  32.07
  1973          48     0.00302  0.00302  0.50   95191     287   95048  2966310  31.16
  1973          49     0.00269  0.00269  0.50   94904     255   94777  2871262  30.25
  1973          50     0.00253  0.00252  0.50   94649     239   94530  2776485  29.33
  1973          51     0.00299  0.00298  0.50   94410     282   94269  2681956  28.41
  1973          52     0.00353  0.00352  0.50   94129     331   93963  2587686  27.49
  1973          53     0.00359  0.00359  0.50   93797     336   93629  2493723  26.59
  1973          54     0.00366  0.00365  0.50   93461     341   93290  2400094  25.68
  1973          55     0.00428  0.00427  0.50   93120     398   92921  2306804  24.77
  1973          56     0.00563  0.00562  0.50   92722     521   92462  2213883  23.88
  1973          57     0.00663  0.00661  0.50   92201     609   91897  2121421  23.01
  1973          58     0.00630  0.00628  0.50   91592     575   91304  2029525  22.16
  1973          59     0.00546  0.00544  0.50   91017     495   90769  1938220  21.30
  1973          60     0.00577  0.00575  0.50   90522     520   90261  1847451  20.41
  1973          61     0.00832  0.00829  0.50   90001     746   89628  1757190  19.52
  1973          62     0.01157  0.01151  0.50   89255    1027   88741  1667562  18.68
  1973          63     0.01373  0.01363  0.50   88228    1203   87626  1578820  17.89
  1973          64     0.01470  0.01459  0.50   87025    1270   86390  1491194  17.14
  1973          65     0.01482  0.01471  0.50   85755    1261   85125  1404804  16.38
  1973          66     0.01466  0.01455  0.50   84494    1230   83879  1319679  15.62
  1973          67     0.01588  0.01575  0.50   83264    1311   82609  1235800  14.84
  1973          68     0.01956  0.01937  0.50   81953    1587   81159  1153191  14.07
  1973          69     0.02353  0.02326  0.50   80366    1869   79431  1072032  13.34
  1973          70     0.02539  0.02507  0.50   78496    1968   77512   992601  12.65
  1973          71     0.02555  0.02523  0.50   76529    1931   75563   915089  11.96
  1973          72     0.02756  0.02718  0.50   74598    2028   73584   839525  11.25
  1973          73     0.03403  0.03347  0.50   72570    2429   71356   765941  10.55
  1973          74     0.04144  0.04060  0.50   70142    2848   68718   694585   9.90
  1973          75     0.04557  0.04455  0.50   67294    2998   65795   625868   9.30
  1973          76     0.04699  0.04591  0.50   64296    2952   62820   560073   8.71
  1973          77     0.05221  0.05088  0.50   61344    3121   59783   497253   8.11
  1973          78     0.06582  0.06373  0.50   58223    3710   56368   437469   7.51
  1973          79     0.07990  0.07683  0.50   54512    4188   52418   381102   6.99
  1973          80     0.08693  0.08331  0.50   50324    4192   48228   328683   6.53
  1973          81     0.09355  0.08937  0.50   46132    4123   44070   280456   6.08
  1973          82     0.10660  0.10121  0.50   42009    4252   39883   236386   5.63
  1973          83     0.12133  0.11439  0.50   37757    4319   35597   196503   5.20
  1973          84     0.13699  0.12821  0.50   33438    4287   31294   160905   4.81
  1973          85     0.15452  0.14344  0.50   29151    4181   27060   129611   4.45
  1973          86     0.17392  0.16001  0.50   24970    3995   22972   102551   4.11
  1973          87     0.19508  0.17774  0.50   20974    3728   19110    79579   3.79
  1973          88     0.21816  0.19670  0.50   17246    3392   15550    60468   3.51
  1973          89     0.24316  0.21680  0.50   13854    3004   12352    44918   3.24
  1973          90     0.27004  0.23791  0.50   10850    2581    9560    32566   3.00
  1973          91     0.29870  0.25988  0.50    8269    2149    7194    23007   2.78
  1973          92     0.32904  0.28255  0.50    6120    1729    5255    15812   2.58
  1973          93     0.36088  0.30571  0.50    4391    1342    3720    10557   2.40
  1973          94     0.39398  0.32914  0.50    3048    1003    2547     6837   2.24
  1973          95     0.42809  0.35261  0.50    2045     721    1685     4290   2.10
  1973          96     0.46289  0.37589  0.50    1324     498    1075     2606   1.97
  1973          97     0.49806  0.39876  0.50     826     329     662     1531   1.85
  1973          98     0.53325  0.42100  0.50     497     209     392      869   1.75
  1973          99     0.56812  0.44244  0.50     288     127     224      477   1.66
  1973         100     0.60232  0.46291  0.50     160      74     123      253   1.58
  1973         101     0.63555  0.48229  0.50      86      42      65      130   1.51
  1973         102     0.66753  0.50049  0.50      45      22      33       64   1.44
  1973         103     0.69805  0.51745  0.50      22      12      17       31   1.39
  1973         104     0.72691  0.53314  0.50      11       6       8       14   1.34
  1973         105     0.75397  0.54755  0.50       5       3       4        6   1.30
  1973         106     0.77918  0.56073  0.50       2       1       2        3   1.26
  1973         107     0.80250  0.57270  0.50       1       1       1        1   1.22
  1973         108     0.82384  0.58349  0.50       0       0       0        1   1.20
  1973         109     0.84324  0.59315  0.50       0       0       0        0   1.17
  1973         110+    0.87067  1.00000  1.15       0       0       0        0   1.15
  1974           0     0.00622  0.00619  0.16  100000     619   99481  7689217  76.89
  1974           1     0.00161  0.00161  0.50   99381     160   99301  7589736  76.37
  1974           2     0.00118  0.00118  0.50   99221     117   99163  7490435  75.49
  1974           3     0.00083  0.00083  0.50   99104      82   99063  7391273  74.58
  1974           4     0.00057  0.00057  0.50   99022      56   98994  7292210  73.64
  1974           5     0.00038  0.00038  0.50   98965      38   98946  7193216  72.68
  1974           6     0.00028  0.00028  0.50   98927      27   98914  7094270  71.71
  1974           7     0.00025  0.00025  0.50   98900      24   98888  6995356  70.73
  1974           8     0.00024  0.00024  0.50   98875      23   98864  6896468  69.75
  1974           9     0.00022  0.00022  0.50   98852      22   98841  6797605  68.77
  1974          10     0.00021  0.00021  0.50   98830      20   98820  6698764  67.78
  1974          11     0.00018  0.00018  0.50   98809      18   98801  6599944  66.79
  1974          12     0.00016  0.00016  0.50   98792      16   98784  6501143  65.81
  1974          13     0.00020  0.00020  0.50   98776      19   98766  6402360  64.82
  1974          14     0.00028  0.00028  0.50   98756      27   98743  6303594  63.83
  1974          15     0.00037  0.00037  0.50   98729      37   98711  6204851  62.85
  1974          16     0.00045  0.00045  0.50   98692      44   98670  6106140  61.87
  1974          17     0.00049  0.00049  0.50   98648      48   98624  6007470  60.90
  1974          18     0.00051  0.00051  0.50   98600      51   98574  5908846  59.93
  1974          19     0.00054  0.00054  0.50   98549      53   98522  5810272  58.96
  1974          20     0.00057  0.00057  0.50   98496      56   98467  5711750  57.99
  1974          21     0.00061  0.00061  0.50   98439      60   98409  5613282  57.02
  1974          22     0.00069  0.00069  0.50   98379      68   98345  5514873  56.06
  1974          23     0.00078  0.00078  0.50   98311      76   98273  5416528  55.10
  1974          24     0.00083  0.00083  0.50   98235      81   98194  5318256  54.14
  1974          25     0.00084  0.00084  0.50   98153      83   98112  5220062  53.18
  1974          26     0.00079  0.00079  0.50   98070      78   98031  5121950  52.23
  1974          27     0.00068  0.00068  0.50   97993      67   97959  5023919  51.27
  1974          28     0.00056  0.00056  0.50   97926      55   97898  4925959  50.30
  1974          29     0.00052  0.00052  0.50   97871      51   97845  4828061  49.33
  1974          30     0.00057  0.00057  0.50   97819      55   97792  4730216  48.36
  1974          31     0.00066  0.00066  0.50   97764      64   97732  4632424  47.38
  1974          32     0.00078  0.00078  0.50   97700      76   97662  4534692  46.41
  1974          33     0.00095  0.00095  0.50   97624      93   97577  4437030  45.45
  1974          34     0.00118  0.00118  0.50   97531     115   97473  4339453  44.49
  1974          35     0.00138  0.00138  0.50   97415     135   97348  4241980  43.55
  1974          36     0.00147  0.00147  0.50   97281     143   97209  4144632  42.60
  1974          37     0.00153  0.00152  0.50   97138     148   97064  4047423  41.67
  1974          38     0.00156  0.00156  0.50   96990     151   96914  3950359  40.73
  1974          39     0.00159  0.00159  0.50   96838     154   96761  3853445  39.79
  1974          40     0.00166  0.00166  0.50   96684     161   96604  3756684  38.86
  1974          41     0.00179  0.00179  0.50   96523     173   96437  3660080  37.92
  1974          42     0.00188  0.00188  0.50   96351     181   96260  3563643  36.99
  1974          43     0.00194  0.00194  0.50   96170     187   96076  3467383  36.05
  1974          44     0.00203  0.00203  0.50   95983     195   95886  3371307  35.12
  1974          45     0.00213  0.00212  0.50   95788     203   95687  3275421  34.19
  1974          46     0.00222  0.00222  0.50   95585     212   95479  3179734  33.27
  1974          47     0.00237  0.00237  0.50   95373     226   95260  3084255  32.34
  1974          48     0.00260  0.00260  0.50   95147     247   95023  2988995  31.41
  1974          49     0.00289  0.00288  0.50   94900     273   94763  2893972  30.50
  1974          50     0.00322  0.00322  0.50   94626     304   94474  2799209  29.58
  1974          51     0.00359  0.00359  0.50   94322     338   94153  2704735  28.68
  1974          52     0.00392  0.00391  0.50   93984     368   93800  2610582  27.78
  1974          53     0.00416  0.00415  0.50   93616     388   93422  2516782  26.88
  1974          54     0.00435  0.00434  0.50   93228     405   93025  2423360  25.99
  1974          55     0.00456  0.00455  0.50   92823     422   92612  2330335  25.11
  1974          56     0.00484  0.00483  0.50   92400     447   92177  2237723  24.22
  1974          57     0.00531  0.00530  0.50   91954     487   91710  2145546  23.33
  1974          58     0.00602  0.00600  0.50   91467     549   91192  2053836  22.45
  1974          59     0.00677  0.00674  0.50   90918     613   90611  1962644  21.59
  1974          60     0.00756  0.00754  0.50   90305     680   89964  1872033  20.73
  1974          61     0.00846  0.00843  0.50   89624     755   89246  1782068  19.88
  1974          62     0.00943  0.00938  0.50   88869     834   88452  1692822  19.05
  1974          63     0.01044  0.01039  0.50   88035     914   87578  1604370  18.22
  1974          64     0.01166  0.01160  0.50   87120    1010   86615  1516793  17.41
  1974          65     0.01315  0.01307  0.50   86110    1125   85548  1430177  16.61
  1974          66     0.01448  0.01437  0.50   84985    1221   84374  1344630  15.82
  1974          67     0.01581  0.01568  0.50   83764    1314   83107  1260256  15.05
  1974          68     0.01754  0.01738  0.50   82450    1433   81733  1177149  14.28
  1974          69     0.02024  0.02004  0.50   81017    1623   80205  1095415  13.52
  1974          70     0.02427  0.02398  0.50   79394    1904   78442  1015210  12.79
  1974          71     0.02899  0.02858  0.50   77490    2214   76383   936769  12.09
  1974          72     0.03364  0.03309  0.50   75275    2491   74030   860386  11.43
  1974          73     0.03765  0.03695  0.50   72785    2690   71440   786356  10.80
  1974          74     0.04103  0.04021  0.50   70095    2818   68686   714916  10.20
  1974          75     0.04419  0.04324  0.50   67277    2909   65822   646230   9.61
  1974          76     0.04828  0.04714  0.50   64368    3034   62851   580407   9.02
  1974          77     0.05377  0.05236  0.50   61334    3211   59728   517557   8.44
  1974          78     0.06080  0.05900  0.50   58123    3429   56408   457828   7.88
  1974          79     0.06898  0.06668  0.50   54693    3647   52870   401420   7.34
  1974          80     0.07797  0.07505  0.50   51046    3831   49131   348551   6.83
  1974          81     0.08811  0.08440  0.50   47215    3985   45223   299420   6.34
  1974          82     0.09981  0.09507  0.50   43231    4110   41176   254197   5.88
  1974          83     0.11305  0.10700  0.50   39121    4186   37028   213021   5.45
  1974          84     0.12788  0.12019  0.50   34935    4199   32835   175994   5.04
  1974          85     0.14436  0.13464  0.50   30736    4138   28667   143158   4.66
  1974          86     0.16257  0.15035  0.50   26597    3999   24598   114492   4.30
  1974          87     0.18256  0.16729  0.50   22599    3781   20708    89894   3.98
  1974          88     0.20441  0.18545  0.50   18818    3490   17073    69186   3.68
  1974          89     0.22812  0.20477  0.50   15328    3139   13759    52112   3.40
  1974          90     0.25371  0.22515  0.50   12190    2744   10817    38354   3.15
  1974          91     0.28112  0.24648  0.50    9445    2328    8281    27536   2.92
  1974          92     0.31025  0.26859  0.50    7117    1912    6161    19255   2.71
  1974          93     0.34097  0.29131  0.50    5205    1516    4447    13094   2.52
  1974          94     0.37308  0.31442  0.50    3689    1160    3109     8647   2.34
  1974          95     0.40634  0.33772  0.50    2529     854    2102     5538   2.19
  1974          96     0.44048  0.36098  0.50    1675     605    1373     3435   2.05
  1974          97     0.47519  0.38396  0.50    1070     411     865     2063   1.93
  1974          98     0.51014  0.40646  0.50     659     268     525     1198   1.82
  1974          99     0.54499  0.42829  0.50     391     168     308      673   1.72
  1974         100     0.57942  0.44926  0.50     224     101     173      365   1.63
  1974         101     0.61309  0.46925  0.50     123      58      94      191   1.55
  1974         102     0.64572  0.48812  0.50      65      32      49       97   1.49
  1974         103     0.67704  0.50581  0.50      33      17      25       48   1.43
  1974         104     0.70682  0.52225  0.50      17       9      12       23   1.37
  1974         105     0.73486  0.53740  0.50       8       4       6       10   1.33
  1974         106     0.76105  0.55127  0.50       4       2       3        5   1.28
  1974         107     0.78534  0.56391  0.50       2       1       1        2   1.25
  1974         108     0.80795  0.57548  0.50       1       0       1        1   1.22
  1974         109     0.82925  0.58620  0.50       0       0       0        0   1.19
  1974         110+    0.85860  1.00000  1.16       0       0       0        0   1.16
  1975           0     0.00806  0.00801  0.16  100000     801   99328  7716273  77.16
  1975           1     0.00158  0.00158  0.50   99199     157   99121  7616945  76.78
  1975           2     0.00130  0.00130  0.50   99042     129   98978  7517824  75.91
  1975           3     0.00104  0.00104  0.50   98914     103   98862  7418846  75.00
  1975           4     0.00081  0.00081  0.50   98811      80   98771  7319984  74.08
  1975           5     0.00061  0.00061  0.50   98730      60   98700  7221214  73.14
  1975           6     0.00045  0.00045  0.50   98670      44   98648  7122513  72.18
  1975           7     0.00033  0.00033  0.50   98626      32   98610  7023865  71.22
  1975           8     0.00026  0.00026  0.50   98594      25   98582  6925255  70.24
  1975           9     0.00022  0.00022  0.50   98569      22   98558  6826673  69.26
  1975          10     0.00021  0.00021  0.50   98547      21   98537  6728115  68.27
  1975          11     0.00021  0.00021  0.50   98526      21   98516  6629579  67.29
  1975          12     0.00022  0.00022  0.50   98505      22   98494  6531063  66.30
  1975          13     0.00023  0.00023  0.50   98483      23   98472  6432569  65.32
  1975          14     0.00024  0.00024  0.50   98460      24   98448  6334097  64.33
  1975          15     0.00026  0.00026  0.50   98436      26   98423  6235649  63.35
  1975          16     0.00029  0.00029  0.50   98411      29   98396  6137225  62.36
  1975          17     0.00035  0.00035  0.50   98382      34   98365  6038829  61.38
  1975          18     0.00041  0.00041  0.50   98347      41   98327  5940465  60.40
  1975          19     0.00047  0.00047  0.50   98307      46   98284  5842138  59.43
  1975          20     0.00052  0.00052  0.50   98260      51   98235  5743854  58.46
  1975          21     0.00056  0.00056  0.50   98209      55   98182  5645619  57.49
  1975          22     0.00058  0.00058  0.50   98154      57   98126  5547437  56.52
  1975          23     0.00059  0.00059  0.50   98097      57   98068  5449312  55.55
  1975          24     0.00057  0.00057  0.50   98040      56   98012  5351243  54.58
  1975          25     0.00056  0.00056  0.50   97983      55   97956  5253232  53.61
  1975          26     0.00058  0.00058  0.50   97928      56   97900  5155276  52.64
  1975          27     0.00062  0.00062  0.50   97872      61   97841  5057376  51.67
  1975          28     0.00070  0.00070  0.50   97811      68   97777  4959535  50.71
  1975          29     0.00080  0.00080  0.50   97743      78   97703  4861758  49.74
  1975          30     0.00092  0.00092  0.50   97664      90   97619  4764055  48.78
  1975          31     0.00102  0.00102  0.50   97575     100   97525  4666435  47.82
  1975          32     0.00108  0.00108  0.50   97475     106   97422  4568911  46.87
  1975          33     0.00110  0.00110  0.50   97369     107   97316  4471489  45.92
  1975          34     0.00108  0.00108  0.50   97262     105   97210  4374173  44.97
  1975          35     0.00104  0.00104  0.50   97157     101   97107  4276963  44.02
  1975          36     0.00101  0.00101  0.50   97056      98   97007  4179857  43.07
  1975          37     0.00098  0.00098  0.50   96958      95   96911  4082849  42.11
  1975          38     0.00098  0.00098  0.50   96863      95   96815  3985939  41.15
  1975          39     0.00101  0.00101  0.50   96768      97   96719  3889124  40.19
  1975          40     0.00108  0.00108  0.50   96671     104   96618  3792404  39.23
  1975          41     0.00121  0.00121  0.50   96566     117   96508  3695786  38.27
  1975          42     0.00141  0.00141  0.50   96449     136   96381  3599278  37.32
  1975          43     0.00164  0.00164  0.50   96313     158   96235  3502897  36.37
  1975          44     0.00187  0.00187  0.50   96156     180   96066  3406662  35.43
  1975          45     0.00212  0.00212  0.50   95976     203   95874  3310597  34.49
  1975          46     0.00238  0.00237  0.50   95773     227   95659  3214723  33.57
  1975          47     0.00264  0.00263  0.50   95545     252   95420  3119064  32.64
  1975          48     0.00288  0.00287  0.50   95294     274   95157  3023644  31.73
  1975          49     0.00307  0.00307  0.50   95020     292   94874  2928487  30.82
  1975          50     0.00324  0.00323  0.50   94728     306   94575  2833613  29.91
  1975          51     0.00338  0.00337  0.50   94422     319   94263  2739038  29.01
  1975          52     0.00353  0.00352  0.50   94104     331   93938  2644775  28.10
  1975          53     0.00372  0.00371  0.50   93772     348   93598  2550837  27.20
  1975          54     0.00399  0.00398  0.50   93424     372   93238  2457239  26.30
  1975          55     0.00433  0.00432  0.50   93052     402   92851  2364001  25.41
  1975          56     0.00474  0.00473  0.50   92650     438   92431  2271150  24.51
  1975          57     0.00520  0.00519  0.50   92212     478   91973  2178719  23.63
  1975          58     0.00574  0.00572  0.50   91734     525   91471  2086746  22.75
  1975          59     0.00639  0.00637  0.50   91209     581   90918  1995274  21.88
  1975          60     0.00715  0.00712  0.50   90628     646   90305  1904356  21.01
  1975          61     0.00798  0.00795  0.50   89982     715   89625  1814051  20.16
  1975          62     0.00891  0.00887  0.50   89267     792   88871  1724426  19.32
  1975          63     0.00995  0.00990  0.50   88476     876   88038  1635555  18.49
  1975          64     0.01105  0.01099  0.50   87600     962   87119  1547517  17.67
  1975          65     0.01216  0.01209  0.50   86638    1048   86114  1460398  16.86
  1975          66     0.01338  0.01329  0.50   85590    1138   85021  1374284  16.06
  1975          67     0.01475  0.01464  0.50   84452    1237   83834  1289263  15.27
  1975          68     0.01633  0.01620  0.50   83216    1348   82542  1205429  14.49
  1975          69     0.01819  0.01802  0.50   81868    1475   81130  1122888  13.72
  1975          70     0.02042  0.02021  0.50   80392    1625   79580  1041758  12.96
  1975          71     0.02318  0.02291  0.50   78767    1805   77865   962178  12.22
  1975          72     0.02658  0.02623  0.50   76963    2019   75953   884313  11.49
  1975          73     0.03072  0.03026  0.50   74944    2268   73810   808360  10.79
  1975          74     0.03568  0.03506  0.50   72676    2548   71402   734550  10.11
  1975          75     0.04157  0.04072  0.50   70128    2856   68700   663148   9.46
  1975          76     0.04849  0.04734  0.50   67272    3185   65680   594448   8.84
  1975          77     0.05636  0.05482  0.50   64088    3513   62331   528767   8.25
  1975          78     0.06509  0.06304  0.50   60575    3818   58666   466436   7.70
  1975          79     0.07463  0.07195  0.50   56756    4083   54715   407771   7.18
  1975          80     0.08497  0.08151  0.50   52673    4293   50526   353056   6.70
  1975          81     0.09603  0.09163  0.50   48380    4433   46163   302530   6.25
  1975          82     0.10780  0.10229  0.50   43947    4495   41699   256366   5.83
  1975          83     0.12041  0.11357  0.50   39451    4480   37211   214667   5.44
  1975          84     0.13399  0.12558  0.50   34971    4391   32775   177456   5.07
  1975          85     0.14867  0.13839  0.50   30579    4232   28464   144681   4.73
  1975          86     0.16457  0.15206  0.50   26348    4006   24344   116217   4.41
  1975          87     0.18177  0.16663  0.50   22341    3723   20480    91873   4.11
  1975          88     0.20033  0.18209  0.50   18619    3390   16923    71393   3.83
  1975          89     0.22029  0.19843  0.50   15228    3022   13717    54470   3.58
  1975          90     0.24164  0.21559  0.50   12206    2632   10891    40752   3.34
  1975          91     0.26437  0.23351  0.50    9575    2236    8457    29862   3.12
  1975          92     0.28843  0.25208  0.50    7339    1850    6414    21405   2.92
  1975          93     0.31374  0.27120  0.50    5489    1489    4745    14991   2.73
  1975          94     0.34021  0.29075  0.50    4000    1163    3419    10246   2.56
  1975          95     0.36770  0.31060  0.50    2837     881    2397     6827   2.41
  1975          96     0.39607  0.33060  0.50    1956     647    1633     4430   2.26
  1975          97     0.42514  0.35061  0.50    1309     459    1080     2798   2.14
  1975          98     0.45471  0.37048  0.50     850     315     693     1718   2.02
  1975          99     0.48457  0.39006  0.50     535     209     431     1025   1.91
  1975         100     0.51451  0.40923  0.50     326     134     260      594   1.82
  1975         101     0.54429  0.42785  0.50     193      83     152      334   1.73
  1975         102     0.57369  0.44581  0.50     110      49      86      183   1.66
  1975         103     0.60253  0.46304  0.50      61      28      47       97   1.59
  1975         104     0.63064  0.47946  0.50      33      16      25       50   1.52
  1975         105     0.65791  0.49506  0.50      17       8      13       25   1.47
  1975         106     0.68430  0.50985  0.50       9       4       6       12   1.42
  1975         107     0.70986  0.52391  0.50       4       2       3        6   1.37
  1975         108     0.73473  0.53733  0.50       2       1       1        3   1.33
  1975         109     0.75914  0.55027  0.50       1       1       1        1   1.29
  1975         110+    0.79292  1.00000  1.26       0       0       1        1   1.26
  1976           0     0.00603  0.00600  0.16  100000     600   99498  7781012  77.81
  1976           1     0.00112  0.00112  0.50   99400     111   99344  7681514  77.28
  1976           2     0.00095  0.00095  0.50   99289      95   99242  7582170  76.36
  1976           3     0.00077  0.00077  0.50   99194      76   99156  7482928  75.44
  1976           4     0.00059  0.00059  0.50   99118      58   99089  7383772  74.49
  1976           5     0.00046  0.00046  0.50   99060      45   99037  7284683  73.54
  1976           6     0.00037  0.00037  0.50   99015      36   98997  7185645  72.57
  1976           7     0.00030  0.00030  0.50   98978      30   98964  7086649  71.60
  1976           8     0.00024  0.00024  0.50   98949      24   98937  6987685  70.62
  1976           9     0.00020  0.00020  0.50   98925      20   98915  6888749  69.64
  1976          10     0.00017  0.00017  0.50   98905      17   98896  6789834  68.65
  1976          11     0.00018  0.00018  0.50   98888      18   98879  6690938  67.66
  1976          12     0.00022  0.00022  0.50   98870      21   98859  6592059  66.67
  1976          13     0.00027  0.00027  0.50   98849      27   98835  6493199  65.69
  1976          14     0.00032  0.00032  0.50   98822      31   98806  6394364  64.71
  1976          15     0.00033  0.00033  0.50   98790      33   98774  6295558  63.73
  1976          16     0.00032  0.00032  0.50   98758      32   98742  6196784  62.75
  1976          17     0.00032  0.00032  0.50   98726      32   98710  6098042  61.77
  1976          18     0.00036  0.00036  0.50   98694      36   98676  5999332  60.79
  1976          19     0.00047  0.00047  0.50   98658      46   98635  5900656  59.81
  1976          20     0.00060  0.00060  0.50   98612      59   98583  5802021  58.84
  1976          21     0.00074  0.00074  0.50   98553      73   98516  5703438  57.87
  1976          22     0.00087  0.00087  0.50   98480      86   98437  5604922  56.91
  1976          23     0.00095  0.00095  0.50   98394      93   98347  5506486  55.96
  1976          24     0.00093  0.00093  0.50   98300      91   98255  5408139  55.02
  1976          25     0.00084  0.00084  0.50   98209      82   98168  5309884  54.07
  1976          26     0.00073  0.00073  0.50   98127      72   98091  5211716  53.11
  1976          27     0.00064  0.00064  0.50   98055      62   98024  5113625  52.15
  1976          28     0.00055  0.00055  0.50   97993      53   97966  5015601  51.18
  1976          29     0.00045  0.00045  0.50   97939      44   97917  4917635  50.21
  1976          30     0.00038  0.00038  0.50   97895      38   97876  4819718  49.23
  1976          31     0.00034  0.00034  0.50   97858      34   97841  4721841  48.25
  1976          32     0.00032  0.00032  0.50   97824      32   97808  4624001  47.27
  1976          33     0.00032  0.00032  0.50   97793      32   97777  4526192  46.28
  1976          34     0.00035  0.00035  0.50   97761      34   97744  4428415  45.30
  1976          35     0.00041  0.00041  0.50   97727      40   97707  4330672  44.31
  1976          36     0.00052  0.00052  0.50   97686      50   97661  4232965  43.33
  1976          37     0.00065  0.00065  0.50   97636      63   97604  4135304  42.35
  1976          38     0.00080  0.00080  0.50   97573      78   97534  4037699  41.38
  1976          39     0.00096  0.00096  0.50   97494      93   97448  3940166  40.41
  1976          40     0.00112  0.00112  0.50   97401     109   97347  3842718  39.45
  1976          41     0.00129  0.00129  0.50   97292     125   97230  3745371  38.50
  1976          42     0.00145  0.00145  0.50   97167     141   97097  3648142  37.55
  1976          43     0.00160  0.00159  0.50   97026     155   96949  3551045  36.60
  1976          44     0.00172  0.00172  0.50   96872     167   96788  3454096  35.66
  1976          45     0.00184  0.00184  0.50   96705     178   96616  3357307  34.72
  1976          46     0.00196  0.00196  0.50   96527     189   96432  3260691  33.78
  1976          47     0.00208  0.00208  0.50   96338     200   96238  3164259  32.85
  1976          48     0.00224  0.00224  0.50   96138     215   96030  3068021  31.91
  1976          49     0.00252  0.00252  0.50   95922     241   95802  2971991  30.98
  1976          50     0.00287  0.00287  0.50   95681     274   95544  2876189  30.06
  1976          51     0.00323  0.00323  0.50   95407     308   95253  2780646  29.15
  1976          52     0.00352  0.00351  0.50   95099     334   94931  2685393  28.24
  1976          53     0.00367  0.00366  0.50   94764     347   94591  2590462  27.34
  1976          54     0.00377  0.00377  0.50   94418     355   94240  2495870  26.43
  1976          55     0.00401  0.00400  0.50   94062     376   93874  2401631  25.53
  1976          56     0.00451  0.00450  0.50   93686     422   93475  2307757  24.63
  1976          57     0.00520  0.00519  0.50   93264     484   93022  2214282  23.74
  1976          58     0.00595  0.00593  0.50   92780     550   92505  2121260  22.86
  1976          59     0.00666  0.00664  0.50   92230     612   91924  2028755  22.00
  1976          60     0.00733  0.00730  0.50   91618     669   91283  1936831  21.14
  1976          61     0.00797  0.00794  0.50   90949     722   90588  1845547  20.29
  1976          62     0.00860  0.00856  0.50   90227     772   89841  1754959  19.45
  1976          63     0.00924  0.00920  0.50   89455     823   89043  1665118  18.61
  1976          64     0.01004  0.00999  0.50   88632     886   88189  1576075  17.78
  1976          65     0.01109  0.01103  0.50   87746     968   87262  1487886  16.96
  1976          66     0.01232  0.01225  0.50   86778    1063   86247  1400624  16.14
  1976          67     0.01394  0.01385  0.50   85715    1187   85122  1314378  15.33
  1976          68     0.01614  0.01601  0.50   84528    1353   83852  1229256  14.54
  1976          69     0.01874  0.01857  0.50   83175    1544   82403  1145405  13.77
  1976          70     0.02157  0.02134  0.50   81631    1742   80760  1063002  13.02
  1976          71     0.02478  0.02448  0.50   79889    1956   78911   982242  12.30
  1976          72     0.02858  0.02818  0.50   77933    2196   76835   903332  11.59
  1976          73     0.03311  0.03257  0.50   75737    2467   74503   826497  10.91
  1976          74     0.03825  0.03753  0.50   73270    2750   71894   751994  10.26
  1976          75     0.04384  0.04290  0.50   70519    3025   69007   680099   9.64
  1976          76     0.04979  0.04858  0.50   67494    3279   65855   611093   9.05
  1976          77     0.05584  0.05432  0.50   64215    3488   62471   545238   8.49
  1976          78     0.06192  0.06006  0.50   60727    3647   58903   482767   7.95
  1976          79     0.06893  0.06663  0.50   57080    3803   55178   423864   7.43
  1976          80     0.07774  0.07483  0.50   53277    3987   51283   368685   6.92
  1976          81     0.08812  0.08440  0.50   49290    4160   47210   317402   6.44
  1976          82     0.09968  0.09495  0.50   45130    4285   42987   270192   5.99
  1976          83     0.11239  0.10641  0.50   40845    4346   38672   227205   5.56
  1976          84     0.12634  0.11883  0.50   36498    4337   34330   188533   5.17
  1976          85     0.14160  0.13224  0.50   32161    4253   30035   154204   4.79
  1976          86     0.15829  0.14668  0.50   27908    4094   25861   124169   4.45
  1976          87     0.17653  0.16221  0.50   23815    3863   21883    98307   4.13
  1976          88     0.19636  0.17881  0.50   19952    3567   18168    76424   3.83
  1976          89     0.21784  0.19644  0.50   16384    3219   14775    58256   3.56
  1976          90     0.24096  0.21505  0.50   13166    2831   11750    43482   3.30
  1976          91     0.26571  0.23455  0.50   10334    2424    9122    31732   3.07
  1976          92     0.29201  0.25481  0.50    7910    2016    6903    22609   2.86
  1976          93     0.31979  0.27571  0.50    5895    1625    5082    15707   2.66
  1976          94     0.34889  0.29707  0.50    4270    1268    3635    10624   2.49
  1976          95     0.37917  0.31874  0.50    3001     957    2523     6989   2.33
  1976          96     0.41041  0.34053  0.50    2045     696    1696     4466   2.18
  1976          97     0.44239  0.36226  0.50    1348     488    1104     2770   2.05
  1976          98     0.47485  0.38374  0.50     860     330     695     1666   1.94
  1976          99     0.50753  0.40480  0.50     530     215     423      971   1.83
  1976         100     0.54014  0.42529  0.50     315     134     248      548   1.74
  1976         101     0.57242  0.44504  0.50     181      81     141      300   1.65
  1976         102     0.60407  0.46394  0.50     101      47      77      159   1.58
  1976         103     0.63485  0.48189  0.50      54      26      41       81   1.51
  1976         104     0.66451  0.49879  0.50      28      14      21       41   1.45
  1976         105     0.69285  0.51459  0.50      14       7      10       20   1.40
  1976         106     0.71975  0.52928  0.50       7       4       5        9   1.35
  1976         107     0.74518  0.54290  0.50       3       2       2        4   1.31
  1976         108     0.76931  0.55560  0.50       1       1       1        2   1.27
  1976         109     0.79245  0.56757  0.50       1       0       0        1   1.24
  1976         110+    0.82524  1.00000  1.21       0       0       0        0   1.21
  1977           0     0.00727  0.00723  0.16  100000     723   99393  7795170  77.95
  1977           1     0.00068  0.00068  0.50   99277      67   99244  7695778  77.52
  1977           2     0.00047  0.00047  0.50   99210      47   99187  7596534  76.57
  1977           3     0.00037  0.00037  0.50   99163      36   99145  7497347  75.61
  1977           4     0.00033  0.00033  0.50   99127      33   99110  7398202  74.63
  1977           5     0.00031  0.00031  0.50   99094      31   99079  7299092  73.66
  1977           6     0.00028  0.00028  0.50   99063      28   99049  7200013  72.68
  1977           7     0.00025  0.00025  0.50   99035      24   99023  7100964  71.70
  1977           8     0.00021  0.00021  0.50   99011      21   99000  7001941  70.72
  1977           9     0.00017  0.00017  0.50   98990      17   98982  6902940  69.73
  1977          10     0.00014  0.00014  0.50   98973      14   98966  6803959  68.75
  1977          11     0.00015  0.00015  0.50   98959      15   98951  6704993  67.76
  1977          12     0.00021  0.00021  0.50   98944      20   98934  6606041  66.77
  1977          13     0.00026  0.00026  0.50   98924      26   98911  6507107  65.78
  1977          14     0.00030  0.00030  0.50   98898      30   98883  6408197  64.80
  1977          15     0.00033  0.00033  0.50   98868      33   98852  6309314  63.82
  1977          16     0.00036  0.00036  0.50   98835      35   98818  6210462  62.84
  1977          17     0.00038  0.00038  0.50   98800      37   98781  6111644  61.86
  1977          18     0.00039  0.00039  0.50   98763      38   98744  6012863  60.88
  1977          19     0.00038  0.00038  0.50   98725      37   98706  5914119  59.91
  1977          20     0.00038  0.00038  0.50   98687      37   98669  5815413  58.93
  1977          21     0.00038  0.00038  0.50   98650      38   98631  5716745  57.95
  1977          22     0.00040  0.00040  0.50   98612      40   98592  5618114  56.97
  1977          23     0.00048  0.00048  0.50   98573      47   98549  5519521  55.99
  1977          24     0.00062  0.00062  0.50   98525      61   98495  5420972  55.02
  1977          25     0.00069  0.00069  0.50   98464      67   98431  5322477  54.05
  1977          26     0.00068  0.00068  0.50   98397      67   98363  5224046  53.09
  1977          27     0.00066  0.00066  0.50   98330      65   98297  5125683  52.13
  1977          28     0.00066  0.00066  0.50   98265      65   98232  5027386  51.16
  1977          29     0.00071  0.00071  0.50   98200      70   98165  4929154  50.20
  1977          30     0.00075  0.00074  0.50   98130      73   98093  4830989  49.23
  1977          31     0.00078  0.00078  0.50   98057      77   98018  4732896  48.27
  1977          32     0.00085  0.00085  0.50   97980      83   97938  4634877  47.30
  1977          33     0.00090  0.00090  0.50   97897      88   97853  4536939  46.34
  1977          34     0.00092  0.00092  0.50   97809      90   97764  4439086  45.39
  1977          35     0.00099  0.00099  0.50   97719      97   97670  4341322  44.43
  1977          36     0.00115  0.00115  0.50   97622     112   97566  4243652  43.47
  1977          37     0.00125  0.00125  0.50   97509     122   97448  4146087  42.52
  1977          38     0.00123  0.00123  0.50   97387     120   97327  4048638  41.57
  1977          39     0.00110  0.00110  0.50   97267     107   97213  3951311  40.62
  1977          40     0.00096  0.00096  0.50   97160      94   97113  3854097  39.67
  1977          41     0.00096  0.00096  0.50   97066      93   97020  3756984  38.71
  1977          42     0.00124  0.00124  0.50   96973     120   96913  3659965  37.74
  1977          43     0.00162  0.00162  0.50   96853     157   96775  3563052  36.79
  1977          44     0.00187  0.00186  0.50   96696     180   96606  3466277  35.85
  1977          45     0.00198  0.00198  0.50   96516     191   96421  3369671  34.91
  1977          46     0.00203  0.00203  0.50   96325     195   96227  3273250  33.98
  1977          47     0.00213  0.00213  0.50   96130     204   96027  3177023  33.05
  1977          48     0.00231  0.00231  0.50   95925     221   95814  3080996  32.12
  1977          49     0.00259  0.00259  0.50   95704     247   95580  2985181  31.19
  1977          50     0.00294  0.00294  0.50   95456     280   95316  2889601  30.27
  1977          51     0.00333  0.00332  0.50   95176     316   95018  2794285  29.36
  1977          52     0.00367  0.00366  0.50   94860     347   94686  2699267  28.46
  1977          53     0.00390  0.00389  0.50   94513     368   94329  2604580  27.56
  1977          54     0.00399  0.00398  0.50   94145     375   93958  2510251  26.66
  1977          55     0.00398  0.00397  0.50   93770     373   93584  2416293  25.77
  1977          56     0.00396  0.00395  0.50   93398     369   93213  2322709  24.87
  1977          57     0.00417  0.00416  0.50   93029     387   92835  2229496  23.97
  1977          58     0.00477  0.00476  0.50   92642     441   92422  2136661  23.06
  1977          59     0.00548  0.00546  0.50   92201     503   91950  2044239  22.17
  1977          60     0.00641  0.00639  0.50   91698     586   91405  1952289  21.29
  1977          61     0.00773  0.00771  0.50   91112     702   90761  1860884  20.42
  1977          62     0.00916  0.00912  0.50   90410     824   89998  1770124  19.58
  1977          63     0.01038  0.01032  0.50   89586     925   89123  1680126  18.75
  1977          64     0.01144  0.01137  0.50   88661    1008   88157  1591003  17.94
  1977          65     0.01258  0.01250  0.50   87652    1096   87104  1502846  17.15
  1977          66     0.01425  0.01415  0.50   86557    1225   85944  1415742  16.36
  1977          67     0.01622  0.01609  0.50   85332    1373   84645  1329798  15.58
  1977          68     0.01813  0.01796  0.50   83959    1508   83205  1245152  14.83
  1977          69     0.01981  0.01961  0.50   82451    1617   81642  1161947  14.09
  1977          70     0.02134  0.02112  0.50   80834    1707   79980  1080305  13.36
  1977          71     0.02341  0.02314  0.50   79127    1831   78211  1000325  12.64
  1977          72     0.02642  0.02607  0.50   77296    2015   76288   922114  11.93
  1977          73     0.03046  0.03000  0.50   75281    2259   74151   845825  11.24
  1977          74     0.03479  0.03420  0.50   73022    2497   71773   771674  10.57
  1977          75     0.03878  0.03804  0.50   70525    2683   69184   699900   9.92
  1977          76     0.04312  0.04221  0.50   67842    2864   66410   630717   9.30
  1977          77     0.04885  0.04769  0.50   64978    3099   63429   564307   8.68
  1977          78     0.05670  0.05514  0.50   61880    3412   60174   500877   8.09
  1977          79     0.06623  0.06410  0.50   58468    3748   56594   440703   7.54
  1977          80     0.07674  0.07390  0.50   54720    4044   52698   384110   7.02
  1977          81     0.08775  0.08407  0.50   50676    4260   48546   331412   6.54
  1977          82     0.09903  0.09436  0.50   46416    4380   44226   282866   6.09
  1977          83     0.11098  0.10515  0.50   42036    4420   39826   238640   5.68
  1977          84     0.12396  0.11673  0.50   37616    4391   35421   198814   5.29
  1977          85     0.13823  0.12929  0.50   33225    4296   31077   163393   4.92
  1977          86     0.15388  0.14289  0.50   28930    4134   26863   132315   4.57
  1977          87     0.17100  0.15753  0.50   24796    3906   22843   105453   4.25
  1977          88     0.18962  0.17320  0.50   20890    3618   19081    82610   3.95
  1977          89     0.20976  0.18985  0.50   17272    3279   15632    63529   3.68
  1977          90     0.23142  0.20742  0.50   13993    2902   12542    47897   3.42
  1977          91     0.25460  0.22585  0.50   11090    2505    9838    35355   3.19
  1977          92     0.27925  0.24504  0.50    8586    2104    7534    25517   2.97
  1977          93     0.30532  0.26488  0.50    6482    1717    5623    17984   2.77
  1977          94     0.33268  0.28524  0.50    4765    1359    4085    12360   2.59
  1977          95     0.36123  0.30597  0.50    3406    1042    2885     8275   2.43
  1977          96     0.39078  0.32691  0.50    2364     773    1977     5390   2.28
  1977          97     0.42117  0.34790  0.50    1591     554    1314     3413   2.15
  1977          98     0.45215  0.36878  0.50    1037     383     846     2099   2.02
  1977          99     0.48352  0.38938  0.50     655     255     527     1252   1.91
  1977         100     0.51501  0.40955  0.50     400     164     318      725   1.81
  1977         101     0.54639  0.42915  0.50     236     101     185      407   1.72
  1977         102     0.57740  0.44805  0.50     135      60     105      222   1.64
  1977         103     0.60782  0.46615  0.50      74      35      57      117   1.57
  1977         104     0.63742  0.48337  0.50      40      19      30       60   1.51
  1977         105     0.66598  0.49961  0.50      21      10      15       30   1.45
  1977         106     0.69330  0.51483  0.50      10       5       8       14   1.40
  1977         107     0.71926  0.52901  0.50       5       3       4        7   1.35
  1977         108     0.74389  0.54221  0.50       2       1       2        3   1.31
  1977         109     0.76737  0.55458  0.50       1       1       1        1   1.28
  1977         110+    0.80298  1.00000  1.25       0       0       1        1   1.25
  1978           0     0.00677  0.00674  0.16  100000     674   99434  7853710  78.54
  1978           1     0.00116  0.00116  0.50   99326     115   99269  7754276  78.07
  1978           2     0.00087  0.00087  0.50   99212      87   99168  7655007  77.16
  1978           3     0.00059  0.00059  0.50   99125      58   99096  7555839  76.23
  1978           4     0.00034  0.00034  0.50   99066      34   99050  7456743  75.27
  1978           5     0.00017  0.00017  0.50   99033      17   99024  7357693  74.30
  1978           6     0.00007  0.00007  0.50   99016       7   99012  7258669  73.31
  1978           7     0.00005  0.00005  0.50   99009       5   99006  7159657  72.31
  1978           8     0.00009  0.00009  0.50   99003       9   98999  7060650  71.32
  1978           9     0.00015  0.00015  0.50   98994      14   98987  6961652  70.32
  1978          10     0.00017  0.00017  0.50   98980      17   98971  6862665  69.33
  1978          11     0.00018  0.00018  0.50   98962      18   98953  6763694  68.35
  1978          12     0.00018  0.00018  0.50   98944      18   98935  6664740  67.36
  1978          13     0.00021  0.00021  0.50   98926      20   98916  6565805  66.37
  1978          14     0.00026  0.00026  0.50   98906      25   98893  6466889  65.38
  1978          15     0.00034  0.00034  0.50   98880      34   98864  6367996  64.40
  1978          16     0.00042  0.00042  0.50   98847      42   98826  6269132  63.42
  1978          17     0.00048  0.00048  0.50   98805      48   98781  6170306  62.45
  1978          18     0.00050  0.00050  0.50   98757      50   98732  6071525  61.48
  1978          19     0.00048  0.00048  0.50   98707      48   98684  5972793  60.51
  1978          20     0.00048  0.00048  0.50   98660      47   98636  5874109  59.54
  1978          21     0.00048  0.00048  0.50   98613      47   98589  5775473  58.57
  1978          22     0.00049  0.00049  0.50   98565      49   98541  5676884  57.60
  1978          23     0.00054  0.00054  0.50   98517      53   98490  5578343  56.62
  1978          24     0.00063  0.00063  0.50   98464      62   98432  5479853  55.65
  1978          25     0.00073  0.00073  0.50   98401      72   98365  5381420  54.69
  1978          26     0.00079  0.00079  0.50   98329      78   98290  5283055  53.73
  1978          27     0.00078  0.00078  0.50   98251      77   98212  5184765  52.77
  1978          28     0.00074  0.00074  0.50   98174      72   98138  5086553  51.81
  1978          29     0.00070  0.00070  0.50   98101      68   98067  4988415  50.85
  1978          30     0.00068  0.00068  0.50   98033      66   98000  4890348  49.88
  1978          31     0.00069  0.00069  0.50   97967      68   97933  4792348  48.92
  1978          32     0.00075  0.00075  0.50   97899      74   97862  4694415  47.95
  1978          33     0.00082  0.00082  0.50   97825      81   97785  4596553  46.99
  1978          34     0.00088  0.00088  0.50   97745      86   97702  4498768  46.03
  1978          35     0.00092  0.00092  0.50   97658      90   97614  4401067  45.07
  1978          36     0.00093  0.00093  0.50   97569      91   97523  4303453  44.11
  1978          37     0.00099  0.00099  0.50   97478      96   97430  4205930  43.15
  1978          38     0.00107  0.00107  0.50   97381     104   97329  4108500  42.19
  1978          39     0.00115  0.00115  0.50   97277     112   97221  4011171  41.23
  1978          40     0.00116  0.00116  0.50   97166     113   97109  3913950  40.28
  1978          41     0.00108  0.00108  0.50   97053     105   97000  3816840  39.33
  1978          42     0.00102  0.00102  0.50   96948      99   96898  3719840  38.37
  1978          43     0.00102  0.00102  0.50   96849      99   96799  3622942  37.41
  1978          44     0.00109  0.00109  0.50   96750     105   96697  3526142  36.45
  1978          45     0.00122  0.00122  0.50   96645     118   96586  3429445  35.49
  1978          46     0.00142  0.00142  0.50   96526     137   96458  3332860  34.53
  1978          47     0.00165  0.00165  0.50   96389     159   96310  3236402  33.58
  1978          48     0.00190  0.00190  0.50   96230     183   96139  3140092  32.63
  1978          49     0.00218  0.00218  0.50   96047     210   95942  3043954  31.69
  1978          50     0.00246  0.00246  0.50   95838     236   95720  2948011  30.76
  1978          51     0.00273  0.00272  0.50   95602     260   95471  2852292  29.84
  1978          52     0.00302  0.00302  0.50   95341     288   95197  2756820  28.92
  1978          53     0.00338  0.00338  0.50   95053     321   94893  2661623  28.00
  1978          54     0.00373  0.00372  0.50   94732     353   94556  2566730  27.09
  1978          55     0.00407  0.00406  0.50   94380     383   94188  2472174  26.19
  1978          56     0.00443  0.00442  0.50   93997     416   93789  2377986  25.30
  1978          57     0.00486  0.00485  0.50   93581     454   93354  2284197  24.41
  1978          58     0.00537  0.00536  0.50   93128     499   92878  2190842  23.53
  1978          59     0.00594  0.00592  0.50   92628     548   92354  2097964  22.65
  1978          60     0.00645  0.00643  0.50   92080     592   91784  2005610  21.78
  1978          61     0.00687  0.00685  0.50   91488     627   91175  1913825  20.92
  1978          62     0.00739  0.00736  0.50   90862     669   90527  1822651  20.06
  1978          63     0.00820  0.00817  0.50   90193     737   89824  1732124  19.20
  1978          64     0.00938  0.00934  0.50   89456     836   89038  1642299  18.36
  1978          65     0.01090  0.01084  0.50   88620     961   88140  1553261  17.53
  1978          66     0.01251  0.01243  0.50   87660    1089   87115  1465122  16.71
  1978          67     0.01424  0.01414  0.50   86570    1224   85958  1378007  15.92
  1978          68     0.01620  0.01607  0.50   85346    1371   84660  1292049  15.14
  1978          69     0.01839  0.01823  0.50   83975    1530   83210  1207388  14.38
  1978          70     0.02077  0.02056  0.50   82444    1695   81597  1124179  13.64
  1978          71     0.02313  0.02286  0.50   80749    1846   79826  1042582  12.91
  1978          72     0.02542  0.02510  0.50   78903    1980   77913   962756  12.20
  1978          73     0.02781  0.02742  0.50   76923    2110   75868   884843  11.50
  1978          74     0.03109  0.03061  0.50   74813    2290   73668   808975  10.81
  1978          75     0.03595  0.03531  0.50   72523    2561   71242   735307  10.14
  1978          76     0.04206  0.04120  0.50   69962    2882   68521   664064   9.49
  1978          77     0.04936  0.04818  0.50   67080    3232   65464   595543   8.88
  1978          78     0.05778  0.05615  0.50   63848    3585   62056   530079   8.30
  1978          79     0.06672  0.06457  0.50   60263    3891   58317   468023   7.77
  1978          80     0.07569  0.07293  0.50   56372    4111   54316   409706   7.27
  1978          81     0.08491  0.08145  0.50   52260    4257   50132   355390   6.80
  1978          82     0.09475  0.09047  0.50   48004    4343   45832   305258   6.36
  1978          83     0.10547  0.10019  0.50   43661    4374   41474   259425   5.94
  1978          84     0.11723  0.11074  0.50   39287    4351   37111   217951   5.55
  1978          85     0.13017  0.12221  0.50   34936    4270   32801   180840   5.18
  1978          86     0.14435  0.13463  0.50   30667    4129   28602   148039   4.83
  1978          87     0.15984  0.14801  0.50   26538    3928   24574   119437   4.50
  1978          88     0.17667  0.16233  0.50   22610    3670   20775    94863   4.20
  1978          89     0.19486  0.17756  0.50   18940    3363   17258    74088   3.91
  1978          90     0.21445  0.19368  0.50   15577    3017   14068    56830   3.65
  1978          91     0.23542  0.21062  0.50   12560    2645   11237    42761   3.40
  1978          92     0.25776  0.22833  0.50    9914    2264    8783    31524   3.18
  1978          93     0.28144  0.24672  0.50    7651    1888    6707    22742   2.97
  1978          94     0.30639  0.26569  0.50    5763    1531    4998    16035   2.78
  1978          95     0.33253  0.28512  0.50    4232    1207    3629    11037   2.61
  1978          96     0.35973  0.30489  0.50    3025     922    2564     7409   2.45
  1978          97     0.38787  0.32487  0.50    2103     683    1761     4845   2.30
  1978          98     0.41677  0.34490  0.50    1420     490    1175     3083   2.17
  1978          99     0.44626  0.36485  0.50     930     339     760     1908   2.05
  1978         100     0.47613  0.38457  0.50     591     227     477     1148   1.94
  1978         101     0.50616  0.40393  0.50     364     147     290      671   1.84
  1978         102     0.53613  0.42280  0.50     217      92     171      381   1.76
  1978         103     0.56582  0.44104  0.50     125      55      97      210   1.68
  1978         104     0.59499  0.45857  0.50      70      32      54      112   1.60
  1978         105     0.62345  0.47529  0.50      38      18      29       58   1.54
  1978         106     0.65103  0.49115  0.50      20      10      15       29   1.48
  1978         107     0.67766  0.50616  0.50      10       5       8       14   1.43
  1978         108     0.70343  0.52040  0.50       5       3       4        7   1.38
  1978         109     0.72850  0.53399  0.50       2       1       2        3   1.34
  1978         110+    0.76741  1.00000  1.30       1       1       1        1   1.30
  1979           0     0.00584  0.00581  0.17  100000     581   99515  7916938  79.17
  1979           1     0.00127  0.00127  0.50   99419     126   99356  7817423  78.63
  1979           2     0.00086  0.00086  0.50   99292      86   99249  7718068  77.73
  1979           3     0.00057  0.00057  0.50   99207      57   99178  7618818  76.80
  1979           4     0.00039  0.00039  0.50   99150      38   99130  7519640  75.84
  1979           5     0.00026  0.00026  0.50   99111      26   99098  7420510  74.87
  1979           6     0.00019  0.00019  0.50   99085      18   99076  7321412  73.89
  1979           7     0.00014  0.00014  0.50   99067      14   99060  7222336  72.90
  1979           8     0.00010  0.00010  0.50   99053      10   99048  7123276  71.91
  1979           9     0.00008  0.00008  0.50   99044       8   99040  7024228  70.92
  1979          10     0.00009  0.00009  0.50   99036       9   99032  6925188  69.93
  1979          11     0.00010  0.00010  0.50   99027      10   99022  6826156  68.93
  1979          12     0.00008  0.00008  0.50   99018       8   99014  6727134  67.94
  1979          13     0.00008  0.00008  0.50   99010       8   99006  6628120  66.94
  1979          14     0.00008  0.00008  0.50   99002       8   98998  6529115  65.95
  1979          15     0.00010  0.00010  0.50   98994       9   98989  6430117  64.95
  1979          16     0.00014  0.00014  0.50   98984      14   98977  6331128  63.96
  1979          17     0.00024  0.00024  0.50   98970      24   98958  6232151  62.97
  1979          18     0.00038  0.00038  0.50   98946      37   98927  6133193  61.99
  1979          19     0.00050  0.00050  0.50   98909      49   98884  6034265  61.01
  1979          20     0.00060  0.00060  0.50   98859      59   98830  5935382  60.04
  1979          21     0.00062  0.00062  0.50   98800      61   98770  5836552  59.07
  1979          22     0.00055  0.00055  0.50   98739      54   98712  5737782  58.11
  1979          23     0.00054  0.00054  0.50   98685      54   98658  5639070  57.14
  1979          24     0.00069  0.00069  0.50   98631      68   98598  5540411  56.17
  1979          25     0.00077  0.00077  0.50   98564      76   98526  5441814  55.21
  1979          26     0.00078  0.00078  0.50   98488      77   98450  5343288  54.25
  1979          27     0.00080  0.00080  0.50   98411      78   98372  5244838  53.30
  1979          28     0.00081  0.00081  0.50   98333      80   98293  5146466  52.34
  1979          29     0.00082  0.00081  0.50   98253      80   98213  5048173  51.38
  1979          30     0.00074  0.00074  0.50   98173      73   98137  4949960  50.42
  1979          31     0.00067  0.00067  0.50   98100      66   98068  4851823  49.46
  1979          32     0.00070  0.00070  0.50   98035      68   98001  4753756  48.49
  1979          33     0.00076  0.00076  0.50   97967      75   97929  4655755  47.52
  1979          34     0.00079  0.00079  0.50   97892      78   97853  4557826  46.56
  1979          35     0.00075  0.00075  0.50   97814      74   97777  4459973  45.60
  1979          36     0.00068  0.00068  0.50   97740      66   97707  4362196  44.63
  1979          37     0.00071  0.00071  0.50   97674      69   97639  4264489  43.66
  1979          38     0.00077  0.00077  0.50   97605      75   97567  4166850  42.69
  1979          39     0.00074  0.00074  0.50   97530      72   97494  4069282  41.72
  1979          40     0.00077  0.00077  0.50   97458      75   97421  3971788  40.75
  1979          41     0.00095  0.00095  0.50   97383      93   97337  3874367  39.78
  1979          42     0.00104  0.00103  0.50   97291     101   97240  3777030  38.82
  1979          43     0.00115  0.00115  0.50   97190     111   97134  3679790  37.86
  1979          44     0.00145  0.00145  0.50   97079     141   97008  3582656  36.90
  1979          45     0.00177  0.00177  0.50   96938     172   96852  3485647  35.96
  1979          46     0.00195  0.00194  0.50   96766     188   96672  3388795  35.02
  1979          47     0.00214  0.00214  0.50   96578     207   96475  3292123  34.09
  1979          48     0.00244  0.00244  0.50   96371     235   96254  3195649  33.16
  1979          49     0.00282  0.00282  0.50   96137     271   96001  3099395  32.24
  1979          50     0.00313  0.00312  0.50   95865     299   95716  3003394  31.33
  1979          51     0.00320  0.00319  0.50   95566     305   95414  2907678  30.43
  1979          52     0.00313  0.00312  0.50   95261     297   95112  2812265  29.52
  1979          53     0.00306  0.00305  0.50   94964     290   94819  2717152  28.61
  1979          54     0.00305  0.00304  0.50   94674     288   94530  2622333  27.70
  1979          55     0.00318  0.00317  0.50   94386     299   94236  2527803  26.78
  1979          56     0.00350  0.00349  0.50   94087     328   93922  2433567  25.87
  1979          57     0.00396  0.00395  0.50   93758     370   93573  2339645  24.95
  1979          58     0.00449  0.00448  0.50   93388     418   93179  2246072  24.05
  1979          59     0.00505  0.00504  0.50   92970     468   92736  2152893  23.16
  1979          60     0.00565  0.00564  0.50   92501     522   92241  2060157  22.27
  1979          61     0.00634  0.00632  0.50   91980     581   91689  1967917  21.40
  1979          62     0.00716  0.00713  0.50   91399     652   91073  1876228  20.53
  1979          63     0.00815  0.00812  0.50   90747     737   90378  1785155  19.67
  1979          64     0.00928  0.00924  0.50   90010     832   89594  1694776  18.83
  1979          65     0.01052  0.01046  0.50   89178     933   88712  1605182  18.00
  1979          66     0.01190  0.01183  0.50   88245    1044   87723  1516471  17.18
  1979          67     0.01334  0.01325  0.50   87201    1155   86623  1428747  16.38
  1979          68     0.01470  0.01459  0.50   86046    1256   85418  1342124  15.60
  1979          69     0.01589  0.01576  0.50   84790    1336   84122  1256706  14.82
  1979          70     0.01700  0.01686  0.50   83454    1407   82750  1172584  14.05
  1979          71     0.01881  0.01863  0.50   82047    1529   81282  1089834  13.28
  1979          72     0.02190  0.02166  0.50   80518    1744   79646  1008551  12.53
  1979          73     0.02648  0.02613  0.50   78774    2058   77745   928905  11.79
  1979          74     0.03157  0.03108  0.50   76716    2384   75523   851161  11.10
  1979          75     0.03610  0.03546  0.50   74331    2636   73013   775637  10.43
  1979          76     0.04013  0.03934  0.50   71696    2820   70286   702624   9.80
  1979          77     0.04546  0.04445  0.50   68875    3061   67345   632338   9.18
  1979          78     0.05363  0.05223  0.50   65814    3438   64095   564994   8.58
  1979          79     0.06363  0.06167  0.50   62376    3846   60453   500898   8.03
  1979          80     0.07395  0.07131  0.50   58530    4174   56443   440445   7.53
  1979          81     0.08386  0.08048  0.50   54356    4375   52168   384003   7.06
  1979          82     0.09310  0.08896  0.50   49981    4446   47758   331834   6.64
  1979          83     0.10256  0.09756  0.50   45535    4442   43314   284076   6.24
  1979          84     0.11271  0.10670  0.50   41093    4385   38900   240762   5.86
  1979          85     0.12380  0.11658  0.50   36708    4280   34568   201862   5.50
  1979          86     0.13590  0.12725  0.50   32429    4127   30365   167294   5.16
  1979          87     0.14904  0.13870  0.50   28302    3925   26339   136928   4.84
  1979          88     0.16322  0.15091  0.50   24376    3679   22537   110589   4.54
  1979          89     0.17848  0.16386  0.50   20698    3392   19002    88052   4.25
  1979          90     0.19483  0.17754  0.50   17306    3073   15770    69050   3.99
  1979          91     0.21229  0.19192  0.50   14234    2732   12868    53280   3.74
  1979          92     0.23086  0.20697  0.50   11502    2381   10312    40412   3.51
  1979          93     0.25054  0.22265  0.50    9121    2031    8106    30100   3.30
  1979          94     0.27130  0.23889  0.50    7091    1694    6244    21994   3.10
  1979          95     0.29311  0.25564  0.50    5397    1380    4707    15750   2.92
  1979          96     0.31591  0.27282  0.50    4017    1096    3469    11043   2.75
  1979          97     0.33963  0.29033  0.50    2921     848    2497     7574   2.59
  1979          98     0.36419  0.30809  0.50    2073     639    1754     5077   2.45
  1979          99     0.38947  0.32599  0.50    1434     468    1201     3323   2.32
  1979         100     0.41536  0.34393  0.50     967     333     801     2123   2.20
  1979         101     0.44173  0.36182  0.50     634     229     520     1322   2.08
  1979         102     0.46843  0.37954  0.50     405     154     328      803   1.98
  1979         103     0.49532  0.39700  0.50     251     100     201      475   1.89
  1979         104     0.52223  0.41410  0.50     151      63     120      274   1.81
  1979         105     0.54899  0.43075  0.50      89      38      70      153   1.73
  1979         106     0.57543  0.44686  0.50      51      23      39       84   1.66
  1979         107     0.60141  0.46237  0.50      28      13      21       45   1.60
  1979         108     0.62685  0.47727  0.50      15       7      11       23   1.54
  1979         109     0.65177  0.49157  0.50       8       4       6       12   1.48
  1979         110+    0.69576  1.00000  1.44       4       4       6        6   1.44
  1980           0     0.00602  0.00599  0.16  100000     599   99499  7894677  78.95
  1980           1     0.00105  0.00105  0.50   99401     104   99349  7795179  78.42
  1980           2     0.00079  0.00079  0.50   99296      79   99257  7695830  77.50
  1980           3     0.00057  0.00057  0.50   99218      57   99189  7596573  76.56
  1980           4     0.00040  0.00040  0.50   99161      40   99141  7497384  75.61
  1980           5     0.00027  0.00027  0.50   99121      27   99108  7398243  74.64
  1980           6     0.00019  0.00019  0.50   99094      19   99085  7299135  73.66
  1980           7     0.00014  0.00014  0.50   99075      14   99068  7200050  72.67
  1980           8     0.00011  0.00011  0.50   99062      11   99056  7100982  71.68
  1980           9     0.00011  0.00011  0.50   99050      11   99045  7001926  70.69
  1980          10     0.00011  0.00011  0.50   99039      11   99034  6902881  69.70
  1980          11     0.00012  0.00012  0.50   99028      12   99022  6803847  68.71
  1980          12     0.00013  0.00013  0.50   99016      13   99009  6704825  67.71
  1980          13     0.00016  0.00016  0.50   99003      15   98995  6605816  66.72
  1980          14     0.00020  0.00020  0.50   98987      19   98978  6506820  65.73
  1980          15     0.00026  0.00026  0.50   98968      25   98955  6407843  64.75
  1980          16     0.00033  0.00033  0.50   98943      32   98927  6308887  63.76
  1980          17     0.00040  0.00040  0.50   98911      39   98891  6209960  62.78
  1980          18     0.00045  0.00045  0.50   98872      45   98849  6111069  61.81
  1980          19     0.00049  0.00049  0.50   98827      49   98802  6012220  60.84
  1980          20     0.00051  0.00051  0.50   98778      51   98753  5913418  59.87
  1980          21     0.00052  0.00052  0.50   98728      51   98702  5814665  58.90
  1980          22     0.00051  0.00051  0.50   98677      51   98651  5715963  57.93
  1980          23     0.00051  0.00051  0.50   98626      50   98601  5617312  56.96
  1980          24     0.00052  0.00052  0.50   98576      51   98550  5518711  55.98
  1980          25     0.00054  0.00054  0.50   98525      53   98499  5420160  55.01
  1980          26     0.00056  0.00056  0.50   98472      56   98444  5321662  54.04
  1980          27     0.00060  0.00060  0.50   98417      59   98387  5223217  53.07
  1980          28     0.00064  0.00064  0.50   98358      63   98326  5124830  52.10
  1980          29     0.00069  0.00069  0.50   98295      68   98261  5026504  51.14
  1980          30     0.00073  0.00073  0.50   98227      72   98191  4928243  50.17
  1980          31     0.00078  0.00078  0.50   98155      76   98117  4830052  49.21
  1980          32     0.00081  0.00081  0.50   98079      80   98039  4731935  48.25
  1980          33     0.00084  0.00084  0.50   97999      82   97958  4633896  47.29
  1980          34     0.00085  0.00085  0.50   97916      83   97875  4535938  46.32
  1980          35     0.00085  0.00085  0.50   97833      83   97792  4438064  45.36
  1980          36     0.00083  0.00083  0.50   97750      81   97710  4340272  44.40
  1980          37     0.00083  0.00083  0.50   97669      81   97629  4242562  43.44
  1980          38     0.00086  0.00086  0.50   97588      84   97546  4144933  42.47
  1980          39     0.00094  0.00094  0.50   97504      91   97459  4047387  41.51
  1980          40     0.00106  0.00106  0.50   97413     103   97362  3949928  40.55
  1980          41     0.00123  0.00123  0.50   97310     120   97250  3852567  39.59
  1980          42     0.00144  0.00144  0.50   97191     140   97121  3755316  38.64
  1980          43     0.00166  0.00166  0.50   97050     161   96970  3658196  37.69
  1980          44     0.00185  0.00185  0.50   96889     179   96800  3561226  36.76
  1980          45     0.00200  0.00200  0.50   96710     193   96614  3464426  35.82
  1980          46     0.00212  0.00212  0.50   96517     205   96415  3367812  34.89
  1980          47     0.00223  0.00222  0.50   96313     214   96205  3271397  33.97
  1980          48     0.00235  0.00234  0.50   96098     225   95986  3175192  33.04
  1980          49     0.00250  0.00250  0.50   95873     240   95753  3079206  32.12
  1980          50     0.00270  0.00270  0.50   95633     258   95504  2983453  31.20
  1980          51     0.00291  0.00291  0.50   95376     277   95237  2887948  30.28
  1980          52     0.00313  0.00312  0.50   95098     297   94950  2792712  29.37
  1980          53     0.00333  0.00333  0.50   94801     316   94643  2697762  28.46
  1980          54     0.00354  0.00353  0.50   94486     333   94319  2603119  27.55
  1980          55     0.00375  0.00374  0.50   94152     352   93976  2508800  26.65
  1980          56     0.00399  0.00398  0.50   93800     373   93613  2414824  25.74
  1980          57     0.00428  0.00427  0.50   93427     399   93227  2321210  24.85
  1980          58     0.00466  0.00465  0.50   93028     432   92811  2227983  23.95
  1980          59     0.00508  0.00507  0.50   92595     470   92361  2135171  23.06
  1980          60     0.00559  0.00557  0.50   92126     513   91869  2042811  22.17
  1980          61     0.00620  0.00618  0.50   91613     566   91330  1950942  21.30
  1980          62     0.00694  0.00691  0.50   91047     629   90732  1859612  20.42
  1980          63     0.00782  0.00779  0.50   90417     705   90065  1768880  19.56
  1980          64     0.00882  0.00878  0.50   89713     788   89319  1678815  18.71
  1980          65     0.00990  0.00986  0.50   88925     876   88487  1589496  17.87
  1980          66     0.01110  0.01104  0.50   88048     972   87562  1501009  17.05
  1980          67     0.01245  0.01237  0.50   87076    1077   86538  1413447  16.23
  1980          68     0.01397  0.01388  0.50   85999    1193   85403  1326909  15.43
  1980          69     0.01576  0.01563  0.50   84806    1326   84143  1241507  14.64
  1980          70     0.01787  0.01771  0.50   83480    1479   82741  1157364  13.86
  1980          71     0.02040  0.02020  0.50   82002    1656   81173  1074623  13.10
  1980          72     0.02353  0.02325  0.50   80345    1868   79411   993449  12.36
  1980          73     0.02739  0.02702  0.50   78477    2121   77417   914038  11.65
  1980          74     0.03195  0.03145  0.50   76356    2401   75156   836621  10.96
  1980          75     0.03711  0.03643  0.50   73955    2694   72608   761465  10.30
  1980          76     0.04290  0.04200  0.50   71261    2993   69764   688857   9.67
  1980          77     0.04924  0.04805  0.50   68268    3281   66628   619093   9.07
  1980          78     0.05604  0.05452  0.50   64987    3543   63216   552465   8.50
  1980          79     0.06340  0.06145  0.50   61444    3776   59556   489250   7.96
  1980          80     0.07143  0.06897  0.50   57668    3977   55680   429693   7.45
  1980          81     0.08025  0.07715  0.50   53691    4142   51620   374013   6.97
  1980          82     0.08996  0.08609  0.50   49549    4265   47416   322393   6.51
  1980          83     0.10064  0.09582  0.50   45284    4339   43114   274977   6.07
  1980          84     0.11239  0.10641  0.50   40944    4357   38766   231863   5.66
  1980          85     0.12529  0.11791  0.50   36587    4314   34430   193097   5.28
  1980          86     0.13942  0.13034  0.50   32274    4206   30170   158667   4.92
  1980          87     0.15486  0.14373  0.50   28067    4034   26050   128496   4.58
  1980          88     0.17166  0.15810  0.50   24033    3799   22133   102446   4.26
  1980          89     0.18988  0.17342  0.50   20233    3509   18479    80313   3.97
  1980          90     0.20954  0.18967  0.50   16725    3172   15139    61834   3.70
  1980          91     0.23064  0.20679  0.50   13553    2803   12151    46695   3.45
  1980          92     0.25318  0.22473  0.50   10750    2416    9542    34544   3.21
  1980          93     0.27713  0.24340  0.50    8334    2029    7320    25002   3.00
  1980          94     0.30241  0.26269  0.50    6306    1656    5477    17682   2.80
  1980          95     0.32893  0.28247  0.50    4649    1313    3993    12205   2.63
  1980          96     0.35657  0.30262  0.50    3336    1010    2831     8212   2.46
  1980          97     0.38519  0.32299  0.50    2326     751    1951     5381   2.31
  1980          98     0.41460  0.34341  0.50    1575     541    1305     3431   2.18
  1980          99     0.44460  0.36374  0.50    1034     376     846     2126   2.06
  1980         100     0.47496  0.38381  0.50     658     253     532     1280   1.95
  1980         101     0.50547  0.40349  0.50     405     164     324      748   1.85
  1980         102     0.53587  0.42263  0.50     242     102     191      425   1.76
  1980         103     0.56595  0.44112  0.50     140      62     109      234   1.67
  1980         104     0.59550  0.45887  0.50      78      36      60      125   1.60
  1980         105     0.62438  0.47583  0.50      42      20      32       65   1.54
  1980         106     0.65252  0.49200  0.50      22      11      17       33   1.48
  1980         107     0.67990  0.50741  0.50      11       6       8       16   1.42
  1980         108     0.70665  0.52216  0.50       6       3       4        8   1.38
  1980         109     0.73295  0.53638  0.50       3       1       2        4   1.33
  1980         110+    0.77096  1.00000  1.30       1       1       2        2   1.30
  1981           0     0.00640  0.00637  0.16  100000     637   99464  7922557  79.23
  1981           1     0.00052  0.00052  0.50   99363      51   99338  7823093  78.73
  1981           2     0.00032  0.00032  0.50   99312      31   99296  7723755  77.77
  1981           3     0.00020  0.00020  0.50   99281      19   99271  7624459  76.80
  1981           4     0.00015  0.00015  0.50   99261      15   99254  7525188  75.81
  1981           5     0.00016  0.00016  0.50   99246      16   99238  7425934  74.82
  1981           6     0.00019  0.00019  0.50   99230      19   99221  7326696  73.84
  1981           7     0.00021  0.00021  0.50   99211      21   99201  7227475  72.85
  1981           8     0.00020  0.00020  0.50   99191      19   99181  7128274  71.86
  1981           9     0.00016  0.00016  0.50   99171      15   99164  7029093  70.88
  1981          10     0.00010  0.00010  0.50   99156      10   99151  6929929  69.89
  1981          11     0.00005  0.00005  0.50   99146       5   99143  6830779  68.90
  1981          12     0.00003  0.00003  0.50   99140       3   99139  6731636  67.90
  1981          13     0.00004  0.00004  0.50   99137       4   99135  6632497  66.90
  1981          14     0.00007  0.00007  0.50   99133       7   99130  6533362  65.90
  1981          15     0.00012  0.00012  0.50   99126      11   99120  6434232  64.91
  1981          16     0.00017  0.00017  0.50   99115      17   99106  6335112  63.92
  1981          17     0.00023  0.00023  0.50   99098      22   99087  6236006  62.93
  1981          18     0.00030  0.00030  0.50   99075      30   99061  6136919  61.94
  1981          19     0.00040  0.00040  0.50   99046      39   99026  6037859  60.96
  1981          20     0.00048  0.00048  0.50   99006      48   98983  5938832  59.98
  1981          21     0.00054  0.00054  0.50   98959      54   98932  5839850  59.01
  1981          22     0.00057  0.00057  0.50   98905      57   98877  5740918  58.04
  1981          23     0.00058  0.00058  0.50   98848      57   98820  5642041  57.08
  1981          24     0.00057  0.00057  0.50   98791      56   98763  5543222  56.11
  1981          25     0.00054  0.00054  0.50   98735      53   98708  5444459  55.14
  1981          26     0.00051  0.00051  0.50   98682      50   98656  5345751  54.17
  1981          27     0.00051  0.00051  0.50   98631      50   98606  5247094  53.20
  1981          28     0.00051  0.00051  0.50   98581      51   98555  5148488  52.23
  1981          29     0.00049  0.00049  0.50   98530      49   98506  5049933  51.25
  1981          30     0.00049  0.00049  0.50   98481      48   98457  4951427  50.28
  1981          31     0.00053  0.00053  0.50   98433      52   98407  4852970  49.30
  1981          32     0.00063  0.00063  0.50   98382      62   98351  4754562  48.33
  1981          33     0.00077  0.00077  0.50   98320      75   98282  4656212  47.36
  1981          34     0.00092  0.00091  0.50   98245      90   98200  4557929  46.39
  1981          35     0.00105  0.00105  0.50   98155     103   98103  4459729  45.44
  1981          36     0.00117  0.00117  0.50   98052     114   97995  4361626  44.48
  1981          37     0.00134  0.00134  0.50   97938     131   97872  4263631  43.53
  1981          38     0.00152  0.00152  0.50   97807     148   97732  4165759  42.59
  1981          39     0.00164  0.00164  0.50   97658     160   97578  4068027  41.66
  1981          40     0.00169  0.00169  0.50   97498     164   97416  3970449  40.72
  1981          41     0.00166  0.00166  0.50   97334     161   97253  3873033  39.79
  1981          42     0.00164  0.00163  0.50   97172     159   97093  3775780  38.86
  1981          43     0.00162  0.00162  0.50   97013     157   96935  3678687  37.92
  1981          44     0.00161  0.00161  0.50   96856     156   96778  3581753  36.98
  1981          45     0.00159  0.00158  0.50   96700     153   96623  3484975  36.04
  1981          46     0.00155  0.00155  0.50   96547     149   96472  3388352  35.10
  1981          47     0.00158  0.00158  0.50   96397     152   96321  3291880  34.15
  1981          48     0.00174  0.00174  0.50   96246     168   96162  3195558  33.20
  1981          49     0.00208  0.00207  0.50   96078     199   95978  3099397  32.26
  1981          50     0.00247  0.00247  0.50   95879     236   95760  3003418  31.33
  1981          51     0.00280  0.00279  0.50   95642     267   95509  2907658  30.40
  1981          52     0.00299  0.00299  0.50   95375     285   95232  2812149  29.49
  1981          53     0.00306  0.00305  0.50   95090     290   94945  2716917  28.57
  1981          54     0.00316  0.00315  0.50   94800     299   94650  2621972  27.66
  1981          55     0.00343  0.00342  0.50   94501     323   94339  2527322  26.74
  1981          56     0.00392  0.00391  0.50   94177     368   93993  2432983  25.83
  1981          57     0.00450  0.00449  0.50   93809     421   93599  2338989  24.93
  1981          58     0.00502  0.00500  0.50   93388     467   93155  2245390  24.04
  1981          59     0.00543  0.00542  0.50   92921     503   92669  2152236  23.16
  1981          60     0.00584  0.00582  0.50   92418     538   92149  2059566  22.29
  1981          61     0.00636  0.00634  0.50   91880     582   91588  1967417  21.41
  1981          62     0.00702  0.00699  0.50   91297     639   90978  1875829  20.55
  1981          63     0.00783  0.00780  0.50   90659     707   90305  1784851  19.69
  1981          64     0.00882  0.00878  0.50   89951     789   89556  1694546  18.84
  1981          65     0.00991  0.00986  0.50   89162     879   88722  1604990  18.00
  1981          66     0.01089  0.01083  0.50   88283     956   87804  1516268  17.18
  1981          67     0.01191  0.01184  0.50   87326    1034   86809  1428463  16.36
  1981          68     0.01322  0.01313  0.50   86292    1133   85725  1341654  15.55
  1981          69     0.01495  0.01484  0.50   85159    1263   84527  1255929  14.75
  1981          70     0.01718  0.01704  0.50   83895    1429   83181  1171402  13.96
  1981          71     0.01990  0.01970  0.50   82466    1625   81654  1088221  13.20
  1981          72     0.02303  0.02277  0.50   80841    1841   79921  1006567  12.45
  1981          73     0.02651  0.02617  0.50   79001    2067   77967   926646  11.73
  1981          74     0.03032  0.02987  0.50   76933    2298   75784   848679  11.03
  1981          75     0.03462  0.03403  0.50   74635    2540   73365   772895  10.36
  1981          76     0.03999  0.03921  0.50   72096    2827   70682   699529   9.70
  1981          77     0.04610  0.04506  0.50   69269    3121   67708   628847   9.08
  1981          78     0.05252  0.05117  0.50   66148    3385   64455   561139   8.48
  1981          79     0.05966  0.05793  0.50   62763    3636   60945   496684   7.91
  1981          80     0.06802  0.06578  0.50   59127    3889   57182   435739   7.37
  1981          81     0.07756  0.07467  0.50   55237    4124   53175   378557   6.85
  1981          82     0.08818  0.08446  0.50   51113    4317   48954   325382   6.37
  1981          83     0.09998  0.09522  0.50   46796    4456   44568   276428   5.91
  1981          84     0.11308  0.10703  0.50   42340    4532   40074   231860   5.48
  1981          85     0.12761  0.11995  0.50   37808    4535   35541   191785   5.07
  1981          86     0.14368  0.13405  0.50   33273    4460   31043   156245   4.70
  1981          87     0.16140  0.14935  0.50   28813    4303   26661   125202   4.35
  1981          88     0.18085  0.16585  0.50   24510    4065   22477    98540   4.02
  1981          89     0.20208  0.18353  0.50   20445    3752   18569    76063   3.72
  1981          90     0.22511  0.20234  0.50   16693    3378   15004    57494   3.44
  1981          91     0.24995  0.22218  0.50   13315    2958   11836    42490   3.19
  1981          92     0.27654  0.24295  0.50   10357    2516    9099    30655   2.96
  1981          93     0.30481  0.26450  0.50    7840    2074    6804    21556   2.75
  1981          94     0.33463  0.28666  0.50    5767    1653    4940    14753   2.56
  1981          95     0.36582  0.30925  0.50    4114    1272    3477     9812   2.39
  1981          96     0.39817  0.33206  0.50    2841     944    2370     6335   2.23
  1981          97     0.43144  0.35488  0.50    1898     674    1561     3965   2.09
  1981          98     0.46533  0.37750  0.50    1224     462     993     2404   1.96
  1981          99     0.49955  0.39971  0.50     762     305     610     1411   1.85
  1981         100     0.53377  0.42133  0.50     458     193     361      801   1.75
  1981         101     0.56768  0.44218  0.50     265     117     206      440   1.66
  1981         102     0.60097  0.46211  0.50     148      68     114      234   1.58
  1981         103     0.63333  0.48101  0.50      79      38      60      120   1.51
  1981         104     0.66448  0.49877  0.50      41      21      31       60   1.45
  1981         105     0.69419  0.51532  0.50      21      11      15       29   1.40
  1981         106     0.72230  0.53065  0.50      10       5       7       13   1.35
  1981         107     0.74872  0.54478  0.50       5       3       3        6   1.30
  1981         108     0.77365  0.55786  0.50       2       1       2        3   1.27
  1981         109     0.79740  0.57010  0.50       1       1       1        1   1.23
  1981         110+    0.83095  1.00000  1.20       0       0       0        0   1.20
  1982           0     0.00415  0.00413  0.19  100000     413   99664  8012138  80.12
  1982           1     0.00032  0.00032  0.50   99587      32   99571  7912474  79.45
  1982           2     0.00025  0.00025  0.50   99554      25   99542  7812904  78.48
  1982           3     0.00019  0.00019  0.50   99529      19   99520  7713362  77.50
  1982           4     0.00015  0.00015  0.50   99510      15   99502  7613842  76.51
  1982           5     0.00013  0.00013  0.50   99495      13   99488  7514340  75.53
  1982           6     0.00012  0.00012  0.50   99481      12   99475  7414852  74.54
  1982           7     0.00013  0.00013  0.50   99469      12   99463  7315376  73.54
  1982           8     0.00013  0.00013  0.50   99457      13   99450  7215913  72.55
  1982           9     0.00013  0.00013  0.50   99444      13   99437  7116463  71.56
  1982          10     0.00012  0.00012  0.50   99430      12   99424  7017026  70.57
  1982          11     0.00010  0.00010  0.50   99419      10   99414  6917602  69.58
  1982          12     0.00009  0.00009  0.50   99409       9   99404  6818188  68.59
  1982          13     0.00010  0.00010  0.50   99400      10   99395  6718784  67.59
  1982          14     0.00015  0.00015  0.50   99390      15   99382  6619389  66.60
  1982          15     0.00023  0.00023  0.50   99374      23   99363  6520007  65.61
  1982          16     0.00032  0.00032  0.50   99351      32   99335  6420645  64.63
  1982          17     0.00039  0.00039  0.50   99319      39   99300  6321310  63.65
  1982          18     0.00042  0.00042  0.50   99280      42   99259  6222010  62.67
  1982          19     0.00041  0.00041  0.50   99238      41   99217  6122751  61.70
  1982          20     0.00037  0.00037  0.50   99197      36   99179  6023534  60.72
  1982          21     0.00033  0.00033  0.50   99161      32   99145  5924355  59.74
  1982          22     0.00032  0.00032  0.50   99128      32   99112  5825210  58.76
  1982          23     0.00036  0.00036  0.50   99096      36   99078  5726098  57.78
  1982          24     0.00042  0.00042  0.50   99060      42   99040  5627020  56.80
  1982          25     0.00048  0.00048  0.50   99019      48   98995  5527980  55.83
  1982          26     0.00053  0.00053  0.50   98971      53   98944  5428985  54.85
  1982          27     0.00058  0.00058  0.50   98918      57   98889  5330041  53.88
  1982          28     0.00060  0.00060  0.50   98861      59   98831  5231152  52.91
  1982          29     0.00058  0.00058  0.50   98801      57   98773  5132320  51.95
  1982          30     0.00055  0.00055  0.50   98744      54   98717  5033548  50.98
  1982          31     0.00054  0.00054  0.50   98690      54   98663  4934830  50.00
  1982          32     0.00057  0.00057  0.50   98637      56   98608  4836167  49.03
  1982          33     0.00063  0.00063  0.50   98580      62   98549  4737559  48.06
  1982          34     0.00069  0.00069  0.50   98519      68   98485  4639009  47.09
  1982          35     0.00074  0.00074  0.50   98451      73   98414  4540525  46.12
  1982          36     0.00076  0.00076  0.50   98377      74   98340  4442111  45.15
  1982          37     0.00073  0.00073  0.50   98303      72   98267  4343771  44.19
  1982          38     0.00073  0.00073  0.50   98231      72   98195  4245504  43.22
  1982          39     0.00081  0.00081  0.50   98159      80   98119  4147309  42.25
  1982          40     0.00097  0.00097  0.50   98079      95   98032  4049189  41.28
  1982          41     0.00119  0.00119  0.50   97984     116   97926  3951158  40.32
  1982          42     0.00147  0.00146  0.50   97868     143   97796  3853231  39.37
  1982          43     0.00171  0.00171  0.50   97725     167   97641  3755435  38.43
  1982          44     0.00185  0.00185  0.50   97557     181   97467  3657794  37.49
  1982          45     0.00191  0.00191  0.50   97377     186   97284  3560327  36.56
  1982          46     0.00197  0.00197  0.50   97191     191   97095  3463043  35.63
  1982          47     0.00217  0.00216  0.50   96999     210   96894  3365948  34.70
  1982          48     0.00244  0.00244  0.50   96789     236   96672  3269054  33.77
  1982          49     0.00268  0.00268  0.50   96554     259   96424  3172382  32.86
  1982          50     0.00284  0.00283  0.50   96295     273   96158  3075958  31.94
  1982          51     0.00287  0.00287  0.50   96022     275   95884  2979800  31.03
  1982          52     0.00286  0.00285  0.50   95747     273   95610  2883915  30.12
  1982          53     0.00288  0.00288  0.50   95473     275   95336  2788305  29.21
  1982          54     0.00303  0.00302  0.50   95199     288   95055  2692969  28.29
  1982          55     0.00326  0.00325  0.50   94911     309   94757  2597914  27.37
  1982          56     0.00354  0.00354  0.50   94602     335   94435  2503158  26.46
  1982          57     0.00390  0.00389  0.50   94267     367   94084  2408723  25.55
  1982          58     0.00436  0.00436  0.50   93900     409   93696  2314639  24.65
  1982          59     0.00494  0.00493  0.50   93491     461   93261  2220943  23.76
  1982          60     0.00557  0.00555  0.50   93030     517   92772  2127683  22.87
  1982          61     0.00617  0.00615  0.50   92513     569   92229  2034911  22.00
  1982          62     0.00680  0.00678  0.50   91944     623   91632  1942682  21.13
  1982          63     0.00753  0.00750  0.50   91321     685   90978  1851050  20.27
  1982          64     0.00846  0.00842  0.50   90636     763   90254  1760071  19.42
  1982          65     0.00964  0.00959  0.50   89872     862   89441  1669817  18.58
  1982          66     0.01093  0.01087  0.50   89010     968   88526  1580376  17.76
  1982          67     0.01214  0.01207  0.50   88042    1062   87511  1491850  16.94
  1982          68     0.01314  0.01305  0.50   86980    1135   86412  1404339  16.15
  1982          69     0.01410  0.01400  0.50   85844    1202   85243  1317927  15.35
  1982          70     0.01529  0.01517  0.50   84642    1284   84000  1232684  14.56
  1982          71     0.01699  0.01685  0.50   83358    1405   82656  1148683  13.78
  1982          72     0.01943  0.01924  0.50   81954    1577   81165  1066027  13.01
  1982          73     0.02276  0.02251  0.50   80377    1809   79472   984862  12.25
  1982          74     0.02704  0.02668  0.50   78568    2096   77520   905390  11.52
  1982          75     0.03227  0.03176  0.50   76472    2429   75258   827870  10.83
  1982          76     0.03843  0.03770  0.50   74043    2792   72648   752612  10.16
  1982          77     0.04510  0.04410  0.50   71252    3142   69681   679964   9.54
  1982          78     0.05188  0.05057  0.50   68110    3444   66388   610284   8.96
  1982          79     0.05871  0.05704  0.50   64665    3688   62821   543896   8.41
  1982          80     0.06569  0.06360  0.50   60977    3878   59038   481075   7.89
  1982          81     0.07322  0.07063  0.50   57099    4033   55083   422037   7.39
  1982          82     0.08170  0.07850  0.50   53066    4165   50983   366954   6.92
  1982          83     0.09122  0.08724  0.50   48901    4266   46768   315971   6.46
  1982          84     0.10182  0.09689  0.50   44635    4325   42472   269203   6.03
  1982          85     0.11359  0.10749  0.50   40310    4333   38144   226731   5.62
  1982          86     0.12658  0.11905  0.50   35977    4283   33836   188587   5.24
  1982          87     0.14084  0.13157  0.50   31694    4170   29609   154751   4.88
  1982          88     0.15641  0.14507  0.50   27524    3993   25528   125142   4.55
  1982          89     0.17336  0.15953  0.50   23531    3754   21654    99615   4.23
  1982          90     0.19172  0.17495  0.50   19777    3460   18047    77961   3.94
  1982          91     0.21151  0.19128  0.50   16317    3121   14757    59913   3.67
  1982          92     0.23275  0.20849  0.50   13196    2751   11820    45157   3.42
  1982          93     0.25543  0.22651  0.50   10445    2366    9262    33336   3.19
  1982          94     0.27951  0.24524  0.50    8079    1981    7088    24074   2.98
  1982          95     0.30493  0.26459  0.50    6098    1613    5291    16986   2.79
  1982          96     0.33158  0.28443  0.50    4484    1275    3847    11695   2.61
  1982          97     0.35936  0.30463  0.50    3209     978    2720     7848   2.45
  1982          98     0.38811  0.32504  0.50    2231     725    1869     5128   2.30
  1982          99     0.41766  0.34551  0.50    1506     520    1246     3260   2.16
  1982         100     0.44781  0.36589  0.50     986     361     805     2014   2.04
  1982         101     0.47832  0.38601  0.50     625     241     504     1208   1.93
  1982         102     0.50898  0.40573  0.50     384     156     306      704   1.83
  1982         103     0.53952  0.42490  0.50     228      97     180      398   1.75
  1982         104     0.56972  0.44341  0.50     131      58     102      218   1.66
  1982         105     0.59934  0.46115  0.50      73      34      56      116   1.59
  1982         106     0.62823  0.47806  0.50      39      19      30       60   1.53
  1982         107     0.65630  0.49414  0.50      21      10      15       30   1.47
  1982         108     0.68361  0.50947  0.50      10       5       8       15   1.42
  1982         109     0.71033  0.52416  0.50       5       3       4        7   1.37
  1982         110+    0.75224  1.00000  1.33       2       2       3        3   1.33
  1983           0     0.00563  0.00560  0.17  100000     560   99534  7986549  79.87
  1983           1     0.00088  0.00088  0.50   99440      87   99396  7887015  79.31
  1983           2     0.00070  0.00070  0.50   99352      70   99317  7787619  78.38
  1983           3     0.00051  0.00051  0.50   99283      51   99257  7688301  77.44
  1983           4     0.00033  0.00033  0.50   99231      33   99215  7589044  76.48
  1983           5     0.00018  0.00018  0.50   99199      18   99190  7489829  75.50
  1983           6     0.00008  0.00008  0.50   99181       8   99177  7390639  74.52
  1983           7     0.00005  0.00005  0.50   99173       5   99170  7291462  73.52
  1983           8     0.00007  0.00007  0.50   99168       7   99164  7192292  72.53
  1983           9     0.00010  0.00010  0.50   99161      10   99156  7093128  71.53
  1983          10     0.00012  0.00012  0.50   99151      12   99145  6993972  70.54
  1983          11     0.00014  0.00014  0.50   99139      14   99132  6894826  69.55
  1983          12     0.00015  0.00015  0.50   99126      15   99118  6795694  68.56
  1983          13     0.00015  0.00015  0.50   99110      15   99103  6696576  67.57
  1983          14     0.00015  0.00015  0.50   99095      15   99088  6597473  66.58
  1983          15     0.00017  0.00017  0.50   99080      17   99072  6498386  65.59
  1983          16     0.00019  0.00019  0.50   99064      19   99054  6399314  64.60
  1983          17     0.00021  0.00021  0.50   99045      20   99035  6300259  63.61
  1983          18     0.00020  0.00020  0.50   99024      20   99014  6201225  62.62
  1983          19     0.00018  0.00018  0.50   99004      18   98995  6102210  61.64
  1983          20     0.00016  0.00016  0.50   98986      16   98978  6003215  60.65
  1983          21     0.00016  0.00016  0.50   98970      15   98963  5904237  59.66
  1983          22     0.00016  0.00016  0.50   98955      16   98947  5805274  58.67
  1983          23     0.00021  0.00021  0.50   98939      21   98928  5706327  57.68
  1983          24     0.00030  0.00030  0.50   98918      30   98903  5607399  56.69
  1983          25     0.00041  0.00041  0.50   98888      40   98868  5508496  55.70
  1983          26     0.00049  0.00049  0.50   98848      49   98824  5409628  54.73
  1983          27     0.00055  0.00055  0.50   98799      54   98772  5310804  53.75
  1983          28     0.00059  0.00059  0.50   98745      58   98716  5212032  52.78
  1983          29     0.00064  0.00064  0.50   98687      63   98655  5113316  51.81
  1983          30     0.00065  0.00065  0.50   98624      64   98592  5014661  50.85
  1983          31     0.00064  0.00064  0.50   98560      63   98528  4916069  49.88
  1983          32     0.00065  0.00065  0.50   98497      64   98465  4817541  48.91
  1983          33     0.00070  0.00070  0.50   98433      69   98399  4719076  47.94
  1983          34     0.00077  0.00077  0.50   98364      76   98326  4620677  46.98
  1983          35     0.00083  0.00083  0.50   98289      81   98248  4522350  46.01
  1983          36     0.00084  0.00084  0.50   98207      82   98166  4424102  45.05
  1983          37     0.00085  0.00085  0.50   98125      84   98083  4325936  44.09
  1983          38     0.00092  0.00092  0.50   98042      90   97997  4227852  43.12
  1983          39     0.00106  0.00106  0.50   97952     103   97900  4129856  42.16
  1983          40     0.00126  0.00126  0.50   97848     123   97787  4031956  41.21
  1983          41     0.00149  0.00149  0.50   97725     146   97652  3934169  40.26
  1983          42     0.00169  0.00169  0.50   97579     164   97497  3836517  39.32
  1983          43     0.00186  0.00185  0.50   97415     181   97324  3739020  38.38
  1983          44     0.00203  0.00203  0.50   97234     197   97135  3641696  37.45
  1983          45     0.00216  0.00216  0.50   97037     210   96932  3544561  36.53
  1983          46     0.00221  0.00221  0.50   96827     214   96720  3447629  35.61
  1983          47     0.00218  0.00218  0.50   96613     211   96508  3350908  34.68
  1983          48     0.00220  0.00220  0.50   96403     212   96297  3254400  33.76
  1983          49     0.00238  0.00238  0.50   96190     229   96076  3158104  32.83
  1983          50     0.00268  0.00268  0.50   95962     257   95833  3062028  31.91
  1983          51     0.00303  0.00302  0.50   95705     289   95560  2966195  30.99
  1983          52     0.00324  0.00324  0.50   95415     309   95261  2870635  30.09
  1983          53     0.00322  0.00322  0.50   95107     306   94954  2775374  29.18
  1983          54     0.00319  0.00318  0.50   94801     302   94650  2680420  28.27
  1983          55     0.00327  0.00327  0.50   94499     309   94344  2585770  27.36
  1983          56     0.00354  0.00353  0.50   94190     333   94024  2491426  26.45
  1983          57     0.00396  0.00395  0.50   93857     371   93672  2397402  25.54
  1983          58     0.00449  0.00448  0.50   93486     419   93277  2303730  24.64
  1983          59     0.00508  0.00506  0.50   93067     471   92832  2210454  23.75
  1983          60     0.00567  0.00566  0.50   92596     524   92334  2117622  22.87
  1983          61     0.00628  0.00626  0.50   92072     576   91784  2025287  22.00
  1983          62     0.00703  0.00701  0.50   91496     641   91175  1933503  21.13
  1983          63     0.00803  0.00800  0.50   90855     727   90491  1842328  20.28
  1983          64     0.00916  0.00912  0.50   90128     822   89717  1751836  19.44
  1983          65     0.01022  0.01017  0.50   89306     908   88852  1662119  18.61
  1983          66     0.01105  0.01099  0.50   88398     972   87912  1573267  17.80
  1983          67     0.01179  0.01172  0.50   87426    1025   86914  1485355  16.99
  1983          68     0.01263  0.01255  0.50   86402    1084   85860  1398441  16.19
  1983          69     0.01375  0.01366  0.50   85318    1165   84735  1312581  15.38
  1983          70     0.01537  0.01526  0.50   84153    1284   83511  1227846  14.59
  1983          71     0.01781  0.01766  0.50   82869    1463   82137  1144335  13.81
  1983          72     0.02110  0.02088  0.50   81406    1699   80556  1062198  13.05
  1983          73     0.02513  0.02482  0.50   79706    1978   78717   981642  12.32
  1983          74     0.02969  0.02926  0.50   77728    2274   76591   902924  11.62
  1983          75     0.03433  0.03375  0.50   75454    2546   74180   826334  10.95
  1983          76     0.03831  0.03759  0.50   72907    2741   71537   752153  10.32
  1983          77     0.04227  0.04140  0.50   70166    2905   68714   680617   9.70
  1983          78     0.04705  0.04597  0.50   67262    3092   65716   611902   9.10
  1983          79     0.05287  0.05151  0.50   64170    3306   62517   546186   8.51
  1983          80     0.05980  0.05807  0.50   60865    3534   59097   483669   7.95
  1983          81     0.06781  0.06559  0.50   57330    3760   55450   424572   7.41
  1983          82     0.07690  0.07405  0.50   53570    3967   51587   369121   6.89
  1983          83     0.08721  0.08357  0.50   49603    4145   47531   317535   6.40
  1983          84     0.09883  0.09418  0.50   45458    4281   43317   270004   5.94
  1983          85     0.11183  0.10591  0.50   41177    4361   38996   226687   5.51
  1983          86     0.12631  0.11881  0.50   36816    4374   34629   187691   5.10
  1983          87     0.14236  0.13290  0.50   32442    4311   30286   153062   4.72
  1983          88     0.16006  0.14820  0.50   28130    4169   26046   122776   4.36
  1983          89     0.17950  0.16472  0.50   23961    3947   21988    96730   4.04
  1983          90     0.20073  0.18242  0.50   20014    3651   18189    74742   3.73
  1983          91     0.22378  0.20126  0.50   16363    3293   14717    56554   3.46
  1983          92     0.24865  0.22115  0.50   13070    2890   11625    41837   3.20
  1983          93     0.27530  0.24199  0.50   10180    2463    8948    30212   2.97
  1983          94     0.30363  0.26361  0.50    7716    2034    6699    21264   2.76
  1983          95     0.33354  0.28587  0.50    5682    1624    4870    14565   2.56
  1983          96     0.36484  0.30855  0.50    4058    1252    3432     9695   2.39
  1983          97     0.39733  0.33147  0.50    2806     930    2341     6263   2.23
  1983          98     0.43073  0.35441  0.50    1876     665    1543     3923   2.09
  1983          99     0.46479  0.37714  0.50    1211     457     983     2379   1.96
  1983         100     0.49917  0.39947  0.50     754     301     604     1397   1.85
  1983         101     0.53356  0.42119  0.50     453     191     358      793   1.75
  1983         102     0.56762  0.44214  0.50     262     116     204      436   1.66
  1983         103     0.60102  0.46214  0.50     146      68     112      231   1.58
  1983         104     0.63346  0.48108  0.50      79      38      60      119   1.51
  1983         105     0.66464  0.49886  0.50      41      20      31       59   1.45
  1983         106     0.69439  0.51543  0.50      20      11      15       29   1.39
  1983         107     0.72260  0.53082  0.50      10       5       7       13   1.35
  1983         108     0.74943  0.54515  0.50       5       3       3        6   1.30
  1983         109     0.77518  0.55865  0.50       2       1       2        3   1.26
  1983         110+    0.81219  1.00000  1.23       1       1       1        1   1.23
  1984           0     0.00358  0.00357  0.19  100000     357   99712  8066745  80.67
  1984           1     0.00051  0.00051  0.50   99643      51   99618  7967033  79.96
  1984           2     0.00030  0.00030  0.50   99592      30   99578  7867416  79.00
  1984           3     0.00016  0.00016  0.50   99563      16   99555  7767838  78.02
  1984           4     0.00009  0.00009  0.50   99547       9   99543  7668283  77.03
  1984           5     0.00007  0.00007  0.50   99538       7   99535  7568740  76.04
  1984           6     0.00009  0.00009  0.50   99531       9   99526  7469205  75.04
  1984           7     0.00013  0.00013  0.50   99522      13   99515  7369679  74.05
  1984           8     0.00018  0.00018  0.50   99509      18   99500  7270164  73.06
  1984           9     0.00022  0.00022  0.50   99491      22   99480  7170664  72.07
  1984          10     0.00024  0.00024  0.50   99469      23   99458  7071184  71.09
  1984          11     0.00022  0.00022  0.50   99446      22   99435  6971726  70.11
  1984          12     0.00017  0.00017  0.50   99424      17   99416  6872291  69.12
  1984          13     0.00014  0.00014  0.50   99408      14   99401  6772875  68.13
  1984          14     0.00015  0.00015  0.50   99394      15   99387  6673474  67.14
  1984          15     0.00019  0.00019  0.50   99379      19   99370  6574087  66.15
  1984          16     0.00023  0.00023  0.50   99360      23   99349  6474717  65.16
  1984          17     0.00024  0.00024  0.50   99337      24   99325  6375369  64.18
  1984          18     0.00023  0.00023  0.50   99313      23   99302  6276043  63.19
  1984          19     0.00022  0.00022  0.50   99291      22   99280  6176741  62.21
  1984          20     0.00023  0.00023  0.50   99269      23   99258  6077462  61.22
  1984          21     0.00027  0.00027  0.50   99246      27   99233  5978204  60.24
  1984          22     0.00035  0.00035  0.50   99219      35   99202  5878972  59.25
  1984          23     0.00045  0.00045  0.50   99184      44   99162  5779770  58.27
  1984          24     0.00054  0.00054  0.50   99140      54   99113  5680608  57.30
  1984          25     0.00061  0.00061  0.50   99086      61   99056  5581495  56.33
  1984          26     0.00064  0.00064  0.50   99026      64   98994  5482439  55.36
  1984          27     0.00064  0.00064  0.50   98962      64   98930  5383445  54.40
  1984          28     0.00066  0.00066  0.50   98898      65   98866  5284515  53.43
  1984          29     0.00074  0.00074  0.50   98833      73   98796  5185650  52.47
  1984          30     0.00086  0.00086  0.50   98759      85   98717  5086853  51.51
  1984          31     0.00096  0.00095  0.50   98675      94   98628  4988136  50.55
  1984          32     0.00099  0.00099  0.50   98581      97   98532  4889509  49.60
  1984          33     0.00098  0.00098  0.50   98483      97   98435  4790977  48.65
  1984          34     0.00096  0.00096  0.50   98386      95   98339  4692542  47.70
  1984          35     0.00094  0.00094  0.50   98292      93   98246  4594203  46.74
  1984          36     0.00092  0.00092  0.50   98199      91   98154  4495958  45.78
  1984          37     0.00088  0.00088  0.50   98108      86   98065  4397804  44.83
  1984          38     0.00086  0.00086  0.50   98022      84   97980  4299738  43.86
  1984          39     0.00092  0.00092  0.50   97938      90   97893  4201758  42.90
  1984          40     0.00104  0.00104  0.50   97848     102   97797  4103865  41.94
  1984          41     0.00119  0.00118  0.50   97746     116   97688  4006068  40.98
  1984          42     0.00131  0.00131  0.50   97630     128   97566  3908380  40.03
  1984          43     0.00139  0.00139  0.50   97503     136   97435  3810814  39.08
  1984          44     0.00143  0.00143  0.50   97367     140   97297  3713379  38.14
  1984          45     0.00148  0.00148  0.50   97228     144   97156  3616082  37.19
  1984          46     0.00157  0.00157  0.50   97084     152   97008  3518926  36.25
  1984          47     0.00169  0.00169  0.50   96932     164   96850  3421918  35.30
  1984          48     0.00179  0.00179  0.50   96768     173   96682  3325068  34.36
  1984          49     0.00184  0.00184  0.50   96595     178   96506  3228386  33.42
  1984          50     0.00192  0.00192  0.50   96417     185   96325  3131880  32.48
  1984          51     0.00208  0.00208  0.50   96232     200   96132  3035556  31.54
  1984          52     0.00234  0.00234  0.50   96032     225   95920  2939423  30.61
  1984          53     0.00268  0.00267  0.50   95807     256   95679  2843504  29.68
  1984          54     0.00301  0.00301  0.50   95551     287   95407  2747824  28.76
  1984          55     0.00331  0.00331  0.50   95264     315   95106  2652417  27.84
  1984          56     0.00357  0.00357  0.50   94949     339   94779  2557311  26.93
  1984          57     0.00388  0.00387  0.50   94610     366   94427  2462531  26.03
  1984          58     0.00431  0.00430  0.50   94244     405   94041  2368105  25.13
  1984          59     0.00480  0.00479  0.50   93838     450   93614  2274064  24.23
  1984          60     0.00531  0.00530  0.50   93389     495   93142  2180450  23.35
  1984          61     0.00580  0.00578  0.50   92894     537   92625  2087309  22.47
  1984          62     0.00626  0.00624  0.50   92357     576   92069  1994683  21.60
  1984          63     0.00671  0.00668  0.50   91781     614   91474  1902614  20.73
  1984          64     0.00730  0.00727  0.50   91167     663   90836  1811140  19.87
  1984          65     0.00824  0.00820  0.50   90504     742   90133  1720305  19.01
  1984          66     0.00967  0.00962  0.50   89762     864   89330  1630172  18.16
  1984          67     0.01131  0.01124  0.50   88898     999   88398  1540842  17.33
  1984          68     0.01280  0.01272  0.50   87899    1118   87340  1452444  16.52
  1984          69     0.01400  0.01391  0.50   86781    1207   86177  1365104  15.73
  1984          70     0.01498  0.01487  0.50   85574    1272   84938  1278927  14.95
  1984          71     0.01627  0.01614  0.50   84302    1361   83621  1193989  14.16
  1984          72     0.01809  0.01793  0.50   82941    1487   82197  1110368  13.39
  1984          73     0.02054  0.02033  0.50   81454    1656   80626  1028170  12.62
  1984          74     0.02372  0.02345  0.50   79798    1871   78863   947544  11.87
  1984          75     0.02769  0.02731  0.50   77927    2129   76863   868681  11.15
  1984          76     0.03223  0.03172  0.50   75799    2404   74597   791818  10.45
  1984          77     0.03748  0.03679  0.50   73395    2700   72045   717222   9.77
  1984          78     0.04372  0.04278  0.50   70694    3024   69182   645177   9.13
  1984          79     0.05111  0.04984  0.50   67670    3373   65984   575995   8.51
  1984          80     0.05973  0.05799  0.50   64297    3729   62433   510011   7.93
  1984          81     0.06916  0.06685  0.50   60568    4049   58544   447579   7.39
  1984          82     0.07904  0.07604  0.50   56520    4298   54371   389035   6.88
  1984          83     0.08955  0.08571  0.50   52222    4476   49984   334664   6.41
  1984          84     0.10094  0.09609  0.50   47746    4588   45452   284680   5.96
  1984          85     0.11342  0.10733  0.50   43158    4632   40842   239228   5.54
  1984          86     0.12717  0.11956  0.50   38526    4606   36223   198386   5.15
  1984          87     0.14234  0.13288  0.50   33920    4507   31666   162163   4.78
  1984          88     0.15902  0.14730  0.50   29412    4333   27246   130497   4.44
  1984          89     0.17727  0.16284  0.50   25080    4084   23038   103251   4.12
  1984          90     0.19715  0.17946  0.50   20996    3768   19112    80213   3.82
  1984          91     0.21867  0.19712  0.50   17228    3396   15530    61101   3.55
  1984          92     0.24183  0.21574  0.50   13832    2984   12340    45571   3.29
  1984          93     0.26660  0.23524  0.50   10848    2552    9572    33231   3.06
  1984          94     0.29292  0.25550  0.50    8296    2120    7236    23659   2.85
  1984          95     0.32070  0.27638  0.50    6176    1707    5323    16423   2.66
  1984          96     0.34980  0.29773  0.50    4469    1331    3804    11100   2.48
  1984          97     0.38007  0.31938  0.50    3139    1002    2637     7296   2.32
  1984          98     0.41129  0.34114  0.50    2136     729    1772     4659   2.18
  1984          99     0.44324  0.36283  0.50    1407     511    1152     2887   2.05
  1984         100     0.47567  0.38427  0.50     897     345     725     1735   1.93
  1984         101     0.50830  0.40529  0.50     552     224     440     1010   1.83
  1984         102     0.54084  0.42572  0.50     328     140     258      570   1.74
  1984         103     0.57301  0.44540  0.50     189      84     147      312   1.65
  1984         104     0.60452  0.46421  0.50     105      49      80      165   1.58
  1984         105     0.63511  0.48204  0.50      56      27      43       85   1.51
  1984         106     0.66459  0.49883  0.50      29      14      22       42   1.45
  1984         107     0.69285  0.51459  0.50      15       7      11       20   1.40
  1984         108     0.72000  0.52941  0.50       7       4       5       10   1.35
  1984         109     0.74625  0.54347  0.50       3       2       2        4   1.31
  1984         110+    0.78562  1.00000  1.27       2       2       2        2   1.27
  1985           0     0.00654  0.00651  0.16  100000     651   99453  8048184  80.48
  1985           1     0.00082  0.00082  0.50   99349      81   99309  7948731  80.01
  1985           2     0.00061  0.00061  0.50   99268      61   99238  7849422  79.07
  1985           3     0.00044  0.00044  0.50   99207      44   99186  7750185  78.12
  1985           4     0.00031  0.00031  0.50   99164      31   99148  7650999  77.16
  1985           5     0.00022  0.00022  0.50   99133      21   99122  7551851  76.18
  1985           6     0.00015  0.00015  0.50   99111      14   99104  7452729  75.20
  1985           7     0.00009  0.00009  0.50   99097       9   99092  7353624  74.21
  1985           8     0.00007  0.00007  0.50   99088       7   99084  7254532  73.21
  1985           9     0.00007  0.00007  0.50   99081       7   99077  7155448  72.22
  1985          10     0.00008  0.00008  0.50   99074       8   99070  7056370  71.22
  1985          11     0.00010  0.00010  0.50   99066      10   99061  6957300  70.23
  1985          12     0.00011  0.00011  0.50   99057      11   99051  6858239  69.24
  1985          13     0.00011  0.00011  0.50   99046      11   99040  6759188  68.24
  1985          14     0.00011  0.00011  0.50   99035      10   99030  6660147  67.25
  1985          15     0.00011  0.00011  0.50   99025      11   99019  6561117  66.26
  1985          16     0.00014  0.00014  0.50   99013      14   99006  6462098  65.26
  1985          17     0.00021  0.00021  0.50   98999      21   98989  6363092  64.27
  1985          18     0.00031  0.00031  0.50   98978      31   98963  6264103  63.29
  1985          19     0.00044  0.00044  0.50   98948      43   98926  6165140  62.31
  1985          20     0.00056  0.00056  0.50   98904      55   98877  6066214  61.33
  1985          21     0.00065  0.00065  0.50   98849      64   98817  5967338  60.37
  1985          22     0.00069  0.00069  0.50   98785      68   98751  5868521  59.41
  1985          23     0.00068  0.00068  0.50   98717      67   98683  5769770  58.45
  1985          24     0.00063  0.00063  0.50   98650      62   98619  5671087  57.49
  1985          25     0.00054  0.00054  0.50   98588      53   98561  5572468  56.52
  1985          26     0.00045  0.00045  0.50   98535      44   98512  5473907  55.55
  1985          27     0.00037  0.00037  0.50   98490      36   98472  5375394  54.58
  1985          28     0.00033  0.00033  0.50   98454      33   98438  5276922  53.60
  1985          29     0.00036  0.00036  0.50   98421      35   98404  5178484  52.62
  1985          30     0.00042  0.00042  0.50   98386      41   98366  5080081  51.63
  1985          31     0.00049  0.00049  0.50   98345      49   98321  4981715  50.66
  1985          32     0.00057  0.00057  0.50   98296      56   98269  4883394  49.68
  1985          33     0.00064  0.00064  0.50   98241      63   98209  4785126  48.71
  1985          34     0.00073  0.00073  0.50   98178      71   98142  4686916  47.74
  1985          35     0.00085  0.00085  0.50   98106      84   98065  4588774  46.77
  1985          36     0.00102  0.00102  0.50   98023     100   97973  4490710  45.81
  1985          37     0.00114  0.00114  0.50   97923     112   97867  4392737  44.86
  1985          38     0.00120  0.00120  0.50   97812     117   97753  4294869  43.91
  1985          39     0.00118  0.00118  0.50   97695     115   97637  4197116  42.96
  1985          40     0.00112  0.00112  0.50   97579     109   97525  4099479  42.01
  1985          41     0.00103  0.00103  0.50   97470     101   97420  4001955  41.06
  1985          42     0.00097  0.00097  0.50   97370      95   97322  3904535  40.10
  1985          43     0.00100  0.00100  0.50   97275      98   97226  3807212  39.14
  1985          44     0.00118  0.00118  0.50   97177     114   97120  3709986  38.18
  1985          45     0.00143  0.00143  0.50   97063     139   96994  3612866  37.22
  1985          46     0.00170  0.00170  0.50   96924     165   96842  3515872  36.27
  1985          47     0.00197  0.00197  0.50   96759     190   96664  3419030  35.34
  1985          48     0.00221  0.00220  0.50   96569     213   96463  3322366  34.40
  1985          49     0.00238  0.00238  0.50   96356     229   96242  3225904  33.48
  1985          50     0.00251  0.00251  0.50   96127     241   96007  3129662  32.56
  1985          51     0.00262  0.00262  0.50   95886     251   95761  3033655  31.64
  1985          52     0.00271  0.00270  0.50   95635     259   95506  2937894  30.72
  1985          53     0.00279  0.00279  0.50   95377     266   95244  2842388  29.80
  1985          54     0.00294  0.00294  0.50   95111     279   94972  2747144  28.88
  1985          55     0.00320  0.00319  0.50   94832     303   94681  2652173  27.97
  1985          56     0.00357  0.00356  0.50   94529     337   94361  2557492  27.05
  1985          57     0.00402  0.00401  0.50   94193     378   94004  2463131  26.15
  1985          58     0.00449  0.00448  0.50   93815     420   93605  2369127  25.25
  1985          59     0.00493  0.00492  0.50   93395     460   93165  2275522  24.36
  1985          60     0.00536  0.00534  0.50   92935     496   92687  2182357  23.48
  1985          61     0.00577  0.00576  0.50   92439     532   92173  2089670  22.61
  1985          62     0.00619  0.00618  0.50   91907     568   91623  1997498  21.73
  1985          63     0.00663  0.00661  0.50   91339     604   91037  1905875  20.87
  1985          64     0.00717  0.00715  0.50   90735     648   90411  1814838  20.00
  1985          65     0.00790  0.00787  0.50   90087     709   89732  1724427  19.14
  1985          66     0.00892  0.00888  0.50   89377     794   88980  1634695  18.29
  1985          67     0.01023  0.01018  0.50   88583     902   88132  1545715  17.45
  1985          68     0.01177  0.01170  0.50   87681    1026   87168  1457583  16.62
  1985          69     0.01338  0.01329  0.50   86655    1152   86079  1370414  15.81
  1985          70     0.01497  0.01486  0.50   85503    1271   84868  1284335  15.02
  1985          71     0.01690  0.01676  0.50   84233    1412   83527  1199467  14.24
  1985          72     0.01933  0.01914  0.50   82821    1585   82028  1115940  13.47
  1985          73     0.02229  0.02204  0.50   81236    1790   80340  1033912  12.73
  1985          74     0.02558  0.02526  0.50   79445    2007   78442   953572  12.00
  1985          75     0.02915  0.02873  0.50   77439    2225   76326   875130  11.30
  1985          76     0.03345  0.03290  0.50   75214    2474   73976   798804  10.62
  1985          77     0.03822  0.03751  0.50   72739    2728   71375   724828   9.96
  1985          78     0.04317  0.04226  0.50   70011    2958   68532   653452   9.33
  1985          79     0.04871  0.04756  0.50   67053    3189   65458   584921   8.72
  1985          80     0.05537  0.05388  0.50   63864    3441   62143   519462   8.13
  1985          81     0.06324  0.06130  0.50   60423    3704   58571   457319   7.57
  1985          82     0.07233  0.06981  0.50   56719    3959   54739   398748   7.03
  1985          83     0.08265  0.07937  0.50   52759    4188   50666   344009   6.52
  1985          84     0.09428  0.09004  0.50   48572    4373   46385   293343   6.04
  1985          85     0.10731  0.10185  0.50   44199    4501   41948   246958   5.59
  1985          86     0.12186  0.11486  0.50   39697    4560   37417   205010   5.16
  1985          87     0.13806  0.12914  0.50   35137    4538   32868   167593   4.77
  1985          88     0.15601  0.14472  0.50   30600    4428   28385   134725   4.40
  1985          89     0.17582  0.16161  0.50   26171    4229   24056   106340   4.06
  1985          90     0.19754  0.17978  0.50   21942    3945   19969    82283   3.75
  1985          91     0.22122  0.19919  0.50   17997    3585   16204    62314   3.46
  1985          92     0.24686  0.21974  0.50   14412    3167   12829    46110   3.20
  1985          93     0.27442  0.24131  0.50   11245    2714    9888    33281   2.96
  1985          94     0.30379  0.26373  0.50    8532    2250    7407    23393   2.74
  1985          95     0.33486  0.28683  0.50    6282    1802    5381    15986   2.54
  1985          96     0.36741  0.31039  0.50    4480    1390    3785    10605   2.37
  1985          97     0.40121  0.33417  0.50    3089    1032    2573     6821   2.21
  1985          98     0.43596  0.35794  0.50    2057     736    1689     4248   2.06
  1985          99     0.47136  0.38146  0.50    1321     504    1069     2559   1.94
  1985         100     0.50705  0.40450  0.50     817     330     652     1490   1.82
  1985         101     0.54264  0.42683  0.50     486     208     383      838   1.72
  1985         102     0.57779  0.44828  0.50     279     125     216      456   1.63
  1985         103     0.61212  0.46868  0.50     154      72     118      239   1.55
  1985         104     0.64530  0.48788  0.50      82      40      62      121   1.49
  1985         105     0.67705  0.50582  0.50      42      21      31       60   1.42
  1985         106     0.70720  0.52246  0.50      21      11      15       28   1.37
  1985         107     0.73570  0.53785  0.50      10       5       7       13   1.32
  1985         108     0.76275  0.55217  0.50       5       3       3        6   1.28
  1985         109     0.78870  0.56564  0.50       2       1       1        3   1.24
  1985         110+    0.82454  1.00000  1.21       1       1       1        1   1.21
  1986           0     0.00353  0.00352  0.19  100000     352   99717  8124190  81.24
  1986           1     0.00045  0.00045  0.50   99648      44   99626  8024473  80.53
  1986           2     0.00031  0.00031  0.50   99604      31   99588  7924847  79.56
  1986           3     0.00023  0.00023  0.50   99573      23   99561  7825259  78.59
  1986           4     0.00020  0.00020  0.50   99549      20   99539  7725698  77.61
  1986           5     0.00020  0.00020  0.50   99529      20   99519  7626159  76.62
  1986           6     0.00019  0.00019  0.50   99510      19   99500  7526639  75.64
  1986           7     0.00017  0.00017  0.50   99490      17   99482  7427139  74.65
  1986           8     0.00015  0.00015  0.50   99473      15   99466  7327657  73.66
  1986           9     0.00013  0.00013  0.50   99458      13   99451  7228192  72.68
  1986          10     0.00011  0.00011  0.50   99445      10   99440  7128740  71.69
  1986          11     0.00008  0.00008  0.50   99434       8   99431  7029301  70.69
  1986          12     0.00006  0.00006  0.50   99427       6   99424  6929870  69.70
  1986          13     0.00007  0.00007  0.50   99420       7   99417  6830446  68.70
  1986          14     0.00011  0.00011  0.50   99413      11   99408  6731030  67.71
  1986          15     0.00017  0.00017  0.50   99402      17   99394  6631622  66.71
  1986          16     0.00022  0.00022  0.50   99386      22   99375  6532228  65.73
  1986          17     0.00027  0.00027  0.50   99364      27   99350  6432853  64.74
  1986          18     0.00032  0.00032  0.50   99337      32   99321  6333503  63.76
  1986          19     0.00039  0.00039  0.50   99305      39   99285  6234182  62.78
  1986          20     0.00046  0.00046  0.50   99266      46   99243  6134897  61.80
  1986          21     0.00048  0.00048  0.50   99220      48   99196  6035654  60.83
  1986          22     0.00043  0.00043  0.50   99172      42   99151  5936458  59.86
  1986          23     0.00036  0.00036  0.50   99130      36   99112  5837307  58.89
  1986          24     0.00037  0.00037  0.50   99094      37   99076  5738195  57.91
  1986          25     0.00042  0.00042  0.50   99057      42   99036  5639119  56.93
  1986          26     0.00048  0.00048  0.50   99015      48   98992  5540083  55.95
  1986          27     0.00051  0.00051  0.50   98968      51   98942  5441091  54.98
  1986          28     0.00052  0.00052  0.50   98917      52   98891  5342149  54.01
  1986          29     0.00052  0.00052  0.50   98865      52   98839  5243258  53.03
  1986          30     0.00051  0.00051  0.50   98814      50   98789  5144418  52.06
  1986          31     0.00051  0.00051  0.50   98764      50   98738  5045630  51.09
  1986          32     0.00056  0.00056  0.50   98713      55   98685  4946891  50.11
  1986          33     0.00064  0.00064  0.50   98658      63   98626  4848206  49.14
  1986          34     0.00072  0.00072  0.50   98595      71   98560  4749580  48.17
  1986          35     0.00080  0.00080  0.50   98524      79   98485  4651020  47.21
  1986          36     0.00090  0.00090  0.50   98446      89   98401  4552535  46.24
  1986          37     0.00103  0.00103  0.50   98357     101   98306  4454134  45.29
  1986          38     0.00112  0.00112  0.50   98255     110   98201  4355828  44.33
  1986          39     0.00113  0.00113  0.50   98146     111   98090  4257627  43.38
  1986          40     0.00113  0.00113  0.50   98035     110   97980  4159537  42.43
  1986          41     0.00118  0.00118  0.50   97924     115   97867  4061557  41.48
  1986          42     0.00130  0.00129  0.50   97809     127   97746  3963691  40.52
  1986          43     0.00143  0.00143  0.50   97683     140   97613  3865945  39.58
  1986          44     0.00154  0.00154  0.50   97543     150   97467  3768332  38.63
  1986          45     0.00161  0.00161  0.50   97392     157   97314  3670864  37.69
  1986          46     0.00164  0.00164  0.50   97236     160   97156  3573551  36.75
  1986          47     0.00166  0.00166  0.50   97076     161   96996  3476395  35.81
  1986          48     0.00170  0.00170  0.50   96915     165   96833  3379399  34.87
  1986          49     0.00180  0.00180  0.50   96750     174   96663  3282567  33.93
  1986          50     0.00199  0.00199  0.50   96576     192   96480  3185903  32.99
  1986          51     0.00229  0.00229  0.50   96384     221   96274  3089423  32.05
  1986          52     0.00262  0.00262  0.50   96163     252   96037  2993149  31.13
  1986          53     0.00288  0.00288  0.50   95911     276   95773  2897112  30.21
  1986          54     0.00308  0.00307  0.50   95635     294   95488  2801339  29.29
  1986          55     0.00327  0.00327  0.50   95341     312   95186  2705850  28.38
  1986          56     0.00354  0.00354  0.50   95030     336   94862  2610665  27.47
  1986          57     0.00386  0.00385  0.50   94694     364   94511  2515803  26.57
  1986          58     0.00417  0.00416  0.50   94329     392   94133  2421291  25.67
  1986          59     0.00452  0.00451  0.50   93937     424   93725  2327158  24.77
  1986          60     0.00493  0.00492  0.50   93513     460   93283  2233433  23.88
  1986          61     0.00542  0.00541  0.50   93053     503   92802  2140150  23.00
  1986          62     0.00598  0.00597  0.50   92550     552   92274  2047348  22.12
  1986          63     0.00660  0.00658  0.50   91998     605   91695  1955074  21.25
  1986          64     0.00718  0.00715  0.50   91393     654   91066  1863379  20.39
  1986          65     0.00769  0.00766  0.50   90739     695   90392  1772313  19.53
  1986          66     0.00833  0.00829  0.50   90044     747   89671  1681921  18.68
  1986          67     0.00914  0.00910  0.50   89298     813   88891  1592250  17.83
  1986          68     0.01013  0.01008  0.50   88485     892   88039  1503359  16.99
  1986          69     0.01136  0.01129  0.50   87593     989   87098  1415320  16.16
  1986          70     0.01292  0.01284  0.50   86604    1112   86048  1328222  15.34
  1986          71     0.01494  0.01483  0.50   85492    1267   84858  1242174  14.53
  1986          72     0.01739  0.01724  0.50   84224    1452   83498  1157316  13.74
  1986          73     0.02024  0.02004  0.50   82772    1658   81943  1073818  12.97
  1986          74     0.02352  0.02324  0.50   81114    1885   80171   991874  12.23
  1986          75     0.02734  0.02697  0.50   79229    2137   78160   911703  11.51
  1986          76     0.03195  0.03145  0.50   77092    2424   75880   833543  10.81
  1986          77     0.03733  0.03664  0.50   74668    2736   73300   757663  10.15
  1986          78     0.04334  0.04242  0.50   71932    3051   70406   684363   9.51
  1986          79     0.04980  0.04859  0.50   68881    3347   67207   613957   8.91
  1986          80     0.05657  0.05501  0.50   65534    3605   63731   546750   8.34
  1986          81     0.06390  0.06192  0.50   61929    3835   60011   483018   7.80
  1986          82     0.07209  0.06958  0.50   58094    4042   56073   423007   7.28
  1986          83     0.08126  0.07809  0.50   54052    4221   51941   366934   6.79
  1986          84     0.09154  0.08753  0.50   49831    4362   47650   314993   6.32
  1986          85     0.10301  0.09796  0.50   45469    4454   43242   267343   5.88
  1986          86     0.11576  0.10943  0.50   41015    4488   38771   224102   5.46
  1986          87     0.12987  0.12195  0.50   36527    4455   34299   185331   5.07
  1986          88     0.14543  0.13557  0.50   32072    4348   29898   151031   4.71
  1986          89     0.16249  0.15028  0.50   27724    4166   25641   121133   4.37
  1986          90     0.18114  0.16609  0.50   23558    3913   21601    95492   4.05
  1986          91     0.20139  0.18297  0.50   19645    3594   17848    73891   3.76
  1986          92     0.22330  0.20087  0.50   16050    3224   14438    56044   3.49
  1986          93     0.24685  0.21973  0.50   12826    2818   11417    41605   3.24
  1986          94     0.27200  0.23944  0.50   10008    2396    8810    30188   3.02
  1986          95     0.29870  0.25989  0.50    7612    1978    6623    21378   2.81
  1986          96     0.32684  0.28093  0.50    5633    1583    4842    14756   2.62
  1986          97     0.35628  0.30241  0.50    4051    1225    3438     9913   2.45
  1986          98     0.38684  0.32415  0.50    2826     916    2368     6475   2.29
  1986          99     0.41832  0.34596  0.50    1910     661    1579     4107   2.15
  1986         100     0.45049  0.36767  0.50    1249     459    1019     2528   2.02
  1986         101     0.48306  0.38908  0.50     790     307     636     1508   1.91
  1986         102     0.51577  0.41003  0.50     483     198     384      872   1.81
  1986         103     0.54832  0.43034  0.50     285     123     223      488   1.72
  1986         104     0.58041  0.44986  0.50     162      73     126      265   1.63
  1986         105     0.61177  0.46847  0.50      89      42      68      139   1.56
  1986         106     0.64217  0.48609  0.50      47      23      36       71   1.50
  1986         107     0.67145  0.50269  0.50      24      12      18       35   1.44
  1986         108     0.69968  0.51835  0.50      12       6       9       17   1.39
  1986         109     0.72705  0.53321  0.50       6       3       4        8   1.34
  1986         110+    0.76921  1.00000  1.30       3       3       4        4   1.30
  1987           0     0.00440  0.00438  0.18  100000     438   99642  8202701  82.03
  1987           1     0.00037  0.00037  0.50   99562      37   99543  8103059  81.39
  1987           2     0.00029  0.00029  0.50   99525      29   99510  8003515  80.42
  1987           3     0.00023  0.00023  0.50   99496      23   99484  7904005  79.44
  1987           4     0.00019  0.00019  0.50   99473      19   99463  7804521  78.46
  1987           5     0.00016  0.00016  0.50   99454      16   99446  7705057  77.47
  1987           6     0.00011  0.00011  0.50   99438      11   99432  7605612  76.49
  1987           7     0.00006  0.00006  0.50   99427       6   99424  7506179  75.49
  1987           8     0.00002  0.00002  0.50   99421       2   99420  7406755  74.50
  1987           9     0.00002  0.00002  0.50   99419       2   99418  7307336  73.50
  1987          10     0.00006  0.00006  0.50   99416       6   99413  7207918  72.50
  1987          11     0.00012  0.00012  0.50   99410      12   99404  7108505  71.51
  1987          12     0.00019  0.00019  0.50   99398      19   99389  7009101  70.52
  1987          13     0.00022  0.00022  0.50   99379      22   99369  6909712  69.53
  1987          14     0.00023  0.00023  0.50   99358      23   99346  6810343  68.54
  1987          15     0.00025  0.00025  0.50   99335      25   99322  6710997  67.56
  1987          16     0.00028  0.00028  0.50   99309      28   99295  6611675  66.58
  1987          17     0.00030  0.00030  0.50   99282      30   99267  6512380  65.60
  1987          18     0.00031  0.00031  0.50   99251      30   99236  6413113  64.61
  1987          19     0.00030  0.00030  0.50   99221      29   99206  6313877  63.63
  1987          20     0.00033  0.00033  0.50   99192      33   99175  6214670  62.65
  1987          21     0.00040  0.00040  0.50   99159      40   99139  6115495  61.67
  1987          22     0.00047  0.00047  0.50   99119      47   99096  6016356  60.70
  1987          23     0.00048  0.00048  0.50   99072      48   99048  5917261  59.73
  1987          24     0.00042  0.00042  0.50   99025      41   99004  5818212  58.76
  1987          25     0.00035  0.00035  0.50   98983      35   98966  5719208  57.78
  1987          26     0.00031  0.00031  0.50   98949      31   98933  5620242  56.80
  1987          27     0.00033  0.00033  0.50   98918      32   98901  5521309  55.82
  1987          28     0.00039  0.00039  0.50   98885      39   98866  5422408  54.84
  1987          29     0.00049  0.00049  0.50   98846      49   98822  5323542  53.86
  1987          30     0.00054  0.00054  0.50   98798      53   98771  5224720  52.88
  1987          31     0.00054  0.00054  0.50   98745      53   98718  5125949  51.91
  1987          32     0.00052  0.00052  0.50   98692      51   98666  5027230  50.94
  1987          33     0.00046  0.00046  0.50   98641      46   98618  4928564  49.96
  1987          34     0.00038  0.00038  0.50   98595      37   98577  4829946  48.99
  1987          35     0.00034  0.00034  0.50   98558      33   98541  4731370  48.01
  1987          36     0.00041  0.00041  0.50   98525      40   98504  4632828  47.02
  1987          37     0.00056  0.00056  0.50   98484      55   98457  4534324  46.04
  1987          38     0.00074  0.00074  0.50   98429      72   98393  4435867  45.07
  1987          39     0.00092  0.00092  0.50   98357      90   98312  4337474  44.10
  1987          40     0.00107  0.00107  0.50   98267     105   98214  4239162  43.14
  1987          41     0.00118  0.00118  0.50   98161     116   98104  4140948  42.19
  1987          42     0.00122  0.00122  0.50   98046     120   97986  4042844  41.23
  1987          43     0.00126  0.00126  0.50   97926     123   97864  3944859  40.28
  1987          44     0.00132  0.00132  0.50   97803     129   97738  3846994  39.33
  1987          45     0.00138  0.00138  0.50   97673     135   97606  3749256  38.39
  1987          46     0.00141  0.00141  0.50   97538     137   97470  3651650  37.44
  1987          47     0.00146  0.00146  0.50   97401     143   97330  3554181  36.49
  1987          48     0.00156  0.00156  0.50   97258     152   97183  3456851  35.54
  1987          49     0.00168  0.00168  0.50   97107     163   97026  3359668  34.60
  1987          50     0.00177  0.00177  0.50   96944     171   96858  3262643  33.65
  1987          51     0.00181  0.00181  0.50   96773     175   96685  3165784  32.71
  1987          52     0.00196  0.00195  0.50   96597     189   96503  3069099  31.77
  1987          53     0.00230  0.00230  0.50   96409     221   96298  2972596  30.83
  1987          54     0.00269  0.00269  0.50   96187     259   96058  2876298  29.90
  1987          55     0.00315  0.00314  0.50   95929     302   95778  2780241  28.98
  1987          56     0.00371  0.00370  0.50   95627     354   95450  2684463  28.07
  1987          57     0.00429  0.00428  0.50   95273     407   95069  2589013  27.17
  1987          58     0.00477  0.00476  0.50   94866     451   94640  2493944  26.29
  1987          59     0.00507  0.00506  0.50   94414     478   94176  2399304  25.41
  1987          60     0.00513  0.00512  0.50   93937     481   93696  2305128  24.54
  1987          61     0.00497  0.00496  0.50   93456     463   93224  2211432  23.66
  1987          62     0.00499  0.00497  0.50   92992     462   92761  2118207  22.78
  1987          63     0.00554  0.00552  0.50   92530     511   92275  2025446  21.89
  1987          64     0.00651  0.00649  0.50   92019     597   91720  1933171  21.01
  1987          65     0.00764  0.00761  0.50   91422     696   91074  1841451  20.14
  1987          66     0.00871  0.00867  0.50   90726     787   90333  1750377  19.29
  1987          67     0.00968  0.00963  0.50   89939     866   89506  1660045  18.46
  1987          68     0.01060  0.01054  0.50   89073     939   88603  1570539  17.63
  1987          69     0.01156  0.01149  0.50   88134    1013   87627  1481935  16.81
  1987          70     0.01261  0.01253  0.50   87121    1092   86575  1394308  16.00
  1987          71     0.01371  0.01361  0.50   86029    1171   85444  1307733  15.20
  1987          72     0.01498  0.01487  0.50   84858    1261   84227  1222290  14.40
  1987          73     0.01661  0.01647  0.50   83596    1377   82908  1138062  13.61
  1987          74     0.01886  0.01869  0.50   82219    1536   81451  1055155  12.83
  1987          75     0.02204  0.02180  0.50   80683    1759   79804   973703  12.07
  1987          76     0.02638  0.02604  0.50   78924    2055   77896   893900  11.33
  1987          77     0.03147  0.03098  0.50   76869    2381   75678   816003  10.62
  1987          78     0.03688  0.03622  0.50   74488    2698   73139   740325   9.94
  1987          79     0.04293  0.04203  0.50   71790    3017   70281   667186   9.29
  1987          80     0.04994  0.04873  0.50   68773    3351   67097   596905   8.68
  1987          81     0.05769  0.05608  0.50   65422    3669   63587   529808   8.10
  1987          82     0.06595  0.06384  0.50   61753    3943   59782   466220   7.55
  1987          83     0.07495  0.07224  0.50   57810    4176   55722   406439   7.03
  1987          84     0.08493  0.08147  0.50   53634    4369   51449   350716   6.54
  1987          85     0.09605  0.09165  0.50   49264    4515   47007   299267   6.07
  1987          86     0.10847  0.10289  0.50   44749    4604   42447   252260   5.64
  1987          87     0.12230  0.11525  0.50   40145    4627   37832   209813   5.23
  1987          88     0.13764  0.12878  0.50   35518    4574   33231   171982   4.84
  1987          89     0.15457  0.14348  0.50   30944    4440   28724   138750   4.48
  1987          90     0.17317  0.15937  0.50   26504    4224   24392   110026   4.15
  1987          91     0.19349  0.17642  0.50   22280    3931   20315    85634   3.84
  1987          92     0.21558  0.19460  0.50   18350    3571   16564    65319   3.56
  1987          93     0.23943  0.21383  0.50   14779    3160   13199    48754   3.30
  1987          94     0.26502  0.23401  0.50   11619    2719   10259    35556   3.06
  1987          95     0.29230  0.25503  0.50    8900    2270    7765    25297   2.84
  1987          96     0.32115  0.27672  0.50    6630    1835    5713    17532   2.64
  1987          97     0.35144  0.29891  0.50    4795    1433    4079    11819   2.46
  1987          98     0.38296  0.32142  0.50    3362    1081    2822     7740   2.30
  1987          99     0.41550  0.34403  0.50    2281     785    1889     4919   2.16
  1987         100     0.44879  0.36654  0.50    1497     549    1222     3030   2.02
  1987         101     0.48255  0.38875  0.50     948     369     764     1807   1.91
  1987         102     0.51647  0.41047  0.50     579     238     461     1044   1.80
  1987         103     0.55022  0.43151  0.50     342     147     268      583   1.71
  1987         104     0.58349  0.45171  0.50     194      88     150      315   1.62
  1987         105     0.61596  0.47093  0.50     106      50      81      165   1.55
  1987         106     0.64735  0.48906  0.50      56      28      43       84   1.48
  1987         107     0.67745  0.50604  0.50      29      15      22       41   1.43
  1987         108     0.70631  0.52197  0.50      14       7      11       20   1.37
  1987         109     0.73408  0.53698  0.50       7       4       5        9   1.33
  1987         110+    0.77676  1.00000  1.29       3       3       4        4   1.29
  1988           0     0.00596  0.00593  0.16  100000     593   99504  8123299  81.23
  1988           1     0.00049  0.00049  0.50   99407      49   99382  8023795  80.72
  1988           2     0.00053  0.00053  0.50   99358      53   99332  7924413  79.76
  1988           3     0.00043  0.00043  0.50   99305      43   99284  7825081  78.80
  1988           4     0.00031  0.00031  0.50   99262      31   99247  7725798  77.83
  1988           5     0.00028  0.00028  0.50   99231      28   99217  7626551  76.86
  1988           6     0.00030  0.00030  0.50   99203      30   99188  7527334  75.88
  1988           7     0.00029  0.00029  0.50   99173      29   99159  7428145  74.90
  1988           8     0.00019  0.00019  0.50   99145      19   99135  7328986  73.92
  1988           9     0.00010  0.00010  0.50   99126      10   99121  7229851  72.94
  1988          10     0.00012  0.00012  0.50   99116      11   99111  7130730  71.94
  1988          11     0.00017  0.00017  0.50   99105      17   99096  7031619  70.95
  1988          12     0.00017  0.00017  0.50   99088      17   99080  6932523  69.96
  1988          13     0.00014  0.00014  0.50   99071      14   99064  6833443  68.97
  1988          14     0.00015  0.00015  0.50   99057      15   99049  6734379  67.98
  1988          15     0.00024  0.00024  0.50   99042      23   99030  6635330  67.00
  1988          16     0.00036  0.00036  0.50   99018      35   99001  6536299  66.01
  1988          17     0.00046  0.00046  0.50   98983      45   98960  6437299  65.03
  1988          18     0.00047  0.00047  0.50   98938      47   98914  6338338  64.06
  1988          19     0.00039  0.00039  0.50   98891      39   98872  6239424  63.09
  1988          20     0.00031  0.00031  0.50   98852      30   98837  6140552  62.12
  1988          21     0.00026  0.00026  0.50   98822      26   98809  6041715  61.14
  1988          22     0.00027  0.00027  0.50   98796      26   98783  5942906  60.15
  1988          23     0.00031  0.00031  0.50   98770      31   98754  5844123  59.17
  1988          24     0.00037  0.00037  0.50   98739      37   98720  5745369  58.19
  1988          25     0.00036  0.00036  0.50   98702      36   98684  5646649  57.21
  1988          26     0.00031  0.00031  0.50   98666      30   98651  5547965  56.23
  1988          27     0.00026  0.00026  0.50   98636      26   98623  5449314  55.25
  1988          28     0.00026  0.00026  0.50   98610      25   98597  5350691  54.26
  1988          29     0.00032  0.00032  0.50   98585      32   98569  5252093  53.27
  1988          30     0.00053  0.00053  0.50   98553      52   98527  5153524  52.29
  1988          31     0.00062  0.00062  0.50   98501      61   98470  5054997  51.32
  1988          32     0.00042  0.00042  0.50   98440      41   98419  4956527  50.35
  1988          33     0.00028  0.00028  0.50   98398      28   98385  4858108  49.37
  1988          34     0.00055  0.00055  0.50   98371      54   98343  4759723  48.39
  1988          35     0.00085  0.00085  0.50   98316      84   98275  4661380  47.41
  1988          36     0.00085  0.00085  0.50   98233      84   98191  4563105  46.45
  1988          37     0.00097  0.00097  0.50   98149      95   98101  4464914  45.49
  1988          38     0.00107  0.00107  0.50   98054     104   98001  4366813  44.53
  1988          39     0.00092  0.00092  0.50   97949      90   97904  4268812  43.58
  1988          40     0.00075  0.00075  0.50   97859      74   97822  4170907  42.62
  1988          41     0.00082  0.00082  0.50   97785      81   97745  4073085  41.65
  1988          42     0.00108  0.00108  0.50   97705     106   97652  3975340  40.69
  1988          43     0.00127  0.00127  0.50   97599     124   97537  3877688  39.73
  1988          44     0.00126  0.00126  0.50   97475     123   97413  3780151  38.78
  1988          45     0.00146  0.00145  0.50   97352     142   97281  3682737  37.83
  1988          46     0.00205  0.00204  0.50   97210     199   97111  3585456  36.88
  1988          47     0.00223  0.00223  0.50   97011     216   96903  3488346  35.96
  1988          48     0.00228  0.00228  0.50   96795     221   96685  3391442  35.04
  1988          49     0.00266  0.00265  0.50   96574     256   96446  3294758  34.12
  1988          50     0.00315  0.00315  0.50   96318     303   96166  3198312  33.21
  1988          51     0.00343  0.00342  0.50   96015     329   95850  3102145  32.31
  1988          52     0.00321  0.00321  0.50   95686     307   95533  3006295  31.42
  1988          53     0.00262  0.00262  0.50   95379     250   95254  2910763  30.52
  1988          54     0.00280  0.00280  0.50   95129     266   94996  2815508  29.60
  1988          55     0.00344  0.00343  0.50   94863     325   94701  2720512  28.68
  1988          56     0.00386  0.00385  0.50   94538     364   94356  2625811  27.78
  1988          57     0.00384  0.00383  0.50   94174     360   93994  2531456  26.88
  1988          58     0.00361  0.00360  0.50   93813     338   93645  2437462  25.98
  1988          59     0.00430  0.00429  0.50   93476     401   93275  2343817  25.07
  1988          60     0.00531  0.00529  0.50   93075     492   92828  2250542  24.18
  1988          61     0.00576  0.00574  0.50   92582     532   92316  2157714  23.31
  1988          62     0.00590  0.00588  0.50   92051     541   91780  2065397  22.44
  1988          63     0.00619  0.00617  0.50   91509     565   91227  1973617  21.57
  1988          64     0.00692  0.00690  0.50   90944     628   90631  1882391  20.70
  1988          65     0.00799  0.00796  0.50   90317     719   89957  1791760  19.84
  1988          66     0.00847  0.00844  0.50   89598     756   89220  1701803  18.99
  1988          67     0.00912  0.00908  0.50   88842     807   88438  1612583  18.15
  1988          68     0.01069  0.01063  0.50   88035     936   87567  1524145  17.31
  1988          69     0.01180  0.01173  0.50   87099    1022   86588  1436578  16.49
  1988          70     0.01145  0.01138  0.50   86077     980   85587  1349990  15.68
  1988          71     0.01153  0.01147  0.50   85097     976   84609  1264403  14.86
  1988          72     0.01287  0.01279  0.50   84122    1076   83584  1179794  14.02
  1988          73     0.01579  0.01566  0.50   83046    1301   82395  1096210  13.20
  1988          74     0.02062  0.02041  0.50   81745    1668   80911  1013815  12.40
  1988          75     0.02707  0.02671  0.50   80077    2139   79007   932904  11.65
  1988          76     0.03278  0.03225  0.50   77938    2514   76681   853896  10.96
  1988          77     0.03668  0.03602  0.50   75424    2717   74066   777215  10.30
  1988          78     0.03889  0.03815  0.50   72708    2774   71321   703149   9.67
  1988          79     0.04242  0.04153  0.50   69934    2905   68481   631828   9.03
  1988          80     0.04980  0.04859  0.50   67029    3257   65401   563347   8.40
  1988          81     0.05903  0.05734  0.50   63772    3657   61944   497946   7.81
  1988          82     0.06790  0.06567  0.50   60115    3948   58142   436003   7.25
  1988          83     0.07761  0.07472  0.50   56168    4197   54070   377861   6.73
  1988          84     0.08868  0.08491  0.50   51971    4413   49765   323791   6.23
  1988          85     0.10117  0.09630  0.50   47558    4580   45268   274027   5.76
  1988          86     0.11522  0.10894  0.50   42978    4682   40637   228758   5.32
  1988          87     0.13093  0.12289  0.50   38296    4706   35943   188121   4.91
  1988          88     0.14843  0.13818  0.50   33590    4641   31269   152178   4.53
  1988          89     0.16782  0.15483  0.50   28949    4482   26708   120909   4.18
  1988          90     0.18917  0.17282  0.50   24467    4228   22352    94201   3.85
  1988          91     0.21254  0.19213  0.50   20238    3888   18294    71849   3.55
  1988          92     0.23796  0.21266  0.50   16350    3477   14611    53555   3.28
  1988          93     0.26539  0.23430  0.50   12873    3016   11365    38944   3.03
  1988          94     0.29476  0.25690  0.50    9857    2532    8591    27579   2.80
  1988          95     0.32594  0.28026  0.50    7325    2053    6298    18988   2.59
  1988          96     0.35873  0.30417  0.50    5272    1604    4470    12690   2.41
  1988          97     0.39290  0.32839  0.50    3668    1205    3066     8220   2.24
  1988          98     0.42815  0.35266  0.50    2464     869    2029     5154   2.09
  1988          99     0.46415  0.37672  0.50    1595     601    1294     3125   1.96
  1988         100     0.50052  0.40034  0.50     994     398     795     1830   1.84
  1988         101     0.53689  0.42327  0.50     596     252     470     1035   1.74
  1988         102     0.57287  0.44532  0.50     344     153     267      565   1.64
  1988         103     0.60810  0.46632  0.50     191      89     146      298   1.56
  1988         104     0.64224  0.48613  0.50     102      49      77      152   1.49
  1988         105     0.67498  0.50466  0.50      52      26      39       75   1.43
  1988         106     0.70611  0.52187  0.50      26      14      19       36   1.37
  1988         107     0.73542  0.53770  0.50      12       7       9       16   1.32
  1988         108     0.76268  0.55213  0.50       6       3       4        7   1.28
  1988         109     0.78791  0.56523  0.50       3       1       2        3   1.24
  1988         110+    0.82524  1.00000  1.21       1       1       1        1   1.21
  1989           0     0.00436  0.00434  0.18  100000     434   99646  8198544  81.99
  1989           1     0.00097  0.00097  0.50   99566      97   99517  8098898  81.34
  1989           2     0.00036  0.00036  0.50   99469      36   99451  7999381  80.42
  1989           3     0.00026  0.00026  0.50   99433      26   99420  7899930  79.45
  1989           4     0.00029  0.00029  0.50   99407      28   99393  7800510  78.47
  1989           5     0.00015  0.00015  0.50   99378      15   99371  7701118  77.49
  1989           6     0.00008  0.00008  0.50   99363       8   99359  7601747  76.50
  1989           7     0.00022  0.00022  0.50   99356      22   99344  7502387  75.51
  1989           8     0.00017  0.00017  0.50   99333      17   99325  7403043  74.53
  1989           9     0.00002  0.00002  0.50   99317       2   99316  7303718  73.54
  1989          10     0.00001  0.00001  0.50   99315       1   99314  7204402  72.54
  1989          11     0.00017  0.00017  0.50   99313      17   99305  7105088  71.54
  1989          12     0.00036  0.00036  0.50   99297      35   99279  7005783  70.55
  1989          13     0.00028  0.00028  0.50   99261      28   99247  6906504  69.58
  1989          14     0.00013  0.00013  0.50   99233      13   99227  6807256  68.60
  1989          15     0.00013  0.00013  0.50   99221      13   99214  6708029  67.61
  1989          16     0.00023  0.00023  0.50   99208      23   99196  6608815  66.62
  1989          17     0.00028  0.00028  0.50   99185      28   99171  6509619  65.63
  1989          18     0.00022  0.00022  0.50   99157      22   99146  6410448  64.65
  1989          19     0.00011  0.00011  0.50   99135      11   99130  6311302  63.66
  1989          20     0.00032  0.00032  0.50   99124      32   99109  6212173  62.67
  1989          21     0.00054  0.00054  0.50   99093      53   99066  6113064  61.69
  1989          22     0.00041  0.00041  0.50   99040      41   99019  6013998  60.72
  1989          23     0.00021  0.00021  0.50   98999      21   98989  5914978  59.75
  1989          24     0.00026  0.00026  0.50   98978      26   98965  5815990  58.76
  1989          25     0.00045  0.00045  0.50   98952      44   98930  5717025  57.78
  1989          26     0.00050  0.00049  0.50   98908      49   98883  5618095  56.80
  1989          27     0.00027  0.00027  0.50   98859      26   98846  5519212  55.83
  1989          28     0.00014  0.00014  0.50   98832      14   98825  5420366  54.84
  1989          29     0.00036  0.00036  0.50   98818      36   98800  5321541  53.85
  1989          30     0.00036  0.00036  0.50   98782      36   98765  5222741  52.87
  1989          31     0.00030  0.00030  0.50   98747      29   98732  5123976  51.89
  1989          32     0.00046  0.00046  0.50   98718      46   98695  5025244  50.91
  1989          33     0.00069  0.00069  0.50   98672      68   98638  4926549  49.93
  1989          34     0.00080  0.00080  0.50   98604      79   98564  4827912  48.96
  1989          35     0.00094  0.00094  0.50   98525      92   98479  4729347  48.00
  1989          36     0.00115  0.00115  0.50   98432     113   98376  4630869  47.05
  1989          37     0.00089  0.00089  0.50   98320      87   98276  4532493  46.10
  1989          38     0.00055  0.00055  0.50   98232      54   98205  4434217  45.14
  1989          39     0.00064  0.00064  0.50   98178      63   98147  4336012  44.16
  1989          40     0.00087  0.00087  0.50   98115      85   98073  4237865  43.19
  1989          41     0.00086  0.00086  0.50   98030      84   97988  4139793  42.23
  1989          42     0.00070  0.00070  0.50   97946      69   97912  4041804  41.27
  1989          43     0.00070  0.00070  0.50   97877      68   97843  3943893  40.29
  1989          44     0.00104  0.00104  0.50   97809     102   97758  3846050  39.32
  1989          45     0.00154  0.00154  0.50   97707     151   97632  3748291  38.36
  1989          46     0.00187  0.00187  0.50   97557     182   97465  3650659  37.42
  1989          47     0.00177  0.00176  0.50   97374     172   97288  3553194  36.49
  1989          48     0.00185  0.00185  0.50   97203     180   97113  3455905  35.55
  1989          49     0.00261  0.00261  0.50   97023     253   96896  3358793  34.62
  1989          50     0.00297  0.00297  0.50   96770     287   96626  3261897  33.71
  1989          51     0.00212  0.00212  0.50   96482     204   96380  3165271  32.81
  1989          52     0.00173  0.00173  0.50   96278     167   96195  3068891  31.88
  1989          53     0.00293  0.00293  0.50   96111     281   95971  2972696  30.93
  1989          54     0.00314  0.00314  0.50   95830     301   95680  2876726  30.02
  1989          55     0.00284  0.00283  0.50   95529     271   95394  2781046  29.11
  1989          56     0.00313  0.00312  0.50   95258     297   95110  2685652  28.19
  1989          57     0.00350  0.00350  0.50   94961     332   94795  2590543  27.28
  1989          58     0.00349  0.00349  0.50   94629     330   94464  2495748  26.37
  1989          59     0.00399  0.00399  0.50   94299     376   94111  2401284  25.46
  1989          60     0.00469  0.00468  0.50   93923     439   93704  2307173  24.56
  1989          61     0.00505  0.00503  0.50   93484     471   93249  2213469  23.68
  1989          62     0.00542  0.00540  0.50   93013     502   92762  2120221  22.79
  1989          63     0.00601  0.00599  0.50   92511     554   92234  2027458  21.92
  1989          64     0.00567  0.00565  0.50   91957     520   91697  1935224  21.04
  1989          65     0.00459  0.00458  0.50   91437     419   91227  1843528  20.16
  1989          66     0.00734  0.00731  0.50   91018     666   90685  1752300  19.25
  1989          67     0.01062  0.01056  0.50   90352     954   89875  1661615  18.39
  1989          68     0.01059  0.01054  0.50   89398     942   88927  1571740  17.58
  1989          69     0.01086  0.01080  0.50   88456     955   87978  1482814  16.76
  1989          70     0.01432  0.01422  0.50   87500    1244   86878  1394836  15.94
  1989          71     0.01598  0.01585  0.50   86256    1367   85572  1307958  15.16
  1989          72     0.01684  0.01670  0.50   84889    1418   84180  1222385  14.40
  1989          73     0.01925  0.01907  0.50   83471    1591   82675  1138205  13.64
  1989          74     0.02221  0.02197  0.50   81880    1799   80980  1055530  12.89
  1989          75     0.02404  0.02375  0.50   80081    1902   79130   974550  12.17
  1989          76     0.02449  0.02419  0.50   78179    1891   77234   895419  11.45
  1989          77     0.02706  0.02670  0.50   76288    2037   75269   818186  10.72
  1989          78     0.03456  0.03397  0.50   74251    2522   72990   742917  10.01
  1989          79     0.04331  0.04239  0.50   71728    3041   70208   669927   9.34
  1989          80     0.04955  0.04835  0.50   68688    3321   67027   599719   8.73
  1989          81     0.05550  0.05401  0.50   65366    3530   63601   532692   8.15
  1989          82     0.06374  0.06177  0.50   61836    3820   59926   469090   7.59
  1989          83     0.07285  0.07029  0.50   58016    4078   55977   409164   7.05
  1989          84     0.08283  0.07953  0.50   53939    4290   51794   353186   6.55
  1989          85     0.09421  0.08997  0.50   49649    4467   47415   301393   6.07
  1989          86     0.10703  0.10159  0.50   45182    4590   42887   253978   5.62
  1989          87     0.12127  0.11433  0.50   40592    4641   38271   211091   5.20
  1989          88     0.13713  0.12833  0.50   35951    4614   33644   172820   4.81
  1989          89     0.15472  0.14361  0.50   31337    4500   29087   139176   4.44
  1989          90     0.17410  0.16016  0.50   26837    4298   24688   110089   4.10
  1989          91     0.19534  0.17796  0.50   22538    4011   20533    85402   3.79
  1989          92     0.21850  0.19698  0.50   18527    3650   16703    64869   3.50
  1989          93     0.24357  0.21713  0.50   14878    3230   13263    48166   3.24
  1989          94     0.27052  0.23829  0.50   11648    2775   10260    34903   3.00
  1989          95     0.29927  0.26032  0.50    8872    2310    7717    24643   2.78
  1989          96     0.32969  0.28303  0.50    6563    1857    5634    16926   2.58
  1989          97     0.36162  0.30624  0.50    4705    1441    3985    11292   2.40
  1989          98     0.39481  0.32972  0.50    3264    1076    2726     7308   2.24
  1989          99     0.42900  0.35323  0.50    2188     773    1802     4582   2.09
  1989         100     0.46388  0.37655  0.50    1415     533    1149     2780   1.96
  1989         101     0.49912  0.39944  0.50     882     352     706     1631   1.85
  1989         102     0.53436  0.42169  0.50     530     223     418      925   1.75
  1989         103     0.56928  0.44314  0.50     306     136     239      507   1.66
  1989         104     0.60352  0.46362  0.50     171      79     131      269   1.57
  1989         105     0.63674  0.48298  0.50      92      44      69      138   1.50
  1989         106     0.66873  0.50116  0.50      47      24      35       68   1.44
  1989         107     0.69928  0.51812  0.50      24      12      17       33   1.38
  1989         108     0.72809  0.53377  0.50      11       6       8       15   1.34
  1989         109     0.75499  0.54809  0.50       5       3       4        7   1.29
  1989         110+    0.79622  1.00000  1.26       2       2       3        3   1.26
  1990           0     0.00520  0.00518  0.17  100000     518   99572  8212952  82.13
  1990           1     0.00073  0.00073  0.50   99482      73   99446  8113380  81.56
  1990           2     0.00046  0.00046  0.50   99409      45   99387  8013934  80.62
  1990           3     0.00035  0.00035  0.50   99364      35   99346  7914548  79.65
  1990           4     0.00034  0.00034  0.50   99329      34   99312  7815201  78.68
  1990           5     0.00029  0.00029  0.50   99295      29   99281  7715889  77.71
  1990           6     0.00021  0.00021  0.50   99267      21   99256  7616608  76.73
  1990           7     0.00015  0.00015  0.50   99246      15   99238  7517352  75.74
  1990           8     0.00011  0.00011  0.50   99231      11   99225  7418114  74.76
  1990           9     0.00008  0.00008  0.50   99220       8   99216  7318889  73.76
  1990          10     0.00004  0.00004  0.50   99212       4   99210  7219673  72.77
  1990          11     0.00001  0.00001  0.50   99208       1   99208  7120463  71.77
  1990          12     0.00001  0.00001  0.50   99207       1   99207  7021255  70.77
  1990          13     0.00003  0.00003  0.50   99206       3   99205  6922048  69.77
  1990          14     0.00004  0.00004  0.50   99203       4   99201  6822844  68.78
  1990          15     0.00003  0.00003  0.50   99199       3   99197  6723643  67.78
  1990          16     0.00005  0.00005  0.50   99196       5   99193  6624446  66.78
  1990          17     0.00016  0.00016  0.50   99190      16   99183  6525253  65.79
  1990          18     0.00034  0.00034  0.50   99175      34   99158  6426070  64.80
  1990          19     0.00053  0.00053  0.50   99141      52   99115  6326912  63.82
  1990          20     0.00052  0.00052  0.50   99089      51   99063  6227797  62.85
  1990          21     0.00038  0.00038  0.50   99037      38   99018  6128734  61.88
  1990          22     0.00028  0.00028  0.50   98999      27   98986  6029716  60.91
  1990          23     0.00024  0.00024  0.50   98972      24   98960  5930730  59.92
  1990          24     0.00028  0.00028  0.50   98948      28   98934  5831770  58.94
  1990          25     0.00030  0.00030  0.50   98920      30   98905  5732836  57.95
  1990          26     0.00029  0.00029  0.50   98890      29   98876  5633931  56.97
  1990          27     0.00026  0.00026  0.50   98862      26   98849  5535055  55.99
  1990          28     0.00024  0.00024  0.50   98836      23   98825  5436205  55.00
  1990          29     0.00026  0.00026  0.50   98813      26   98800  5337381  54.02
  1990          30     0.00037  0.00037  0.50   98787      37   98769  5238581  53.03
  1990          31     0.00047  0.00047  0.50   98750      47   98727  5139812  52.05
  1990          32     0.00049  0.00049  0.50   98704      49   98679  5041085  51.07
  1990          33     0.00053  0.00053  0.50   98655      53   98629  4942406  50.10
  1990          34     0.00070  0.00070  0.50   98602      69   98568  4843777  49.12
  1990          35     0.00085  0.00085  0.50   98534      84   98492  4745209  48.16
  1990          36     0.00086  0.00086  0.50   98450      85   98408  4646717  47.20
  1990          37     0.00080  0.00080  0.50   98365      79   98326  4548309  46.24
  1990          38     0.00070  0.00070  0.50   98287      69   98252  4449983  45.28
  1990          39     0.00060  0.00060  0.50   98217      59   98188  4351731  44.31
  1990          40     0.00065  0.00065  0.50   98158      64   98126  4253543  43.33
  1990          41     0.00094  0.00094  0.50   98094      92   98048  4155417  42.36
  1990          42     0.00116  0.00116  0.50   98002     114   97946  4057368  41.40
  1990          43     0.00131  0.00131  0.50   97889     128   97825  3959423  40.45
  1990          44     0.00145  0.00145  0.50   97761     142   97690  3861598  39.50
  1990          45     0.00156  0.00155  0.50   97619     152   97543  3763908  38.56
  1990          46     0.00161  0.00161  0.50   97468     157   97389  3666364  37.62
  1990          47     0.00172  0.00172  0.50   97311     167   97227  3568975  36.68
  1990          48     0.00185  0.00185  0.50   97144     180   97054  3471748  35.74
  1990          49     0.00194  0.00194  0.50   96964     188   96870  3374694  34.80
  1990          50     0.00204  0.00204  0.50   96776     197   96677  3277824  33.87
  1990          51     0.00223  0.00223  0.50   96579     215   96471  3181147  32.94
  1990          52     0.00263  0.00262  0.50   96363     253   96237  3084676  32.01
  1990          53     0.00315  0.00315  0.50   96111     303   95959  2988439  31.09
  1990          54     0.00318  0.00317  0.50   95808     304   95656  2892480  30.19
  1990          55     0.00292  0.00292  0.50   95504     279   95365  2796823  29.28
  1990          56     0.00281  0.00281  0.50   95226     267   95092  2701458  28.37
  1990          57     0.00289  0.00289  0.50   94958     274   94821  2606366  27.45
  1990          58     0.00314  0.00313  0.50   94684     296   94536  2511545  26.53
  1990          59     0.00351  0.00350  0.50   94388     331   94222  2417009  25.61
  1990          60     0.00399  0.00399  0.50   94057     375   93869  2322787  24.70
  1990          61     0.00457  0.00456  0.50   93682     427   93468  2228918  23.79
  1990          62     0.00526  0.00525  0.50   93254     489   93010  2135450  22.90
  1990          63     0.00605  0.00603  0.50   92765     559   92485  2042440  22.02
  1990          64     0.00681  0.00679  0.50   92206     626   91893  1949954  21.15
  1990          65     0.00736  0.00733  0.50   91580     671   91244  1858062  20.29
  1990          66     0.00752  0.00750  0.50   90909     681   90568  1766817  19.44
  1990          67     0.00782  0.00779  0.50   90227     703   89876  1676250  18.58
  1990          68     0.00879  0.00875  0.50   89524     783   89133  1586374  17.72
  1990          69     0.01035  0.01030  0.50   88741     914   88284  1497241  16.87
  1990          70     0.01221  0.01214  0.50   87827    1066   87294  1408957  16.04
  1990          71     0.01395  0.01385  0.50   86761    1202   86161  1321663  15.23
  1990          72     0.01558  0.01546  0.50   85560    1323   84898  1235502  14.44
  1990          73     0.01721  0.01706  0.50   84237    1437   83518  1150604  13.66
  1990          74     0.01867  0.01850  0.50   82800    1531   82034  1067086  12.89
  1990          75     0.02027  0.02007  0.50   81268    1631   80453   985052  12.12
  1990          76     0.02393  0.02365  0.50   79637    1883   78695   904599  11.36
  1990          77     0.02963  0.02920  0.50   77754    2271   76618   825904  10.62
  1990          78     0.03669  0.03603  0.50   75483    2720   74123   749285   9.93
  1990          79     0.04416  0.04320  0.50   72763    3144   71192   675162   9.28
  1990          80     0.05129  0.05001  0.50   69620    3482   67879   603970   8.68
  1990          81     0.05848  0.05682  0.50   66138    3758   64259   536091   8.11
  1990          82     0.06629  0.06416  0.50   62380    4002   60379   471832   7.56
  1990          83     0.07503  0.07232  0.50   58378    4222   56267   411453   7.05
  1990          84     0.08486  0.08141  0.50   54156    4409   51952   355186   6.56
  1990          85     0.09590  0.09151  0.50   49748    4552   47471   303234   6.10
  1990          86     0.10822  0.10267  0.50   45195    4640   42875   255762   5.66
  1990          87     0.12192  0.11491  0.50   40555    4660   38225   212887   5.25
  1990          88     0.13708  0.12829  0.50   35895    4605   33592   174662   4.87
  1990          89     0.15379  0.14281  0.50   31290    4469   29056   141070   4.51
  1990          90     0.17214  0.15850  0.50   26821    4251   24696   112014   4.18
  1990          91     0.19217  0.17532  0.50   22570    3957   20592    87319   3.87
  1990          92     0.21393  0.19326  0.50   18613    3597   16815    66727   3.58
  1990          93     0.23744  0.21224  0.50   15016    3187   13422    49912   3.32
  1990          94     0.26265  0.23217  0.50   11829    2746   10456    36490   3.08
  1990          95     0.28954  0.25292  0.50    9083    2297    7934    26034   2.87
  1990          96     0.31798  0.27436  0.50    6785    1862    5855    18100   2.67
  1990          97     0.34785  0.29631  0.50    4924    1459    4194    12245   2.49
  1990          98     0.37896  0.31859  0.50    3465    1104    2913     8051   2.32
  1990          99     0.41110  0.34101  0.50    2361     805    1958     5138   2.18
  1990         100     0.44402  0.36335  0.50    1556     565    1273     3180   2.04
  1990         101     0.47743  0.38543  0.50     991     382     800     1906   1.92
  1990         102     0.51106  0.40704  0.50     609     248     485     1107   1.82
  1990         103     0.54458  0.42803  0.50     361     155     284      622   1.72
  1990         104     0.57771  0.44823  0.50     206      93     160      338   1.64
  1990         105     0.61014  0.46751  0.50     114      53      87      178   1.56
  1990         106     0.64158  0.48575  0.50      61      29      46       91   1.50
  1990         107     0.67176  0.50286  0.50      31      16      23       45   1.44
  1990         108     0.70057  0.51883  0.50      16       8      11       21   1.38
  1990         109     0.72808  0.53377  0.50       7       4       5       10   1.34
  1990         110+    0.77148  1.00000  1.30       3       3       5        5   1.30
  1991           0     0.00330  0.00329  0.20  100000     329   99736  8263982  82.64
  1991           1     0.00110  0.00110  0.50   99671     110   99616  8164246  81.91
  1991           2     0.00055  0.00055  0.50   99561      54   99534  8064630  81.00
  1991           3     0.00029  0.00029  0.50   99507      28   99493  7965096  80.05
  1991           4     0.00022  0.00022  0.50   99478      22   99468  7865603  79.07
  1991           5     0.00019  0.00019  0.50   99457      19   99447  7766136  78.09
  1991           6     0.00024  0.00024  0.50   99438      23   99426  7666689  77.10
  1991           7     0.00033  0.00033  0.50   99414      33   99398  7567263  76.12
  1991           8     0.00018  0.00018  0.50   99382      18   99373  7467865  75.14
  1991           9     0.00000  0.00000  0.50   99364       0   99364  7368492  74.16
  1991          10     0.00002  0.00002  0.50   99364       2   99363  7269128  73.16
  1991          11     0.00014  0.00014  0.50   99362      14   99355  7169766  72.16
  1991          12     0.00019  0.00019  0.50   99348      19   99338  7070411  71.17
  1991          13     0.00016  0.00016  0.50   99329      16   99321  6971073  70.18
  1991          14     0.00017  0.00017  0.50   99313      17   99305  6871752  69.19
  1991          15     0.00027  0.00027  0.50   99296      27   99283  6772447  68.20
  1991          16     0.00036  0.00036  0.50   99269      36   99251  6673164  67.22
  1991          17     0.00030  0.00030  0.50   99234      30   99219  6573913  66.25
  1991          18     0.00021  0.00021  0.50   99204      21   99193  6474694  65.27
  1991          19     0.00021  0.00021  0.50   99183      21   99172  6375501  64.28
  1991          20     0.00027  0.00027  0.50   99162      27   99148  6276328  63.29
  1991          21     0.00034  0.00034  0.50   99135      34   99118  6177180  62.31
  1991          22     0.00040  0.00040  0.50   99101      39   99081  6078062  61.33
  1991          23     0.00043  0.00043  0.50   99061      42   99040  5978981  60.36
  1991          24     0.00043  0.00043  0.50   99019      42   98998  5879941  59.38
  1991          25     0.00037  0.00037  0.50   98977      36   98959  5780943  58.41
  1991          26     0.00032  0.00032  0.50   98940      32   98925  5681985  57.43
  1991          27     0.00035  0.00035  0.50   98909      34   98891  5583060  56.45
  1991          28     0.00037  0.00037  0.50   98874      37   98856  5484168  55.47
  1991          29     0.00033  0.00033  0.50   98838      33   98821  5385313  54.49
  1991          30     0.00031  0.00031  0.50   98805      30   98790  5286491  53.50
  1991          31     0.00031  0.00031  0.50   98774      31   98759  5187702  52.52
  1991          32     0.00033  0.00033  0.50   98744      32   98728  5088943  51.54
  1991          33     0.00037  0.00037  0.50   98711      37   98693  4990215  50.55
  1991          34     0.00046  0.00046  0.50   98675      45   98652  4891522  49.57
  1991          35     0.00059  0.00059  0.50   98630      58   98600  4792870  48.59
  1991          36     0.00071  0.00071  0.50   98571      70   98536  4694269  47.62
  1991          37     0.00061  0.00061  0.50   98501      60   98471  4595733  46.66
  1991          38     0.00046  0.00046  0.50   98441      45   98418  4497263  45.68
  1991          39     0.00052  0.00052  0.50   98395      51   98370  4398845  44.71
  1991          40     0.00087  0.00087  0.50   98344      85   98301  4300475  43.73
  1991          41     0.00134  0.00133  0.50   98259     131   98193  4202174  42.77
  1991          42     0.00129  0.00129  0.50   98127     126   98064  4103981  41.82
  1991          43     0.00113  0.00113  0.50   98001     111   97946  4005916  40.88
  1991          44     0.00138  0.00138  0.50   97891     135   97823  3907970  39.92
  1991          45     0.00168  0.00168  0.50   97756     164   97674  3810147  38.98
  1991          46     0.00165  0.00165  0.50   97591     161   97511  3712474  38.04
  1991          47     0.00154  0.00154  0.50   97430     150   97355  3614963  37.10
  1991          48     0.00155  0.00154  0.50   97281     150   97205  3517608  36.16
  1991          49     0.00181  0.00181  0.50   97130     175   97043  3420402  35.21
  1991          50     0.00230  0.00230  0.50   96955     223   96844  3323360  34.28
  1991          51     0.00292  0.00291  0.50   96732     282   96591  3226516  33.36
  1991          52     0.00335  0.00334  0.50   96450     323   96289  3129925  32.45
  1991          53     0.00339  0.00338  0.50   96128     325   95965  3033636  31.56
  1991          54     0.00335  0.00335  0.50   95803     321   95642  2937670  30.66
  1991          55     0.00329  0.00328  0.50   95482     313   95325  2842028  29.77
  1991          56     0.00318  0.00318  0.50   95169     302   95017  2746703  28.86
  1991          57     0.00322  0.00321  0.50   94866     305   94714  2651686  27.95
  1991          58     0.00351  0.00350  0.50   94561     331   94396  2556972  27.04
  1991          59     0.00376  0.00375  0.50   94230     353   94054  2462576  26.13
  1991          60     0.00401  0.00400  0.50   93877     375   93689  2368522  25.23
  1991          61     0.00441  0.00440  0.50   93502     412   93296  2274833  24.33
  1991          62     0.00511  0.00510  0.50   93090     475   92852  2181537  23.43
  1991          63     0.00609  0.00607  0.50   92615     562   92334  2088685  22.55
  1991          64     0.00670  0.00668  0.50   92053     615   91745  1996351  21.69
  1991          65     0.00667  0.00665  0.50   91438     608   91134  1904606  20.83
  1991          66     0.00727  0.00724  0.50   90831     658   90502  1813472  19.97
  1991          67     0.00819  0.00816  0.50   90173     735   89805  1722970  19.11
  1991          68     0.00880  0.00876  0.50   89437     783   89046  1633165  18.26
  1991          69     0.00929  0.00925  0.50   88654     820   88244  1544119  17.42
  1991          70     0.01018  0.01013  0.50   87834     890   87389  1455875  16.58
  1991          71     0.01217  0.01209  0.50   86945    1051   86419  1368486  15.74
  1991          72     0.01502  0.01491  0.50   85893    1281   85253  1282067  14.93
  1991          73     0.01817  0.01801  0.50   84612    1524   83851  1196814  14.14
  1991          74     0.02072  0.02050  0.50   83089    1704   82237  1112964  13.39
  1991          75     0.02166  0.02143  0.50   81385    1744   80513  1030727  12.66
  1991          76     0.02115  0.02093  0.50   79641    1667   78807   950214  11.93
  1991          77     0.02389  0.02361  0.50   77974    1841   77054   871406  11.18
  1991          78     0.03325  0.03271  0.50   76133    2490   74888   794353  10.43
  1991          79     0.04263  0.04174  0.50   73643    3074   72106   719464   9.77
  1991          80     0.04580  0.04478  0.50   70569    3160   68989   647358   9.17
  1991          81     0.04808  0.04695  0.50   67409    3165   65827   578369   8.58
  1991          82     0.05513  0.05366  0.50   64244    3447   62521   512542   7.98
  1991          83     0.06387  0.06190  0.50   60797    3763   58916   450021   7.40
  1991          84     0.07352  0.07091  0.50   57034    4045   55012   391106   6.86
  1991          85     0.08446  0.08104  0.50   52990    4294   50843   336094   6.34
  1991          86     0.09686  0.09239  0.50   48695    4499   46446   285251   5.86
  1991          87     0.11082  0.10500  0.50   44197    4641   41876   238805   5.40
  1991          88     0.12653  0.11900  0.50   39556    4707   37202   196929   4.98
  1991          89     0.14410  0.13442  0.50   34849    4684   32507   159726   4.58
  1991          90     0.16366  0.15128  0.50   30164    4563   27883   127220   4.22
  1991          91     0.18530  0.16959  0.50   25601    4342   23430    99337   3.88
  1991          92     0.20908  0.18929  0.50   21259    4024   19247    75907   3.57
  1991          93     0.23504  0.21032  0.50   17235    3625   15423    56660   3.29
  1991          94     0.26314  0.23254  0.50   13610    3165   12028    41237   3.03
  1991          95     0.29332  0.25580  0.50   10445    2672    9109    29209   2.80
  1991          96     0.32542  0.27988  0.50    7773    2176    6686    20100   2.59
  1991          97     0.35926  0.30455  0.50    5598    1705    4745    13414   2.40
  1991          98     0.39455  0.32954  0.50    3893    1283    3252     8669   2.23
  1991          99     0.43098  0.35457  0.50    2610     925    2147     5417   2.08
  1991         100     0.46817  0.37936  0.50    1685     639    1365     3270   1.94
  1991         101     0.50571  0.40365  0.50    1046     422     835     1905   1.82
  1991         102     0.54319  0.42717  0.50     624     266     490     1070   1.72
  1991         103     0.58020  0.44973  0.50     357     161     277      580   1.62
  1991         104     0.61632  0.47113  0.50     197      93     150      303   1.54
  1991         105     0.65120  0.49125  0.50     104      51      78      153   1.47
  1991         106     0.68454  0.50998  0.50      53      27      39       74   1.41
  1991         107     0.71607  0.52728  0.50      26      14      19       35   1.35
  1991         108     0.74552  0.54308  0.50      12       7       9       16   1.31
  1991         109     0.77282  0.55743  0.50       6       3       4        7   1.27
  1991         110+    0.81362  1.00000  1.23       2       2       3        3   1.23
  1992           0     0.00278  0.00278  0.20  100000     278   99779  8299127  82.99
  1992           1     0.00099  0.00099  0.50   99722      99   99673  8199348  82.22
  1992           2     0.00077  0.00077  0.50   99624      77   99585  8099675  81.30
  1992           3     0.00060  0.00060  0.50   99547      60   99517  8000090  80.36
  1992           4     0.00042  0.00042  0.50   99487      42   99466  7900572  79.41
  1992           5     0.00020  0.00020  0.50   99445      19   99436  7801106  78.45
  1992           6     0.00002  0.00002  0.50   99426       2   99425  7701670  77.46
  1992           7     0.00000  0.00000  0.50   99424       0   99424  7602245  76.46
  1992           8     0.00000  0.00000  0.50   99424       0   99424  7502821  75.46
  1992           9     0.00000  0.00000  0.50   99424       0   99424  7403397  74.46
  1992          10     0.00006  0.00006  0.50   99424       6   99421  7303973  73.46
  1992          11     0.00013  0.00013  0.50   99417      13   99411  7204552  72.47
  1992          12     0.00017  0.00017  0.50   99404      17   99396  7105141  71.48
  1992          13     0.00016  0.00016  0.50   99388      16   99380  7005745  70.49
  1992          14     0.00014  0.00014  0.50   99372      13   99365  6906365  69.50
  1992          15     0.00014  0.00014  0.50   99358      14   99351  6807000  68.51
  1992          16     0.00018  0.00018  0.50   99345      17   99336  6707649  67.52
  1992          17     0.00024  0.00024  0.50   99327      24   99315  6608313  66.53
  1992          18     0.00029  0.00029  0.50   99304      29   99289  6508998  65.55
  1992          19     0.00030  0.00030  0.50   99275      30   99260  6409709  64.57
  1992          20     0.00029  0.00029  0.50   99244      29   99230  6310449  63.58
  1992          21     0.00026  0.00026  0.50   99216      26   99203  6211219  62.60
  1992          22     0.00024  0.00024  0.50   99190      24   99178  6112016  61.62
  1992          23     0.00025  0.00025  0.50   99166      25   99154  6012838  60.63
  1992          24     0.00030  0.00030  0.50   99142      30   99127  5913684  59.65
  1992          25     0.00041  0.00041  0.50   99112      41   99092  5814557  58.67
  1992          26     0.00052  0.00052  0.50   99071      51   99046  5715466  57.69
  1992          27     0.00055  0.00055  0.50   99020      54   98993  5616420  56.72
  1992          28     0.00047  0.00047  0.50   98966      47   98942  5517428  55.75
  1992          29     0.00030  0.00030  0.50   98919      30   98904  5418486  54.78
  1992          30     0.00014  0.00014  0.50   98889      14   98882  5319582  53.79
  1992          31     0.00011  0.00011  0.50   98875      11   98869  5220700  52.80
  1992          32     0.00027  0.00027  0.50   98864      27   98850  5121831  51.81
  1992          33     0.00052  0.00052  0.50   98837      51   98812  5022981  50.82
  1992          34     0.00071  0.00071  0.50   98786      70   98751  4924169  49.85
  1992          35     0.00075  0.00075  0.50   98716      74   98679  4825418  48.88
  1992          36     0.00062  0.00062  0.50   98642      61   98612  4726739  47.92
  1992          37     0.00056  0.00056  0.50   98581      56   98554  4628127  46.95
  1992          38     0.00061  0.00061  0.50   98526      61   98496  4529573  45.97
  1992          39     0.00072  0.00072  0.50   98465      71   98430  4431078  45.00
  1992          40     0.00077  0.00077  0.50   98395      76   98357  4332648  44.03
  1992          41     0.00074  0.00074  0.50   98319      73   98283  4234291  43.07
  1992          42     0.00083  0.00083  0.50   98246      81   98206  4136008  42.10
  1992          43     0.00104  0.00103  0.50   98165     102   98114  4037803  41.13
  1992          44     0.00129  0.00129  0.50   98063     126   98000  3939688  40.17
  1992          45     0.00146  0.00146  0.50   97937     143   97866  3841688  39.23
  1992          46     0.00155  0.00154  0.50   97794     151   97718  3743822  38.28
  1992          47     0.00180  0.00180  0.50   97643     175   97555  3646104  37.34
  1992          48     0.00209  0.00209  0.50   97468     203   97366  3548549  36.41
  1992          49     0.00221  0.00221  0.50   97264     215   97157  3451183  35.48
  1992          50     0.00210  0.00210  0.50   97050     204   96948  3354026  34.56
  1992          51     0.00185  0.00185  0.50   96846     179   96756  3257078  33.63
  1992          52     0.00182  0.00182  0.50   96667     176   96579  3160322  32.69
  1992          53     0.00228  0.00228  0.50   96491     220   96381  3063743  31.75
  1992          54     0.00274  0.00274  0.50   96271     263   96139  2967363  30.82
  1992          55     0.00312  0.00312  0.50   96008     299   95858  2871223  29.91
  1992          56     0.00346  0.00345  0.50   95708     330   95543  2775366  29.00
  1992          57     0.00357  0.00357  0.50   95378     340   95207  2679823  28.10
  1992          58     0.00342  0.00342  0.50   95037     325   94875  2584615  27.20
  1992          59     0.00349  0.00348  0.50   94713     330   94548  2489740  26.29
  1992          60     0.00368  0.00367  0.50   94383     346   94210  2395192  25.38
  1992          61     0.00383  0.00383  0.50   94037     360   93857  2300982  24.47
  1992          62     0.00426  0.00425  0.50   93677     398   93478  2207125  23.56
  1992          63     0.00520  0.00519  0.50   93279     484   93037  2113648  22.66
  1992          64     0.00625  0.00623  0.50   92795     578   92506  2020611  21.78
  1992          65     0.00689  0.00686  0.50   92217     633   91900  1928105  20.91
  1992          66     0.00714  0.00712  0.50   91584     652   91258  1836205  20.05
  1992          67     0.00755  0.00753  0.50   90932     684   90590  1744946  19.19
  1992          68     0.00857  0.00853  0.50   90248     770   89863  1654356  18.33
  1992          69     0.00980  0.00976  0.50   89478     873   89042  1564493  17.48
  1992          70     0.01087  0.01081  0.50   88605     958   88126  1475452  16.65
  1992          71     0.01211  0.01204  0.50   87647    1055   87120  1387325  15.83
  1992          72     0.01399  0.01389  0.50   86593    1203   85991  1300205  15.02
  1992          73     0.01678  0.01664  0.50   85389    1421   84679  1214214  14.22
  1992          74     0.01998  0.01978  0.50   83969    1661   83138  1129535  13.45
  1992          75     0.02289  0.02263  0.50   82308    1862   81377  1046397  12.71
  1992          76     0.02495  0.02464  0.50   80445    1982   79454   965020  12.00
  1992          77     0.02718  0.02682  0.50   78463    2104   77411   885566  11.29
  1992          78     0.03076  0.03029  0.50   76359    2313   75202   808155  10.58
  1992          79     0.03594  0.03530  0.50   74046    2614   72739   732953   9.90
  1992          80     0.04260  0.04171  0.50   71432    2979   69942   660214   9.24
  1992          81     0.04998  0.04876  0.50   68453    3338   66784   590272   8.62
  1992          82     0.05747  0.05587  0.50   65115    3638   63296   523488   8.04
  1992          83     0.06561  0.06352  0.50   61477    3905   59525   460192   7.49
  1992          84     0.07471  0.07202  0.50   57572    4146   55499   400667   6.96
  1992          85     0.08498  0.08152  0.50   53425    4355   51248   345169   6.46
  1992          86     0.09656  0.09211  0.50   49070    4520   46810   293921   5.99
  1992          87     0.10954  0.10385  0.50   44550    4627   42237   247110   5.55
  1992          88     0.12404  0.11680  0.50   39924    4663   37592   204873   5.13
  1992          89     0.14015  0.13098  0.50   35261    4618   32952   167281   4.74
  1992          90     0.15798  0.14642  0.50   30643    4487   28399   134329   4.38
  1992          91     0.17761  0.16312  0.50   26156    4267   24023   105930   4.05
  1992          92     0.19910  0.18107  0.50   21889    3964   19908    81908   3.74
  1992          93     0.22248  0.20021  0.50   17926    3589   16131    62000   3.46
  1992          94     0.24776  0.22045  0.50   14337    3161   12757    45869   3.20
  1992          95     0.27489  0.24168  0.50   11176    2701    9826    33112   2.96
  1992          96     0.30379  0.26373  0.50    8475    2235    7358    23286   2.75
  1992          97     0.33434  0.28645  0.50    6240    1787    5346    15929   2.55
  1992          98     0.36632  0.30961  0.50    4453    1379    3763    10582   2.38
  1992          99     0.39954  0.33301  0.50    3074    1024    2562     6819   2.22
  1992         100     0.43370  0.35641  0.50    2050     731    1685     4257   2.08
  1992         101     0.46850  0.37958  0.50    1320     501    1069     2572   1.95
  1992         102     0.50362  0.40231  0.50     819     329     654     1503   1.84
  1992         103     0.53870  0.42439  0.50     489     208     385      849   1.73
  1992         104     0.57340  0.44564  0.50     282     126     219      463   1.65
  1992         105     0.60738  0.46589  0.50     156      73     120      245   1.57
  1992         106     0.64029  0.48502  0.50      83      40      63      125   1.50
  1992         107     0.67184  0.50291  0.50      43      22      32       62   1.43
  1992         108     0.70192  0.51957  0.50      21      11      16       29   1.38
  1992         109     0.73058  0.53511  0.50      10       5       8       14   1.33
  1992         110+    0.77533  1.00000  1.29       5       5       6        6   1.29
  1993           0     0.00514  0.00511  0.17  100000     511   99578  8275864  82.76
  1993           1     0.00083  0.00083  0.50   99489      83   99447  8176286  82.18
  1993           2     0.00064  0.00064  0.50   99406      64   99374  8076839  81.25
  1993           3     0.00048  0.00048  0.50   99342      48   99318  7977465  80.30
  1993           4     0.00035  0.00035  0.50   99294      35   99276  7878148  79.34
  1993           5     0.00027  0.00027  0.50   99259      27   99245  7778871  78.37
  1993           6     0.00023  0.00023  0.50   99232      22   99220  7679626  77.39
  1993           7     0.00018  0.00018  0.50   99209      18   99200  7580406  76.41
  1993           8     0.00011  0.00011  0.50   99191      11   99186  7481206  75.42
  1993           9     0.00004  0.00004  0.50   99180       4   99178  7382020  74.43
  1993          10     0.00000  0.00000  0.50   99176       0   99176  7282842  73.43
  1993          11     0.00000  0.00000  0.50   99176       0   99176  7183665  72.43
  1993          12     0.00000  0.00000  0.50   99176       0   99176  7084489  71.43
  1993          13     0.00002  0.00002  0.50   99176       2   99176  6985313  70.43
  1993          14     0.00005  0.00005  0.50   99175       5   99172  6886137  69.43
  1993          15     0.00009  0.00009  0.50   99169       9   99165  6786965  68.44
  1993          16     0.00011  0.00011  0.50   99161      11   99155  6687800  67.44
  1993          17     0.00013  0.00013  0.50   99150      12   99144  6588644  66.45
  1993          18     0.00014  0.00014  0.50   99137      14   99130  6489501  65.46
  1993          19     0.00018  0.00018  0.50   99123      18   99114  6390371  64.47
  1993          20     0.00020  0.00020  0.50   99106      20   99096  6291256  63.48
  1993          21     0.00021  0.00021  0.50   99085      21   99075  6192161  62.49
  1993          22     0.00021  0.00021  0.50   99064      21   99054  6093086  61.51
  1993          23     0.00021  0.00021  0.50   99043      21   99033  5994032  60.52
  1993          24     0.00023  0.00023  0.50   99023      22   99011  5894999  59.53
  1993          25     0.00026  0.00026  0.50   99000      26   98987  5795988  58.55
  1993          26     0.00030  0.00030  0.50   98975      29   98960  5697000  57.56
  1993          27     0.00032  0.00032  0.50   98945      32   98929  5598040  56.58
  1993          28     0.00035  0.00035  0.50   98913      35   98896  5499111  55.60
  1993          29     0.00042  0.00042  0.50   98878      42   98857  5400215  54.61
  1993          30     0.00054  0.00054  0.50   98836      53   98810  5301358  53.64
  1993          31     0.00064  0.00064  0.50   98783      63   98752  5202548  52.67
  1993          32     0.00065  0.00065  0.50   98721      65   98688  5103796  51.70
  1993          33     0.00061  0.00061  0.50   98656      60   98626  5005108  50.73
  1993          34     0.00054  0.00054  0.50   98596      53   98570  4906481  49.76
  1993          35     0.00050  0.00050  0.50   98543      50   98519  4807912  48.79
  1993          36     0.00056  0.00056  0.50   98494      55   98466  4709393  47.81
  1993          37     0.00068  0.00068  0.50   98439      67   98405  4610927  46.84
  1993          38     0.00080  0.00080  0.50   98371      78   98332  4512522  45.87
  1993          39     0.00084  0.00084  0.50   98293      83   98251  4414190  44.91
  1993          40     0.00086  0.00086  0.50   98210      84   98168  4315939  43.95
  1993          41     0.00091  0.00091  0.50   98126      89   98081  4217771  42.98
  1993          42     0.00103  0.00103  0.50   98036     101   97986  4119690  42.02
  1993          43     0.00115  0.00115  0.50   97935     113   97879  4021704  41.06
  1993          44     0.00121  0.00121  0.50   97823     119   97763  3923825  40.11
  1993          45     0.00124  0.00124  0.50   97704     121   97643  3826061  39.16
  1993          46     0.00130  0.00130  0.50   97583     126   97520  3728418  38.21
  1993          47     0.00147  0.00147  0.50   97457     143   97385  3630898  37.26
  1993          48     0.00178  0.00178  0.50   97313     173   97227  3533513  36.31
  1993          49     0.00220  0.00220  0.50   97140     213   97033  3436287  35.37
  1993          50     0.00259  0.00259  0.50   96927     251   96801  3339253  34.45
  1993          51     0.00282  0.00281  0.50   96676     272   96540  3242452  33.54
  1993          52     0.00286  0.00286  0.50   96404     275   96266  3145912  32.63
  1993          53     0.00273  0.00273  0.50   96128     263   95997  3049646  31.72
  1993          54     0.00253  0.00252  0.50   95866     242   95745  2953649  30.81
  1993          55     0.00241  0.00241  0.50   95624     231   95509  2857904  29.89
  1993          56     0.00255  0.00255  0.50   95393     243   95272  2762395  28.96
  1993          57     0.00292  0.00292  0.50   95150     277   95011  2667123  28.03
  1993          58     0.00341  0.00341  0.50   94873     323   94711  2572112  27.11
  1993          59     0.00384  0.00384  0.50   94550     363   94368  2477401  26.20
  1993          60     0.00431  0.00430  0.50   94187     405   93985  2383032  25.30
  1993          61     0.00490  0.00489  0.50   93782     458   93553  2289048  24.41
  1993          62     0.00544  0.00543  0.50   93324     507   93071  2195494  23.53
  1993          63     0.00578  0.00576  0.50   92817     535   92550  2102424  22.65
  1993          64     0.00606  0.00604  0.50   92283     558   92004  2009874  21.78
  1993          65     0.00650  0.00648  0.50   91725     594   91428  1917870  20.91
  1993          66     0.00714  0.00712  0.50   91131     649   90806  1826442  20.04
  1993          67     0.00810  0.00807  0.50   90482     730   90117  1735636  19.18
  1993          68     0.00938  0.00933  0.50   89752     838   89333  1645519  18.33
  1993          69     0.01046  0.01040  0.50   88914     925   88452  1556186  17.50
  1993          70     0.01096  0.01090  0.50   87989     959   87509  1467734  16.68
  1993          71     0.01145  0.01139  0.50   87030     991   86534  1380225  15.86
  1993          72     0.01243  0.01235  0.50   86039    1063   85507  1293691  15.04
  1993          73     0.01428  0.01417  0.50   84976    1204   84374  1208183  14.22
  1993          74     0.01711  0.01696  0.50   83771    1421   83061  1123810  13.42
  1993          75     0.02072  0.02050  0.50   82350    1688   81506  1040749  12.64
  1993          76     0.02411  0.02382  0.50   80662    1922   79701   959243  11.89
  1993          77     0.02741  0.02704  0.50   78740    2129   77676   879542  11.17
  1993          78     0.03109  0.03061  0.50   76611    2345   75438   801866  10.47
  1993          79     0.03566  0.03503  0.50   74266    2602   72965   726428   9.78
  1993          80     0.04150  0.04065  0.50   71664    2913   70207   653463   9.12
  1993          81     0.04844  0.04730  0.50   68751    3252   67125   583256   8.48
  1993          82     0.05627  0.05473  0.50   65499    3585   63707   516131   7.88
  1993          83     0.06504  0.06299  0.50   61914    3900   59964   452424   7.31
  1993          84     0.07495  0.07224  0.50   58014    4191   55919   392460   6.76
  1993          85     0.08617  0.08261  0.50   53823    4446   51600   336541   6.25
  1993          86     0.09887  0.09422  0.50   49377    4652   47051   284941   5.77
  1993          87     0.11323  0.10716  0.50   44725    4793   42328   237890   5.32
  1993          88     0.12939  0.12152  0.50   39932    4853   37506   195562   4.90
  1993          89     0.14746  0.13734  0.50   35079    4818   32670   158056   4.51
  1993          90     0.16759  0.15463  0.50   30262    4679   27922   125385   4.14
  1993          91     0.18984  0.17338  0.50   25582    4435   23365    97463   3.81
  1993          92     0.21428  0.19354  0.50   21147    4093   19100    74099   3.50
  1993          93     0.24094  0.21503  0.50   17054    3667   15220    54999   3.22
  1993          94     0.26976  0.23770  0.50   13387    3182   11796    39778   2.97
  1993          95     0.30066  0.26137  0.50   10205    2667    8871    27982   2.74
  1993          96     0.33347  0.28582  0.50    7538    2154    6460    19111   2.54
  1993          97     0.36798  0.31080  0.50    5383    1673    4547    12651   2.35
  1993          98     0.40389  0.33603  0.50    3710    1247    3087     8104   2.18
  1993          99     0.44086  0.36123  0.50    2463     890    2018     5017   2.04
  1993         100     0.47849  0.38612  0.50    1574     608    1270     2999   1.91
  1993         101     0.51637  0.41041  0.50     966     396     768     1729   1.79
  1993         102     0.55407  0.43387  0.50     570     247     446      961   1.69
  1993         103     0.59116  0.45629  0.50     322     147     249      515   1.60
  1993         104     0.62721  0.47747  0.50     175      84     133      266   1.52
  1993         105     0.66185  0.49729  0.50      92      46      69      133   1.45
  1993         106     0.69475  0.51563  0.50      46      24      34       64   1.39
  1993         107     0.72566  0.53247  0.50      22      12      16       30   1.34
  1993         108     0.75468  0.54792  0.50      10       6       8       13   1.29
  1993         109     0.78206  0.56222  0.50       5       3       3        6   1.25
  1993         110+    0.82145  1.00000  1.22       2       2       3        3   1.22
  1994           0     0.00411  0.00409  0.19  100000     409   99667  8341005  83.41
  1994           1     0.00025  0.00025  0.50   99591      25   99578  8241337  82.75
  1994           2     0.00016  0.00016  0.50   99566      16   99558  8141759  81.77
  1994           3     0.00004  0.00004  0.50   99550       4   99548  8042201  80.79
  1994           4     0.00005  0.00005  0.50   99546       5   99543  7942653  79.79
  1994           5     0.00028  0.00028  0.50   99541      28   99527  7843110  78.79
  1994           6     0.00043  0.00043  0.50   99513      43   99491  7743583  77.81
  1994           7     0.00026  0.00026  0.50   99470      26   99457  7644092  76.85
  1994           8     0.00008  0.00008  0.50   99444       8   99440  7544635  75.87
  1994           9     0.00000  0.00000  0.50   99436       0   99436  7445195  74.87
  1994          10     0.00000  0.00000  0.50   99436       0   99436  7345759  73.87
  1994          11     0.00000  0.00000  0.50   99436       0   99436  7246323  72.87
  1994          12     0.00001  0.00001  0.50   99436       1   99436  7146887  71.87
  1994          13     0.00004  0.00004  0.50   99435       4   99434  7047451  70.87
  1994          14     0.00008  0.00008  0.50   99432       8   99428  6948017  69.88
  1994          15     0.00011  0.00011  0.50   99424      11   99419  6848589  68.88
  1994          16     0.00018  0.00018  0.50   99413      18   99404  6749170  67.89
  1994          17     0.00029  0.00029  0.50   99396      29   99381  6649766  66.90
  1994          18     0.00035  0.00035  0.50   99367      35   99349  6550385  65.92
  1994          19     0.00030  0.00030  0.50   99332      30   99317  6451036  64.94
  1994          20     0.00031  0.00031  0.50   99302      31   99286  6351719  63.96
  1994          21     0.00032  0.00032  0.50   99271      32   99255  6252432  62.98
  1994          22     0.00022  0.00022  0.50   99239      22   99228  6153178  62.00
  1994          23     0.00014  0.00014  0.50   99217      14   99210  6053950  61.02
  1994          24     0.00023  0.00023  0.50   99203      23   99191  5954740  60.03
  1994          25     0.00036  0.00036  0.50   99180      36   99162  5855549  59.04
  1994          26     0.00050  0.00050  0.50   99144      50   99119  5756387  58.06
  1994          27     0.00064  0.00064  0.50   99094      63   99062  5657268  57.09
  1994          28     0.00065  0.00065  0.50   99031      64   98999  5558206  56.13
  1994          29     0.00051  0.00051  0.50   98966      51   98941  5459207  55.16
  1994          30     0.00043  0.00043  0.50   98916      43   98895  5360266  54.19
  1994          31     0.00045  0.00045  0.50   98873      44   98851  5261371  53.21
  1994          32     0.00053  0.00053  0.50   98829      53   98802  5162520  52.24
  1994          33     0.00063  0.00063  0.50   98776      62   98745  5063718  51.26
  1994          34     0.00069  0.00069  0.50   98714      68   98680  4964973  50.30
  1994          35     0.00068  0.00068  0.50   98646      67   98612  4866293  49.33
  1994          36     0.00062  0.00062  0.50   98578      61   98548  4767681  48.36
  1994          37     0.00056  0.00056  0.50   98517      55   98490  4669134  47.39
  1994          38     0.00059  0.00059  0.50   98462      58   98433  4570644  46.42
  1994          39     0.00076  0.00076  0.50   98404      75   98367  4472211  45.45
  1994          40     0.00084  0.00084  0.50   98329      82   98288  4373844  44.48
  1994          41     0.00073  0.00073  0.50   98247      71   98211  4275556  43.52
  1994          42     0.00090  0.00090  0.50   98176      88   98131  4177344  42.55
  1994          43     0.00123  0.00122  0.50   98087     120   98027  4079213  41.59
  1994          44     0.00140  0.00140  0.50   97967     137   97899  3981186  40.64
  1994          45     0.00127  0.00127  0.50   97830     124   97768  3883287  39.69
  1994          46     0.00090  0.00090  0.50   97706      88   97662  3785519  38.74
  1994          47     0.00090  0.00090  0.50   97618      87   97574  3687857  37.78
  1994          48     0.00109  0.00109  0.50   97530     106   97477  3590283  36.81
  1994          49     0.00122  0.00121  0.50   97424     118   97365  3492806  35.85
  1994          50     0.00154  0.00154  0.50   97306     150   97231  3395441  34.89
  1994          51     0.00224  0.00224  0.50   97156     218   97047  3298210  33.95
  1994          52     0.00272  0.00272  0.50   96939     264   96807  3201162  33.02
  1994          53     0.00269  0.00269  0.50   96675     260   96545  3104356  32.11
  1994          54     0.00335  0.00334  0.50   96415     322   96254  3007811  31.20
  1994          55     0.00409  0.00408  0.50   96093     392   95897  2911557  30.30
  1994          56     0.00402  0.00401  0.50   95701     383   95509  2815660  29.42
  1994          57     0.00336  0.00335  0.50   95317     320   95157  2720151  28.54
  1994          58     0.00277  0.00277  0.50   94997     263   94866  2624994  27.63
  1994          59     0.00306  0.00306  0.50   94735     290   94590  2530128  26.71
  1994          60     0.00380  0.00380  0.50   94445     359   94266  2435538  25.79
  1994          61     0.00439  0.00438  0.50   94086     412   93881  2341272  24.88
  1994          62     0.00482  0.00481  0.50   93675     451   93449  2247392  23.99
  1994          63     0.00529  0.00528  0.50   93224     492   92978  2153943  23.11
  1994          64     0.00599  0.00597  0.50   92732     554   92455  2060964  22.22
  1994          65     0.00677  0.00675  0.50   92178     622   91867  1968509  21.36
  1994          66     0.00670  0.00668  0.50   91557     611   91251  1876642  20.50
  1994          67     0.00670  0.00667  0.50   90945     607   90642  1785391  19.63
  1994          68     0.00790  0.00787  0.50   90338     711   89983  1694749  18.76
  1994          69     0.01024  0.01019  0.50   89627     913   89170  1604767  17.90
  1994          70     0.01274  0.01266  0.50   88714    1123   88152  1515596  17.08
  1994          71     0.01331  0.01322  0.50   87591    1158   87012  1427444  16.30
  1994          72     0.01422  0.01412  0.50   86433    1220   85823  1340432  15.51
  1994          73     0.01769  0.01754  0.50   85212    1494   84465  1254609  14.72
  1994          74     0.02096  0.02074  0.50   83718    1736   82850  1170144  13.98
  1994          75     0.02154  0.02131  0.50   81982    1747   81108  1087294  13.26
  1994          76     0.02244  0.02219  0.50   80235    1780   79345  1006186  12.54
  1994          77     0.02519  0.02487  0.50   78455    1952   77479   926842  11.81
  1994          78     0.03006  0.02962  0.50   76503    2266   75370   849363  11.10
  1994          79     0.03526  0.03464  0.50   74237    2572   72951   773993  10.43
  1994          80     0.03924  0.03848  0.50   71665    2758   70286   701042   9.78
  1994          81     0.04366  0.04273  0.50   68908    2944   67435   630755   9.15
  1994          82     0.05018  0.04895  0.50   65963    3229   64349   563320   8.54
  1994          83     0.05766  0.05604  0.50   62734    3516   60976   498971   7.95
  1994          84     0.06596  0.06386  0.50   59218    3782   57328   437995   7.40
  1994          85     0.07540  0.07266  0.50   55437    4028   53423   380668   6.87
  1994          86     0.08608  0.08253  0.50   51409    4243   49287   327245   6.37
  1994          87     0.09809  0.09350  0.50   47166    4410   44961   277958   5.89
  1994          88     0.11157  0.10567  0.50   42756    4518   40497   232996   5.45
  1994          89     0.12665  0.11911  0.50   38238    4554   35961   192500   5.03
  1994          90     0.14344  0.13384  0.50   33683    4508   31429   156539   4.65
  1994          91     0.16204  0.14989  0.50   29175    4373   26989   125110   4.29
  1994          92     0.18254  0.16727  0.50   24802    4149   22728    98121   3.96
  1994          93     0.20500  0.18594  0.50   20653    3840   18733    75393   3.65
  1994          94     0.22944  0.20583  0.50   16813    3461   15083    56660   3.37
  1994          95     0.25586  0.22684  0.50   13353    3029   11838    41577   3.11
  1994          96     0.28420  0.24884  0.50   10324    2569    9039    29739   2.88
  1994          97     0.31435  0.27166  0.50    7755    2107    6701    20700   2.67
  1994          98     0.34616  0.29508  0.50    5648    1667    4815    13998   2.48
  1994          99     0.37940  0.31890  0.50    3981    1270    3347     9183   2.31
  1994         100     0.41381  0.34287  0.50    2712     930    2247     5837   2.15
  1994         101     0.44909  0.36674  0.50    1782     654    1455     3590   2.01
  1994         102     0.48488  0.39026  0.50    1128     440     908     2135   1.89
  1994         103     0.52083  0.41322  0.50     688     284     546     1226   1.78
  1994         104     0.55657  0.43540  0.50     404     176     316      681   1.69
  1994         105     0.59173  0.45663  0.50     228     104     176      365   1.60
  1994         106     0.62598  0.47676  0.50     124      59      94      189   1.52
  1994         107     0.65901  0.49568  0.50      65      32      49       94   1.46
  1994         108     0.69047  0.51327  0.50      33      17      24       46   1.40
  1994         109     0.72020  0.52952  0.50      16       8      12       21   1.35
  1994         110+    0.76703  1.00000  1.30       7       7      10       10   1.30
  1995           0     0.00590  0.00587  0.16  100000     587   99510  8319353  83.19
  1995           1     0.00089  0.00089  0.50   99413      89   99369  8219844  82.68
  1995           2     0.00059  0.00059  0.50   99324      58   99295  8120475  81.76
  1995           3     0.00031  0.00031  0.50   99266      31   99250  8021180  80.81
  1995           4     0.00012  0.00012  0.50   99235      12   99229  7921929  79.83
  1995           5     0.00005  0.00005  0.50   99223       5   99221  7822700  78.84
  1995           6     0.00005  0.00005  0.50   99219       5   99216  7723480  77.84
  1995           7     0.00009  0.00009  0.50   99214       9   99209  7624263  76.85
  1995           8     0.00016  0.00016  0.50   99205      16   99197  7525054  75.85
  1995           9     0.00023  0.00023  0.50   99189      23   99177  7425857  74.87
  1995          10     0.00026  0.00026  0.50   99166      26   99153  7326680  73.88
  1995          11     0.00025  0.00025  0.50   99140      24   99128  7227527  72.90
  1995          12     0.00022  0.00022  0.50   99116      22   99105  7128399  71.92
  1995          13     0.00019  0.00019  0.50   99094      19   99084  7029294  70.94
  1995          14     0.00020  0.00020  0.50   99075      19   99065  6930210  69.95
  1995          15     0.00026  0.00026  0.50   99055      25   99043  6831145  68.96
  1995          16     0.00033  0.00033  0.50   99030      33   99014  6732103  67.98
  1995          17     0.00037  0.00037  0.50   98997      37   98979  6633089  67.00
  1995          18     0.00034  0.00034  0.50   98960      34   98944  6534110  66.03
  1995          19     0.00023  0.00023  0.50   98927      23   98915  6435167  65.05
  1995          20     0.00013  0.00013  0.50   98903      13   98897  6336252  64.06
  1995          21     0.00008  0.00008  0.50   98890       8   98886  6237355  63.07
  1995          22     0.00008  0.00008  0.50   98883       8   98879  6138468  62.08
  1995          23     0.00015  0.00015  0.50   98875      14   98868  6039590  61.08
  1995          24     0.00026  0.00026  0.50   98861      26   98848  5940722  60.09
  1995          25     0.00033  0.00033  0.50   98835      32   98819  5841874  59.11
  1995          26     0.00035  0.00035  0.50   98802      34   98785  5743055  58.13
  1995          27     0.00034  0.00034  0.50   98768      33   98752  5644270  57.15
  1995          28     0.00033  0.00033  0.50   98735      33   98718  5545518  56.17
  1995          29     0.00035  0.00035  0.50   98702      35   98685  5446800  55.18
  1995          30     0.00039  0.00039  0.50   98667      38   98648  5348115  54.20
  1995          31     0.00040  0.00040  0.50   98629      39   98609  5249467  53.22
  1995          32     0.00037  0.00037  0.50   98590      37   98571  5150858  52.25
  1995          33     0.00033  0.00033  0.50   98553      33   98536  5052287  51.26
  1995          34     0.00031  0.00031  0.50   98520      30   98505  4953750  50.28
  1995          35     0.00033  0.00033  0.50   98490      33   98473  4855245  49.30
  1995          36     0.00043  0.00043  0.50   98457      42   98436  4756772  48.31
  1995          37     0.00049  0.00049  0.50   98415      49   98390  4658336  47.33
  1995          38     0.00054  0.00054  0.50   98366      53   98340  4559946  46.36
  1995          39     0.00059  0.00059  0.50   98313      58   98284  4461606  45.38
  1995          40     0.00069  0.00069  0.50   98255      68   98221  4363322  44.41
  1995          41     0.00083  0.00083  0.50   98187      81   98147  4265101  43.44
  1995          42     0.00093  0.00093  0.50   98106      92   98060  4166954  42.47
  1995          43     0.00103  0.00103  0.50   98014     101   97964  4068894  41.51
  1995          44     0.00116  0.00115  0.50   97914     113   97857  3970930  40.56
  1995          45     0.00127  0.00127  0.50   97801     124   97738  3873073  39.60
  1995          46     0.00136  0.00136  0.50   97676     133   97610  3775335  38.65
  1995          47     0.00152  0.00151  0.50   97543     148   97469  3677725  37.70
  1995          48     0.00171  0.00171  0.50   97396     167   97312  3580256  36.76
  1995          49     0.00190  0.00190  0.50   97229     185   97136  3482944  35.82
  1995          50     0.00205  0.00205  0.50   97044     199   96944  3385807  34.89
  1995          51     0.00214  0.00214  0.50   96845     207   96741  3288863  33.96
  1995          52     0.00225  0.00225  0.50   96638     217   96529  3192121  33.03
  1995          53     0.00245  0.00245  0.50   96420     236   96302  3095592  32.11
  1995          54     0.00275  0.00274  0.50   96185     264   96053  2999290  31.18
  1995          55     0.00307  0.00306  0.50   95921     294   95774  2903237  30.27
  1995          56     0.00334  0.00333  0.50   95627     319   95468  2807464  29.36
  1995          57     0.00352  0.00351  0.50   95308     335   95141  2711996  28.45
  1995          58     0.00365  0.00364  0.50   94973     346   94800  2616855  27.55
  1995          59     0.00387  0.00387  0.50   94628     366   94445  2522055  26.65
  1995          60     0.00418  0.00417  0.50   94262     393   94065  2427610  25.75
  1995          61     0.00452  0.00451  0.50   93869     424   93657  2333545  24.86
  1995          62     0.00501  0.00499  0.50   93445     467   93212  2239888  23.97
  1995          63     0.00571  0.00570  0.50   92978     530   92714  2146676  23.09
  1995          64     0.00652  0.00650  0.50   92449     601   92148  2053963  22.22
  1995          65     0.00727  0.00724  0.50   91848     665   91515  1961814  21.36
  1995          66     0.00788  0.00785  0.50   91183     715   90825  1870299  20.51
  1995          67     0.00854  0.00850  0.50   90467     769   90083  1779474  19.67
  1995          68     0.00945  0.00940  0.50   89698     843   89277  1689392  18.83
  1995          69     0.01062  0.01056  0.50   88855     939   88386  1600115  18.01
  1995          70     0.01191  0.01184  0.50   87916    1041   87396  1511730  17.20
  1995          71     0.01291  0.01283  0.50   86875    1114   86318  1424334  16.40
  1995          72     0.01365  0.01356  0.50   85761    1163   85180  1338016  15.60
  1995          73     0.01437  0.01426  0.50   84598    1207   83995  1252837  14.81
  1995          74     0.01546  0.01534  0.50   83391    1279   82752  1168842  14.02
  1995          75     0.01712  0.01697  0.50   82112    1394   81415  1086090  13.23
  1995          76     0.01891  0.01873  0.50   80719    1512   79963  1004675  12.45
  1995          77     0.02158  0.02135  0.50   79207    1691   78361   924712  11.67
  1995          78     0.02592  0.02559  0.50   77516    1983   76524   846351  10.92
  1995          79     0.03142  0.03094  0.50   75533    2337   74364   769826  10.19
  1995          80     0.03741  0.03673  0.50   73196    2688   71852   695462   9.50
  1995          81     0.04385  0.04291  0.50   70507    3025   68995   623610   8.84
  1995          82     0.05091  0.04964  0.50   67482    3350   65807   554616   8.22
  1995          83     0.05893  0.05724  0.50   64132    3671   62296   488809   7.62
  1995          84     0.06814  0.06590  0.50   60461    3984   58469   426512   7.05
  1995          85     0.07871  0.07573  0.50   56477    4277   54338   368043   6.52
  1995          86     0.09080  0.08686  0.50   52200    4534   49933   313705   6.01
  1995          87     0.10455  0.09935  0.50   47666    4736   45298   263772   5.53
  1995          88     0.12010  0.11330  0.50   42930    4864   40498   218474   5.09
  1995          89     0.13762  0.12876  0.50   38066    4901   35616   177976   4.68
  1995          90     0.15723  0.14577  0.50   33165    4834   30748   142360   4.29
  1995          91     0.17905  0.16434  0.50   28331    4656   26003   111612   3.94
  1995          92     0.20317  0.18443  0.50   23675    4366   21492    85610   3.62
  1995          93     0.22962  0.20597  0.50   19308    3977   17320    64118   3.32
  1995          94     0.25839  0.22883  0.50   15331    3508   13577    46798   3.05
  1995          95     0.28942  0.25283  0.50   11823    2989   10329    33221   2.81
  1995          96     0.32253  0.27774  0.50    8834    2454    7607    22892   2.59
  1995          97     0.35753  0.30331  0.50    6380    1935    5413    15285   2.40
  1995          98     0.39410  0.32923  0.50    4445    1463    3713     9872   2.22
  1995          99     0.43190  0.35519  0.50    2982    1059    2452     6159   2.07
  1995         100     0.47051  0.38090  0.50    1923     732    1556     3707   1.93
  1995         101     0.50947  0.40604  0.50    1190     483     949     2150   1.81
  1995         102     0.54832  0.43034  0.50     707     304     555     1202   1.70
  1995         103     0.58659  0.45356  0.50     403     183     311      647   1.61
  1995         104     0.62383  0.47551  0.50     220     105     168      335   1.52
  1995         105     0.65960  0.49601  0.50     115      57      87      168   1.45
  1995         106     0.69354  0.51497  0.50      58      30      43       81   1.39
  1995         107     0.72540  0.53233  0.50      28      15      21       38   1.34
  1995         108     0.75523  0.54822  0.50      13       7      10       17   1.29
  1995         109     0.78333  0.56287  0.50       6       3       4        7   1.25
  1995         110+    0.82352  1.00000  1.21       3       3       3        3   1.21
  1996           0     0.00420  0.00419  0.19  100000     419   99659  8388042  83.88
  1996           1     0.00023  0.00023  0.50   99581      23   99570  8288383  83.23
  1996           2     0.00024  0.00024  0.50   99558      24   99546  8188813  82.25
  1996           3     0.00024  0.00024  0.50   99534      23   99523  8089267  81.27
  1996           4     0.00022  0.00022  0.50   99511      22   99500  7989744  80.29
  1996           5     0.00019  0.00019  0.50   99489      19   99479  7890245  79.31
  1996           6     0.00014  0.00014  0.50   99469      14   99463  7790765  78.32
  1996           7     0.00007  0.00007  0.50   99456       7   99452  7691303  77.33
  1996           8     0.00003  0.00003  0.50   99448       3   99447  7591851  76.34
  1996           9     0.00001  0.00001  0.50   99445       1   99445  7492404  75.34
  1996          10     0.00003  0.00003  0.50   99444       3   99442  7392960  74.34
  1996          11     0.00007  0.00007  0.50   99441       7   99437  7293517  73.35
  1996          12     0.00011  0.00011  0.50   99434      11   99428  7194080  72.35
  1996          13     0.00014  0.00014  0.50   99422      14   99415  7094652  71.36
  1996          14     0.00015  0.00015  0.50   99409      15   99401  6995237  70.37
  1996          15     0.00018  0.00018  0.50   99393      18   99384  6895836  69.38
  1996          16     0.00021  0.00021  0.50   99375      21   99365  6796451  68.39
  1996          17     0.00024  0.00024  0.50   99354      23   99342  6697086  67.41
  1996          18     0.00026  0.00026  0.50   99331      26   99318  6597744  66.42
  1996          19     0.00030  0.00030  0.50   99305      30   99290  6498426  65.44
  1996          20     0.00031  0.00031  0.50   99275      30   99260  6399137  64.46
  1996          21     0.00030  0.00030  0.50   99244      30   99229  6299877  63.48
  1996          22     0.00033  0.00033  0.50   99214      33   99198  6200648  62.50
  1996          23     0.00039  0.00039  0.50   99181      39   99162  6101450  61.52
  1996          24     0.00049  0.00049  0.50   99142      48   99118  6002288  60.54
  1996          25     0.00059  0.00059  0.50   99094      58   99065  5903170  59.57
  1996          26     0.00067  0.00067  0.50   99036      66   99003  5804105  58.61
  1996          27     0.00070  0.00070  0.50   98969      69   98935  5705102  57.65
  1996          28     0.00063  0.00063  0.50   98900      62   98869  5606168  56.69
  1996          29     0.00047  0.00047  0.50   98838      46   98815  5507298  55.72
  1996          30     0.00039  0.00039  0.50   98792      39   98772  5408483  54.75
  1996          31     0.00041  0.00041  0.50   98753      40   98733  5309711  53.77
  1996          32     0.00046  0.00046  0.50   98713      45   98690  5210978  52.79
  1996          33     0.00050  0.00050  0.50   98668      49   98643  5112288  51.81
  1996          34     0.00051  0.00051  0.50   98618      50   98593  5013645  50.84
  1996          35     0.00050  0.00050  0.50   98568      50   98543  4915051  49.86
  1996          36     0.00054  0.00054  0.50   98519      53   98492  4816508  48.89
  1996          37     0.00065  0.00065  0.50   98466      64   98434  4718016  47.92
  1996          38     0.00077  0.00077  0.50   98402      76   98364  4619582  46.95
  1996          39     0.00082  0.00082  0.50   98326      81   98286  4521218  45.98
  1996          40     0.00083  0.00083  0.50   98245      81   98205  4422933  45.02
  1996          41     0.00082  0.00082  0.50   98164      81   98124  4324728  44.06
  1996          42     0.00084  0.00084  0.50   98083      82   98042  4226604  43.09
  1996          43     0.00093  0.00093  0.50   98001      91   97956  4128562  42.13
  1996          44     0.00109  0.00109  0.50   97910     107   97857  4030606  41.17
  1996          45     0.00127  0.00127  0.50   97803     124   97741  3932750  40.21
  1996          46     0.00139  0.00139  0.50   97679     136   97611  3835008  39.26
  1996          47     0.00157  0.00157  0.50   97543     153   97467  3737397  38.32
  1996          48     0.00176  0.00176  0.50   97390     172   97304  3639930  37.37
  1996          49     0.00190  0.00190  0.50   97218     184   97126  3542627  36.44
  1996          50     0.00200  0.00200  0.50   97034     194   96937  3445501  35.51
  1996          51     0.00213  0.00212  0.50   96840     206   96737  3348564  34.58
  1996          52     0.00229  0.00229  0.50   96634     221   96523  3251827  33.65
  1996          53     0.00251  0.00251  0.50   96413     242   96292  3155304  32.73
  1996          54     0.00283  0.00282  0.50   96171     272   96035  3059012  31.81
  1996          55     0.00319  0.00318  0.50   95900     305   95747  2962977  30.90
  1996          56     0.00352  0.00351  0.50   95595     336   95427  2867230  29.99
  1996          57     0.00380  0.00379  0.50   95259     361   95078  2771803  29.10
  1996          58     0.00400  0.00400  0.50   94898     379   94708  2676725  28.21
  1996          59     0.00417  0.00417  0.50   94518     394   94322  2582017  27.32
  1996          60     0.00434  0.00433  0.50   94125     407   93921  2487695  26.43
  1996          61     0.00451  0.00450  0.50   93717     421   93507  2393774  25.54
  1996          62     0.00468  0.00467  0.50   93296     436   93078  2300268  24.66
  1996          63     0.00485  0.00484  0.50   92860     450   92635  2207190  23.77
  1996          64     0.00505  0.00504  0.50   92411     465   92178  2114554  22.88
  1996          65     0.00534  0.00532  0.50   91945     489   91701  2022377  22.00
  1996          66     0.00587  0.00586  0.50   91456     536   91188  1930676  21.11
  1996          67     0.00662  0.00659  0.50   90920     600   90620  1839488  20.23
  1996          68     0.00748  0.00746  0.50   90321     673   89984  1748867  19.36
  1996          69     0.00854  0.00851  0.50   89647     762   89266  1658883  18.50
  1996          70     0.00985  0.00980  0.50   88885     871   88449  1569617  17.66
  1996          71     0.01133  0.01127  0.50   88014     992   87518  1481168  16.83
  1996          72     0.01299  0.01291  0.50   87022    1124   86460  1393650  16.01
  1996          73     0.01487  0.01476  0.50   85899    1268   85264  1307190  15.22
  1996          74     0.01701  0.01686  0.50   84630    1427   83917  1221925  14.44
  1996          75     0.01938  0.01919  0.50   83203    1597   82405  1138009  13.68
  1996          76     0.02179  0.02155  0.50   81607    1759   80727  1055604  12.94
  1996          77     0.02421  0.02392  0.50   79848    1910   78893   974876  12.21
  1996          78     0.02682  0.02646  0.50   77938    2063   76907   895983  11.50
  1996          79     0.03039  0.02994  0.50   75876    2272   74740   819076  10.79
  1996          80     0.03556  0.03494  0.50   73604    2571   72318   744336  10.11
  1996          81     0.04175  0.04090  0.50   71033    2905   69580   672018   9.46
  1996          82     0.04832  0.04718  0.50   68128    3214   66520   602438   8.84
  1996          83     0.05539  0.05389  0.50   64913    3498   63164   535918   8.26
  1996          84     0.06316  0.06122  0.50   61415    3760   59535   472754   7.70
  1996          85     0.07181  0.06932  0.50   57655    3997   55656   413219   7.17
  1996          86     0.08151  0.07832  0.50   53658    4202   51557   357563   6.66
  1996          87     0.09242  0.08833  0.50   49456    4369   47271   306006   6.19
  1996          88     0.10463  0.09943  0.50   45087    4483   42845   258735   5.74
  1996          89     0.11827  0.11167  0.50   40604    4534   38337   215889   5.32
  1996          90     0.13343  0.12508  0.50   36070    4512   33814   177552   4.92
  1996          91     0.15020  0.13971  0.50   31558    4409   29354   143739   4.55
  1996          92     0.16866  0.15555  0.50   27149    4223   25038   114385   4.21
  1996          93     0.18890  0.17260  0.50   22926    3957   20948    89347   3.90
  1996          94     0.21093  0.19081  0.50   18969    3620   17160    68399   3.61
  1996          95     0.23480  0.21013  0.50   15350    3225   13737    51240   3.34
  1996          96     0.26046  0.23045  0.50   12124    2794   10727    37503   3.09
  1996          97     0.28788  0.25166  0.50    9330    2348    8156    26776   2.87
  1996          98     0.31694  0.27358  0.50    6982    1910    6027    18619   2.67
  1996          99     0.34749  0.29605  0.50    5072    1502    4321    12592   2.48
  1996         100     0.37936  0.31888  0.50    3570    1139    3001     8271   2.32
  1996         101     0.41230  0.34183  0.50    2432     831    2016     5270   2.17
  1996         102     0.44604  0.36470  0.50    1601     584    1309     3253   2.03
  1996         103     0.48027  0.38727  0.50    1017     394     820     1945   1.91
  1996         104     0.51466  0.40933  0.50     623     255     496     1125   1.81
  1996         105     0.54886  0.43067  0.50     368     158     289      629   1.71
  1996         106     0.58253  0.45113  0.50     210      95     162      340   1.62
  1996         107     0.61538  0.47059  0.50     115      54      88      178   1.55
  1996         108     0.64735  0.48906  0.50      61      30      46       90   1.48
  1996         109     0.67849  0.50662  0.50      31      16      23       44   1.42
  1996         110+    0.72942  1.00000  1.37      15      15      21       21   1.37
  1997           0     0.00373  0.00372  0.19  100000     372   99700  8455138  84.55
  1997           1     0.00075  0.00075  0.50   99628      75   99591  8355439  83.87
  1997           2     0.00046  0.00046  0.50   99553      45   99530  8255848  82.93
  1997           3     0.00025  0.00025  0.50   99508      25   99495  8156318  81.97
  1997           4     0.00013  0.00013  0.50   99482      13   99476  8056823  80.99
  1997           5     0.00004  0.00004  0.50   99470       4   99468  7957347  80.00
  1997           6     0.00000  0.00000  0.50   99465       0   99465  7857879  79.00
  1997           7     0.00000  0.00000  0.50   99465       0   99465  7758414  78.00
  1997           8     0.00002  0.00002  0.50   99465       2   99465  7658949  77.00
  1997           9     0.00004  0.00004  0.50   99464       4   99462  7559484  76.00
  1997          10     0.00006  0.00006  0.50   99459       6   99457  7460023  75.01
  1997          11     0.00005  0.00005  0.50   99454       5   99452  7360566  74.01
  1997          12     0.00002  0.00002  0.50   99449       2   99448  7261114  73.01
  1997          13     0.00001  0.00001  0.50   99447       1   99447  7161666  72.01
  1997          14     0.00002  0.00002  0.50   99447       2   99446  7062219  71.02
  1997          15     0.00007  0.00007  0.50   99444       7   99441  6962773  70.02
  1997          16     0.00012  0.00012  0.50   99437      12   99431  6863332  69.02
  1997          17     0.00014  0.00014  0.50   99425      14   99418  6763901  68.03
  1997          18     0.00012  0.00012  0.50   99412      12   99405  6664483  67.04
  1997          19     0.00009  0.00009  0.50   99399       9   99395  6565077  66.05
  1997          20     0.00010  0.00010  0.50   99391      10   99386  6465682  65.05
  1997          21     0.00016  0.00016  0.50   99381      16   99373  6366296  64.06
  1997          22     0.00022  0.00022  0.50   99365      22   99354  6266924  63.07
  1997          23     0.00029  0.00029  0.50   99343      29   99328  6167570  62.08
  1997          24     0.00034  0.00034  0.50   99314      33   99297  6068242  61.10
  1997          25     0.00027  0.00027  0.50   99280      27   99267  5968945  60.12
  1997          26     0.00016  0.00016  0.50   99253      16   99245  5869678  59.14
  1997          27     0.00010  0.00010  0.50   99237      10   99232  5770433  58.15
  1997          28     0.00008  0.00008  0.50   99227       8   99223  5671202  57.15
  1997          29     0.00010  0.00010  0.50   99219      10   99214  5571979  56.16
  1997          30     0.00017  0.00017  0.50   99209      17   99200  5472765  55.16
  1997          31     0.00028  0.00028  0.50   99192      28   99178  5373565  54.17
  1997          32     0.00040  0.00040  0.50   99164      40   99144  5274387  53.19
  1997          33     0.00049  0.00049  0.50   99125      49   99100  5175242  52.21
  1997          34     0.00052  0.00052  0.50   99076      52   99050  5076142  51.23
  1997          35     0.00052  0.00052  0.50   99024      52   98998  4977092  50.26
  1997          36     0.00053  0.00053  0.50   98972      52   98946  4878094  49.29
  1997          37     0.00053  0.00053  0.50   98920      52   98894  4779147  48.31
  1997          38     0.00053  0.00053  0.50   98868      53   98842  4680253  47.34
  1997          39     0.00056  0.00056  0.50   98815      56   98787  4581412  46.36
  1997          40     0.00066  0.00066  0.50   98760      65   98727  4482624  45.39
  1997          41     0.00085  0.00085  0.50   98694      84   98652  4383897  44.42
  1997          42     0.00101  0.00101  0.50   98610     100   98561  4285245  43.46
  1997          43     0.00105  0.00104  0.50   98511     103   98459  4186684  42.50
  1997          44     0.00092  0.00092  0.50   98408      90   98363  4088225  41.54
  1997          45     0.00082  0.00082  0.50   98317      81   98277  3989862  40.58
  1997          46     0.00093  0.00093  0.50   98237      91   98191  3891585  39.61
  1997          47     0.00111  0.00111  0.50   98145     109   98091  3793394  38.65
  1997          48     0.00135  0.00135  0.50   98036     132   97970  3695304  37.69
  1997          49     0.00166  0.00166  0.50   97904     162   97823  3597334  36.74
  1997          50     0.00199  0.00199  0.50   97742     195   97644  3499511  35.80
  1997          51     0.00229  0.00229  0.50   97547     223   97435  3401867  34.87
  1997          52     0.00248  0.00248  0.50   97324     241   97203  3304431  33.95
  1997          53     0.00255  0.00255  0.50   97083     248   96959  3207228  33.04
  1997          54     0.00265  0.00264  0.50   96835     256   96707  3110269  32.12
  1997          55     0.00272  0.00272  0.50   96579     262   96448  3013562  31.20
  1997          56     0.00272  0.00271  0.50   96317     261   96186  2917115  30.29
  1997          57     0.00278  0.00277  0.50   96055     266   95922  2820929  29.37
  1997          58     0.00304  0.00304  0.50   95789     291   95644  2725006  28.45
  1997          59     0.00348  0.00348  0.50   95498     332   95332  2629363  27.53
  1997          60     0.00407  0.00406  0.50   95166     387   94973  2534030  26.63
  1997          61     0.00476  0.00475  0.50   94779     450   94554  2439058  25.73
  1997          62     0.00532  0.00530  0.50   94329     500   94079  2344503  24.85
  1997          63     0.00553  0.00552  0.50   93829     518   93570  2250424  23.98
  1997          64     0.00557  0.00556  0.50   93311     519   93052  2156854  23.11
  1997          65     0.00568  0.00566  0.50   92793     525   92530  2063802  22.24
  1997          66     0.00602  0.00600  0.50   92268     554   91991  1971272  21.36
  1997          67     0.00675  0.00673  0.50   91714     617   91405  1879281  20.49
  1997          68     0.00791  0.00788  0.50   91097     718   90738  1787876  19.63
  1997          69     0.00915  0.00911  0.50   90379     823   89967  1697138  18.78
  1997          70     0.01019  0.01014  0.50   89556     908   89101  1607171  17.95
  1997          71     0.01132  0.01126  0.50   88647     998   88148  1518070  17.12
  1997          72     0.01255  0.01247  0.50   87649    1093   87103  1429921  16.31
  1997          73     0.01383  0.01373  0.50   86556    1189   85962  1342819  15.51
  1997          74     0.01527  0.01515  0.50   85367    1293   84721  1256857  14.72
  1997          75     0.01685  0.01671  0.50   84074    1405   83372  1172136  13.94
  1997          76     0.01811  0.01795  0.50   82669    1484   81927  1088765  13.17
  1997          77     0.01957  0.01938  0.50   81185    1574   80398  1006837  12.40
  1997          78     0.02201  0.02177  0.50   79612    1733   78745   926439  11.64
  1997          79     0.02597  0.02563  0.50   77879    1996   76881   847694  10.88
  1997          80     0.03170  0.03121  0.50   75882    2368   74698   770813  10.16
  1997          81     0.03840  0.03767  0.50   73514    2770   72129   696115   9.47
  1997          82     0.04525  0.04424  0.50   70745    3130   69179   623986   8.82
  1997          83     0.05251  0.05117  0.50   67614    3460   65885   554806   8.21
  1997          84     0.06055  0.05877  0.50   64155    3770   62270   488922   7.62
  1997          85     0.06964  0.06729  0.50   60384    4064   58353   426652   7.07
  1997          86     0.07998  0.07691  0.50   56321    4332   54155   368299   6.54
  1997          87     0.09177  0.08774  0.50   51989    4562   49709   314144   6.04
  1997          88     0.10511  0.09986  0.50   47428    4736   45060   264436   5.58
  1997          89     0.12015  0.11334  0.50   42692    4839   40272   219376   5.14
  1997          90     0.13702  0.12824  0.50   37853    4854   35426   179104   4.73
  1997          91     0.15584  0.14457  0.50   32999    4771   30613   143678   4.35
  1997          92     0.17671  0.16236  0.50   28228    4583   25936   113065   4.01
  1997          93     0.19971  0.18157  0.50   23645    4293   21498    87129   3.68
  1997          94     0.22487  0.20214  0.50   19352    3912   17396    65630   3.39
  1997          95     0.25221  0.22397  0.50   15440    3458   13711    48235   3.12
  1997          96     0.28166  0.24689  0.50   11982    2958   10503    34524   2.88
  1997          97     0.31311  0.27073  0.50    9024    2443    7802    24021   2.66
  1997          98     0.34636  0.29523  0.50    6581    1943    5609    16219   2.46
  1997          99     0.38119  0.32017  0.50    4638    1485    3895    10610   2.29
  1997         100     0.41728  0.34525  0.50    3153    1089    2609     6715   2.13
  1997         101     0.45427  0.37019  0.50    2064     764    1682     4106   1.99
  1997         102     0.49178  0.39472  0.50    1300     513    1044     2424   1.86
  1997         103     0.52938  0.41859  0.50     787     329     622     1380   1.75
  1997         104     0.56664  0.44154  0.50     458     202     357      758   1.66
  1997         105     0.60311  0.46337  0.50     256     118     196      402   1.57
  1997         106     0.63838  0.48392  0.50     137      66     104      205   1.50
  1997         107     0.67211  0.50305  0.50      71      36      53      101   1.43
  1997         108     0.70425  0.52084  0.50      35      18      26       48   1.37
  1997         109     0.73493  0.53744  0.50      17       9      12       22   1.32
  1997         110+    0.78163  1.00000  1.28       8       8      10       10   1.28
  1998           0     0.00318  0.00317  0.20  100000     317   99746  8453551  84.54
  1998           1     0.00067  0.00067  0.50   99683      67   99649  8353805  83.80
  1998           2     0.00026  0.00026  0.50   99616      25   99603  8254156  82.86
  1998           3     0.00003  0.00003  0.50   99591       3   99589  8154553  81.88
  1998           4     0.00000  0.00000  0.50   99587       0   99587  8054964  80.88
  1998           5     0.00000  0.00000  0.50   99587       0   99587  7955377  79.88
  1998           6     0.00005  0.00005  0.50   99587       5   99585  7855789  78.88
  1998           7     0.00010  0.00010  0.50   99583      10   99578  7756204  77.89
  1998           8     0.00015  0.00015  0.50   99573      15   99565  7656627  76.89
  1998           9     0.00017  0.00017  0.50   99558      17   99550  7557061  75.91
  1998          10     0.00014  0.00014  0.50   99541      14   99535  7457512  74.92
  1998          11     0.00006  0.00006  0.50   99528       6   99525  7357977  73.93
  1998          12     0.00000  0.00000  0.50   99522       0   99522  7258452  72.93
  1998          13     0.00004  0.00004  0.50   99522       4   99520  7158931  71.93
  1998          14     0.00016  0.00016  0.50   99518      16   99510  7059411  70.94
  1998          15     0.00024  0.00024  0.50   99502      24   99490  6959901  69.95
  1998          16     0.00025  0.00025  0.50   99478      25   99466  6860411  68.96
  1998          17     0.00017  0.00017  0.50   99453      16   99445  6760945  67.98
  1998          18     0.00018  0.00018  0.50   99437      18   99428  6661500  66.99
  1998          19     0.00036  0.00036  0.50   99419      36   99401  6562072  66.00
  1998          20     0.00033  0.00033  0.50   99384      33   99367  6462670  65.03
  1998          21     0.00018  0.00018  0.50   99351      18   99342  6363303  64.05
  1998          22     0.00010  0.00010  0.50   99333      10   99328  6263961  63.06
  1998          23     0.00014  0.00014  0.50   99323      14   99316  6164633  62.07
  1998          24     0.00025  0.00025  0.50   99309      25   99296  6065317  61.08
  1998          25     0.00031  0.00031  0.50   99283      31   99268  5966021  60.09
  1998          26     0.00033  0.00033  0.50   99252      33   99236  5866753  59.11
  1998          27     0.00036  0.00036  0.50   99219      36   99202  5767517  58.13
  1998          28     0.00043  0.00043  0.50   99184      43   99162  5668316  57.15
  1998          29     0.00055  0.00055  0.50   99141      55   99113  5569153  56.17
  1998          30     0.00055  0.00055  0.50   99086      55   99059  5470040  55.20
  1998          31     0.00049  0.00049  0.50   99032      48   99007  5370981  54.24
  1998          32     0.00044  0.00044  0.50   98983      44   98961  5271974  53.26
  1998          33     0.00038  0.00038  0.50   98940      38   98921  5173012  52.28
  1998          34     0.00031  0.00031  0.50   98902      30   98887  5074092  51.30
  1998          35     0.00040  0.00040  0.50   98871      40   98852  4975205  50.32
  1998          36     0.00075  0.00075  0.50   98832      75   98795  4876353  49.34
  1998          37     0.00096  0.00096  0.50   98757      94   98710  4777559  48.38
  1998          38     0.00086  0.00086  0.50   98663      85   98620  4678849  47.42
  1998          39     0.00051  0.00051  0.50   98578      50   98553  4580228  46.46
  1998          40     0.00030  0.00030  0.50   98528      30   98513  4481675  45.49
  1998          41     0.00054  0.00054  0.50   98498      54   98472  4383162  44.50
  1998          42     0.00093  0.00093  0.50   98445      91   98399  4284691  43.52
  1998          43     0.00125  0.00125  0.50   98354     123   98292  4186292  42.56
  1998          44     0.00140  0.00140  0.50   98230     138   98161  4088000  41.62
  1998          45     0.00133  0.00133  0.50   98093     130   98028  3989838  40.67
  1998          46     0.00108  0.00108  0.50   97963     106   97909  3891811  39.73
  1998          47     0.00104  0.00104  0.50   97856     101   97806  3793901  38.77
  1998          48     0.00106  0.00106  0.50   97755     104   97703  3696095  37.81
  1998          49     0.00102  0.00102  0.50   97651     100   97602  3598392  36.85
  1998          50     0.00129  0.00129  0.50   97552     126   97489  3500791  35.89
  1998          51     0.00209  0.00208  0.50   97426     203   97324  3403302  34.93
  1998          52     0.00253  0.00253  0.50   97223     246   97100  3305977  34.00
  1998          53     0.00209  0.00209  0.50   96977     202   96876  3208877  33.09
  1998          54     0.00216  0.00215  0.50   96775     208   96671  3112001  32.16
  1998          55     0.00253  0.00252  0.50   96567     244   96445  3015330  31.23
  1998          56     0.00260  0.00260  0.50   96323     250   96198  2918886  30.30
  1998          57     0.00252  0.00252  0.50   96073     242   95952  2822688  29.38
  1998          58     0.00260  0.00259  0.50   95831     248   95707  2726736  28.45
  1998          59     0.00308  0.00308  0.50   95582     294   95435  2631029  27.53
  1998          60     0.00399  0.00398  0.50   95288     380   95099  2535594  26.61
  1998          61     0.00518  0.00517  0.50   94909     490   94664  2440495  25.71
  1998          62     0.00604  0.00602  0.50   94418     568   94134  2345832  24.85
  1998          63     0.00611  0.00610  0.50   93850     572   93564  2251697  23.99
  1998          64     0.00603  0.00601  0.50   93278     561   92998  2158133  23.14
  1998          65     0.00619  0.00617  0.50   92717     572   92431  2065136  22.27
  1998          66     0.00562  0.00560  0.50   92145     516   91887  1972704  21.41
  1998          67     0.00532  0.00530  0.50   91629     486   91386  1880817  20.53
  1998          68     0.00650  0.00648  0.50   91143     591   90848  1789431  19.63
  1998          69     0.00877  0.00873  0.50   90552     790   90157  1698584  18.76
  1998          70     0.01071  0.01066  0.50   89762     957   89284  1608426  17.92
  1998          71     0.01004  0.00999  0.50   88806     887   88362  1519142  17.11
  1998          72     0.00973  0.00968  0.50   87919     851   87493  1430780  16.27
  1998          73     0.01272  0.01264  0.50   87068    1101   86517  1343287  15.43
  1998          74     0.01578  0.01566  0.50   85967    1346   85294  1256770  14.62
  1998          75     0.01630  0.01617  0.50   84621    1368   83937  1171476  13.84
  1998          76     0.01863  0.01846  0.50   83253    1537   82485  1087539  13.06
  1998          77     0.02233  0.02209  0.50   81716    1805   80814  1005054  12.30
  1998          78     0.02571  0.02538  0.50   79912    2028   78898   924240  11.57
  1998          79     0.02898  0.02857  0.50   77883    2225   76771   845342  10.85
  1998          80     0.03282  0.03229  0.50   75658    2443   74437   768571  10.16
  1998          81     0.03765  0.03695  0.50   73215    2706   71862   694135   9.48
  1998          82     0.04372  0.04278  0.50   70510    3016   69001   622272   8.83
  1998          83     0.05081  0.04955  0.50   67493    3344   65821   553271   8.20
  1998          84     0.05896  0.05727  0.50   64149    3674   62312   487450   7.60
  1998          85     0.06830  0.06604  0.50   60475    3994   58478   425138   7.03
  1998          86     0.07899  0.07599  0.50   56481    4292   54335   366660   6.49
  1998          87     0.09120  0.08722  0.50   52189    4552   49913   312325   5.98
  1998          88     0.10507  0.09983  0.50   47637    4756   45260   262411   5.51
  1998          89     0.12078  0.11390  0.50   42882    4884   40440   217152   5.06
  1998          90     0.13847  0.12951  0.50   37998    4921   35537   176712   4.65
  1998          91     0.15829  0.14668  0.50   33077    4852   30651   141175   4.27
  1998          92     0.18035  0.16543  0.50   28225    4669   25890   110524   3.92
  1998          93     0.20474  0.18572  0.50   23556    4375   21368    84634   3.59
  1998          94     0.23149  0.20747  0.50   19181    3979   17191    63265   3.30
  1998          95     0.26059  0.23055  0.50   15201    3505   13449    46074   3.03
  1998          96     0.29196  0.25477  0.50   11697    2980   10207    32625   2.79
  1998          97     0.32544  0.27990  0.50    8717    2440    7497    22418   2.57
  1998          98     0.36080  0.30566  0.50    6277    1919    5318    14921   2.38
  1998          99     0.39775  0.33177  0.50    4358    1446    3635     9604   2.20
  1998         100     0.43590  0.35789  0.50    2912    1042    2391     5968   2.05
  1998         101     0.47481  0.38371  0.50    1870     718    1511     3577   1.91
  1998         102     0.51403  0.40893  0.50    1152     471     917     2066   1.79
  1998         103     0.55309  0.43327  0.50     681     295     534     1149   1.69
  1998         104     0.59151  0.45650  0.50     386     176     298      615   1.59
  1998         105     0.62882  0.47840  0.50     210     100     160      318   1.51
  1998         106     0.66467  0.49888  0.50     109      55      82      158   1.44
  1998         107     0.69874  0.51783  0.50      55      28      41       76   1.38
  1998         108     0.73065  0.53515  0.50      26      14      19       35   1.33
  1998         109     0.76022  0.55084  0.50      12       7       9       16   1.28
  1998         110+    0.80435  1.00000  1.24       6       6       7        7   1.24
  1999           0     0.00374  0.00373  0.19  100000     373   99699  8438142  84.38
  1999           1     0.00103  0.00103  0.50   99627     103   99576  8338443  83.70
  1999           2     0.00057  0.00057  0.50   99524      56   99496  8238868  82.78
  1999           3     0.00023  0.00023  0.50   99468      23   99456  8139372  81.83
  1999           4     0.00004  0.00004  0.50   99445       4   99443  8039915  80.85
  1999           5     0.00000  0.00000  0.50   99441       0   99441  7940472  79.85
  1999           6     0.00000  0.00000  0.50   99441       0   99441  7841031  78.85
  1999           7     0.00002  0.00002  0.50   99441       2   99440  7741590  77.85
  1999           8     0.00004  0.00004  0.50   99439       4   99438  7642150  76.85
  1999           9     0.00005  0.00005  0.50   99436       5   99433  7542712  75.86
  1999          10     0.00007  0.00007  0.50   99431       7   99428  7443279  74.86
  1999          11     0.00008  0.00008  0.50   99425       8   99420  7343851  73.86
  1999          12     0.00008  0.00008  0.50   99416       8   99412  7244431  72.87
  1999          13     0.00007  0.00007  0.50   99408       7   99405  7145018  71.88
  1999          14     0.00005  0.00005  0.50   99401       5   99399  7045614  70.88
  1999          15     0.00004  0.00004  0.50   99397       4   99395  6946215  69.88
  1999          16     0.00005  0.00005  0.50   99393       5   99390  6846820  68.89
  1999          17     0.00009  0.00009  0.50   99388       9   99384  6747430  67.89
  1999          18     0.00017  0.00017  0.50   99379      17   99371  6648046  66.90
  1999          19     0.00029  0.00029  0.50   99362      28   99348  6548675  65.91
  1999          20     0.00042  0.00042  0.50   99334      41   99313  6449327  64.93
  1999          21     0.00052  0.00052  0.50   99292      51   99267  6350014  63.95
  1999          22     0.00055  0.00055  0.50   99241      54   99214  6250748  62.99
  1999          23     0.00050  0.00050  0.50   99187      49   99162  6151533  62.02
  1999          24     0.00039  0.00039  0.50   99137      38   99118  6052371  61.05
  1999          25     0.00031  0.00031  0.50   99099      31   99084  5953253  60.07
  1999          26     0.00027  0.00027  0.50   99068      27   99055  5854169  59.09
  1999          27     0.00026  0.00026  0.50   99041      26   99028  5755115  58.11
  1999          28     0.00028  0.00028  0.50   99015      28   99001  5656086  57.12
  1999          29     0.00032  0.00032  0.50   98987      32   98971  5557085  56.14
  1999          30     0.00033  0.00033  0.50   98955      33   98939  5458114  55.16
  1999          31     0.00033  0.00033  0.50   98922      32   98906  5359175  54.18
  1999          32     0.00033  0.00032  0.50   98890      32   98874  5260269  53.19
  1999          33     0.00038  0.00038  0.50   98858      38   98839  5161396  52.21
  1999          34     0.00052  0.00052  0.50   98820      52   98794  5062557  51.23
  1999          35     0.00066  0.00066  0.50   98768      65   98735  4963763  50.26
  1999          36     0.00070  0.00070  0.50   98703      69   98668  4865028  49.29
  1999          37     0.00064  0.00064  0.50   98634      63   98603  4766360  48.32
  1999          38     0.00058  0.00058  0.50   98571      57   98543  4667757  47.35
  1999          39     0.00059  0.00059  0.50   98514      58   98485  4569214  46.38
  1999          40     0.00066  0.00066  0.50   98456      65   98423  4470729  45.41
  1999          41     0.00074  0.00074  0.50   98391      72   98355  4372306  44.44
  1999          42     0.00081  0.00081  0.50   98319      80   98279  4273951  43.47
  1999          43     0.00090  0.00090  0.50   98239      88   98195  4175672  42.51
  1999          44     0.00101  0.00101  0.50   98151      99   98102  4077477  41.54
  1999          45     0.00114  0.00114  0.50   98052     112   97996  3979376  40.58
  1999          46     0.00129  0.00129  0.50   97940     127   97877  3881379  39.63
  1999          47     0.00140  0.00140  0.50   97814     137   97745  3783502  38.68
  1999          48     0.00149  0.00149  0.50   97677     145   97604  3685757  37.73
  1999          49     0.00160  0.00160  0.50   97531     156   97453  3588153  36.79
  1999          50     0.00173  0.00173  0.50   97375     168   97291  3490700  35.85
  1999          51     0.00186  0.00186  0.50   97207     180   97117  3393409  34.91
  1999          52     0.00200  0.00200  0.50   97027     194   96929  3296292  33.97
  1999          53     0.00218  0.00217  0.50   96832     211   96727  3199362  33.04
  1999          54     0.00234  0.00233  0.50   96622     225   96509  3102635  32.11
  1999          55     0.00247  0.00246  0.50   96396     238   96277  3006127  31.19
  1999          56     0.00259  0.00258  0.50   96159     248   96035  2909849  30.26
  1999          57     0.00275  0.00274  0.50   95910     263   95779  2813815  29.34
  1999          58     0.00305  0.00304  0.50   95647     291   95502  2718036  28.42
  1999          59     0.00362  0.00361  0.50   95356     345   95184  2622534  27.50
  1999          60     0.00437  0.00436  0.50   95011     415   94804  2527350  26.60
  1999          61     0.00515  0.00513  0.50   94597     486   94354  2432546  25.71
  1999          62     0.00576  0.00574  0.50   94111     540   93841  2338192  24.84
  1999          63     0.00609  0.00607  0.50   93571     568   93287  2244351  23.99
  1999          64     0.00632  0.00630  0.50   93004     586   92711  2151063  23.13
  1999          65     0.00666  0.00664  0.50   92418     613   92111  2058353  22.27
  1999          66     0.00711  0.00708  0.50   91804     650   91479  1966242  21.42
  1999          67     0.00761  0.00758  0.50   91154     691   90809  1874762  20.57
  1999          68     0.00814  0.00811  0.50   90463     734   90096  1783953  19.72
  1999          69     0.00873  0.00869  0.50   89730     780   89340  1693857  18.88
  1999          70     0.00935  0.00930  0.50   88950     828   88536  1604517  18.04
  1999          71     0.00986  0.00981  0.50   88122     865   87690  1515981  17.20
  1999          72     0.01049  0.01044  0.50   87257     911   86802  1428291  16.37
  1999          73     0.01154  0.01147  0.50   86347     991   85851  1341489  15.54
  1999          74     0.01319  0.01310  0.50   85356    1118   84797  1255638  14.71
  1999          75     0.01559  0.01547  0.50   84237    1303   83586  1170841  13.90
  1999          76     0.01878  0.01861  0.50   82934    1543   82162  1087256  13.11
  1999          77     0.02252  0.02227  0.50   81391    1812   80485  1005093  12.35
  1999          78     0.02650  0.02615  0.50   79578    2081   78538   924609  11.62
  1999          79     0.03055  0.03009  0.50   77497    2332   76331   846071  10.92
  1999          80     0.03464  0.03405  0.50   75165    2559   73885   769740  10.24
  1999          81     0.03917  0.03842  0.50   72606    2789   71211   695855   9.58
  1999          82     0.04462  0.04365  0.50   69816    3047   68293   624644   8.95
  1999          83     0.05115  0.04987  0.50   66769    3330   65104   556351   8.33
  1999          84     0.05881  0.05713  0.50   63439    3625   61627   491247   7.74
  1999          85     0.06767  0.06546  0.50   59814    3915   57857   429620   7.18
  1999          86     0.07780  0.07489  0.50   55899    4186   53806   371763   6.65
  1999          87     0.08929  0.08548  0.50   51713    4420   49503   317957   6.15
  1999          88     0.10228  0.09730  0.50   47293    4602   44992   268454   5.68
  1999          89     0.11690  0.11045  0.50   42691    4715   40334   223462   5.23
  1999          90     0.13330  0.12497  0.50   37976    4746   35603   183129   4.82
  1999          91     0.15158  0.14090  0.50   33230    4682   30889   147525   4.44
  1999          92     0.17188  0.15828  0.50   28548    4519   26289   116636   4.09
  1999          93     0.19427  0.17707  0.50   24030    4255   21902    90348   3.76
  1999          94     0.21880  0.19722  0.50   19775    3900   17825    68445   3.46
  1999          95     0.24548  0.21864  0.50   15875    3471   14139    50621   3.19
  1999          96     0.27426  0.24119  0.50   12404    2992   10908    36482   2.94
  1999          97     0.30505  0.26468  0.50    9412    2491    8166    25574   2.72
  1999          98     0.33767  0.28889  0.50    6921    1999    5921    17407   2.52
  1999          99     0.37191  0.31359  0.50    4921    1543    4150    11486   2.33
  1999         100     0.40748  0.33851  0.50    3378    1144    2806     7336   2.17
  1999         101     0.44404  0.36336  0.50    2235     812    1829     4530   2.03
  1999         102     0.48120  0.38788  0.50    1423     552    1147     2701   1.90
  1999         103     0.51855  0.41178  0.50     871     359     692     1555   1.79
  1999         104     0.55563  0.43483  0.50     512     223     401      863   1.69
  1999         105     0.59202  0.45680  0.50     290     132     223      462   1.60
  1999         106     0.62735  0.47755  0.50     157      75     120      239   1.52
  1999         107     0.66132  0.49699  0.50      82      41      62      119   1.45
  1999         108     0.69397  0.51520  0.50      41      21      31       58   1.39
  1999         109     0.72547  0.53236  0.50      20      11      15       27   1.34
  1999         110+    0.77314  1.00000  1.29       9       9      12       12   1.29
  2000           0     0.00425  0.00423  0.19  100000     423   99655  8511957  85.12
  2000           1     0.00026  0.00026  0.50   99577      26   99563  8412302  84.48
  2000           2     0.00017  0.00017  0.50   99550      17   99542  8312738  83.50
  2000           3     0.00013  0.00013  0.50   99533      13   99527  8213197  82.52
  2000           4     0.00011  0.00011  0.50   99520      11   99515  8113670  81.53
  2000           5     0.00005  0.00005  0.50   99510       5   99507  8014155  80.54
  2000           6     0.00005  0.00005  0.50   99504       5   99502  7914648  79.54
  2000           7     0.00013  0.00013  0.50   99499      13   99493  7815146  78.54
  2000           8     0.00006  0.00006  0.50   99487       6   99484  7715653  77.55
  2000           9     0.00000  0.00000  0.50   99481       0   99481  7616169  76.56
  2000          10     0.00005  0.00005  0.50   99481       5   99479  7516688  75.56
  2000          11     0.00017  0.00017  0.50   99476      17   99468  7417210  74.56
  2000          12     0.00021  0.00021  0.50   99460      21   99449  7317742  73.57
  2000          13     0.00022  0.00022  0.50   99438      22   99427  7218293  72.59
  2000          14     0.00020  0.00020  0.50   99416      20   99407  7118866  71.61
  2000          15     0.00015  0.00015  0.50   99397      15   99389  7019459  70.62
  2000          16     0.00015  0.00015  0.50   99382      15   99375  6920070  69.63
  2000          17     0.00023  0.00023  0.50   99367      23   99356  6820695  68.64
  2000          18     0.00026  0.00026  0.50   99345      26   99331  6721339  67.66
  2000          19     0.00023  0.00023  0.50   99318      23   99307  6622008  66.67
  2000          20     0.00043  0.00043  0.50   99296      43   99274  6522701  65.69
  2000          21     0.00065  0.00065  0.50   99253      65   99220  6423427  64.72
  2000          22     0.00059  0.00059  0.50   99188      58   99159  6324206  63.76
  2000          23     0.00036  0.00036  0.50   99130      35   99112  6225048  62.80
  2000          24     0.00017  0.00017  0.50   99095      17   99086  6125935  61.82
  2000          25     0.00015  0.00015  0.50   99077      15   99070  6026849  60.83
  2000          26     0.00022  0.00022  0.50   99062      22   99051  5927780  59.84
  2000          27     0.00027  0.00027  0.50   99041      27   99027  5828728  58.85
  2000          28     0.00025  0.00025  0.50   99014      25   99001  5729701  57.87
  2000          29     0.00018  0.00018  0.50   98989      18   98980  5630700  56.88
  2000          30     0.00019  0.00019  0.50   98971      19   98961  5531720  55.89
  2000          31     0.00035  0.00035  0.50   98952      34   98935  5432758  54.90
  2000          32     0.00061  0.00061  0.50   98918      60   98887  5333824  53.92
  2000          33     0.00077  0.00077  0.50   98857      76   98819  5234936  52.95
  2000          34     0.00068  0.00068  0.50   98781      68   98747  5136117  52.00
  2000          35     0.00058  0.00058  0.50   98713      58   98684  5037370  51.03
  2000          36     0.00065  0.00065  0.50   98656      64   98624  4938686  50.06
  2000          37     0.00055  0.00055  0.50   98592      54   98565  4840062  49.09
  2000          38     0.00046  0.00046  0.50   98537      46   98515  4741498  48.12
  2000          39     0.00061  0.00061  0.50   98492      60   98462  4642983  47.14
  2000          40     0.00072  0.00072  0.50   98432      71   98396  4544522  46.17
  2000          41     0.00062  0.00062  0.50   98360      61   98330  4446126  45.20
  2000          42     0.00076  0.00076  0.50   98300      75   98262  4347796  44.23
  2000          43     0.00103  0.00103  0.50   98225     102   98174  4249533  43.26
  2000          44     0.00119  0.00119  0.50   98123     116   98065  4151359  42.31
  2000          45     0.00113  0.00113  0.50   98007     111   97951  4053294  41.36
  2000          46     0.00097  0.00097  0.50   97896      95   97849  3955343  40.40
  2000          47     0.00114  0.00114  0.50   97801     111   97746  3857494  39.44
  2000          48     0.00137  0.00137  0.50   97690     134   97623  3759749  38.49
  2000          49     0.00138  0.00138  0.50   97556     134   97489  3662126  37.54
  2000          50     0.00145  0.00145  0.50   97422     142   97351  3564637  36.59
  2000          51     0.00189  0.00189  0.50   97280     184   97188  3467286  35.64
  2000          52     0.00226  0.00225  0.50   97096     219   96987  3370098  34.71
  2000          53     0.00221  0.00221  0.50   96878     214   96771  3273111  33.79
  2000          54     0.00230  0.00229  0.50   96664     222   96553  3176340  32.86
  2000          55     0.00251  0.00251  0.50   96442     242   96321  3079787  31.93
  2000          56     0.00269  0.00269  0.50   96200     259   96071  2983466  31.01
  2000          57     0.00284  0.00284  0.50   95941     272   95805  2887395  30.10
  2000          58     0.00293  0.00292  0.50   95669     280   95529  2791590  29.18
  2000          59     0.00278  0.00277  0.50   95389     265   95257  2696061  28.26
  2000          60     0.00290  0.00289  0.50   95125     275   94987  2600804  27.34
  2000          61     0.00369  0.00368  0.50   94850     349   94675  2505817  26.42
  2000          62     0.00436  0.00435  0.50   94500     411   94295  2411142  25.51
  2000          63     0.00424  0.00423  0.50   94089     398   93890  2316847  24.62
  2000          64     0.00431  0.00430  0.50   93691     403   93489  2222957  23.73
  2000          65     0.00542  0.00541  0.50   93288     504   93036  2129468  22.83
  2000          66     0.00663  0.00661  0.50   92783     613   92477  2036433  21.95
  2000          67     0.00766  0.00763  0.50   92170     703   91819  1943956  21.09
  2000          68     0.00843  0.00840  0.50   91467     768   91083  1852138  20.25
  2000          69     0.00859  0.00855  0.50   90699     776   90311  1761055  19.42
  2000          70     0.00830  0.00826  0.50   89923     743   89552  1670743  18.58
  2000          71     0.00943  0.00939  0.50   89180     837   88762  1581192  17.73
  2000          72     0.01135  0.01129  0.50   88343     997   87845  1492430  16.89
  2000          73     0.01285  0.01277  0.50   87346    1115   86788  1404585  16.08
  2000          74     0.01373  0.01363  0.50   86231    1176   85643  1317797  15.28
  2000          75     0.01493  0.01482  0.50   85055    1260   84425  1232154  14.49
  2000          76     0.01928  0.01910  0.50   83795    1600   82995  1147729  13.70
  2000          77     0.02345  0.02318  0.50   82195    1905   81242  1064734  12.95
  2000          78     0.02409  0.02380  0.50   80290    1911   79334   983492  12.25
  2000          79     0.02493  0.02462  0.50   78379    1930   77414   904158  11.54
  2000          80     0.02986  0.02942  0.50   76449    2249   75324   826744  10.81
  2000          81     0.03629  0.03565  0.50   74199    2645   72877   751420  10.13
  2000          82     0.04142  0.04058  0.50   71554    2904   70103   678543   9.48
  2000          83     0.04723  0.04614  0.50   68651    3167   67067   608441   8.86
  2000          84     0.05413  0.05270  0.50   65484    3451   63758   541373   8.27
  2000          85     0.06187  0.06001  0.50   62033    3723   60171   477615   7.70
  2000          86     0.07060  0.06819  0.50   58310    3976   56322   417444   7.16
  2000          87     0.08051  0.07740  0.50   54334    4205   52231   361122   6.65
  2000          88     0.09167  0.08765  0.50   50128    4394   47931   308891   6.16
  2000          89     0.10418  0.09902  0.50   45735    4529   43470   260960   5.71
  2000          90     0.11819  0.11159  0.50   41206    4598   38907   217490   5.28
  2000          91     0.13380  0.12541  0.50   36607    4591   34312   178583   4.88
  2000          92     0.15111  0.14050  0.50   32017    4498   29767   144271   4.51
  2000          93     0.17023  0.15688  0.50   27518    4317   25360   114504   4.16
  2000          94     0.19122  0.17453  0.50   23201    4049   21177    89144   3.84
  2000          95     0.21413  0.19342  0.50   19152    3704   17300    67968   3.55
  2000          96     0.23897  0.21347  0.50   15448    3298   13799    50668   3.28
  2000          97     0.26573  0.23456  0.50   12150    2850   10725    36869   3.03
  2000          98     0.29431  0.25656  0.50    9300    2386    8107    26144   2.81
  2000          99     0.32462  0.27929  0.50    6914    1931    5949    18037   2.61
  2000         100     0.35647  0.30254  0.50    4983    1508    4229    12089   2.43
  2000         101     0.38963  0.32610  0.50    3475    1133    2909     7859   2.26
  2000         102     0.42386  0.34974  0.50    2342     819    1933     4950   2.11
  2000         103     0.45883  0.37321  0.50    1523     568    1239     3018   1.98
  2000         104     0.49421  0.39629  0.50     955     378     765     1779   1.86
  2000         105     0.52963  0.41874  0.50     576     241     456     1014   1.76
  2000         106     0.56478  0.44041  0.50     335     148     261      558   1.67
  2000         107     0.59931  0.46113  0.50     187      86     144      297   1.58
  2000         108     0.63280  0.48071  0.50     101      49      77      153   1.51
  2000         109     0.66497  0.49904  0.50      52      26      39       76   1.45
  2000         110+    0.71921  1.00000  1.39      26      26      37       37   1.39
  2001           0     0.00278  0.00278  0.20  100000     278   99779  8542104  85.42
  2001           1     0.00035  0.00035  0.50   99722      35   99705  8442326  84.66
  2001           2     0.00015  0.00015  0.50   99687      15   99679  8342621  83.69
  2001           3     0.00003  0.00003  0.50   99671       3   99670  8242942  82.70
  2001           4     0.00000  0.00000  0.50   99668       0   99668  8143272  81.70
  2001           5     0.00002  0.00002  0.50   99668       2   99667  8043604  80.70
  2001           6     0.00009  0.00009  0.50   99666       9   99662  7943937  79.71
  2001           7     0.00017  0.00017  0.50   99658      17   99649  7844275  78.71
  2001           8     0.00018  0.00018  0.50   99641      18   99632  7744626  77.73
  2001           9     0.00013  0.00013  0.50   99623      13   99616  7644994  76.74
  2001          10     0.00007  0.00007  0.50   99610       7   99606  7545378  75.75
  2001          11     0.00003  0.00003  0.50   99603       3   99602  7445771  74.75
  2001          12     0.00005  0.00005  0.50   99600       5   99598  7346170  73.76
  2001          13     0.00009  0.00009  0.50   99595       8   99591  7246572  72.76
  2001          14     0.00013  0.00013  0.50   99587      13   99581  7146981  71.77
  2001          15     0.00016  0.00016  0.50   99574      16   99566  7047400  70.78
  2001          16     0.00017  0.00017  0.50   99558      17   99549  6947834  69.79
  2001          17     0.00015  0.00015  0.50   99541      15   99533  6848285  68.80
  2001          18     0.00015  0.00015  0.50   99526      15   99518  6748752  67.81
  2001          19     0.00022  0.00022  0.50   99511      22   99500  6649234  66.82
  2001          20     0.00028  0.00028  0.50   99489      28   99476  6549733  65.83
  2001          21     0.00032  0.00032  0.50   99462      32   99445  6450258  64.85
  2001          22     0.00035  0.00035  0.50   99429      34   99412  6350812  63.87
  2001          23     0.00034  0.00034  0.50   99395      34   99378  6251400  62.89
  2001          24     0.00030  0.00030  0.50   99361      30   99346  6152022  61.92
  2001          25     0.00022  0.00022  0.50   99331      22   99320  6052676  60.93
  2001          26     0.00016  0.00016  0.50   99309      16   99301  5953355  59.95
  2001          27     0.00019  0.00019  0.50   99293      18   99284  5854054  58.96
  2001          28     0.00027  0.00027  0.50   99275      27   99261  5754770  57.97
  2001          29     0.00038  0.00038  0.50   99248      38   99229  5655509  56.98
  2001          30     0.00047  0.00047  0.50   99210      47   99186  5556280  56.01
  2001          31     0.00053  0.00053  0.50   99163      52   99136  5457094  55.03
  2001          32     0.00054  0.00054  0.50   99110      54   99083  5357957  54.06
  2001          33     0.00056  0.00056  0.50   99057      56   99029  5258874  53.09
  2001          34     0.00062  0.00062  0.50   99001      61   98970  5159845  52.12
  2001          35     0.00068  0.00067  0.50   98939      67   98906  5060875  51.15
  2001          36     0.00069  0.00069  0.50   98873      68   98839  4961969  50.19
  2001          37     0.00066  0.00066  0.50   98805      65   98772  4863131  49.22
  2001          38     0.00063  0.00063  0.50   98739      62   98708  4764359  48.25
  2001          39     0.00061  0.00061  0.50   98677      60   98647  4665650  47.28
  2001          40     0.00060  0.00060  0.50   98617      59   98587  4567003  46.31
  2001          41     0.00061  0.00061  0.50   98558      60   98528  4468416  45.34
  2001          42     0.00069  0.00069  0.50   98498      68   98464  4369888  44.37
  2001          43     0.00090  0.00090  0.50   98431      89   98386  4271424  43.40
  2001          44     0.00126  0.00126  0.50   98342     124   98280  4173038  42.43
  2001          45     0.00155  0.00155  0.50   98218     152   98142  4074758  41.49
  2001          46     0.00160  0.00160  0.50   98066     156   97988  3976616  40.55
  2001          47     0.00151  0.00151  0.50   97909     148   97836  3878628  39.61
  2001          48     0.00138  0.00138  0.50   97762     135   97694  3780793  38.67
  2001          49     0.00130  0.00129  0.50   97627     126   97563  3683098  37.73
  2001          50     0.00135  0.00135  0.50   97500     132   97434  3585535  36.77
  2001          51     0.00162  0.00162  0.50   97369     157   97290  3488101  35.82
  2001          52     0.00201  0.00201  0.50   97211     195   97114  3390811  34.88
  2001          53     0.00235  0.00235  0.50   97016     228   96902  3293697  33.95
  2001          54     0.00238  0.00237  0.50   96788     230   96673  3196795  33.03
  2001          55     0.00226  0.00226  0.50   96558     218   96449  3100122  32.11
  2001          56     0.00226  0.00226  0.50   96340     217   96232  3003673  31.18
  2001          57     0.00247  0.00246  0.50   96123     237   96004  2907442  30.25
  2001          58     0.00286  0.00285  0.50   95886     273   95749  2811437  29.32
  2001          59     0.00316  0.00316  0.50   95613     302   95462  2715688  28.40
  2001          60     0.00350  0.00349  0.50   95311     333   95144  2620226  27.49
  2001          61     0.00403  0.00402  0.50   94978     382   94787  2525082  26.59
  2001          62     0.00464  0.00463  0.50   94596     438   94377  2430295  25.69
  2001          63     0.00514  0.00513  0.50   94158     483   93917  2335918  24.81
  2001          64     0.00548  0.00547  0.50   93675     512   93419  2242001  23.93
  2001          65     0.00569  0.00567  0.50   93163     528   92899  2148582  23.06
  2001          66     0.00604  0.00602  0.50   92635     558   92356  2055683  22.19
  2001          67     0.00648  0.00646  0.50   92077     594   91780  1963328  21.32
  2001          68     0.00690  0.00687  0.50   91483     629   91168  1871548  20.46
  2001          69     0.00740  0.00737  0.50   90854     670   90519  1780380  19.60
  2001          70     0.00820  0.00816  0.50   90184     736   89816  1689861  18.74
  2001          71     0.00959  0.00955  0.50   89448     854   89021  1600045  17.89
  2001          72     0.01126  0.01120  0.50   88594     992   88098  1511024  17.06
  2001          73     0.01281  0.01273  0.50   87602    1115   87044  1422927  16.24
  2001          74     0.01433  0.01423  0.50   86487    1231   85871  1335882  15.45
  2001          75     0.01607  0.01594  0.50   85256    1359   84576  1250011  14.66
  2001          76     0.01840  0.01823  0.50   83897    1529   83132  1165435  13.89
  2001          77     0.02127  0.02104  0.50   82368    1733   81501  1082302  13.14
  2001          78     0.02448  0.02419  0.50   80634    1950   79659  1000802  12.41
  2001          79     0.02770  0.02732  0.50   78684    2149   77609   921142  11.71
  2001          80     0.03072  0.03026  0.50   76535    2316   75377   843533  11.02
  2001          81     0.03419  0.03362  0.50   74219    2495   72971   768156  10.35
  2001          82     0.03875  0.03802  0.50   71724    2727   70361   695185   9.69
  2001          83     0.04435  0.04339  0.50   68997    2994   67500   624824   9.06
  2001          84     0.05093  0.04967  0.50   66003    3278   64364   557324   8.44
  2001          85     0.05848  0.05682  0.50   62725    3564   60943   492960   7.86
  2001          86     0.06706  0.06489  0.50   59161    3839   57242   432017   7.30
  2001          87     0.07677  0.07393  0.50   55322    4090   53277   374775   6.77
  2001          88     0.08773  0.08405  0.50   51232    4306   49079   321497   6.28
  2001          89     0.10008  0.09531  0.50   46926    4473   44690   272418   5.81
  2001          90     0.11395  0.10781  0.50   42454    4577   40165   227728   5.36
  2001          91     0.12946  0.12159  0.50   37877    4606   35574   187563   4.95
  2001          92     0.14674  0.13671  0.50   33271    4548   30997   151990   4.57
  2001          93     0.16588  0.15318  0.50   28723    4400   26523   120993   4.21
  2001          94     0.18697  0.17099  0.50   24323    4159   22243    94470   3.88
  2001          95     0.21007  0.19010  0.50   20164    3833   18247    72226   3.58
  2001          96     0.23519  0.21044  0.50   16331    3437   14612    53979   3.31
  2001          97     0.26231  0.23190  0.50   12894    2990   11399    39366   3.05
  2001          98     0.29137  0.25432  0.50    9904    2519    8645    27967   2.82
  2001          99     0.32223  0.27752  0.50    7385    2050    6360    19323   2.62
  2001         100     0.35473  0.30129  0.50    5336    1608    4532    12962   2.43
  2001         101     0.38861  0.32539  0.50    3728    1213    3122     8430   2.26
  2001         102     0.42362  0.34957  0.50    2515     879    2075     5309   2.11
  2001         103     0.45939  0.37358  0.50    1636     611    1330     3233   1.98
  2001         104     0.49558  0.39716  0.50    1025     407     821     1903   1.86
  2001         105     0.53176  0.42007  0.50     618     259     488     1082   1.75
  2001         106     0.56754  0.44209  0.50     358     158     279      594   1.66
  2001         107     0.60255  0.46304  0.50     200      93     154      315   1.57
  2001         108     0.63662  0.48290  0.50     107      52      81      161   1.50
  2001         109     0.66974  0.50173  0.50      55      28      42       80   1.44
  2001         110+    0.72430  1.00000  1.38      28      28      38       38   1.38
  2002           0     0.00365  0.00364  0.19  100000     364   99706  8563358  85.63
  2002           1     0.00016  0.00016  0.50   99636      16   99628  8463652  84.95
  2002           2     0.00019  0.00019  0.50   99620      19   99611  8364024  83.96
  2002           3     0.00032  0.00032  0.50   99601      32   99585  8264413  82.98
  2002           4     0.00041  0.00041  0.50   99569      40   99549  8164828  82.00
  2002           5     0.00029  0.00029  0.50   99529      29   99514  8065279  81.03
  2002           6     0.00011  0.00011  0.50   99500      11   99494  7965764  80.06
  2002           7     0.00003  0.00003  0.50   99489       3   99488  7866270  79.07
  2002           8     0.00004  0.00004  0.50   99486       4   99484  7766782  78.07
  2002           9     0.00007  0.00007  0.50   99482       7   99478  7667298  77.07
  2002          10     0.00005  0.00005  0.50   99475       5   99472  7567820  76.08
  2002          11     0.00003  0.00003  0.50   99469       3   99468  7468348  75.08
  2002          12     0.00005  0.00005  0.50   99467       5   99464  7368880  74.08
  2002          13     0.00008  0.00008  0.50   99462       8   99458  7269415  73.09
  2002          14     0.00012  0.00012  0.50   99454      12   99448  7169958  72.09
  2002          15     0.00018  0.00018  0.50   99442      18   99433  7070510  71.10
  2002          16     0.00024  0.00024  0.50   99424      23   99413  6971076  70.11
  2002          17     0.00026  0.00026  0.50   99401      26   99388  6871663  69.13
  2002          18     0.00028  0.00028  0.50   99375      28   99361  6772275  68.15
  2002          19     0.00032  0.00032  0.50   99347      32   99331  6672914  67.17
  2002          20     0.00028  0.00028  0.50   99315      27   99301  6573583  66.19
  2002          21     0.00021  0.00021  0.50   99288      21   99277  6474282  65.21
  2002          22     0.00022  0.00022  0.50   99266      22   99255  6375005  64.22
  2002          23     0.00024  0.00024  0.50   99244      24   99232  6275750  63.24
  2002          24     0.00022  0.00022  0.50   99220      21   99209  6176518  62.25
  2002          25     0.00021  0.00021  0.50   99198      21   99188  6077309  61.26
  2002          26     0.00023  0.00023  0.50   99177      23   99166  5978121  60.28
  2002          27     0.00023  0.00023  0.50   99154      23   99143  5878955  59.29
  2002          28     0.00023  0.00023  0.50   99131      23   99120  5779812  58.30
  2002          29     0.00025  0.00025  0.50   99108      25   99096  5680692  57.32
  2002          30     0.00033  0.00033  0.50   99083      32   99067  5581597  56.33
  2002          31     0.00040  0.00040  0.50   99051      40   99031  5482530  55.35
  2002          32     0.00043  0.00043  0.50   99011      42   98990  5383498  54.37
  2002          33     0.00043  0.00043  0.50   98969      43   98948  5284508  53.40
  2002          34     0.00046  0.00046  0.50   98926      46   98903  5185560  52.42
  2002          35     0.00054  0.00054  0.50   98881      53   98854  5086657  51.44
  2002          36     0.00065  0.00065  0.50   98827      64   98795  4987803  50.47
  2002          37     0.00067  0.00067  0.50   98763      66   98730  4889008  49.50
  2002          38     0.00068  0.00068  0.50   98697      67   98663  4790278  48.54
  2002          39     0.00077  0.00077  0.50   98630      76   98592  4691615  47.57
  2002          40     0.00089  0.00089  0.50   98554      88   98510  4593023  46.60
  2002          41     0.00096  0.00096  0.50   98466      94   98418  4494514  45.65
  2002          42     0.00093  0.00093  0.50   98371      91   98326  4396095  44.69
  2002          43     0.00088  0.00088  0.50   98280      86   98237  4297770  43.73
  2002          44     0.00090  0.00090  0.50   98194      88   98150  4199533  42.77
  2002          45     0.00111  0.00111  0.50   98106     109   98052  4101383  41.81
  2002          46     0.00147  0.00147  0.50   97997     144   97926  4003331  40.85
  2002          47     0.00150  0.00150  0.50   97854     146   97781  3905405  39.91
  2002          48     0.00139  0.00138  0.50   97707     135   97640  3807625  38.97
  2002          49     0.00144  0.00144  0.50   97572     141   97502  3709985  38.02
  2002          50     0.00165  0.00165  0.50   97431     161   97351  3612483  37.08
  2002          51     0.00191  0.00191  0.50   97271     185   97178  3515132  36.14
  2002          52     0.00218  0.00218  0.50   97085     211   96980  3417954  35.21
  2002          53     0.00242  0.00242  0.50   96874     235   96757  3320975  34.28
  2002          54     0.00257  0.00257  0.50   96639     248   96515  3224218  33.36
  2002          55     0.00270  0.00269  0.50   96391     260   96261  3127703  32.45
  2002          56     0.00285  0.00285  0.50   96132     274   95995  3031441  31.53
  2002          57     0.00279  0.00278  0.50   95858     267   95725  2935447  30.62
  2002          58     0.00243  0.00243  0.50   95591     232   95475  2839722  29.71
  2002          59     0.00244  0.00244  0.50   95359     232   95243  2744247  28.78
  2002          60     0.00283  0.00282  0.50   95127     269   94992  2649004  27.85
  2002          61     0.00338  0.00337  0.50   94858     320   94698  2554012  26.92
  2002          62     0.00385  0.00385  0.50   94538     364   94356  2459313  26.01
  2002          63     0.00413  0.00412  0.50   94175     388   93981  2364957  25.11
  2002          64     0.00461  0.00460  0.50   93787     431   93571  2270977  24.21
  2002          65     0.00558  0.00556  0.50   93356     519   93096  2177406  23.32
  2002          66     0.00649  0.00647  0.50   92836     601   92536  2084310  22.45
  2002          67     0.00706  0.00703  0.50   92236     649   91912  1991773  21.59
  2002          68     0.00721  0.00719  0.50   91587     658   91258  1899862  20.74
  2002          69     0.00734  0.00731  0.50   90929     665   90596  1808604  19.89
  2002          70     0.00789  0.00786  0.50   90264     710   89909  1718007  19.03
  2002          71     0.00907  0.00903  0.50   89554     809   89150  1628098  18.18
  2002          72     0.01044  0.01038  0.50   88745     922   88285  1538948  17.34
  2002          73     0.01157  0.01151  0.50   87824    1011   87318  1450664  16.52
  2002          74     0.01288  0.01280  0.50   86813    1111   86258  1363345  15.70
  2002          75     0.01470  0.01460  0.50   85702    1251   85076  1277088  14.90
  2002          76     0.01655  0.01641  0.50   84451    1386   83758  1192011  14.11
  2002          77     0.01849  0.01832  0.50   83065    1522   82304  1108254  13.34
  2002          78     0.02081  0.02060  0.50   81543    1679   80703  1025950  12.58
  2002          79     0.02391  0.02362  0.50   79864    1887   78920   945246  11.84
  2002          80     0.02803  0.02764  0.50   77977    2155   76899   866326  11.11
  2002          81     0.03280  0.03227  0.50   75822    2447   74598   789427  10.41
  2002          82     0.03790  0.03719  0.50   73375    2729   72010   714828   9.74
  2002          83     0.04361  0.04268  0.50   70646    3015   69138   642818   9.10
  2002          84     0.05015  0.04892  0.50   67630    3309   65976   573680   8.48
  2002          85     0.05761  0.05600  0.50   64322    3602   62521   507704   7.89
  2002          86     0.06612  0.06400  0.50   60720    3886   58777   445183   7.33
  2002          87     0.07579  0.07302  0.50   56834    4150   54759   386406   6.80
  2002          88     0.08674  0.08313  0.50   52684    4380   50494   331647   6.30
  2002          89     0.09910  0.09442  0.50   48304    4561   46024   281153   5.82
  2002          90     0.11301  0.10697  0.50   43743    4679   41404   235130   5.38
  2002          91     0.12859  0.12082  0.50   39064    4720   36704   193726   4.96
  2002          92     0.14596  0.13603  0.50   34344    4672   32008   157022   4.57
  2002          93     0.16524  0.15263  0.50   29672    4529   27408   125013   4.21
  2002          94     0.18651  0.17060  0.50   25143    4289   22999    97606   3.88
  2002          95     0.20982  0.18990  0.50   20854    3960   18874    74607   3.58
  2002          96     0.23520  0.21045  0.50   16894    3555   15116    55733   3.30
  2002          97     0.26264  0.23216  0.50   13338    3097   11790    40617   3.05
  2002          98     0.29205  0.25484  0.50   10242    2610    8937    28827   2.81
  2002          99     0.32331  0.27832  0.50    7632    2124    6570    19890   2.61
  2002         100     0.35623  0.30237  0.50    5508    1665    4675    13320   2.42
  2002         101     0.39056  0.32675  0.50    3842    1256    3215     8645   2.25
  2002         102     0.42601  0.35121  0.50    2587     909    2133     5430   2.10
  2002         103     0.46224  0.37547  0.50    1678     630    1363     3298   1.96
  2002         104     0.49888  0.39928  0.50    1048     419     839     1934   1.85
  2002         105     0.53553  0.42242  0.50     630     266     497     1095   1.74
  2002         106     0.57176  0.44465  0.50     364     162     283      599   1.65
  2002         107     0.60717  0.46577  0.50     202      94     155      316   1.56
  2002         108     0.64144  0.48567  0.50     108      52      82      161   1.49
  2002         109     0.67444  0.50436  0.50      55      28      42       79   1.43
  2002         110+    0.72894  1.00000  1.37      28      28      38       38   1.37
  2003           0     0.00297  0.00296  0.20  100000     296   99764  8579718  85.80
  2003           1     0.00034  0.00034  0.50   99704      34   99687  8479955  85.05
  2003           2     0.00027  0.00027  0.50   99670      27   99656  8380268  84.08
  2003           3     0.00020  0.00020  0.50   99643      20   99633  8280612  83.10
  2003           4     0.00013  0.00013  0.50   99623      13   99617  8180979  82.12
  2003           5     0.00009  0.00009  0.50   99610       9   99606  8081362  81.13
  2003           6     0.00010  0.00010  0.50   99602      10   99597  7981756  80.14
  2003           7     0.00015  0.00015  0.50   99592      15   99585  7882159  79.14
  2003           8     0.00017  0.00017  0.50   99577      17   99569  7782574  78.16
  2003           9     0.00015  0.00015  0.50   99560      15   99553  7683005  77.17
  2003          10     0.00011  0.00011  0.50   99545      11   99540  7583452  76.18
  2003          11     0.00009  0.00009  0.50   99534       9   99530  7483913  75.19
  2003          12     0.00011  0.00011  0.50   99525      11   99519  7384383  74.20
  2003          13     0.00013  0.00013  0.50   99514      13   99507  7284864  73.20
  2003          14     0.00015  0.00015  0.50   99501      15   99494  7185356  72.21
  2003          15     0.00020  0.00020  0.50   99486      20   99476  7085863  71.22
  2003          16     0.00026  0.00026  0.50   99466      26   99453  6986387  70.24
  2003          17     0.00031  0.00031  0.50   99441      30   99425  6886933  69.26
  2003          18     0.00032  0.00032  0.50   99410      32   99394  6787508  68.28
  2003          19     0.00030  0.00030  0.50   99378      30   99363  6688113  67.30
  2003          20     0.00031  0.00031  0.50   99348      31   99333  6588750  66.32
  2003          21     0.00033  0.00033  0.50   99317      33   99301  6489417  65.34
  2003          22     0.00033  0.00033  0.50   99285      33   99268  6390116  64.36
  2003          23     0.00031  0.00031  0.50   99252      30   99237  6290848  63.38
  2003          24     0.00026  0.00026  0.50   99221      26   99209  6191611  62.40
  2003          25     0.00024  0.00024  0.50   99196      24   99184  6092402  61.42
  2003          26     0.00026  0.00026  0.50   99172      25   99160  5993218  60.43
  2003          27     0.00031  0.00031  0.50   99147      31   99132  5894059  59.45
  2003          28     0.00038  0.00038  0.50   99116      38   99097  5794927  58.47
  2003          29     0.00045  0.00045  0.50   99078      45   99056  5695830  57.49
  2003          30     0.00054  0.00054  0.50   99033      53   99007  5596774  56.51
  2003          31     0.00062  0.00062  0.50   98980      61   98949  5497767  55.54
  2003          32     0.00067  0.00067  0.50   98919      66   98886  5398818  54.58
  2003          33     0.00070  0.00070  0.50   98853      70   98818  5299932  53.61
  2003          34     0.00074  0.00074  0.50   98783      73   98747  5201114  52.65
  2003          35     0.00074  0.00074  0.50   98710      73   98674  5102367  51.69
  2003          36     0.00069  0.00069  0.50   98637      68   98603  5003693  50.73
  2003          37     0.00056  0.00056  0.50   98569      56   98542  4905090  49.76
  2003          38     0.00045  0.00045  0.50   98514      45   98492  4806548  48.79
  2003          39     0.00043  0.00043  0.50   98469      42   98448  4708057  47.81
  2003          40     0.00049  0.00049  0.50   98427      48   98403  4609609  46.83
  2003          41     0.00059  0.00059  0.50   98379      58   98350  4511205  45.86
  2003          42     0.00070  0.00070  0.50   98321      68   98287  4412856  44.88
  2003          43     0.00075  0.00075  0.50   98252      74   98215  4314569  43.91
  2003          44     0.00076  0.00076  0.50   98179      74   98141  4216354  42.95
  2003          45     0.00082  0.00082  0.50   98104      80   98064  4118212  41.98
  2003          46     0.00102  0.00102  0.50   98024     100   97974  4020148  41.01
  2003          47     0.00128  0.00128  0.50   97924     126   97861  3922175  40.05
  2003          48     0.00161  0.00161  0.50   97798     157   97719  3824314  39.10
  2003          49     0.00199  0.00199  0.50   97641     194   97544  3726594  38.17
  2003          50     0.00236  0.00235  0.50   97447     229   97332  3629050  37.24
  2003          51     0.00262  0.00261  0.50   97217     254   97090  3531718  36.33
  2003          52     0.00274  0.00274  0.50   96963     266   96830  3434628  35.42
  2003          53     0.00275  0.00274  0.50   96698     265   96565  3337798  34.52
  2003          54     0.00272  0.00272  0.50   96433     262   96302  3241233  33.61
  2003          55     0.00272  0.00271  0.50   96171     261   96040  3144931  32.70
  2003          56     0.00276  0.00276  0.50   95910     264   95777  3048891  31.79
  2003          57     0.00282  0.00282  0.50   95645     270   95511  2953113  30.88
  2003          58     0.00288  0.00287  0.50   95376     274   95239  2857603  29.96
  2003          59     0.00293  0.00293  0.50   95102     279   94963  2762364  29.05
  2003          60     0.00314  0.00313  0.50   94823     297   94675  2667401  28.13
  2003          61     0.00358  0.00357  0.50   94526     337   94357  2572727  27.22
  2003          62     0.00401  0.00400  0.50   94189     377   94000  2478369  26.31
  2003          63     0.00424  0.00423  0.50   93812     397   93613  2384369  25.42
  2003          64     0.00452  0.00451  0.50   93415     422   93204  2290756  24.52
  2003          65     0.00506  0.00504  0.50   92993     469   92758  2197552  23.63
  2003          66     0.00550  0.00548  0.50   92524     507   92270  2104794  22.75
  2003          67     0.00591  0.00589  0.50   92016     542   91746  2012524  21.87
  2003          68     0.00646  0.00643  0.50   91475     589   91180  1920778  21.00
  2003          69     0.00727  0.00724  0.50   90886     658   90557  1829598  20.13
  2003          70     0.00841  0.00837  0.50   90228     756   89850  1739041  19.27
  2003          71     0.00974  0.00969  0.50   89472     867   89039  1649191  18.43
  2003          72     0.01105  0.01099  0.50   88605     974   88118  1560152  17.61
  2003          73     0.01221  0.01213  0.50   87632    1063   87100  1472034  16.80
  2003          74     0.01341  0.01332  0.50   86568    1153   85992  1384934  16.00
  2003          75     0.01485  0.01474  0.50   85415    1259   84786  1298942  15.21
  2003          76     0.01647  0.01634  0.50   84156    1375   83469  1214157  14.43
  2003          77     0.01831  0.01814  0.50   82781    1502   82031  1130688  13.66
  2003          78     0.02048  0.02027  0.50   81280    1647   80456  1048657  12.90
  2003          79     0.02330  0.02303  0.50   79632    1834   78715   968201  12.16
  2003          80     0.02701  0.02665  0.50   77798    2074   76762   889486  11.43
  2003          81     0.03143  0.03094  0.50   75725    2343   74553   812724  10.73
  2003          82     0.03631  0.03566  0.50   73382    2617   72073   738171  10.06
  2003          83     0.04175  0.04090  0.50   70765    2894   69318   666098   9.41
  2003          84     0.04788  0.04676  0.50   67871    3173   66284   596780   8.79
  2003          85     0.05480  0.05334  0.50   64697    3451   62972   530496   8.20
  2003          86     0.06266  0.06075  0.50   61246    3721   59386   467524   7.63
  2003          87     0.07156  0.06909  0.50   57525    3974   55538   408139   7.09
  2003          88     0.08162  0.07842  0.50   53551    4199   51451   352600   6.58
  2003          89     0.09296  0.08883  0.50   49352    4384   47160   301149   6.10
  2003          90     0.10570  0.10040  0.50   44968    4515   42710   253990   5.65
  2003          91     0.11996  0.11317  0.50   40453    4578   38164   211279   5.22
  2003          92     0.13584  0.12720  0.50   35875    4563   33593   173115   4.83
  2003          93     0.15346  0.14252  0.50   31312    4463   29080   139522   4.46
  2003          94     0.17291  0.15915  0.50   26849    4273   24713   110442   4.11
  2003          95     0.19425  0.17705  0.50   22576    3997   20577    85729   3.80
  2003          96     0.21753  0.19619  0.50   18579    3645   16756    65152   3.51
  2003          97     0.24277  0.21649  0.50   14934    3233   13317    48395   3.24
  2003          98     0.26991  0.23781  0.50   11701    2783   10310    35078   3.00
  2003          99     0.29888  0.26002  0.50    8918    2319    7759    24768   2.78
  2003         100     0.32956  0.28294  0.50    6599    1867    5666    17010   2.58
  2003         101     0.36176  0.30635  0.50    4732    1450    4007    11344   2.40
  2003         102     0.39526  0.33003  0.50    3282    1083    2741     7337   2.24
  2003         103     0.42974  0.35374  0.50    2199     778    1810     4596   2.09
  2003         104     0.46490  0.37722  0.50    1421     536    1153     2786   1.96
  2003         105     0.50037  0.40024  0.50     885     354     708     1633   1.84
  2003         106     0.53576  0.42257  0.50     531     224     419      925   1.74
  2003         107     0.57074  0.44403  0.50     307     136     238      506   1.65
  2003         108     0.60511  0.46456  0.50     170      79     131      268   1.57
  2003         109     0.63884  0.48418  0.50      91      44      69      137   1.50
  2003         110+    0.69666  1.00000  1.44      47      47      68       68   1.44
  2004           0     0.00330  0.00329  0.20  100000     329   99736  8605219  86.05
  2004           1     0.00007  0.00007  0.50   99671       7   99668  8505483  85.34
  2004           2     0.00011  0.00011  0.50   99664      11   99659  8405815  84.34
  2004           3     0.00007  0.00007  0.50   99654       7   99650  8306156  83.35
  2004           4     0.00003  0.00003  0.50   99647       3   99645  8206506  82.36
  2004           5     0.00006  0.00006  0.50   99644       6   99641  8106860  81.36
  2004           6     0.00012  0.00012  0.50   99638      12   99632  8007219  80.36
  2004           7     0.00013  0.00013  0.50   99627      12   99620  7907587  79.37
  2004           8     0.00010  0.00010  0.50   99614      10   99609  7807966  78.38
  2004           9     0.00006  0.00006  0.50   99604       6   99601  7708357  77.39
  2004          10     0.00002  0.00002  0.50   99598       2   99597  7608756  76.39
  2004          11     0.00000  0.00000  0.50   99596       0   99596  7509158  75.40
  2004          12     0.00000  0.00000  0.50   99596       0   99596  7409562  74.40
  2004          13     0.00000  0.00000  0.50   99596       0   99596  7309966  73.40
  2004          14     0.00000  0.00000  0.50   99596       0   99596  7210369  72.40
  2004          15     0.00000  0.00000  0.50   99596       0   99596  7110773  71.40
  2004          16     0.00000  0.00000  0.50   99596       0   99596  7011176  70.40
  2004          17     0.00001  0.00001  0.50   99596       1   99596  6911580  69.40
  2004          18     0.00004  0.00004  0.50   99596       4   99594  6811984  68.40
  2004          19     0.00008  0.00008  0.50   99592       8   99588  6712390  67.40
  2004          20     0.00014  0.00014  0.50   99584      14   99577  6612802  66.40
  2004          21     0.00024  0.00024  0.50   99570      24   99558  6513226  65.41
  2004          22     0.00037  0.00037  0.50   99546      37   99527  6413668  64.43
  2004          23     0.00046  0.00046  0.50   99508      46   99485  6314141  63.45
  2004          24     0.00044  0.00044  0.50   99462      43   99441  6214656  62.48
  2004          25     0.00030  0.00030  0.50   99419      29   99404  6115215  61.51
  2004          26     0.00019  0.00019  0.50   99389      19   99380  6015811  60.53
  2004          27     0.00026  0.00026  0.50   99370      25   99357  5916431  59.54
  2004          28     0.00038  0.00038  0.50   99345      38   99326  5817074  58.55
  2004          29     0.00046  0.00046  0.50   99307      46   99284  5717748  57.58
  2004          30     0.00058  0.00058  0.50   99261      57   99232  5618464  56.60
  2004          31     0.00062  0.00062  0.50   99204      62   99173  5519232  55.64
  2004          32     0.00049  0.00049  0.50   99142      48   99118  5420059  54.67
  2004          33     0.00034  0.00034  0.50   99094      34   99077  5320941  53.70
  2004          34     0.00034  0.00034  0.50   99060      34   99043  5221864  52.71
  2004          35     0.00047  0.00047  0.50   99026      47   99002  5122821  51.73
  2004          36     0.00063  0.00063  0.50   98979      62   98948  5023818  50.76
  2004          37     0.00065  0.00065  0.50   98917      65   98884  4924871  49.79
  2004          38     0.00060  0.00060  0.50   98852      59   98822  4825986  48.82
  2004          39     0.00056  0.00055  0.50   98793      55   98765  4727164  47.85
  2004          40     0.00051  0.00051  0.50   98738      50   98713  4628399  46.88
  2004          41     0.00046  0.00046  0.50   98688      46   98665  4529686  45.90
  2004          42     0.00051  0.00051  0.50   98642      51   98617  4431021  44.92
  2004          43     0.00067  0.00067  0.50   98591      66   98558  4332404  43.94
  2004          44     0.00090  0.00090  0.50   98525      88   98481  4233846  42.97
  2004          45     0.00109  0.00109  0.50   98437     107   98383  4135365  42.01
  2004          46     0.00119  0.00119  0.50   98330     117   98271  4036982  41.06
  2004          47     0.00132  0.00132  0.50   98213     129   98148  3938711  40.10
  2004          48     0.00150  0.00150  0.50   98083     147   98010  3840563  39.16
  2004          49     0.00170  0.00170  0.50   97936     167   97853  3742553  38.21
  2004          50     0.00175  0.00175  0.50   97769     171   97684  3644700  37.28
  2004          51     0.00154  0.00154  0.50   97598     150   97523  3547016  36.34
  2004          52     0.00135  0.00134  0.50   97448     131   97382  3449493  35.40
  2004          53     0.00147  0.00147  0.50   97317     143   97245  3352111  34.45
  2004          54     0.00196  0.00196  0.50   97174     190   97079  3254865  33.50
  2004          55     0.00247  0.00246  0.50   96984     239   96864  3157787  32.56
  2004          56     0.00270  0.00269  0.50   96745     261   96615  3060923  31.64
  2004          57     0.00280  0.00280  0.50   96484     270   96349  2964308  30.72
  2004          58     0.00300  0.00299  0.50   96214     288   96070  2867959  29.81
  2004          59     0.00337  0.00337  0.50   95926     323   95765  2771888  28.90
  2004          60     0.00390  0.00389  0.50   95603     372   95417  2676123  27.99
  2004          61     0.00450  0.00449  0.50   95231     428   95017  2580706  27.10
  2004          62     0.00505  0.00503  0.50   94804     477   94565  2485689  26.22
  2004          63     0.00545  0.00543  0.50   94326     513   94070  2391124  25.35
  2004          64     0.00587  0.00585  0.50   93814     549   93539  2297054  24.49
  2004          65     0.00637  0.00635  0.50   93265     592   92969  2203515  23.63
  2004          66     0.00660  0.00658  0.50   92673     610   92368  2110546  22.77
  2004          67     0.00689  0.00687  0.50   92063     632   91747  2018178  21.92
  2004          68     0.00762  0.00759  0.50   91431     694   91084  1926431  21.07
  2004          69     0.00853  0.00849  0.50   90737     770   90352  1835347  20.23
  2004          70     0.00928  0.00924  0.50   89966     831   89551  1744996  19.40
  2004          71     0.00991  0.00986  0.50   89135     879   88696  1655445  18.57
  2004          72     0.01050  0.01045  0.50   88257     922   87796  1566749  17.75
  2004          73     0.01112  0.01106  0.50   87335     966   86852  1478953  16.93
  2004          74     0.01172  0.01165  0.50   86369    1006   85866  1392101  16.12
  2004          75     0.01259  0.01251  0.50   85363    1068   84829  1306235  15.30
  2004          76     0.01484  0.01473  0.50   84295    1242   83674  1221406  14.49
  2004          77     0.01783  0.01767  0.50   83053    1468   82319  1137731  13.70
  2004          78     0.02063  0.02042  0.50   81586    1666   80753  1055412  12.94
  2004          79     0.02343  0.02316  0.50   79920    1851   78994   974659  12.20
  2004          80     0.02666  0.02631  0.50   78068    2054   77041   895665  11.47
  2004          81     0.03056  0.03010  0.50   76014    2288   74870   818624  10.77
  2004          82     0.03525  0.03464  0.50   73726    2554   72449   743753  10.09
  2004          83     0.04062  0.03981  0.50   71173    2834   69756   671304   9.43
  2004          84     0.04673  0.04567  0.50   68339    3121   66778   601548   8.80
  2004          85     0.05370  0.05230  0.50   65218    3411   63513   534770   8.20
  2004          86     0.06165  0.05980  0.50   61807    3696   59959   471257   7.62
  2004          87     0.07067  0.06826  0.50   58111    3967   56127   411298   7.08
  2004          88     0.08091  0.07776  0.50   54144    4210   52039   355171   6.56
  2004          89     0.09248  0.08839  0.50   49934    4414   47727   303132   6.07
  2004          90     0.10552  0.10023  0.50   45520    4563   43239   255405   5.61
  2004          91     0.12015  0.11334  0.50   40957    4642   38636   212167   5.18
  2004          92     0.13650  0.12778  0.50   36315    4640   33995   173530   4.78
  2004          93     0.15469  0.14358  0.50   31675    4548   29401   139536   4.41
  2004          94     0.17480  0.16075  0.50   27127    4361   24946   110135   4.06
  2004          95     0.19693  0.17928  0.50   22766    4081   20725    85188   3.74
  2004          96     0.22110  0.19909  0.50   18685    3720   16825    64463   3.45
  2004          97     0.24733  0.22011  0.50   14965    3294   13318    47638   3.18
  2004          98     0.27556  0.24219  0.50   11671    2827   10258    34320   2.94
  2004          99     0.30570  0.26517  0.50    8844    2345    7672    24063   2.72
  2004         100     0.33761  0.28885  0.50    6499    1877    5560    16391   2.52
  2004         101     0.37106  0.31299  0.50    4622    1447    3899    10831   2.34
  2004         102     0.40580  0.33735  0.50    3175    1071    2640     6932   2.18
  2004         103     0.44151  0.36167  0.50    2104     761    1724     4292   2.04
  2004         104     0.47783  0.38569  0.50    1343     518    1084     2569   1.91
  2004         105     0.51440  0.40916  0.50     825     338     656     1485   1.80
  2004         106     0.55078  0.43185  0.50     487     211     382      828   1.70
  2004         107     0.58658  0.45356  0.50     277     126     214      446   1.61
  2004         108     0.62143  0.47411  0.50     151      72     115      232   1.53
  2004         109     0.65512  0.49348  0.50      80      39      60      117   1.46
  2004         110+    0.71218  1.00000  1.40      40      40      57       57   1.40
  2005           0     0.00199  0.00199  0.21  100000     199   99844  8605009  86.05
  2005           1     0.00051  0.00051  0.50   99801      51   99776  8505166  85.22
  2005           2     0.00035  0.00035  0.50   99750      35   99732  8405390  84.26
  2005           3     0.00025  0.00025  0.50   99715      25   99702  8305658  83.29
  2005           4     0.00017  0.00017  0.50   99690      17   99682  8205955  82.31
  2005           5     0.00007  0.00007  0.50   99673       7   99670  8106274  81.33
  2005           6     0.00000  0.00000  0.50   99666       0   99666  8006604  80.33
  2005           7     0.00000  0.00000  0.50   99666       0   99666  7906938  79.33
  2005           8     0.00000  0.00000  0.50   99666       0   99666  7807273  78.33
  2005           9     0.00000  0.00000  0.50   99666       0   99666  7707607  77.33
  2005          10     0.00000  0.00000  0.50   99666       0   99666  7607941  76.33
  2005          11     0.00000  0.00000  0.50   99666       0   99666  7508275  75.33
  2005          12     0.00001  0.00001  0.50   99666       1   99665  7408610  74.33
  2005          13     0.00008  0.00008  0.50   99665       8   99661  7308944  73.34
  2005          14     0.00015  0.00015  0.50   99656      15   99649  7209284  72.34
  2005          15     0.00012  0.00012  0.50   99642      12   99636  7109635  71.35
  2005          16     0.00008  0.00008  0.50   99629       8   99625  7009999  70.36
  2005          17     0.00011  0.00011  0.50   99621      11   99616  6910374  69.37
  2005          18     0.00017  0.00017  0.50   99610      17   99602  6810758  68.37
  2005          19     0.00020  0.00020  0.50   99593      20   99583  6711157  67.39
  2005          20     0.00016  0.00016  0.50   99573      16   99565  6611573  66.40
  2005          21     0.00020  0.00020  0.50   99557      20   99547  6512008  65.41
  2005          22     0.00041  0.00041  0.50   99537      41   99516  6412462  64.42
  2005          23     0.00050  0.00050  0.50   99496      50   99471  6312945  63.45
  2005          24     0.00027  0.00027  0.50   99446      27   99432  6213475  62.48
  2005          25     0.00010  0.00010  0.50   99419      10   99413  6114043  61.50
  2005          26     0.00007  0.00007  0.50   99408       7   99405  6014629  60.50
  2005          27     0.00012  0.00012  0.50   99401      12   99395  5915225  59.51
  2005          28     0.00025  0.00025  0.50   99389      24   99377  5815830  58.52
  2005          29     0.00038  0.00038  0.50   99364      37   99346  5716453  57.53
  2005          30     0.00036  0.00036  0.50   99327      36   99309  5617107  56.55
  2005          31     0.00031  0.00031  0.50   99291      30   99276  5517798  55.57
  2005          32     0.00035  0.00035  0.50   99261      35   99243  5418523  54.59
  2005          33     0.00046  0.00046  0.50   99226      45   99203  5319279  53.61
  2005          34     0.00054  0.00054  0.50   99181      53   99154  5220076  52.63
  2005          35     0.00056  0.00056  0.50   99127      55   99100  5120922  51.66
  2005          36     0.00054  0.00054  0.50   99072      54   99045  5021823  50.69
  2005          37     0.00068  0.00068  0.50   99018      67   98985  4922777  49.72
  2005          38     0.00082  0.00082  0.50   98951      81   98911  4823793  48.75
  2005          39     0.00079  0.00079  0.50   98871      78   98831  4724882  47.79
  2005          40     0.00067  0.00067  0.50   98792      66   98759  4626050  46.83
  2005          41     0.00061  0.00061  0.50   98726      61   98696  4527291  45.86
  2005          42     0.00089  0.00089  0.50   98666      88   98622  4428595  44.88
  2005          43     0.00125  0.00125  0.50   98578     123   98517  4329973  43.92
  2005          44     0.00137  0.00137  0.50   98455     135   98388  4231456  42.98
  2005          45     0.00122  0.00122  0.50   98321     120   98261  4133068  42.04
  2005          46     0.00093  0.00093  0.50   98200      91   98155  4034807  41.09
  2005          47     0.00083  0.00083  0.50   98109      81   98069  3936652  40.13
  2005          48     0.00099  0.00099  0.50   98028      97   97980  3838584  39.16
  2005          49     0.00136  0.00136  0.50   97931     133   97864  3740604  38.20
  2005          50     0.00175  0.00174  0.50   97798     171   97712  3642740  37.25
  2005          51     0.00194  0.00194  0.50   97627     189   97533  3545027  36.31
  2005          52     0.00194  0.00194  0.50   97438     189   97344  3447495  35.38
  2005          53     0.00184  0.00184  0.50   97249     179   97160  3350151  34.45
  2005          54     0.00185  0.00185  0.50   97070     179   96980  3252992  33.51
  2005          55     0.00223  0.00223  0.50   96891     216   96783  3156011  32.57
  2005          56     0.00307  0.00307  0.50   96675     297   96527  3059228  31.64
  2005          57     0.00384  0.00383  0.50   96378     369   96194  2962702  30.74
  2005          58     0.00390  0.00389  0.50   96009     373   95823  2866508  29.86
  2005          59     0.00318  0.00317  0.50   95636     303   95484  2770685  28.97
  2005          60     0.00256  0.00256  0.50   95333     244   95211  2675201  28.06
  2005          61     0.00287  0.00287  0.50   95089     273   94952  2579990  27.13
  2005          62     0.00381  0.00380  0.50   94816     361   94636  2485038  26.21
  2005          63     0.00480  0.00479  0.50   94456     452   94229  2390402  25.31
  2005          64     0.00527  0.00526  0.50   94003     494   93756  2296173  24.43
  2005          65     0.00508  0.00507  0.50   93509     474   93272  2202416  23.55
  2005          66     0.00544  0.00542  0.50   93035     505   92783  2109144  22.67
  2005          67     0.00618  0.00616  0.50   92531     570   92246  2016361  21.79
  2005          68     0.00682  0.00680  0.50   91961     625   91649  1924116  20.92
  2005          69     0.00740  0.00737  0.50   91336     673   90999  1832467  20.06
  2005          70     0.00805  0.00801  0.50   90663     727   90299  1741468  19.21
  2005          71     0.00876  0.00872  0.50   89936     785   89544  1651168  18.36
  2005          72     0.00973  0.00968  0.50   89151     863   88720  1561625  17.52
  2005          73     0.01113  0.01107  0.50   88288     977   87800  1472905  16.68
  2005          74     0.01300  0.01291  0.50   87311    1127   86748  1385105  15.86
  2005          75     0.01507  0.01496  0.50   86184    1289   85539  1298357  15.06
  2005          76     0.01652  0.01638  0.50   84895    1391   84200  1212818  14.29
  2005          77     0.01811  0.01794  0.50   83504    1498   82755  1128618  13.52
  2005          78     0.02073  0.02052  0.50   82006    1683   81164  1045863  12.75
  2005          79     0.02405  0.02377  0.50   80323    1909   79368   964699  12.01
  2005          80     0.02759  0.02721  0.50   78414    2134   77347   885331  11.29
  2005          81     0.03159  0.03109  0.50   76280    2372   75094   807983  10.59
  2005          82     0.03638  0.03573  0.50   73908    2641   72588   732889   9.92
  2005          83     0.04193  0.04107  0.50   71267    2927   69804   660301   9.27
  2005          84     0.04826  0.04712  0.50   68341    3220   66731   590497   8.64
  2005          85     0.05549  0.05399  0.50   65120    3516   63362   523767   8.04
  2005          86     0.06373  0.06176  0.50   61604    3805   59702   460405   7.47
  2005          87     0.07310  0.07052  0.50   57799    4076   55761   400703   6.93
  2005          88     0.08372  0.08035  0.50   53723    4317   51565   344941   6.42
  2005          89     0.09572  0.09135  0.50   49406    4513   47150   293377   5.94
  2005          90     0.10924  0.10358  0.50   44893    4650   42568   246227   5.48
  2005          91     0.12441  0.11712  0.50   40243    4713   37886   203659   5.06
  2005          92     0.14135  0.13202  0.50   35530    4691   33184   165772   4.67
  2005          93     0.16017  0.14830  0.50   30839    4573   28552   132588   4.30
  2005          94     0.18097  0.16595  0.50   26266    4359   24086   104035   3.96
  2005          95     0.20382  0.18497  0.50   21907    4052   19881    79949   3.65
  2005          96     0.22874  0.20526  0.50   17855    3665   16022    60068   3.36
  2005          97     0.25574  0.22674  0.50   14190    3217   12581    44046   3.10
  2005          98     0.28473  0.24925  0.50   10972    2735    9605    31465   2.87
  2005          99     0.31562  0.27260  0.50    8238    2246    7115    21860   2.65
  2005         100     0.34824  0.29659  0.50    5992    1777    5103    14745   2.46
  2005         101     0.38233  0.32097  0.50    4215    1353    3538     9642   2.29
  2005         102     0.41763  0.34548  0.50    2862     989    2368     6103   2.13
  2005         103     0.45378  0.36986  0.50    1873     693    1527     3736   1.99
  2005         104     0.49044  0.39386  0.50    1180     465     948     2209   1.87
  2005         105     0.52720  0.41722  0.50     715     299     566     1261   1.76
  2005         106     0.56364  0.43972  0.50     417     183     325      695   1.67
  2005         107     0.59935  0.46115  0.50     234     108     180      369   1.58
  2005         108     0.63397  0.48138  0.50     126      61      96      190   1.51
  2005         109     0.66734  0.50038  0.50      65      33      49       94   1.44
  2005         110+    0.72308  1.00000  1.38      33      33      45       45   1.38
  2006           0     0.00263  0.00263  0.21  100000     263   99791  8598116  85.98
  2006           1     0.00020  0.00020  0.50   99737      20   99727  8498324  85.21
  2006           2     0.00009  0.00009  0.50   99717       9   99713  8398597  84.22
  2006           3     0.00002  0.00002  0.50   99708       2   99707  8298885  83.23
  2006           4     0.00000  0.00000  0.50   99706       0   99706  8199178  82.23
  2006           5     0.00000  0.00000  0.50   99706       0   99706  8099472  81.23
  2006           6     0.00000  0.00000  0.50   99706       0   99706  7999766  80.23
  2006           7     0.00004  0.00004  0.50   99706       4   99704  7900060  79.23
  2006           8     0.00011  0.00011  0.50   99701      11   99696  7800357  78.24
  2006           9     0.00016  0.00016  0.50   99691      16   99683  7700661  77.25
  2006          10     0.00019  0.00019  0.50   99675      19   99665  7600978  76.26
  2006          11     0.00020  0.00020  0.50   99656      20   99646  7501313  75.27
  2006          12     0.00021  0.00021  0.50   99636      21   99626  7401667  74.29
  2006          13     0.00022  0.00022  0.50   99615      22   99604  7302041  73.30
  2006          14     0.00025  0.00025  0.50   99593      24   99581  7202437  72.32
  2006          15     0.00029  0.00029  0.50   99569      29   99554  7102856  71.34
  2006          16     0.00033  0.00033  0.50   99540      33   99524  7003301  70.36
  2006          17     0.00035  0.00035  0.50   99507      35   99490  6903778  69.38
  2006          18     0.00033  0.00033  0.50   99473      33   99456  6804288  68.40
  2006          19     0.00027  0.00027  0.50   99440      27   99426  6704832  67.43
  2006          20     0.00020  0.00020  0.50   99413      20   99403  6605405  66.44
  2006          21     0.00013  0.00013  0.50   99393      13   99386  6506002  65.46
  2006          22     0.00007  0.00007  0.50   99380       7   99376  6406616  64.47
  2006          23     0.00003  0.00003  0.50   99373       3   99371  6307240  63.47
  2006          24     0.00005  0.00005  0.50   99370       5   99367  6207869  62.47
  2006          25     0.00011  0.00011  0.50   99365      11   99359  6108501  61.48
  2006          26     0.00020  0.00020  0.50   99354      20   99344  6009142  60.48
  2006          27     0.00033  0.00033  0.50   99334      33   99317  5909798  59.49
  2006          28     0.00047  0.00047  0.50   99301      46   99278  5810481  58.51
  2006          29     0.00057  0.00057  0.50   99255      57   99226  5711203  57.54
  2006          30     0.00064  0.00064  0.50   99198      63   99166  5611977  56.57
  2006          31     0.00067  0.00067  0.50   99134      67   99101  5512811  55.61
  2006          32     0.00068  0.00068  0.50   99068      67   99034  5413710  54.65
  2006          33     0.00068  0.00068  0.50   99001      67   98967  5314675  53.68
  2006          34     0.00069  0.00069  0.50   98934      69   98900  5215708  52.72
  2006          35     0.00072  0.00072  0.50   98865      71   98830  5116808  51.76
  2006          36     0.00072  0.00072  0.50   98794      71   98759  5017979  50.79
  2006          37     0.00063  0.00063  0.50   98723      62   98692  4919220  49.83
  2006          38     0.00053  0.00053  0.50   98661      52   98635  4820528  48.86
  2006          39     0.00052  0.00052  0.50   98609      51   98583  4721893  47.89
  2006          40     0.00059  0.00059  0.50   98557      58   98529  4623310  46.91
  2006          41     0.00069  0.00069  0.50   98500      68   98466  4524781  45.94
  2006          42     0.00077  0.00077  0.50   98432      76   98394  4426316  44.97
  2006          43     0.00084  0.00084  0.50   98356      83   98315  4327922  44.00
  2006          44     0.00094  0.00094  0.50   98274      92   98228  4229607  43.04
  2006          45     0.00108  0.00108  0.50   98182     106   98129  4131379  42.08
  2006          46     0.00128  0.00128  0.50   98076     125   98013  4033250  41.12
  2006          47     0.00146  0.00146  0.50   97950     143   97879  3935237  40.18
  2006          48     0.00160  0.00160  0.50   97807     156   97729  3837358  39.23
  2006          49     0.00169  0.00169  0.50   97651     165   97569  3739629  38.30
  2006          50     0.00177  0.00177  0.50   97486     172   97400  3642061  37.36
  2006          51     0.00186  0.00186  0.50   97314     181   97224  3544660  36.42
  2006          52     0.00189  0.00189  0.50   97133     184   97042  3447436  35.49
  2006          53     0.00185  0.00184  0.50   96950     179   96860  3350395  34.56
  2006          54     0.00189  0.00189  0.50   96771     183   96679  3253535  33.62
  2006          55     0.00203  0.00203  0.50   96588     196   96490  3156855  32.68
  2006          56     0.00221  0.00221  0.50   96392     213   96286  3060365  31.75
  2006          57     0.00243  0.00243  0.50   96179     234   96062  2964080  30.82
  2006          58     0.00276  0.00276  0.50   95946     265   95813  2868017  29.89
  2006          59     0.00332  0.00332  0.50   95681     317   95522  2772204  28.97
  2006          60     0.00397  0.00397  0.50   95363     378   95174  2676682  28.07
  2006          61     0.00454  0.00453  0.50   94985     431   94770  2581508  27.18
  2006          62     0.00490  0.00488  0.50   94555     462   94324  2486738  26.30
  2006          63     0.00496  0.00495  0.50   94093     466   93860  2392414  25.43
  2006          64     0.00488  0.00487  0.50   93627     456   93399  2298554  24.55
  2006          65     0.00491  0.00490  0.50   93171     456   92943  2205155  23.67
  2006          66     0.00539  0.00538  0.50   92715     499   92465  2112212  22.78
  2006          67     0.00602  0.00600  0.50   92216     553   91939  2019747  21.90
  2006          68     0.00643  0.00641  0.50   91663     588   91369  1927807  21.03
  2006          69     0.00684  0.00682  0.50   91075     621   90764  1836439  20.16
  2006          70     0.00759  0.00756  0.50   90454     684   90112  1745674  19.30
  2006          71     0.00890  0.00886  0.50   89770     795   89372  1655563  18.44
  2006          72     0.01048  0.01043  0.50   88975     928   88511  1566190  17.60
  2006          73     0.01198  0.01191  0.50   88047    1049   87523  1477679  16.78
  2006          74     0.01342  0.01333  0.50   86998    1160   86418  1390157  15.98
  2006          75     0.01492  0.01481  0.50   85839    1271   85203  1303738  15.19
  2006          76     0.01664  0.01650  0.50   84567    1395   83870  1218535  14.41
  2006          77     0.01871  0.01853  0.50   83172    1541   82401  1134665  13.64
  2006          78     0.02121  0.02099  0.50   81631    1714   80774  1052264  12.89
  2006          79     0.02409  0.02381  0.50   79917    1903   78966   971490  12.16
  2006          80     0.02730  0.02694  0.50   78015    2101   76964   892524  11.44
  2006          81     0.03107  0.03060  0.50   75913    2323   74752   815560  10.74
  2006          82     0.03563  0.03501  0.50   73590    2576   72302   740808  10.07
  2006          83     0.04096  0.04014  0.50   71014    2850   69589   668506   9.41
  2006          84     0.04709  0.04600  0.50   68164    3136   66596   598917   8.79
  2006          85     0.05409  0.05266  0.50   65028    3425   63316   532321   8.19
  2006          86     0.06205  0.06018  0.50   61604    3708   59750   469005   7.61
  2006          87     0.07109  0.06865  0.50   57896    3975   55909   409255   7.07
  2006          88     0.08132  0.07815  0.50   53921    4214   51815   353347   6.55
  2006          89     0.09288  0.08876  0.50   49708    4412   47502   301532   6.07
  2006          90     0.10589  0.10057  0.50   45296    4555   43018   254030   5.61
  2006          91     0.12048  0.11363  0.50   40741    4630   38426   211012   5.18
  2006          92     0.13677  0.12802  0.50   36111    4623   33800   172586   4.78
  2006          93     0.15488  0.14375  0.50   31488    4526   29225   138787   4.41
  2006          94     0.17490  0.16084  0.50   26962    4336   24793   109562   4.06
  2006          95     0.19690  0.17925  0.50   22625    4056   20597    84768   3.75
  2006          96     0.22093  0.19895  0.50   18570    3694   16722    64171   3.46
  2006          97     0.24698  0.21983  0.50   14875    3270   13240    47448   3.19
  2006          98     0.27501  0.24177  0.50   11605    2806   10202    34208   2.95
  2006          99     0.30493  0.26459  0.50    8799    2328    7635    24006   2.73
  2006         100     0.33660  0.28811  0.50    6471    1864    5539    16371   2.53
  2006         101     0.36980  0.31209  0.50    4607    1438    3888    10832   2.35
  2006         102     0.40428  0.33630  0.50    3169    1066    2636     6944   2.19
  2006         103     0.43971  0.36046  0.50    2103     758    1724     4308   2.05
  2006         104     0.47574  0.38432  0.50    1345     517    1087     2584   1.92
  2006         105     0.51197  0.40763  0.50     828     338     659     1497   1.81
  2006         106     0.54801  0.43014  0.50     491     211     385      838   1.71
  2006         107     0.58347  0.45170  0.50     280     126     216      452   1.62
  2006         108     0.61821  0.47224  0.50     153      72     117      236   1.54
  2006         109     0.65218  0.49180  0.50      81      40      61      119   1.47
  2006         110+    0.70920  1.00000  1.41      41      41      58       58   1.41
  2007           0     0.00205  0.00205  0.21  100000     205   99839  8637471  86.37
  2007           1     0.00035  0.00035  0.50   99795      35   99778  8537632  85.55
  2007           2     0.00032  0.00032  0.50   99761      32   99745  8437854  84.58
  2007           3     0.00028  0.00028  0.50   99729      28   99715  8338109  83.61
  2007           4     0.00022  0.00022  0.50   99701      21   99690  8238394  82.63
  2007           5     0.00015  0.00015  0.50   99679      15   99672  8138705  81.65
  2007           6     0.00009  0.00009  0.50   99664       9   99660  8039033  80.66
  2007           7     0.00006  0.00006  0.50   99655       6   99653  7939373  79.67
  2007           8     0.00005  0.00005  0.50   99650       5   99647  7839720  78.67
  2007           9     0.00005  0.00005  0.50   99644       5   99642  7740073  77.68
  2007          10     0.00004  0.00004  0.50   99639       4   99637  7640432  76.68
  2007          11     0.00001  0.00001  0.50   99636       1   99635  7540794  75.68
  2007          12     0.00000  0.00000  0.50   99634       0   99634  7441159  74.68
  2007          13     0.00000  0.00000  0.50   99634       0   99634  7341525  73.68
  2007          14     0.00004  0.00004  0.50   99634       4   99632  7241891  72.69
  2007          15     0.00010  0.00010  0.50   99630      10   99625  7142260  71.69
  2007          16     0.00018  0.00018  0.50   99620      18   99611  7042635  70.70
  2007          17     0.00025  0.00025  0.50   99602      25   99590  6943024  69.71
  2007          18     0.00032  0.00032  0.50   99577      31   99561  6843434  68.72
  2007          19     0.00037  0.00037  0.50   99546      37   99527  6743873  67.75
  2007          20     0.00039  0.00039  0.50   99509      39   99489  6644346  66.77
  2007          21     0.00038  0.00038  0.50   99469      38   99451  6544857  65.80
  2007          22     0.00035  0.00035  0.50   99432      35   99415  6445406  64.82
  2007          23     0.00032  0.00032  0.50   99397      32   99381  6345992  63.84
  2007          24     0.00030  0.00030  0.50   99365      30   99350  6246610  62.87
  2007          25     0.00027  0.00027  0.50   99336      27   99322  6147260  61.88
  2007          26     0.00024  0.00024  0.50   99309      24   99297  6047938  60.90
  2007          27     0.00022  0.00022  0.50   99285      21   99274  5948641  59.91
  2007          28     0.00020  0.00020  0.50   99263      20   99253  5849367  58.93
  2007          29     0.00021  0.00021  0.50   99243      21   99233  5750114  57.94
  2007          30     0.00019  0.00019  0.50   99222      19   99213  5650881  56.95
  2007          31     0.00019  0.00018  0.50   99203      18   99194  5551669  55.96
  2007          32     0.00021  0.00021  0.50   99185      21   99174  5452475  54.97
  2007          33     0.00027  0.00027  0.50   99164      27   99150  5353300  53.98
  2007          34     0.00036  0.00036  0.50   99137      36   99119  5254150  53.00
  2007          35     0.00047  0.00047  0.50   99101      47   99078  5155031  52.02
  2007          36     0.00059  0.00059  0.50   99055      58   99026  5055953  51.04
  2007          37     0.00064  0.00064  0.50   98997      63   98965  4956927  50.07
  2007          38     0.00067  0.00067  0.50   98933      66   98900  4857961  49.10
  2007          39     0.00073  0.00073  0.50   98867      72   98831  4759061  48.14
  2007          40     0.00081  0.00081  0.50   98795      80   98755  4660230  47.17
  2007          41     0.00089  0.00089  0.50   98715      87   98672  4561475  46.21
  2007          42     0.00100  0.00100  0.50   98628      98   98579  4462804  45.25
  2007          43     0.00110  0.00110  0.50   98529     108   98475  4364225  44.29
  2007          44     0.00114  0.00114  0.50   98421     112   98365  4265750  43.34
  2007          45     0.00112  0.00112  0.50   98309     110   98254  4167385  42.39
  2007          46     0.00105  0.00105  0.50   98199     103   98148  4069131  41.44
  2007          47     0.00100  0.00100  0.50   98096      98   98047  3970983  40.48
  2007          48     0.00104  0.00104  0.50   97998     102   97947  3872936  39.52
  2007          49     0.00121  0.00121  0.50   97896     119   97837  3774989  38.56
  2007          50     0.00147  0.00147  0.50   97777     143   97705  3677152  37.61
  2007          51     0.00176  0.00176  0.50   97634     171   97548  3579447  36.66
  2007          52     0.00207  0.00207  0.50   97462     202   97362  3481899  35.73
  2007          53     0.00238  0.00238  0.50   97261     232   97145  3384537  34.80
  2007          54     0.00260  0.00260  0.50   97029     252   96903  3287392  33.88
  2007          55     0.00271  0.00270  0.50   96777     262   96646  3190489  32.97
  2007          56     0.00272  0.00271  0.50   96515     262   96385  3093843  32.06
  2007          57     0.00272  0.00271  0.50   96254     261   96123  2997458  31.14
  2007          58     0.00280  0.00280  0.50   95993     269   95858  2901335  30.22
  2007          59     0.00301  0.00301  0.50   95724     288   95580  2805477  29.31
  2007          60     0.00335  0.00335  0.50   95436     319   95276  2709897  28.39
  2007          61     0.00381  0.00380  0.50   95117     362   94936  2614620  27.49
  2007          62     0.00431  0.00430  0.50   94755     408   94551  2519684  26.59
  2007          63     0.00478  0.00477  0.50   94348     450   94123  2425133  25.70
  2007          64     0.00521  0.00520  0.50   93898     488   93654  2331010  24.83
  2007          65     0.00557  0.00555  0.50   93410     519   93150  2237357  23.95
  2007          66     0.00581  0.00579  0.50   92891     538   92622  2144207  23.08
  2007          67     0.00610  0.00608  0.50   92353     562   92072  2051585  22.21
  2007          68     0.00665  0.00663  0.50   91791     608   91487  1959513  21.35
  2007          69     0.00739  0.00736  0.50   91183     671   90847  1868026  20.49
  2007          70     0.00821  0.00818  0.50   90512     740   90142  1777178  19.63
  2007          71     0.00909  0.00904  0.50   89772     812   89366  1687036  18.79
  2007          72     0.01003  0.00998  0.50   88960     888   88516  1597670  17.96
  2007          73     0.01105  0.01099  0.50   88072     968   87589  1509154  17.14
  2007          74     0.01211  0.01204  0.50   87105    1049   86580  1421565  16.32
  2007          75     0.01327  0.01318  0.50   86056    1134   85489  1334985  15.51
  2007          76     0.01486  0.01475  0.50   84922    1253   84295  1249496  14.71
  2007          77     0.01700  0.01685  0.50   83669    1410   82964  1165201  13.93
  2007          78     0.01966  0.01947  0.50   82259    1601   81458  1082237  13.16
  2007          79     0.02264  0.02239  0.50   80657    1806   79755  1000779  12.41
  2007          80     0.02581  0.02548  0.50   78852    2009   77847   921024  11.68
  2007          81     0.02940  0.02897  0.50   76842    2226   75729   843177  10.97
  2007          82     0.03368  0.03312  0.50   74616    2472   73380   767448  10.29
  2007          83     0.03872  0.03798  0.50   72145    2740   70775   694068   9.62
  2007          84     0.04456  0.04359  0.50   69404    3025   67892   623293   8.98
  2007          85     0.05128  0.05000  0.50   66379    3319   64720   555401   8.37
  2007          86     0.05897  0.05729  0.50   63060    3612   61254   490682   7.78
  2007          87     0.06773  0.06551  0.50   59448    3895   57500   429428   7.22
  2007          88     0.07767  0.07477  0.50   55553    4154   53476   371927   6.69
  2007          89     0.08893  0.08514  0.50   51400    4376   49211   318451   6.20
  2007          90     0.10163  0.09672  0.50   47023    4548   44749   269240   5.73
  2007          91     0.11592  0.10957  0.50   42475    4654   40148   224490   5.29
  2007          92     0.13192  0.12376  0.50   37821    4681   35481   184342   4.87
  2007          93     0.14975  0.13932  0.50   33141    4617   30832   148861   4.49
  2007          94     0.16952  0.15628  0.50   28524    4458   26295   118029   4.14
  2007          95     0.19131  0.17461  0.50   24066    4202   21965    91734   3.81
  2007          96     0.21517  0.19427  0.50   19864    3859   17934    69769   3.51
  2007          97     0.24112  0.21518  0.50   16005    3444   14283    51835   3.24
  2007          98     0.26911  0.23720  0.50   12561    2979   11071    37552   2.99
  2007          99     0.29907  0.26017  0.50    9582    2493    8335    26481   2.76
  2007         100     0.33085  0.28389  0.50    7089    2012    6083    18146   2.56
  2007         101     0.36423  0.30812  0.50    5076    1564    4294    12063   2.38
  2007         102     0.39897  0.33262  0.50    3512    1168    2928     7769   2.21
  2007         103     0.43471  0.35710  0.50    2344     837    1925     4841   2.07
  2007         104     0.47110  0.38129  0.50    1507     575    1220     2915   1.93
  2007         105     0.50773  0.40493  0.50     932     378     744     1696   1.82
  2007         106     0.54420  0.42780  0.50     555     237     436      952   1.72
  2007         107     0.58017  0.44972  0.50     317     143     246      516   1.63
  2007         108     0.61551  0.47066  0.50     175      82     134      270   1.54
  2007         109     0.65020  0.49068  0.50      92      45      70      136   1.47
  2007         110+    0.70811  1.00000  1.41      47      47      67       67   1.41
  2008           0     0.00118  0.00118  0.22  100000     118   99908  8660867  86.61
  2008           1     0.00030  0.00030  0.50   99882      30   99867  8560959  85.71
  2008           2     0.00019  0.00019  0.50   99852      19   99842  8461092  84.74
  2008           3     0.00009  0.00009  0.50   99833       9   99828  8361250  83.75
  2008           4     0.00003  0.00003  0.50   99823       3   99822  8261422  82.76
  2008           5     0.00002  0.00002  0.50   99820       2   99819  8161600  81.76
  2008           6     0.00004  0.00004  0.50   99818       4   99816  8061781  80.76
  2008           7     0.00007  0.00007  0.50   99814       7   99810  7961965  79.77
  2008           8     0.00009  0.00009  0.50   99807       9   99802  7862155  78.77
  2008           9     0.00009  0.00009  0.50   99798       9   99794  7762352  77.78
  2008          10     0.00010  0.00010  0.50   99789      10   99784  7662559  76.79
  2008          11     0.00010  0.00010  0.50   99779      10   99774  7562775  75.79
  2008          12     0.00009  0.00009  0.50   99770       9   99765  7463000  74.80
  2008          13     0.00008  0.00008  0.50   99761       8   99757  7363235  73.81
  2008          14     0.00009  0.00009  0.50   99753       9   99748  7263478  72.81
  2008          15     0.00017  0.00017  0.50   99744      17   99735  7163730  71.82
  2008          16     0.00024  0.00024  0.50   99727      24   99715  7063994  70.83
  2008          17     0.00028  0.00028  0.50   99703      28   99689  6964279  69.85
  2008          18     0.00029  0.00029  0.50   99675      29   99660  6864591  68.87
  2008          19     0.00029  0.00029  0.50   99646      29   99632  6764930  67.89
  2008          20     0.00026  0.00026  0.50   99617      26   99604  6665298  66.91
  2008          21     0.00027  0.00027  0.50   99591      26   99578  6565694  65.93
  2008          22     0.00034  0.00034  0.50   99565      34   99548  6466116  64.94
  2008          23     0.00042  0.00042  0.50   99531      42   99510  6366568  63.97
  2008          24     0.00043  0.00043  0.50   99489      43   99467  6267058  62.99
  2008          25     0.00046  0.00046  0.50   99446      46   99423  6167591  62.02
  2008          26     0.00047  0.00047  0.50   99400      47   99377  6068168  61.05
  2008          27     0.00043  0.00043  0.50   99353      42   99332  5968791  60.08
  2008          28     0.00033  0.00033  0.50   99311      32   99295  5869459  59.10
  2008          29     0.00021  0.00021  0.50   99278      21   99268  5770164  58.12
  2008          30     0.00018  0.00018  0.50   99257      18   99248  5670897  57.13
  2008          31     0.00022  0.00022  0.50   99239      21   99228  5571649  56.14
  2008          32     0.00027  0.00027  0.50   99217      26   99204  5472420  55.16
  2008          33     0.00031  0.00031  0.50   99191      31   99176  5373216  54.17
  2008          34     0.00033  0.00033  0.50   99160      33   99144  5274040  53.19
  2008          35     0.00037  0.00037  0.50   99128      37   99109  5174897  52.20
  2008          36     0.00047  0.00047  0.50   99090      47   99067  5075788  51.22
  2008          37     0.00059  0.00059  0.50   99044      59   99014  4976720  50.25
  2008          38     0.00070  0.00070  0.50   98985      69   98951  4877706  49.28
  2008          39     0.00074  0.00074  0.50   98916      73   98879  4778755  48.31
  2008          40     0.00075  0.00074  0.50   98843      74   98806  4679876  47.35
  2008          41     0.00073  0.00073  0.50   98769      72   98733  4581070  46.38
  2008          42     0.00075  0.00075  0.50   98697      74   98660  4482337  45.42
  2008          43     0.00078  0.00078  0.50   98623      77   98584  4383677  44.45
  2008          44     0.00081  0.00081  0.50   98545      80   98506  4285093  43.48
  2008          45     0.00085  0.00085  0.50   98466      83   98424  4186588  42.52
  2008          46     0.00092  0.00092  0.50   98382      90   98337  4088164  41.55
  2008          47     0.00102  0.00102  0.50   98292     100   98242  3989826  40.59
  2008          48     0.00111  0.00110  0.50   98192     108   98138  3891584  39.63
  2008          49     0.00114  0.00113  0.50   98084     111   98028  3793447  38.68
  2008          50     0.00113  0.00113  0.50   97972     111   97917  3695419  37.72
  2008          51     0.00113  0.00113  0.50   97862     111   97806  3597502  36.76
  2008          52     0.00123  0.00123  0.50   97751     120   97691  3499696  35.80
  2008          53     0.00148  0.00148  0.50   97631     144   97559  3402005  34.85
  2008          54     0.00180  0.00180  0.50   97487     175   97399  3304446  33.90
  2008          55     0.00211  0.00211  0.50   97311     205   97209  3207047  32.96
  2008          56     0.00236  0.00236  0.50   97106     229   96992  3109839  32.03
  2008          57     0.00253  0.00253  0.50   96877     245   96755  3012847  31.10
  2008          58     0.00263  0.00263  0.50   96633     254   96506  2916092  30.18
  2008          59     0.00270  0.00269  0.50   96379     260   96249  2819587  29.26
  2008          60     0.00284  0.00283  0.50   96119     272   95983  2723338  28.33
  2008          61     0.00314  0.00313  0.50   95847     300   95697  2627355  27.41
  2008          62     0.00352  0.00352  0.50   95547     336   95379  2531658  26.50
  2008          63     0.00390  0.00389  0.50   95211     371   95025  2436279  25.59
  2008          64     0.00424  0.00423  0.50   94840     401   94639  2341254  24.69
  2008          65     0.00454  0.00453  0.50   94439     428   94225  2246614  23.79
  2008          66     0.00490  0.00489  0.50   94011     460   93781  2152390  22.90
  2008          67     0.00541  0.00539  0.50   93551     505   93299  2058609  22.01
  2008          68     0.00613  0.00611  0.50   93046     569   92762  1965310  21.12
  2008          69     0.00714  0.00711  0.50   92478     658   92149  1872548  20.25
  2008          70     0.00847  0.00844  0.50   91820     775   91432  1780400  19.39
  2008          71     0.01001  0.00996  0.50   91045     907   90591  1688967  18.55
  2008          72     0.01152  0.01146  0.50   90138    1033   89621  1598376  17.73
  2008          73     0.01280  0.01272  0.50   89105    1133   88538  1508755  16.93
  2008          74     0.01394  0.01385  0.50   87972    1218   87363  1420216  16.14
  2008          75     0.01506  0.01494  0.50   86753    1296   86105  1332854  15.36
  2008          76     0.01610  0.01597  0.50   85457    1365   84775  1246748  14.59
  2008          77     0.01734  0.01719  0.50   84092    1445   83370  1161974  13.82
  2008          78     0.01910  0.01892  0.50   82647    1564   81865  1078604  13.05
  2008          79     0.02158  0.02135  0.50   81083    1731   80218   996739  12.29
  2008          80     0.02489  0.02458  0.50   79352    1951   78377   916521  11.55
  2008          81     0.02892  0.02851  0.50   77401    2207   76298   838145  10.83
  2008          82     0.03358  0.03303  0.50   75194    2483   73953   761847  10.13
  2008          83     0.03893  0.03818  0.50   72711    2776   71323   687894   9.46
  2008          84     0.04507  0.04407  0.50   69935    3082   68394   616572   8.82
  2008          85     0.05209  0.05077  0.50   66852    3394   65155   548178   8.20
  2008          86     0.06014  0.05839  0.50   63458    3705   61606   483023   7.61
  2008          87     0.06934  0.06702  0.50   59753    4004   57751   421417   7.05
  2008          88     0.07983  0.07676  0.50   55749    4279   53609   363666   6.52
  2008          89     0.09174  0.08772  0.50   51469    4515   49212   310057   6.02
  2008          90     0.10524  0.09998  0.50   46955    4694   44607   260845   5.56
  2008          91     0.12046  0.11361  0.50   42260    4801   39860   216237   5.12
  2008          92     0.13753  0.12869  0.50   37459    4820   35049   176378   4.71
  2008          93     0.15660  0.14523  0.50   32638    4740   30268   141329   4.33
  2008          94     0.17777  0.16326  0.50   27898    4555   25621   111061   3.98
  2008          95     0.20111  0.18274  0.50   23344    4266   21211    85440   3.66
  2008          96     0.22667  0.20359  0.50   19078    3884   17136    64229   3.37
  2008          97     0.25444  0.22572  0.50   15194    3430   13479    47093   3.10
  2008          98     0.28435  0.24895  0.50   11764    2929   10300    33614   2.86
  2008          99     0.31628  0.27309  0.50    8835    2413    7629    23314   2.64
  2008         100     0.35004  0.29790  0.50    6423    1913    5466    15685   2.44
  2008         101     0.38536  0.32311  0.50    4509    1457    3781    10219   2.27
  2008         102     0.42194  0.34843  0.50    3052    1064    2521     6438   2.11
  2008         103     0.45938  0.37357  0.50    1989     743    1617     3918   1.97
  2008         104     0.49725  0.39824  0.50    1246     496     998     2300   1.85
  2008         105     0.53510  0.42215  0.50     750     316     591     1303   1.74
  2008         106     0.57246  0.44507  0.50     433     193     337      711   1.64
  2008         107     0.60893  0.46680  0.50     240     112     184      374   1.56
  2008         108     0.64434  0.48734  0.50     128      62      97      190   1.48
  2008         109     0.67871  0.50674  0.50      66      33      49       93   1.42
  2008         110+    0.73424  1.00000  1.36      32      32      44       44   1.36
  2009           0     0.00304  0.00304  0.20  100000     304   99757  8676286  86.76
  2009           1     0.00025  0.00025  0.50   99696      25   99684  8576529  86.03
  2009           2     0.00007  0.00007  0.50   99671       7   99668  8476845  85.05
  2009           3     0.00000  0.00000  0.50   99664       0   99664  8377177  84.05
  2009           4     0.00000  0.00000  0.50   99664       0   99664  8277513  83.05
  2009           5     0.00001  0.00001  0.50   99664       1   99664  8177848  82.05
  2009           6     0.00006  0.00006  0.50   99663       6   99660  8078185  81.05
  2009           7     0.00011  0.00011  0.50   99657      11   99652  7978524  80.06
  2009           8     0.00010  0.00010  0.50   99647      10   99642  7878872  79.07
  2009           9     0.00008  0.00008  0.50   99637       8   99632  7779231  78.08
  2009          10     0.00008  0.00008  0.50   99628       8   99624  7679598  77.08
  2009          11     0.00007  0.00007  0.50   99620       7   99616  7579974  76.09
  2009          12     0.00002  0.00002  0.50   99613       2   99612  7480357  75.09
  2009          13     0.00000  0.00000  0.50   99611       0   99611  7380745  74.10
  2009          14     0.00000  0.00000  0.50   99611       0   99611  7281134  73.10
  2009          15     0.00002  0.00002  0.50   99611       2   99610  7181523  72.10
  2009          16     0.00006  0.00006  0.50   99609       6   99606  7081913  71.10
  2009          17     0.00008  0.00008  0.50   99603       8   99599  6982307  70.10
  2009          18     0.00005  0.00005  0.50   99595       5   99592  6882708  69.11
  2009          19     0.00003  0.00003  0.50   99590       3   99588  6783116  68.11
  2009          20     0.00014  0.00014  0.50   99587      14   99580  6683527  67.11
  2009          21     0.00028  0.00028  0.50   99573      28   99560  6583947  66.12
  2009          22     0.00030  0.00030  0.50   99546      30   99531  6484388  65.14
  2009          23     0.00026  0.00026  0.50   99516      26   99503  6384857  64.16
  2009          24     0.00025  0.00025  0.50   99490      25   99477  6285354  63.18
  2009          25     0.00034  0.00034  0.50   99465      34   99448  6185877  62.19
  2009          26     0.00042  0.00042  0.50   99431      42   99410  6086429  61.21
  2009          27     0.00038  0.00038  0.50   99389      38   99370  5987019  60.24
  2009          28     0.00026  0.00026  0.50   99351      26   99338  5887650  59.26
  2009          29     0.00013  0.00013  0.50   99325      13   99318  5788312  58.28
  2009          30     0.00013  0.00013  0.50   99312      13   99305  5688993  57.28
  2009          31     0.00025  0.00025  0.50   99298      25   99286  5589688  56.29
  2009          32     0.00043  0.00043  0.50   99274      43   99252  5490402  55.31
  2009          33     0.00056  0.00056  0.50   99231      56   99203  5391150  54.33
  2009          34     0.00057  0.00057  0.50   99175      57   99147  5291947  53.36
  2009          35     0.00053  0.00053  0.50   99118      52   99092  5192800  52.39
  2009          36     0.00050  0.00050  0.50   99066      50   99041  5093708  51.42
  2009          37     0.00046  0.00046  0.50   99016      46   98993  4994667  50.44
  2009          38     0.00041  0.00041  0.50   98971      41   98950  4895673  49.47
  2009          39     0.00041  0.00041  0.50   98930      41   98910  4796723  48.49
  2009          40     0.00057  0.00057  0.50   98889      56   98861  4697814  47.51
  2009          41     0.00088  0.00088  0.50   98833      87   98789  4598952  46.53
  2009          42     0.00098  0.00098  0.50   98746      97   98697  4500163  45.57
  2009          43     0.00096  0.00096  0.50   98649      94   98602  4401465  44.62
  2009          44     0.00103  0.00103  0.50   98555     101   98504  4302864  43.66
  2009          45     0.00124  0.00124  0.50   98454     122   98392  4204360  42.70
  2009          46     0.00150  0.00150  0.50   98331     148   98257  4105967  41.76
  2009          47     0.00141  0.00141  0.50   98183     138   98114  4007710  40.82
  2009          48     0.00120  0.00120  0.50   98045     118   97987  3909595  39.88
  2009          49     0.00124  0.00124  0.50   97928     121   97867  3811608  38.92
  2009          50     0.00148  0.00148  0.50   97807     144   97734  3713741  37.97
  2009          51     0.00175  0.00175  0.50   97662     171   97577  3616007  37.03
  2009          52     0.00186  0.00186  0.50   97491     181   97400  3518430  36.09
  2009          53     0.00174  0.00174  0.50   97310     169   97225  3421030  35.16
  2009          54     0.00178  0.00178  0.50   97141     173   97054  3323805  34.22
  2009          55     0.00199  0.00199  0.50   96968     193   96871  3226751  33.28
  2009          56     0.00226  0.00225  0.50   96774     218   96665  3129880  32.34
  2009          57     0.00264  0.00263  0.50   96556     254   96429  3033214  31.41
  2009          58     0.00313  0.00312  0.50   96302     301   96151  2936785  30.50
  2009          59     0.00335  0.00334  0.50   96001     321   95841  2840634  29.59
  2009          60     0.00332  0.00331  0.50   95680     317   95522  2744793  28.69
  2009          61     0.00322  0.00322  0.50   95363     307   95210  2649271  27.78
  2009          62     0.00331  0.00330  0.50   95057     314   94900  2554061  26.87
  2009          63     0.00375  0.00374  0.50   94743     354   94566  2459161  25.96
  2009          64     0.00435  0.00434  0.50   94389     410   94184  2364595  25.05
  2009          65     0.00485  0.00483  0.50   93979     454   93752  2270411  24.16
  2009          66     0.00511  0.00510  0.50   93525     477   93286  2176659  23.27
  2009          67     0.00536  0.00534  0.50   93048     497   92799  2083373  22.39
  2009          68     0.00585  0.00583  0.50   92550     540   92280  1990574  21.51
  2009          69     0.00681  0.00678  0.50   92011     624   91699  1898293  20.63
  2009          70     0.00814  0.00811  0.50   91387     741   91016  1806595  19.77
  2009          71     0.00895  0.00892  0.50   90646     808   90242  1715579  18.93
  2009          72     0.00939  0.00934  0.50   89838     839   89418  1625337  18.09
  2009          73     0.00991  0.00986  0.50   88998     877   88560  1535919  17.26
  2009          74     0.01105  0.01099  0.50   88121     968   87637  1447359  16.42
  2009          75     0.01314  0.01305  0.50   87153    1138   86584  1359722  15.60
  2009          76     0.01567  0.01555  0.50   86015    1338   85347  1273138  14.80
  2009          77     0.01788  0.01773  0.50   84678    1501   83927  1187791  14.03
  2009          78     0.01935  0.01917  0.50   83177    1594   82380  1103864  13.27
  2009          79     0.02103  0.02081  0.50   81583    1698   80734  1021484  12.52
  2009          80     0.02391  0.02362  0.50   79885    1887   78941   940750  11.78
  2009          81     0.02779  0.02741  0.50   77998    2138   76929   861809  11.05
  2009          82     0.03228  0.03176  0.50   75860    2410   74655   784880  10.35
  2009          83     0.03739  0.03670  0.50   73451    2696   72103   710225   9.67
  2009          84     0.04324  0.04232  0.50   70755    2995   69258   638122   9.02
  2009          85     0.04995  0.04873  0.50   67760    3302   66109   568865   8.40
  2009          86     0.05764  0.05602  0.50   64458    3611   62653   502755   7.80
  2009          87     0.06643  0.06429  0.50   60847    3912   58891   440103   7.23
  2009          88     0.07645  0.07364  0.50   56935    4193   54839   381212   6.70
  2009          89     0.08785  0.08415  0.50   52743    4438   50523   326373   6.19
  2009          90     0.10076  0.09593  0.50   48304    4634   45987   275850   5.71
  2009          91     0.11533  0.10904  0.50   43670    4762   41289   229862   5.26
  2009          92     0.13169  0.12356  0.50   38909    4807   36505   188573   4.85
  2009          93     0.14998  0.13952  0.50   34101    4758   31722   152068   4.46
  2009          94     0.17032  0.15695  0.50   29343    4606   27041   120346   4.10
  2009          95     0.19279  0.17584  0.50   24738    4350   22563    93305   3.77
  2009          96     0.21744  0.19612  0.50   20388    3998   18389    70742   3.47
  2009          97     0.24429  0.21770  0.50   16390    3568   14606    52353   3.19
  2009          98     0.27329  0.24044  0.50   12822    3083   11280    37748   2.94
  2009          99     0.30436  0.26416  0.50    9739    2573    8452    26468   2.72
  2009         100     0.33731  0.28863  0.50    7166    2068    6132    18015   2.51
  2009         101     0.37192  0.31360  0.50    5098    1599    4298    11883   2.33
  2009         102     0.40790  0.33880  0.50    3499    1186    2906     7585   2.17
  2009         103     0.44489  0.36394  0.50    2314     842    1893     4678   2.02
  2009         104     0.48251  0.38873  0.50    1472     572    1186     2786   1.89
  2009         105     0.52032  0.41290  0.50     900     371     714     1600   1.78
  2009         106     0.55789  0.43621  0.50     528     230     413      886   1.68
  2009         107     0.59477  0.45844  0.50     298     136     229      473   1.59
  2009         108     0.63053  0.47939  0.50     161      77     123      244   1.51
  2009         109     0.66493  0.49902  0.50      84      42      63      121   1.44
  2009         110+    0.72236  1.00000  1.38      42      42      58       58   1.38
  2010           0     0.00095  0.00095  0.23  100000      95   99926  8662529  86.63
  2010           1     0.00032  0.00032  0.50   99905      32   99889  8562603  85.71
  2010           2     0.00020  0.00020  0.50   99872      20   99862  8462714  84.74
  2010           3     0.00009  0.00009  0.50   99852       9   99848  8362852  83.75
  2010           4     0.00001  0.00001  0.50   99843       1   99843  8263004  82.76
  2010           5     0.00000  0.00000  0.50   99843       0   99843  8163161  81.76
  2010           6     0.00002  0.00002  0.50   99843       2   99842  8063319  80.76
  2010           7     0.00008  0.00008  0.50   99841       8   99837  7963477  79.76
  2010           8     0.00015  0.00015  0.50   99832      15   99825  7863640  78.77
  2010           9     0.00018  0.00018  0.50   99818      18   99809  7763815  77.78
  2010          10     0.00016  0.00016  0.50   99800      16   99792  7664006  76.79
  2010          11     0.00011  0.00011  0.50   99784      11   99778  7564215  75.81
  2010          12     0.00006  0.00006  0.50   99773       6   99770  7464436  74.81
  2010          13     0.00003  0.00003  0.50   99767       3   99766  7364666  73.82
  2010          14     0.00005  0.00005  0.50   99764       5   99762  7264900  72.82
  2010          15     0.00008  0.00008  0.50   99759       8   99755  7165139  71.82
  2010          16     0.00015  0.00015  0.50   99751      15   99744  7065384  70.83
  2010          17     0.00024  0.00024  0.50   99736      24   99725  6965640  69.84
  2010          18     0.00031  0.00031  0.50   99713      31   99697  6865915  68.86
  2010          19     0.00032  0.00032  0.50   99682      32   99666  6766218  67.88
  2010          20     0.00034  0.00034  0.50   99650      34   99633  6666552  66.90
  2010          21     0.00035  0.00035  0.50   99616      35   99599  6566919  65.92
  2010          22     0.00032  0.00031  0.50   99581      31   99566  6467321  64.95
  2010          23     0.00025  0.00025  0.50   99550      25   99537  6367755  63.97
  2010          24     0.00017  0.00017  0.50   99525      17   99516  6268218  62.98
  2010          25     0.00011  0.00011  0.50   99508      11   99502  6168701  61.99
  2010          26     0.00009  0.00009  0.50   99497       9   99492  6069199  61.00
  2010          27     0.00014  0.00014  0.50   99488      14   99481  5969707  60.00
  2010          28     0.00019  0.00019  0.50   99474      19   99465  5870226  59.01
  2010          29     0.00022  0.00022  0.50   99455      21   99445  5770761  58.02
  2010          30     0.00031  0.00031  0.50   99434      31   99418  5671317  57.04
  2010          31     0.00044  0.00044  0.50   99403      44   99381  5571899  56.05
  2010          32     0.00051  0.00051  0.50   99359      51   99334  5472518  55.08
  2010          33     0.00053  0.00053  0.50   99308      52   99282  5373184  54.11
  2010          34     0.00051  0.00051  0.50   99256      50   99231  5273902  53.13
  2010          35     0.00050  0.00050  0.50   99206      49   99181  5174671  52.16
  2010          36     0.00052  0.00052  0.50   99156      51   99131  5075490  51.19
  2010          37     0.00050  0.00050  0.50   99105      50   99080  4976360  50.21
  2010          38     0.00054  0.00054  0.50   99055      53   99029  4877279  49.24
  2010          39     0.00070  0.00070  0.50   99002      70   98967  4778251  48.26
  2010          40     0.00084  0.00084  0.50   98933      83   98891  4679283  47.30
  2010          41     0.00083  0.00083  0.50   98849      82   98808  4580392  46.34
  2010          42     0.00085  0.00085  0.50   98767      83   98726  4481584  45.38
  2010          43     0.00099  0.00098  0.50   98684      97   98635  4382859  44.41
  2010          44     0.00124  0.00124  0.50   98587     123   98525  4284223  43.46
  2010          45     0.00144  0.00143  0.50   98464     141   98393  4185698  42.51
  2010          46     0.00141  0.00141  0.50   98323     138   98254  4087305  41.57
  2010          47     0.00133  0.00133  0.50   98184     130   98119  3989051  40.63
  2010          48     0.00128  0.00128  0.50   98054     125   97992  3890932  39.68
  2010          49     0.00131  0.00131  0.50   97929     128   97865  3792940  38.73
  2010          50     0.00142  0.00142  0.50   97801     139   97732  3695075  37.78
  2010          51     0.00162  0.00162  0.50   97662     158   97583  3597343  36.83
  2010          52     0.00185  0.00185  0.50   97504     180   97414  3499760  35.89
  2010          53     0.00206  0.00205  0.50   97324     200   97224  3402346  34.96
  2010          54     0.00216  0.00216  0.50   97124     210   97019  3305122  34.03
  2010          55     0.00225  0.00225  0.50   96915     218   96806  3208102  33.10
  2010          56     0.00244  0.00244  0.50   96696     236   96578  3111297  32.18
  2010          57     0.00265  0.00264  0.50   96461     255   96333  3014718  31.25
  2010          58     0.00283  0.00282  0.50   96206     272   96070  2918385  30.33
  2010          59     0.00315  0.00315  0.50   95934     302   95783  2822316  29.42
  2010          60     0.00359  0.00358  0.50   95632     342   95461  2726533  28.51
  2010          61     0.00402  0.00401  0.50   95289     382   95098  2631072  27.61
  2010          62     0.00435  0.00434  0.50   94907     412   94701  2535974  26.72
  2010          63     0.00452  0.00451  0.50   94495     426   94282  2441273  25.83
  2010          64     0.00465  0.00464  0.50   94069     437   93851  2346991  24.95
  2010          65     0.00494  0.00493  0.50   93632     461   93401  2253141  24.06
  2010          66     0.00546  0.00545  0.50   93171     508   92917  2159739  23.18
  2010          67     0.00599  0.00597  0.50   92663     553   92387  2066822  22.30
  2010          68     0.00629  0.00627  0.50   92110     578   91821  1974436  21.44
  2010          69     0.00656  0.00654  0.50   91532     598   91233  1882615  20.57
  2010          70     0.00701  0.00699  0.50   90934     636   90616  1791382  19.70
  2010          71     0.00775  0.00772  0.50   90298     697   89950  1700765  18.83
  2010          72     0.00878  0.00874  0.50   89601     783   89210  1610815  17.98
  2010          73     0.01006  0.01001  0.50   88818     889   88374  1521606  17.13
  2010          74     0.01154  0.01147  0.50   87929    1009   87425  1433232  16.30
  2010          75     0.01304  0.01296  0.50   86920    1126   86357  1345807  15.48
  2010          76     0.01441  0.01430  0.50   85794    1227   85180  1259450  14.68
  2010          77     0.01606  0.01594  0.50   84567    1348   83893  1174270  13.89
  2010          78     0.01846  0.01829  0.50   83219    1522   82458  1090377  13.10
  2010          79     0.02136  0.02114  0.50   81697    1727   80833  1007919  12.34
  2010          80     0.02450  0.02421  0.50   79970    1936   79002   927085  11.59
  2010          81     0.02812  0.02773  0.50   78034    2164   76952   848083  10.87
  2010          82     0.03251  0.03199  0.50   75870    2427   74657   771131  10.16
  2010          83     0.03775  0.03705  0.50   73443    2721   72083   696475   9.48
  2010          84     0.04386  0.04292  0.50   70722    3035   69205   624392   8.83
  2010          85     0.05093  0.04966  0.50   67687    3361   66006   555187   8.20
  2010          86     0.05905  0.05736  0.50   64325    3689   62481   489181   7.60
  2010          87     0.06837  0.06611  0.50   60636    4008   58632   426701   7.04
  2010          88     0.07902  0.07602  0.50   56628    4305   54475   368069   6.50
  2010          89     0.09118  0.08720  0.50   52323    4563   50042   313594   5.99
  2010          90     0.10499  0.09975  0.50   47760    4764   45378   263552   5.52
  2010          91     0.12062  0.11376  0.50   42996    4891   40550   218174   5.07
  2010          92     0.13821  0.12928  0.50   38105    4926   35642   177623   4.66
  2010          93     0.15791  0.14635  0.50   33179    4856   30751   141981   4.28
  2010          94     0.17983  0.16499  0.50   28323    4673   25987   111230   3.93
  2010          95     0.20405  0.18516  0.50   23650    4379   21460    85244   3.60
  2010          96     0.23062  0.20677  0.50   19271    3985   17279    63783   3.31
  2010          97     0.25951  0.22971  0.50   15286    3511   13531    46505   3.04
  2010          98     0.29065  0.25377  0.50   11775    2988   10281    32974   2.80
  2010          99     0.32389  0.27875  0.50    8787    2449    7562    22694   2.58
  2010         100     0.35901  0.30438  0.50    6337    1929    5373    15131   2.39
  2010         101     0.39570  0.33034  0.50    4408    1456    3680     9758   2.21
  2010         102     0.43361  0.35635  0.50    2952    1052    2426     6078   2.06
  2010         103     0.47230  0.38208  0.50    1900     726    1537     3652   1.92
  2010         104     0.51133  0.40722  0.50    1174     478     935     2115   1.80
  2010         105     0.55020  0.43150  0.50     696     300     546     1180   1.70
  2010         106     0.58840  0.45464  0.50     396     180     306      634   1.60
  2010         107     0.62545  0.47645  0.50     216     103     164      328   1.52
  2010         108     0.66109  0.49686  0.50     113      56      85      164   1.45
  2010         109     0.69530  0.51593  0.50      57      29      42       79   1.39
  2010         110+    0.74970  1.00000  1.33      28      28      37       37   1.33
  2011           0     0.00128  0.00128  0.22  100000     128   99900  8685696  86.86
  2011           1     0.00000  0.00000  0.50   99872       0   99872  8585796  85.97
  2011           2     0.00000  0.00000  0.50   99872       0   99872  8485924  84.97
  2011           3     0.00001  0.00001  0.50   99872       1   99871  8386052  83.97
  2011           4     0.00005  0.00005  0.50   99871       5   99868  8286181  82.97
  2011           5     0.00010  0.00010  0.50   99866      10   99861  8186312  81.97
  2011           6     0.00015  0.00015  0.50   99856      15   99849  8086451  80.98
  2011           7     0.00015  0.00015  0.50   99841      15   99834  7986603  79.99
  2011           8     0.00010  0.00010  0.50   99827      10   99822  7886769  79.00
  2011           9     0.00004  0.00004  0.50   99817       4   99815  7786947  78.01
  2011          10     0.00001  0.00001  0.50   99813       1   99812  7687132  77.02
  2011          11     0.00000  0.00000  0.50   99812       0   99812  7587320  76.02
  2011          12     0.00000  0.00000  0.50   99812       0   99812  7487508  75.02
  2011          13     0.00000  0.00000  0.50   99812       0   99812  7387696  74.02
  2011          14     0.00003  0.00003  0.50   99812       3   99810  7287884  73.02
  2011          15     0.00008  0.00008  0.50   99809       8   99805  7188074  72.02
  2011          16     0.00013  0.00013  0.50   99801      13   99794  7088269  71.02
  2011          17     0.00014  0.00014  0.50   99788      14   99781  6988475  70.03
  2011          18     0.00013  0.00013  0.50   99774      13   99768  6888693  69.04
  2011          19     0.00010  0.00010  0.50   99762      10   99757  6788926  68.05
  2011          20     0.00007  0.00007  0.50   99752       7   99749  6689169  67.06
  2011          21     0.00006  0.00006  0.50   99745       6   99742  6589420  66.06
  2011          22     0.00011  0.00011  0.50   99739      11   99734  6489678  65.07
  2011          23     0.00019  0.00019  0.50   99728      19   99718  6389945  64.07
  2011          24     0.00026  0.00026  0.50   99709      26   99696  6290226  63.09
  2011          25     0.00027  0.00027  0.50   99683      27   99669  6190530  62.10
  2011          26     0.00025  0.00025  0.50   99656      25   99643  6090861  61.12
  2011          27     0.00023  0.00023  0.50   99631      23   99619  5991218  60.13
  2011          28     0.00021  0.00021  0.50   99608      21   99598  5891598  59.15
  2011          29     0.00020  0.00020  0.50   99587      20   99577  5792001  58.16
  2011          30     0.00022  0.00022  0.50   99567      22   99556  5692424  57.17
  2011          31     0.00025  0.00025  0.50   99545      25   99532  5592868  56.18
  2011          32     0.00028  0.00028  0.50   99520      28   99506  5493335  55.20
  2011          33     0.00031  0.00031  0.50   99492      31   99476  5393829  54.21
  2011          34     0.00035  0.00035  0.50   99461      35   99444  5294353  53.23
  2011          35     0.00041  0.00041  0.50   99426      41   99406  5194909  52.25
  2011          36     0.00051  0.00051  0.50   99385      51   99360  5095503  51.27
  2011          37     0.00057  0.00057  0.50   99335      56   99306  4996144  50.30
  2011          38     0.00060  0.00059  0.50   99278      59   99249  4896837  49.32
  2011          39     0.00062  0.00062  0.50   99219      62   99188  4797588  48.35
  2011          40     0.00066  0.00066  0.50   99158      66   99125  4698400  47.38
  2011          41     0.00074  0.00074  0.50   99092      73   99055  4599275  46.41
  2011          42     0.00090  0.00090  0.50   99019      89   98974  4500220  45.45
  2011          43     0.00110  0.00110  0.50   98929     108   98875  4401246  44.49
  2011          44     0.00125  0.00125  0.50   98821     123   98759  4302371  43.54
  2011          45     0.00129  0.00129  0.50   98698     127   98634  4203612  42.59
  2011          46     0.00120  0.00120  0.50   98570     118   98511  4104977  41.65
  2011          47     0.00110  0.00110  0.50   98452     109   98398  4006466  40.69
  2011          48     0.00107  0.00107  0.50   98344     105   98291  3908068  39.74
  2011          49     0.00112  0.00112  0.50   98239     110   98184  3809777  38.78
  2011          50     0.00126  0.00126  0.50   98129     124   98067  3711593  37.82
  2011          51     0.00149  0.00148  0.50   98005     145   97933  3613525  36.87
  2011          52     0.00175  0.00175  0.50   97860     171   97774  3515593  35.92
  2011          53     0.00202  0.00202  0.50   97689     197   97590  3417818  34.99
  2011          54     0.00229  0.00229  0.50   97492     223   97380  3320228  34.06
  2011          55     0.00255  0.00255  0.50   97269     248   97145  3222848  33.13
  2011          56     0.00276  0.00275  0.50   97021     267   96887  3125703  32.22
  2011          57     0.00291  0.00290  0.50   96754     281   96613  3028816  31.30
  2011          58     0.00304  0.00304  0.50   96473     293   96326  2932202  30.39
  2011          59     0.00331  0.00331  0.50   96180     318   96021  2835876  29.49
  2011          60     0.00362  0.00362  0.50   95862     347   95688  2739855  28.58
  2011          61     0.00385  0.00384  0.50   95515     367   95331  2644167  27.68
  2011          62     0.00408  0.00407  0.50   95148     387   94954  2548836  26.79
  2011          63     0.00444  0.00443  0.50   94761     420   94551  2453881  25.90
  2011          64     0.00492  0.00491  0.50   94341     463   94109  2359331  25.01
  2011          65     0.00544  0.00543  0.50   93878     510   93623  2265221  24.13
  2011          66     0.00587  0.00586  0.50   93368     547   93094  2171599  23.26
  2011          67     0.00627  0.00625  0.50   92821     580   92531  2078504  22.39
  2011          68     0.00670  0.00668  0.50   92241     616   91933  1985973  21.53
  2011          69     0.00706  0.00704  0.50   91625     645   91303  1894040  20.67
  2011          70     0.00729  0.00726  0.50   90980     661   90650  1802738  19.81
  2011          71     0.00765  0.00763  0.50   90319     689   89975  1712088  18.96
  2011          72     0.00832  0.00829  0.50   89631     743   89259  1622113  18.10
  2011          73     0.00935  0.00930  0.50   88888     827   88475  1532853  17.24
  2011          74     0.01056  0.01051  0.50   88061     925   87598  1444379  16.40
  2011          75     0.01187  0.01180  0.50   87136    1028   86622  1356780  15.57
  2011          76     0.01360  0.01351  0.50   86107    1163   85526  1270159  14.75
  2011          77     0.01560  0.01548  0.50   84944    1315   84287  1184633  13.95
  2011          78     0.01773  0.01758  0.50   83630    1470   82895  1100346  13.16
  2011          79     0.02040  0.02019  0.50   82160    1659   81330  1017451  12.38
  2011          80     0.02398  0.02370  0.50   80501    1908   79547   936121  11.63
  2011          81     0.02831  0.02791  0.50   78593    2194   77496   856574  10.90
  2011          82     0.03313  0.03259  0.50   76399    2490   75154   779078  10.20
  2011          83     0.03851  0.03778  0.50   73909    2792   72513   703923   9.52
  2011          84     0.04458  0.04361  0.50   71117    3101   69566   631410   8.88
  2011          85     0.05150  0.05021  0.50   68016    3415   66308   561844   8.26
  2011          86     0.05942  0.05770  0.50   64600    3728   62737   495536   7.67
  2011          87     0.06847  0.06620  0.50   60873    4030   58858   432799   7.11
  2011          88     0.07879  0.07580  0.50   56843    4309   54689   373941   6.58
  2011          89     0.09053  0.08661  0.50   52534    4550   50259   319253   6.08
  2011          90     0.10382  0.09870  0.50   47984    4736   45616   268993   5.61
  2011          91     0.11881  0.11215  0.50   43248    4850   40823   223377   5.16
  2011          92     0.13564  0.12702  0.50   38398    4877   35959   182554   4.75
  2011          93     0.15443  0.14336  0.50   33521    4805   31118   146594   4.37
  2011          94     0.17529  0.16116  0.50   28715    4628   26401   115476   4.02
  2011          95     0.19831  0.18042  0.50   24087    4346   21914    89075   3.70
  2011          96     0.22352  0.20105  0.50   19742    3969   17757    67160   3.40
  2011          97     0.25094  0.22297  0.50   15772    3517   14014    49403   3.13
  2011          98     0.28050  0.24600  0.50   12256    3015   10748    35389   2.89
  2011          99     0.31208  0.26996  0.50    9241    2495    7994    24641   2.67
  2011         100     0.34551  0.29462  0.50    6746    1988    5752    16647   2.47
  2011         101     0.38053  0.31970  0.50    4759    1521    3998    10895   2.29
  2011         102     0.41684  0.34495  0.50    3237    1117    2679     6897   2.13
  2011         103     0.45406  0.37005  0.50    2121     785    1728     4218   1.99
  2011         104     0.49177  0.39471  0.50    1336     527    1072     2490   1.86
  2011         105     0.52951  0.41866  0.50     809     339     639     1418   1.75
  2011         106     0.56683  0.44166  0.50     470     208     366      778   1.66
  2011         107     0.60332  0.46350  0.50     262     122     202      412   1.57
  2011         108     0.63884  0.48418  0.50     141      68     107      210   1.49
  2011         109     0.67338  0.50376  0.50      73      37      54      104   1.43
  2011         110+    0.72946  1.00000  1.37      36      36      49       49   1.37
  2012           0     0.00193  0.00192  0.21  100000     192   99849  8646240  86.46
  2012           1     0.00083  0.00083  0.50   99808      83   99766  8546391  85.63
  2012           2     0.00049  0.00049  0.50   99725      49   99701  8446625  84.70
  2012           3     0.00023  0.00023  0.50   99676      23   99664  8346924  83.74
  2012           4     0.00007  0.00007  0.50   99653       7   99649  8247260  82.76
  2012           5     0.00000  0.00000  0.50   99645       0   99645  8147611  81.77
  2012           6     0.00001  0.00001  0.50   99645       1   99645  8047966  80.77
  2012           7     0.00005  0.00005  0.50   99644       5   99642  7948321  79.77
  2012           8     0.00007  0.00007  0.50   99639       7   99635  7848679  78.77
  2012           9     0.00006  0.00006  0.50   99632       6   99629  7749044  77.78
  2012          10     0.00004  0.00004  0.50   99626       4   99624  7649415  76.78
  2012          11     0.00002  0.00002  0.50   99622       2   99621  7549791  75.78
  2012          12     0.00005  0.00005  0.50   99620       5   99617  7450171  74.79
  2012          13     0.00007  0.00007  0.50   99615       7   99611  7350553  73.79
  2012          14     0.00011  0.00011  0.50   99608      11   99602  7250942  72.80
  2012          15     0.00018  0.00018  0.50   99597      18   99588  7151340  71.80
  2012          16     0.00026  0.00026  0.50   99579      26   99566  7051752  70.82
  2012          17     0.00029  0.00029  0.50   99553      29   99539  6952186  69.83
  2012          18     0.00025  0.00025  0.50   99525      25   99512  6852647  68.85
  2012          19     0.00016  0.00016  0.50   99500      16   99492  6753135  67.87
  2012          20     0.00016  0.00016  0.50   99484      16   99476  6653643  66.88
  2012          21     0.00025  0.00025  0.50   99468      25   99456  6554167  65.89
  2012          22     0.00039  0.00039  0.50   99444      39   99424  6454711  64.91
  2012          23     0.00054  0.00054  0.50   99405      54   99378  6355287  63.93
  2012          24     0.00065  0.00064  0.50   99351      64   99319  6255909  62.97
  2012          25     0.00063  0.00063  0.50   99287      62   99256  6156589  62.01
  2012          26     0.00054  0.00054  0.50   99225      53   99198  6057333  61.05
  2012          27     0.00043  0.00043  0.50   99172      43   99150  5958135  60.08
  2012          28     0.00031  0.00031  0.50   99129      31   99114  5858984  59.10
  2012          29     0.00021  0.00021  0.50   99098      20   99088  5759871  58.12
  2012          30     0.00020  0.00020  0.50   99078      20   99068  5660783  57.13
  2012          31     0.00027  0.00027  0.50   99058      27   99044  5561715  56.15
  2012          32     0.00035  0.00035  0.50   99031      35   99014  5462670  55.16
  2012          33     0.00043  0.00043  0.50   98996      42   98975  5363657  54.18
  2012          34     0.00049  0.00049  0.50   98954      49   98930  5264682  53.20
  2012          35     0.00056  0.00056  0.50   98905      55   98878  5165752  52.23
  2012          36     0.00063  0.00063  0.50   98850      62   98819  5066874  51.26
  2012          37     0.00059  0.00059  0.50   98788      59   98759  4968055  50.29
  2012          38     0.00056  0.00056  0.50   98729      56   98702  4869296  49.32
  2012          39     0.00064  0.00064  0.50   98674      63   98642  4770595  48.35
  2012          40     0.00076  0.00076  0.50   98610      75   98573  4671953  47.38
  2012          41     0.00079  0.00079  0.50   98535      78   98496  4573380  46.41
  2012          42     0.00066  0.00066  0.50   98457      65   98425  4474884  45.45
  2012          43     0.00058  0.00058  0.50   98392      57   98364  4376459  44.48
  2012          44     0.00073  0.00073  0.50   98335      72   98299  4278095  43.51
  2012          45     0.00105  0.00105  0.50   98263     103   98211  4179796  42.54
  2012          46     0.00134  0.00134  0.50   98160     131   98094  4081585  41.58
  2012          47     0.00138  0.00138  0.50   98029     135   97961  3983490  40.64
  2012          48     0.00128  0.00128  0.50   97893     125   97831  3885529  39.69
  2012          49     0.00118  0.00118  0.50   97768     115   97711  3787698  38.74
  2012          50     0.00111  0.00111  0.50   97653     109   97599  3689987  37.79
  2012          51     0.00108  0.00107  0.50   97545     105   97492  3592389  36.83
  2012          52     0.00115  0.00115  0.50   97440     112   97384  3494897  35.87
  2012          53     0.00142  0.00142  0.50   97328     138   97259  3397513  34.91
  2012          54     0.00184  0.00184  0.50   97190     179   97100  3300254  33.96
  2012          55     0.00223  0.00223  0.50   97011     216   96903  3203154  33.02
  2012          56     0.00245  0.00244  0.50   96795     236   96676  3106251  32.09
  2012          57     0.00258  0.00258  0.50   96558     249   96434  3009575  31.17
  2012          58     0.00274  0.00274  0.50   96309     264   96177  2913141  30.25
  2012          59     0.00282  0.00282  0.50   96045     271   95910  2816964  29.33
  2012          60     0.00283  0.00282  0.50   95775     271   95639  2721054  28.41
  2012          61     0.00287  0.00287  0.50   95504     274   95367  2625414  27.49
  2012          62     0.00320  0.00320  0.50   95230     304   95078  2530047  26.57
  2012          63     0.00402  0.00401  0.50   94926     380   94736  2434969  25.65
  2012          64     0.00514  0.00512  0.50   94546     484   94303  2340233  24.75
  2012          65     0.00613  0.00611  0.50   94061     575   93774  2245930  23.88
  2012          66     0.00626  0.00624  0.50   93486     583   93195  2152156  23.02
  2012          67     0.00596  0.00595  0.50   92903     553   92627  2058962  22.16
  2012          68     0.00591  0.00589  0.50   92350     544   92078  1966335  21.29
  2012          69     0.00632  0.00630  0.50   91806     579   91517  1874257  20.42
  2012          70     0.00716  0.00714  0.50   91228     651   90902  1782740  19.54
  2012          71     0.00789  0.00786  0.50   90576     712   90220  1691838  18.68
  2012          72     0.00840  0.00836  0.50   89864     751   89489  1601618  17.82
  2012          73     0.00882  0.00878  0.50   89113     782   88722  1512129  16.97
  2012          74     0.00969  0.00964  0.50   88331     852   87905  1423407  16.11
  2012          75     0.01152  0.01145  0.50   87479    1002   86978  1335502  15.27
  2012          76     0.01421  0.01411  0.50   86477    1221   85867  1248524  14.44
  2012          77     0.01742  0.01727  0.50   85257    1472   84521  1162657  13.64
  2012          78     0.02074  0.02052  0.50   83785    1720   82925  1078136  12.87
  2012          79     0.02388  0.02360  0.50   82065    1937   81097   995211  12.13
  2012          80     0.02677  0.02642  0.50   80128    2117   79070   914114  11.41
  2012          81     0.03005  0.02960  0.50   78012    2309   76857   835044  10.70
  2012          82     0.03436  0.03378  0.50   75702    2557   74424   758187  10.02
  2012          83     0.03967  0.03890  0.50   73145    2846   71723   683763   9.35
  2012          84     0.04594  0.04491  0.50   70300    3157   68721   612041   8.71
  2012          85     0.05318  0.05180  0.50   67142    3478   65403   543319   8.09
  2012          86     0.06147  0.05964  0.50   63664    3797   61766   477916   7.51
  2012          87     0.07094  0.06851  0.50   59867    4101   57817   416150   6.95
  2012          88     0.08171  0.07850  0.50   55766    4378   53577   358334   6.43
  2012          89     0.09396  0.08974  0.50   51388    4612   49082   304757   5.93
  2012          90     0.10782  0.10230  0.50   46777    4785   44384   255674   5.47
  2012          91     0.12345  0.11627  0.50   41991    4882   39550   211290   5.03
  2012          92     0.14099  0.13170  0.50   37109    4887   34665   171740   4.63
  2012          93     0.16056  0.14863  0.50   32222    4789   29827   137075   4.25
  2012          94     0.18227  0.16705  0.50   27432    4583   25141   107248   3.91
  2012          95     0.20620  0.18693  0.50   22850    4271   20714    82107   3.59
  2012          96     0.23237  0.20818  0.50   18579    3868   16645    61393   3.30
  2012          97     0.26077  0.23069  0.50   14711    3394   13014    44748   3.04
  2012          98     0.29132  0.25428  0.50   11317    2878    9878    31734   2.80
  2012          99     0.32387  0.27874  0.50    8439    2352    7263    21856   2.59
  2012         100     0.35823  0.30381  0.50    6087    1849    5162    14593   2.40
  2012         101     0.39409  0.32922  0.50    4238    1395    3540     9430   2.23
  2012         102     0.43114  0.35468  0.50    2843    1008    2338     5890   2.07
  2012         103     0.46897  0.37989  0.50    1834     697    1486     3552   1.94
  2012         104     0.50715  0.40456  0.50    1138     460     907     2066   1.82
  2012         105     0.54521  0.42842  0.50     677     290     532     1158   1.71
  2012         106     0.58268  0.45122  0.50     387     175     300      626   1.62
  2012         107     0.61911  0.47276  0.50     212     100     162      326   1.54
  2012         108     0.65429  0.49300  0.50     112      55      84      164   1.46
  2012         109     0.68821  0.51202  0.50      57      29      42       80   1.40
  2012         110+    0.74272  1.00000  1.35      28      28      37       37   1.35
  2013           0     0.00130  0.00130  0.22  100000     130   99899  8690112  86.90
  2013           1     0.00045  0.00045  0.50   99870      45   99848  8590212  86.01
  2013           2     0.00021  0.00021  0.50   99826      21   99815  8490364  85.05
  2013           3     0.00006  0.00006  0.50   99805       6   99802  8390549  84.07
  2013           4     0.00000  0.00000  0.50   99798       0   99798  8290747  83.07
  2013           5     0.00000  0.00000  0.50   99798       0   99798  8190949  82.07
  2013           6     0.00000  0.00000  0.50   99798       0   99798  8091151  81.07
  2013           7     0.00000  0.00000  0.50   99798       0   99798  7991352  80.07
  2013           8     0.00000  0.00000  0.50   99798       0   99798  7891554  79.07
  2013           9     0.00000  0.00000  0.50   99798       0   99798  7791755  78.07
  2013          10     0.00001  0.00001  0.50   99798       1   99798  7691957  77.07
  2013          11     0.00003  0.00003  0.50   99798       3   99796  7592159  76.08
  2013          12     0.00007  0.00007  0.50   99794       7   99791  7492363  75.08
  2013          13     0.00010  0.00010  0.50   99788      10   99783  7392572  74.08
  2013          14     0.00011  0.00011  0.50   99777      11   99772  7292789  73.09
  2013          15     0.00010  0.00010  0.50   99766       9   99761  7193017  72.10
  2013          16     0.00006  0.00006  0.50   99757       6   99754  7093256  71.11
  2013          17     0.00002  0.00002  0.50   99751       2   99750  6993502  70.11
  2013          18     0.00000  0.00000  0.50   99748       0   99748  6893753  69.11
  2013          19     0.00001  0.00001  0.50   99748       1   99748  6794004  68.11
  2013          20     0.00007  0.00007  0.50   99747       7   99744  6694257  67.11
  2013          21     0.00013  0.00013  0.50   99740      13   99734  6594513  66.12
  2013          22     0.00017  0.00017  0.50   99727      17   99719  6494779  65.13
  2013          23     0.00017  0.00017  0.50   99710      17   99702  6395060  64.14
  2013          24     0.00013  0.00013  0.50   99693      13   99687  6295359  63.15
  2013          25     0.00008  0.00008  0.50   99680       8   99676  6195672  62.16
  2013          26     0.00007  0.00007  0.50   99672       7   99669  6095996  61.16
  2013          27     0.00012  0.00012  0.50   99665      12   99659  5996328  60.16
  2013          28     0.00022  0.00022  0.50   99653      22   99643  5896668  59.17
  2013          29     0.00032  0.00032  0.50   99632      32   99616  5797026  58.18
  2013          30     0.00034  0.00034  0.50   99600      34   99583  5697410  57.20
  2013          31     0.00031  0.00031  0.50   99566      31   99551  5597827  56.22
  2013          32     0.00026  0.00026  0.50   99535      26   99523  5498276  55.24
  2013          33     0.00023  0.00023  0.50   99510      23   99498  5398754  54.25
  2013          34     0.00027  0.00027  0.50   99486      27   99473  5299256  53.27
  2013          35     0.00035  0.00035  0.50   99460      35   99442  5199783  52.28
  2013          36     0.00048  0.00048  0.50   99425      47   99401  5100341  51.30
  2013          37     0.00065  0.00065  0.50   99377      65   99345  5000940  50.32
  2013          38     0.00079  0.00079  0.50   99312      78   99273  4901595  49.36
  2013          39     0.00081  0.00081  0.50   99234      80   99194  4802322  48.39
  2013          40     0.00073  0.00073  0.50   99154      73   99118  4703127  47.43
  2013          41     0.00064  0.00064  0.50   99081      63   99050  4604010  46.47
  2013          42     0.00059  0.00059  0.50   99018      59   98989  4504960  45.50
  2013          43     0.00062  0.00062  0.50   98960      61   98929  4405971  44.52
  2013          44     0.00073  0.00073  0.50   98898      72   98862  4307042  43.55
  2013          45     0.00089  0.00089  0.50   98826      88   98782  4208180  42.58
  2013          46     0.00107  0.00107  0.50   98739     105   98686  4109397  41.62
  2013          47     0.00131  0.00131  0.50   98633     129   98569  4010711  40.66
  2013          48     0.00160  0.00160  0.50   98504     157   98426  3912142  39.72
  2013          49     0.00190  0.00190  0.50   98347     187   98254  3813717  38.78
  2013          50     0.00213  0.00213  0.50   98160     209   98056  3715463  37.85
  2013          51     0.00220  0.00220  0.50   97951     215   97844  3617407  36.93
  2013          52     0.00213  0.00213  0.50   97736     208   97632  3519563  36.01
  2013          53     0.00199  0.00199  0.50   97529     194   97432  3421931  35.09
  2013          54     0.00195  0.00195  0.50   97335     189   97240  3324499  34.16
  2013          55     0.00200  0.00199  0.50   97146     194   97049  3227259  33.22
  2013          56     0.00209  0.00209  0.50   96952     203   96850  3130210  32.29
  2013          57     0.00228  0.00228  0.50   96749     220   96639  3033360  31.35
  2013          58     0.00258  0.00257  0.50   96529     249   96405  2936721  30.42
  2013          59     0.00290  0.00290  0.50   96280     279   96141  2840316  29.50
  2013          60     0.00322  0.00321  0.50   96001     309   95847  2744175  28.58
  2013          61     0.00352  0.00352  0.50   95693     336   95525  2648328  27.68
  2013          62     0.00380  0.00379  0.50   95356     362   95175  2552804  26.77
  2013          63     0.00408  0.00407  0.50   94995     387   94801  2457628  25.87
  2013          64     0.00449  0.00448  0.50   94608     424   94396  2362827  24.97
  2013          65     0.00511  0.00510  0.50   94184     480   93944  2268431  24.09
  2013          66     0.00573  0.00571  0.50   93704     535   93436  2174487  23.21
  2013          67     0.00618  0.00616  0.50   93168     574   92881  2081051  22.34
  2013          68     0.00640  0.00638  0.50   92594     590   92299  1988170  21.47
  2013          69     0.00659  0.00657  0.50   92004     605   91702  1895870  20.61
  2013          70     0.00699  0.00697  0.50   91399     637   91081  1804169  19.74
  2013          71     0.00760  0.00757  0.50   90763     687   90419  1713087  18.87
  2013          72     0.00849  0.00845  0.50   90075     761   89695  1622669  18.01
  2013          73     0.00970  0.00966  0.50   89314     862   88883  1532974  17.16
  2013          74     0.01122  0.01115  0.50   88452     987   87958  1444091  16.33
  2013          75     0.01301  0.01293  0.50   87465    1131   86900  1356133  15.50
  2013          76     0.01516  0.01504  0.50   86335    1299   85685  1269233  14.70
  2013          77     0.01739  0.01724  0.50   85036    1466   84303  1183548  13.92
  2013          78     0.01948  0.01929  0.50   83570    1612   82764  1099245  13.15
  2013          79     0.02165  0.02142  0.50   81958    1755   81080  1016481  12.40
  2013          80     0.02424  0.02395  0.50   80202    1921   79242   935401  11.66
  2013          81     0.02755  0.02718  0.50   78281    2128   77217   856160  10.94
  2013          82     0.03179  0.03129  0.50   76154    2383   74962   778943  10.23
  2013          83     0.03693  0.03626  0.50   73771    2675   72433   703980   9.54
  2013          84     0.04298  0.04208  0.50   71096    2991   69600   631547   8.88
  2013          85     0.04999  0.04877  0.50   68105    3321   66444   561947   8.25
  2013          86     0.05806  0.05642  0.50   64783    3655   62956   495503   7.65
  2013          87     0.06732  0.06513  0.50   61128    3981   59138   432547   7.08
  2013          88     0.07791  0.07499  0.50   57147    4286   55004   373410   6.53
  2013          89     0.09001  0.08614  0.50   52861    4553   50585   318405   6.02
  2013          90     0.10378  0.09866  0.50   48308    4766   45925   267821   5.54
  2013          91     0.11937  0.11265  0.50   43542    4905   41090   221896   5.10
  2013          92     0.13695  0.12817  0.50   38637    4952   36161   180806   4.68
  2013          93     0.15666  0.14528  0.50   33685    4894   31238   144645   4.29
  2013          94     0.17861  0.16397  0.50   28791    4721   26431   113407   3.94
  2013          95     0.20290  0.18421  0.50   24070    4434   21853    86976   3.61
  2013          96     0.22956  0.20592  0.50   19636    4044   17614    65123   3.32
  2013          97     0.25859  0.22898  0.50   15593    3570   13807    47508   3.05
  2013          98     0.28988  0.25319  0.50   12022    3044   10500    33701   2.80
  2013          99     0.32332  0.27832  0.50    8978    2499    7729    23201   2.58
  2013         100     0.35866  0.30412  0.50    6479    1971    5494    15472   2.39
  2013         101     0.39558  0.33026  0.50    4509    1489    3764     9977   2.21
  2013         102     0.43375  0.35644  0.50    3020    1076    2482     6213   2.06
  2013         103     0.47269  0.38233  0.50    1943     743    1572     3731   1.92
  2013         104     0.51193  0.40760  0.50    1200     489     956     2159   1.80
  2013         105     0.55096  0.43196  0.50     711     307     558     1204   1.69
  2013         106     0.58927  0.45517  0.50     404     184     312      646   1.60
  2013         107     0.62644  0.47703  0.50     220     105     168      334   1.52
  2013         108     0.66234  0.49756  0.50     115      57      86      167   1.45
  2013         109     0.69702  0.51688  0.50      58      30      43       80   1.38
  2013         110+    0.75138  1.00000  1.33      28      28      37       37   1.33
  2014           0     0.00168  0.00168  0.22  100000     168   99869  8682710  86.83
  2014           1     0.00150  0.00150  0.50   99832     150   99757  8582841  85.97
  2014           2     0.00058  0.00058  0.50   99683      58   99654  8483084  85.10
  2014           3     0.00007  0.00007  0.50   99625       7   99621  8383430  84.15
  2014           4     0.00000  0.00000  0.50   99618       0   99618  8283809  83.16
  2014           5     0.00000  0.00000  0.50   99618       0   99618  8184191  82.16
  2014           6     0.00000  0.00000  0.50   99618       0   99618  8084574  81.16
  2014           7     0.00007  0.00007  0.50   99618       7   99614  7984956  80.16
  2014           8     0.00010  0.00010  0.50   99611      10   99606  7885342  79.16
  2014           9     0.00008  0.00008  0.50   99601       8   99597  7785736  78.17
  2014          10     0.00003  0.00003  0.50   99593       3   99592  7686139  77.18
  2014          11     0.00000  0.00000  0.50   99590       0   99590  7586548  76.18
  2014          12     0.00000  0.00000  0.50   99590       0   99590  7486958  75.18
  2014          13     0.00003  0.00003  0.50   99590       3   99589  7387368  74.18
  2014          14     0.00008  0.00008  0.50   99587       8   99583  7287779  73.18
  2014          15     0.00013  0.00013  0.50   99579      13   99572  7188196  72.19
  2014          16     0.00014  0.00014  0.50   99566      14   99559  7088624  71.20
  2014          17     0.00008  0.00008  0.50   99551       8   99547  6989065  70.21
  2014          18     0.00005  0.00005  0.50   99543       5   99541  6889518  69.21
  2014          19     0.00010  0.00010  0.50   99539      10   99533  6789977  68.21
  2014          20     0.00020  0.00020  0.50   99528      20   99518  6690444  67.22
  2014          21     0.00029  0.00029  0.50   99508      29   99494  6590925  66.23
  2014          22     0.00032  0.00032  0.50   99479      32   99463  6491431  65.25
  2014          23     0.00031  0.00031  0.50   99447      31   99431  6391968  64.28
  2014          24     0.00030  0.00030  0.50   99416      29   99401  6292537  63.30
  2014          25     0.00033  0.00033  0.50   99386      32   99370  6193136  62.31
  2014          26     0.00038  0.00038  0.50   99354      38   99335  6093765  61.33
  2014          27     0.00043  0.00043  0.50   99316      43   99294  5994431  60.36
  2014          28     0.00042  0.00042  0.50   99273      41   99252  5895136  59.38
  2014          29     0.00033  0.00033  0.50   99232      33   99215  5795884  58.41
  2014          30     0.00025  0.00025  0.50   99199      25   99187  5696669  57.43
  2014          31     0.00018  0.00018  0.50   99174      18   99165  5597482  56.44
  2014          32     0.00010  0.00010  0.50   99157      10   99152  5498316  55.45
  2014          33     0.00013  0.00013  0.50   99147      13   99140  5399165  54.46
  2014          34     0.00032  0.00032  0.50   99134      32   99118  5300025  53.46
  2014          35     0.00049  0.00049  0.50   99102      49   99078  5200906  52.48
  2014          36     0.00047  0.00047  0.50   99054      47   99030  5101828  51.51
  2014          37     0.00039  0.00039  0.50   99007      39   98987  5002798  50.53
  2014          38     0.00036  0.00036  0.50   98968      35   98950  4903811  49.55
  2014          39     0.00043  0.00043  0.50   98933      43   98911  4804860  48.57
  2014          40     0.00049  0.00049  0.50   98890      49   98866  4705949  47.59
  2014          41     0.00047  0.00047  0.50   98841      47   98818  4607083  46.61
  2014          42     0.00052  0.00052  0.50   98795      51   98769  4508265  45.63
  2014          43     0.00063  0.00063  0.50   98744      63   98712  4409496  44.66
  2014          44     0.00078  0.00078  0.50   98681      76   98643  4310783  43.68
  2014          45     0.00085  0.00085  0.50   98605      83   98563  4212141  42.72
  2014          46     0.00078  0.00078  0.50   98521      77   98483  4113578  41.75
  2014          47     0.00069  0.00069  0.50   98444      68   98410  4015095  40.79
  2014          48     0.00070  0.00070  0.50   98377      69   98342  3916685  39.81
  2014          49     0.00093  0.00093  0.50   98308      91   98262  3818342  38.84
  2014          50     0.00130  0.00130  0.50   98217     128   98153  3720080  37.88
  2014          51     0.00172  0.00172  0.50   98089     168   98005  3621927  36.92
  2014          52     0.00211  0.00211  0.50   97921     207   97817  3523923  35.99
  2014          53     0.00240  0.00240  0.50   97714     235   97597  3426105  35.06
  2014          54     0.00248  0.00248  0.50   97479     242   97359  3328509  34.15
  2014          55     0.00250  0.00250  0.50   97238     243   97116  3231150  33.23
  2014          56     0.00262  0.00262  0.50   96995     254   96868  3134034  32.31
  2014          57     0.00274  0.00273  0.50   96741     264   96609  3037166  31.39
  2014          58     0.00272  0.00272  0.50   96476     262   96345  2940558  30.48
  2014          59     0.00268  0.00268  0.50   96214     258   96085  2844212  29.56
  2014          60     0.00268  0.00268  0.50   95956     257   95828  2748127  28.64
  2014          61     0.00278  0.00278  0.50   95700     266   95567  2652299  27.71
  2014          62     0.00310  0.00310  0.50   95434     296   95286  2556732  26.79
  2014          63     0.00371  0.00370  0.50   95138     352   94962  2461446  25.87
  2014          64     0.00439  0.00438  0.50   94786     415   94578  2366484  24.97
  2014          65     0.00491  0.00489  0.50   94371     462   94140  2271905  24.07
  2014          66     0.00520  0.00519  0.50   93909     487   93665  2177765  23.19
  2014          67     0.00559  0.00557  0.50   93422     520   93162  2084100  22.31
  2014          68     0.00632  0.00630  0.50   92901     585   92609  1990939  21.43
  2014          69     0.00722  0.00719  0.50   92316     664   91984  1898330  20.56
  2014          70     0.00796  0.00792  0.50   91652     726   91289  1806346  19.71
  2014          71     0.00828  0.00825  0.50   90926     750   90551  1715056  18.86
  2014          72     0.00870  0.00866  0.50   90176     781   89785  1624506  18.01
  2014          73     0.00975  0.00971  0.50   89395     868   88961  1534720  17.17
  2014          74     0.01145  0.01139  0.50   88527    1008   88023  1445759  16.33
  2014          75     0.01353  0.01344  0.50   87519    1177   86931  1357736  15.51
  2014          76     0.01542  0.01531  0.50   86343    1322   85682  1270805  14.72
  2014          77     0.01705  0.01690  0.50   85021    1437   84302  1185123  13.94
  2014          78     0.01864  0.01846  0.50   83584    1543   82812  1100821  13.17
  2014          79     0.02099  0.02077  0.50   82041    1704   81188  1018009  12.41
  2014          80     0.02476  0.02446  0.50   80336    1965   79354   936820  11.66
  2014          81     0.02937  0.02895  0.50   78371    2269   77237   857466  10.94
  2014          82     0.03418  0.03361  0.50   76103    2558   74824   780230  10.25
  2014          83     0.03942  0.03866  0.50   73545    2843   72124   705406   9.59
  2014          84     0.04531  0.04431  0.50   70702    3133   69136   633282   8.96
  2014          85     0.05202  0.05070  0.50   67569    3426   65856   564147   8.35
  2014          86     0.05968  0.05795  0.50   64143    3717   62285   498290   7.77
  2014          87     0.06840  0.06614  0.50   60426    3997   58428   436006   7.22
  2014          88     0.07830  0.07535  0.50   56429    4252   54303   377578   6.69
  2014          89     0.08950  0.08566  0.50   52177    4470   49943   323274   6.20
  2014          90     0.10211  0.09715  0.50   47708    4635   45390   273332   5.73
  2014          91     0.11628  0.10989  0.50   43073    4733   40706   227941   5.29
  2014          92     0.13212  0.12394  0.50   38340    4752   35964   187235   4.88
  2014          93     0.14976  0.13933  0.50   33588    4680   31248   151272   4.50
  2014          94     0.16929  0.15608  0.50   28908    4512   26652   120024   4.15
  2014          95     0.19080  0.17418  0.50   24396    4249   22271    93372   3.83
  2014          96     0.21433  0.19359  0.50   20147    3900   18197    71100   3.53
  2014          97     0.23991  0.21421  0.50   16247    3480   14506    52904   3.26
  2014          98     0.26749  0.23593  0.50   12766    3012   11260    38397   3.01
  2014          99     0.29700  0.25860  0.50    9754    2522    8493    27137   2.78
  2014         100     0.32831  0.28202  0.50    7232    2040    6212    18644   2.58
  2014         101     0.36122  0.30596  0.50    5192    1589    4398    12432   2.39
  2014         102     0.39548  0.33019  0.50    3604    1190    3009     8033   2.23
  2014         103     0.43081  0.35446  0.50    2414     856    1986     5025   2.08
  2014         104     0.46685  0.37850  0.50    1558     590    1263     3039   1.95
  2014         105     0.50323  0.40206  0.50     968     389     774     1775   1.83
  2014         106     0.53952  0.42490  0.50     579     246     456     1002   1.73
  2014         107     0.57532  0.44680  0.50     333     149     259      545   1.64
  2014         108     0.61034  0.46763  0.50     184      86     141      287   1.56
  2014         109     0.64444  0.48739  0.50      98      48      74      146   1.49
  2014         110+    0.70277  1.00000  1.42      50      50      72       72   1.42
  2015           0     0.00105  0.00105  0.23  100000     105   99919  8724537  87.25
  2015           1     0.00011  0.00011  0.50   99895      11   99890  8624618  86.34
  2015           2     0.00011  0.00011  0.50   99884      11   99879  8524728  85.35
  2015           3     0.00008  0.00008  0.50   99874       8   99870  8424849  84.36
  2015           4     0.00004  0.00004  0.50   99866       4   99864  8324980  83.36
  2015           5     0.00001  0.00001  0.50   99862       1   99862  8225116  82.36
  2015           6     0.00000  0.00000  0.50   99861       0   99861  8125254  81.37
  2015           7     0.00000  0.00000  0.50   99861       0   99861  8025393  80.37
  2015           8     0.00000  0.00000  0.50   99861       0   99861  7925532  79.37
  2015           9     0.00000  0.00000  0.50   99861       0   99861  7825670  78.37
  2015          10     0.00000  0.00000  0.50   99861       0   99861  7725809  77.37
  2015          11     0.00000  0.00000  0.50   99861       0   99861  7625948  76.37
  2015          12     0.00000  0.00000  0.50   99861       0   99861  7526087  75.37
  2015          13     0.00000  0.00000  0.50   99861       0   99861  7426225  74.37
  2015          14     0.00000  0.00000  0.50   99861       0   99861  7326364  73.37
  2015          15     0.00000  0.00000  0.50   99861       0   99861  7226503  72.37
  2015          16     0.00001  0.00001  0.50   99861       1   99861  7126642  71.37
  2015          17     0.00005  0.00005  0.50   99860       5   99858  7026781  70.37
  2015          18     0.00011  0.00011  0.50   99856      11   99850  6926923  69.37
  2015          19     0.00018  0.00018  0.50   99845      18   99836  6827073  68.38
  2015          20     0.00019  0.00019  0.50   99827      19   99817  6727237  67.39
  2015          21     0.00017  0.00017  0.50   99808      17   99799  6627420  66.40
  2015          22     0.00015  0.00015  0.50   99790      15   99783  6527621  65.41
  2015          23     0.00016  0.00016  0.50   99775      16   99767  6427838  64.42
  2015          24     0.00019  0.00019  0.50   99759      19   99749  6328071  63.43
  2015          25     0.00023  0.00023  0.50   99740      23   99728  6228322  62.45
  2015          26     0.00026  0.00026  0.50   99717      26   99704  6128593  61.46
  2015          27     0.00031  0.00031  0.50   99691      31   99676  6028889  60.48
  2015          28     0.00035  0.00035  0.50   99660      35   99643  5929214  59.49
  2015          29     0.00038  0.00038  0.50   99625      38   99606  5829571  58.51
  2015          30     0.00041  0.00041  0.50   99588      41   99567  5729964  57.54
  2015          31     0.00043  0.00043  0.50   99547      43   99525  5630397  56.56
  2015          32     0.00041  0.00041  0.50   99504      41   99483  5530872  55.58
  2015          33     0.00039  0.00039  0.50   99463      39   99443  5431389  54.61
  2015          34     0.00040  0.00040  0.50   99423      40   99403  5331946  53.63
  2015          35     0.00045  0.00045  0.50   99384      44   99361  5232542  52.65
  2015          36     0.00052  0.00052  0.50   99339      52   99313  5133181  51.67
  2015          37     0.00057  0.00057  0.50   99288      56   99260  5033868  50.70
  2015          38     0.00062  0.00062  0.50   99231      61   99201  4934608  49.73
  2015          39     0.00070  0.00070  0.50   99170      70   99135  4835407  48.76
  2015          40     0.00078  0.00078  0.50   99100      77   99062  4736272  47.79
  2015          41     0.00080  0.00080  0.50   99023      79   98984  4637210  46.83
  2015          42     0.00083  0.00083  0.50   98944      82   98903  4538227  45.87
  2015          43     0.00086  0.00086  0.50   98862      85   98819  4439323  44.90
  2015          44     0.00088  0.00088  0.50   98777      87   98733  4340504  43.94
  2015          45     0.00092  0.00092  0.50   98690      91   98645  4241771  42.98
  2015          46     0.00106  0.00106  0.50   98599     104   98547  4143126  42.02
  2015          47     0.00126  0.00126  0.50   98495     124   98433  4044579  41.06
  2015          48     0.00144  0.00143  0.50   98371     141   98300  3946147  40.12
  2015          49     0.00153  0.00152  0.50   98230     150   98155  3847846  39.17
  2015          50     0.00158  0.00158  0.50   98080     155   98003  3749692  38.23
  2015          51     0.00166  0.00166  0.50   97925     163   97844  3651689  37.29
  2015          52     0.00184  0.00184  0.50   97763     180   97673  3553845  36.35
  2015          53     0.00209  0.00209  0.50   97583     204   97481  3456173  35.42
  2015          54     0.00215  0.00215  0.50   97379     209   97275  3358691  34.49
  2015          55     0.00203  0.00203  0.50   97170     197   97072  3261417  33.56
  2015          56     0.00184  0.00184  0.50   96973     178   96884  3164345  32.63
  2015          57     0.00171  0.00171  0.50   96795     166   96712  3067460  31.69
  2015          58     0.00184  0.00184  0.50   96630     177   96541  2970748  30.74
  2015          59     0.00242  0.00242  0.50   96452     234   96335  2874207  29.80
  2015          60     0.00321  0.00320  0.50   96219     308   96065  2777871  28.87
  2015          61     0.00386  0.00385  0.50   95911     369   95726  2681807  27.96
  2015          62     0.00436  0.00435  0.50   95542     416   95334  2586080  27.07
  2015          63     0.00477  0.00476  0.50   95126     453   94899  2490747  26.18
  2015          64     0.00504  0.00503  0.50   94673     476   94435  2395847  25.31
  2015          65     0.00515  0.00514  0.50   94197     484   93955  2301412  24.43
  2015          66     0.00516  0.00515  0.50   93713     482   93472  2207457  23.56
  2015          67     0.00525  0.00524  0.50   93231     488   92987  2113985  22.67
  2015          68     0.00557  0.00556  0.50   92742     515   92485  2020999  21.79
  2015          69     0.00612  0.00610  0.50   92227     563   91946  1928514  20.91
  2015          70     0.00687  0.00685  0.50   91664     628   91351  1836568  20.04
  2015          71     0.00789  0.00786  0.50   91037     715   90679  1745217  19.17
  2015          72     0.00913  0.00909  0.50   90322     821   89911  1654538  18.32
  2015          73     0.01054  0.01048  0.50   89500     938   89031  1564627  17.48
  2015          74     0.01194  0.01187  0.50   88562    1051   88037  1475596  16.66
  2015          75     0.01323  0.01315  0.50   87511    1150   86936  1387560  15.86
  2015          76     0.01451  0.01441  0.50   86361    1244   85738  1300624  15.06
  2015          77     0.01585  0.01573  0.50   85116    1339   84447  1214885  14.27
  2015          78     0.01735  0.01721  0.50   83778    1441   83057  1130438  13.49
  2015          79     0.01937  0.01918  0.50   82336    1579   81547  1047381  12.72
  2015          80     0.02220  0.02195  0.50   80757    1773   79871   965835  11.96
  2015          81     0.02579  0.02546  0.50   78984    2011   77979   885964  11.22
  2015          82     0.03003  0.02959  0.50   76973    2277   75835   807985  10.50
  2015          83     0.03498  0.03438  0.50   74696    2568   73412   732150   9.80
  2015          84     0.04072  0.03991  0.50   72128    2879   70689   658738   9.13
  2015          85     0.04734  0.04624  0.50   69249    3202   67648   588049   8.49
  2015          86     0.05495  0.05348  0.50   66047    3532   64281   520401   7.88
  2015          87     0.06370  0.06174  0.50   62514    3859   60585   456121   7.30
  2015          88     0.07374  0.07111  0.50   58655    4171   56569   395536   6.74
  2015          89     0.08520  0.08172  0.50   54484    4453   52257   338967   6.22
  2015          90     0.09827  0.09367  0.50   50031    4686   47688   286709   5.73
  2015          91     0.11309  0.10704  0.50   45345    4854   42918   239021   5.27
  2015          92     0.12982  0.12191  0.50   40491    4936   38023   196103   4.84
  2015          93     0.14862  0.13834  0.50   35555    4919   33096   158080   4.45
  2015          94     0.16960  0.15634  0.50   30636    4790   28241   124984   4.08
  2015          95     0.19288  0.17591  0.50   25846    4547   23573    96743   3.74
  2015          96     0.21849  0.19698  0.50   21300    4196   19202    73170   3.44
  2015          97     0.24648  0.21943  0.50   17104    3753   15228    53968   3.16
  2015          98     0.27676  0.24311  0.50   13351    3246   11728    38740   2.90
  2015          99     0.30923  0.26782  0.50   10105    2706    8752    27012   2.67
  2015         100     0.34370  0.29329  0.50    7399    2170    6314    18260   2.47
  2015         101     0.37988  0.31924  0.50    5229    1669    4394    11946   2.28
  2015         102     0.41744  0.34536  0.50    3560    1229    2945     7552   2.12
  2015         103     0.45597  0.37132  0.50    2330     865    1898     4607   1.98
  2015         104     0.49499  0.39679  0.50    1465     581    1174     2710   1.85
  2015         105     0.53400  0.42147  0.50     884     372     697     1535   1.74
  2015         106     0.57251  0.44510  0.50     511     228     397      838   1.64
  2015         107     0.61008  0.46748  0.50     284     133     217      441   1.55
  2015         108     0.64655  0.48860  0.50     151      74     114      223   1.48
  2015         109     0.68196  0.50855  0.50      77      39      58      109   1.41
  2015         110+    0.73845  1.00000  1.35      38      38      51       51   1.35
  2016           0     0.00283  0.00283  0.20  100000     283   99775  8745193  87.45
  2016           1     0.00021  0.00021  0.50   99717      21   99707  8645419  86.70
  2016           2     0.00016  0.00016  0.50   99696      15   99689  8545712  85.72
  2016           3     0.00016  0.00016  0.50   99681      16   99673  8446023  84.73
  2016           4     0.00019  0.00019  0.50   99665      19   99655  8346350  83.74
  2016           5     0.00022  0.00022  0.50   99646      22   99635  8246695  82.76
  2016           6     0.00023  0.00023  0.50   99624      23   99612  8147060  81.78
  2016           7     0.00021  0.00021  0.50   99601      21   99590  8047448  80.80
  2016           8     0.00014  0.00014  0.50   99580      14   99573  7947858  79.81
  2016           9     0.00007  0.00007  0.50   99566       7   99563  7848285  78.82
  2016          10     0.00005  0.00005  0.50   99559       5   99557  7748722  77.83
  2016          11     0.00010  0.00010  0.50   99554      10   99549  7649165  76.83
  2016          12     0.00020  0.00020  0.50   99544      20   99534  7549616  75.84
  2016          13     0.00027  0.00027  0.50   99523      27   99510  7450083  74.86
  2016          14     0.00026  0.00026  0.50   99497      26   99484  7350573  73.88
  2016          15     0.00020  0.00020  0.50   99471      20   99461  7251089  72.90
  2016          16     0.00013  0.00013  0.50   99451      13   99444  7151628  71.91
  2016          17     0.00010  0.00010  0.50   99438      10   99433  7052184  70.92
  2016          18     0.00010  0.00010  0.50   99428      10   99423  6952751  69.93
  2016          19     0.00010  0.00010  0.50   99418      10   99413  6853328  68.93
  2016          20     0.00009  0.00009  0.50   99408       9   99403  6753916  67.94
  2016          21     0.00010  0.00010  0.50   99399      10   99394  6654512  66.95
  2016          22     0.00011  0.00011  0.50   99389      11   99384  6555118  65.95
  2016          23     0.00012  0.00012  0.50   99378      12   99372  6455735  64.96
  2016          24     0.00011  0.00011  0.50   99367      11   99361  6356362  63.97
  2016          25     0.00008  0.00008  0.50   99356       8   99352  6257001  62.98
  2016          26     0.00008  0.00008  0.50   99348       8   99344  6157649  61.98
  2016          27     0.00013  0.00013  0.50   99340      13   99333  6058305  60.99
  2016          28     0.00020  0.00020  0.50   99327      20   99317  5958972  59.99
  2016          29     0.00024  0.00024  0.50   99307      24   99295  5859655  59.01
  2016          30     0.00024  0.00024  0.50   99284      24   99272  5760359  58.02
  2016          31     0.00025  0.00025  0.50   99260      25   99248  5661088  57.03
  2016          32     0.00031  0.00031  0.50   99235      31   99220  5561840  56.05
  2016          33     0.00039  0.00039  0.50   99204      39   99185  5462620  55.06
  2016          34     0.00045  0.00045  0.50   99165      45   99143  5363436  54.09
  2016          35     0.00045  0.00045  0.50   99120      45   99098  5264293  53.11
  2016          36     0.00038  0.00038  0.50   99076      38   99057  5165195  52.13
  2016          37     0.00034  0.00034  0.50   99038      34   99021  5066138  51.15
  2016          38     0.00031  0.00031  0.50   99004      31   98989  4967117  50.17
  2016          39     0.00028  0.00028  0.50   98973      28   98960  4868128  49.19
  2016          40     0.00028  0.00028  0.50   98946      28   98932  4769169  48.20
  2016          41     0.00038  0.00038  0.50   98918      38   98899  4670237  47.21
  2016          42     0.00058  0.00058  0.50   98880      57   98851  4571338  46.23
  2016          43     0.00080  0.00080  0.50   98823      79   98783  4472487  45.26
  2016          44     0.00099  0.00099  0.50   98744      98   98695  4373704  44.29
  2016          45     0.00113  0.00113  0.50   98646     111   98590  4275009  43.34
  2016          46     0.00121  0.00121  0.50   98534     119   98475  4176419  42.39
  2016          47     0.00129  0.00129  0.50   98415     127   98352  4077944  41.44
  2016          48     0.00138  0.00138  0.50   98289     136   98221  3979592  40.49
  2016          49     0.00147  0.00147  0.50   98153     144   98081  3881371  39.54
  2016          50     0.00155  0.00155  0.50   98009     152   97933  3783290  38.60
  2016          51     0.00164  0.00164  0.50   97857     161   97777  3685357  37.66
  2016          52     0.00182  0.00181  0.50   97697     177   97608  3587580  36.72
  2016          53     0.00205  0.00205  0.50   97520     200   97420  3489972  35.79
  2016          54     0.00209  0.00209  0.50   97320     203   97218  3392552  34.86
  2016          55     0.00196  0.00196  0.50   97117     190   97021  3295334  33.93
  2016          56     0.00181  0.00181  0.50   96926     176   96838  3198312  33.00
  2016          57     0.00180  0.00180  0.50   96751     174   96663  3101474  32.06
  2016          58     0.00203  0.00203  0.50   96576     196   96478  3004811  31.11
  2016          59     0.00239  0.00239  0.50   96380     230   96265  2908332  30.18
  2016          60     0.00274  0.00274  0.50   96150     263   96019  2812067  29.25
  2016          61     0.00297  0.00297  0.50   95887     285   95745  2716048  28.33
  2016          62     0.00313  0.00313  0.50   95603     299   95453  2620303  27.41
  2016          63     0.00329  0.00328  0.50   95304     313   95147  2524849  26.49
  2016          64     0.00353  0.00352  0.50   94991     334   94824  2429702  25.58
  2016          65     0.00391  0.00391  0.50   94657     370   94472  2334878  24.67
  2016          66     0.00450  0.00449  0.50   94287     424   94075  2240406  23.76
  2016          67     0.00529  0.00528  0.50   93863     495   93615  2146332  22.87
  2016          68     0.00623  0.00621  0.50   93368     580   93078  2052716  21.99
  2016          69     0.00717  0.00715  0.50   92788     663   92456  1959639  21.12
  2016          70     0.00794  0.00791  0.50   92124     729   91760  1867183  20.27
  2016          71     0.00846  0.00843  0.50   91396     770   91010  1775423  19.43
  2016          72     0.00892  0.00888  0.50   90625     805   90223  1684412  18.59
  2016          73     0.00953  0.00949  0.50   89821     852   89395  1594189  17.75
  2016          74     0.01035  0.01030  0.50   88969     916   88511  1504794  16.91
  2016          75     0.01136  0.01129  0.50   88052     994   87555  1416284  16.08
  2016          76     0.01256  0.01248  0.50   87058    1086   86515  1328729  15.26
  2016          77     0.01417  0.01407  0.50   85972    1210   85367  1242213  14.45
  2016          78     0.01641  0.01628  0.50   84762    1380   84072  1156846  13.65
  2016          79     0.01921  0.01903  0.50   83382    1587   82589  1072774  12.87
  2016          80     0.02247  0.02222  0.50   81795    1818   80887   990185  12.11
  2016          81     0.02618  0.02584  0.50   79978    2067   78944   909299  11.37
  2016          82     0.03037  0.02992  0.50   77911    2331   76746   830354  10.66
  2016          83     0.03515  0.03454  0.50   75580    2611   74275   753609   9.97
  2016          84     0.04063  0.03983  0.50   72969    2906   71516   679334   9.31
  2016          85     0.04693  0.04585  0.50   70063    3213   68457   607818   8.68
  2016          86     0.05415  0.05272  0.50   66851    3524   65089   539361   8.07
  2016          87     0.06241  0.06052  0.50   63326    3832   61410   474272   7.49
  2016          88     0.07183  0.06934  0.50   59494    4126   57431   412862   6.94
  2016          89     0.08256  0.07929  0.50   55368    4390   53173   355431   6.42
  2016          90     0.09473  0.09045  0.50   50978    4611   48673   302257   5.93
  2016          91     0.10849  0.10290  0.50   46367    4771   43982   253585   5.47
  2016          92     0.12396  0.11672  0.50   41596    4855   39168   209603   5.04
  2016          93     0.14129  0.13197  0.50   36741    4849   34316   170435   4.64
  2016          94     0.16060  0.14866  0.50   31892    4741   29522   136118   4.27
  2016          95     0.18198  0.16681  0.50   27151    4529   24887   106597   3.93
  2016          96     0.20551  0.18636  0.50   22622    4216   20514    81710   3.61
  2016          97     0.23123  0.20726  0.50   18406    3815   16499    61196   3.32
  2016          98     0.25910  0.22938  0.50   14591    3347   12918    44698   3.06
  2016          99     0.28906  0.25256  0.50   11244    2840    9824    31780   2.83
  2016         100     0.32099  0.27660  0.50    8404    2325    7242    21956   2.61
  2016         101     0.35467  0.30125  0.50    6080    1832    5164    14714   2.42
  2016         102     0.38986  0.32626  0.50    4248    1386    3555     9550   2.25
  2016         103     0.42620  0.35133  0.50    2862    1006    2359     5994   2.09
  2016         104     0.46333  0.37618  0.50    1857     698    1507     3635   1.96
  2016         105     0.50082  0.40052  0.50    1158     464     926     2127   1.84
  2016         106     0.53821  0.42409  0.50     694     294     547     1201   1.73
  2016         107     0.57511  0.44667  0.50     400     179     311      654   1.64
  2016         108     0.61132  0.46821  0.50     221     104     169      344   1.55
  2016         109     0.64679  0.48873  0.50     118      58      89      174   1.48
  2016         110+    0.70640  1.00000  1.42      60      60      85       85   1.42
  2017           0     0.00176  0.00176  0.22  100000     176   99862  8774171  87.74
  2017           1     0.00028  0.00028  0.50   99824      28   99810  8674308  86.90
  2017           2     0.00008  0.00008  0.50   99796       8   99792  8574498  85.92
  2017           3     0.00003  0.00003  0.50   99788       3   99786  8474706  84.93
  2017           4     0.00007  0.00007  0.50   99785       6   99781  8374920  83.93
  2017           5     0.00010  0.00010  0.50   99778      10   99773  8275139  82.94
  2017           6     0.00011  0.00011  0.50   99769      11   99763  8175365  81.94
  2017           7     0.00013  0.00013  0.50   99758      13   99751  8075602  80.95
  2017           8     0.00018  0.00018  0.50   99745      18   99736  7975851  79.96
  2017           9     0.00022  0.00022  0.50   99727      22   99716  7876115  78.98
  2017          10     0.00019  0.00019  0.50   99706      19   99696  7776398  77.99
  2017          11     0.00013  0.00013  0.50   99686      13   99680  7676702  77.01
  2017          12     0.00006  0.00006  0.50   99673       6   99671  7577022  76.02
  2017          13     0.00001  0.00001  0.50   99668       1   99667  7477352  75.02
  2017          14     0.00001  0.00001  0.50   99667       1   99666  7377685  74.02
  2017          15     0.00005  0.00005  0.50   99666       5   99664  7278018  73.02
  2017          16     0.00011  0.00011  0.50   99661      11   99655  7178355  72.03
  2017          17     0.00016  0.00016  0.50   99650      16   99642  7078699  71.04
  2017          18     0.00017  0.00017  0.50   99634      17   99625  6979058  70.05
  2017          19     0.00015  0.00015  0.50   99617      15   99609  6879432  69.06
  2017          20     0.00013  0.00013  0.50   99602      13   99595  6779823  68.07
  2017          21     0.00017  0.00017  0.50   99589      17   99581  6680227  67.08
  2017          22     0.00030  0.00030  0.50   99572      30   99557  6580647  66.09
  2017          23     0.00040  0.00040  0.50   99542      40   99522  6481089  65.11
  2017          24     0.00033  0.00033  0.50   99502      33   99486  6381567  64.13
  2017          25     0.00023  0.00023  0.50   99469      23   99458  6282082  63.16
  2017          26     0.00019  0.00019  0.50   99446      19   99437  6182624  62.17
  2017          27     0.00028  0.00028  0.50   99427      28   99413  6083187  61.18
  2017          28     0.00034  0.00034  0.50   99399      34   99382  5983774  60.20
  2017          29     0.00026  0.00026  0.50   99365      26   99352  5884392  59.22
  2017          30     0.00022  0.00022  0.50   99340      21   99329  5785039  58.23
  2017          31     0.00023  0.00023  0.50   99318      22   99307  5685710  57.25
  2017          32     0.00024  0.00024  0.50   99296      24   99284  5586403  56.26
  2017          33     0.00026  0.00026  0.50   99272      26   99259  5487120  55.27
  2017          34     0.00030  0.00030  0.50   99246      30   99231  5387861  54.29
  2017          35     0.00034  0.00034  0.50   99216      34   99199  5288630  53.30
  2017          36     0.00039  0.00039  0.50   99182      39   99163  5189431  52.32
  2017          37     0.00048  0.00048  0.50   99143      47   99119  5090268  51.34
  2017          38     0.00056  0.00056  0.50   99096      56   99068  4991149  50.37
  2017          39     0.00060  0.00060  0.50   99040      59   99010  4892081  49.40
  2017          40     0.00057  0.00057  0.50   98980      56   98953  4793071  48.42
  2017          41     0.00049  0.00049  0.50   98925      48   98900  4694118  47.45
  2017          42     0.00052  0.00052  0.50   98876      52   98850  4595218  46.47
  2017          43     0.00061  0.00061  0.50   98825      60   98795  4496368  45.50
  2017          44     0.00067  0.00067  0.50   98765      66   98732  4397573  44.53
  2017          45     0.00079  0.00079  0.50   98699      78   98660  4298841  43.56
  2017          46     0.00104  0.00104  0.50   98621     102   98570  4200182  42.59
  2017          47     0.00129  0.00129  0.50   98519     127   98455  4101612  41.63
  2017          48     0.00139  0.00139  0.50   98391     137   98323  4003157  40.69
  2017          49     0.00126  0.00126  0.50   98254     124   98192  3904835  39.74
  2017          50     0.00114  0.00114  0.50   98130     112   98074  3806643  38.79
  2017          51     0.00128  0.00128  0.50   98018     125   97956  3708568  37.84
  2017          52     0.00148  0.00148  0.50   97893     145   97820  3610613  36.88
  2017          53     0.00152  0.00152  0.50   97748     149   97673  3512792  35.94
  2017          54     0.00143  0.00143  0.50   97599     140   97529  3415119  34.99
  2017          55     0.00138  0.00138  0.50   97459     135   97392  3317590  34.04
  2017          56     0.00154  0.00154  0.50   97325     150   97250  3220198  33.09
  2017          57     0.00194  0.00194  0.50   97175     189   97081  3122948  32.14
  2017          58     0.00251  0.00251  0.50   96986     244   96864  3025867  31.20
  2017          59     0.00288  0.00288  0.50   96743     278   96604  2929003  30.28
  2017          60     0.00307  0.00306  0.50   96465     295   96317  2832399  29.36
  2017          61     0.00321  0.00321  0.50   96169     308   96015  2736082  28.45
  2017          62     0.00341  0.00341  0.50   95861     326   95698  2640068  27.54
  2017          63     0.00370  0.00369  0.50   95534     353   95358  2544370  26.63
  2017          64     0.00394  0.00394  0.50   95182     375   94994  2449012  25.73
  2017          65     0.00408  0.00408  0.50   94807     386   94614  2354018  24.83
  2017          66     0.00440  0.00439  0.50   94421     414   94213  2259404  23.93
  2017          67     0.00495  0.00494  0.50   94006     464   93774  2165191  23.03
  2017          68     0.00567  0.00565  0.50   93542     529   93278  2071417  22.14
  2017          69     0.00635  0.00633  0.50   93013     589   92719  1978139  21.27
  2017          70     0.00681  0.00678  0.50   92424     627   92111  1885420  20.40
  2017          71     0.00708  0.00706  0.50   91797     648   91473  1793309  19.54
  2017          72     0.00746  0.00743  0.50   91150     678   90811  1701836  18.67
  2017          73     0.00818  0.00815  0.50   90472     737   90103  1611025  17.81
  2017          74     0.00913  0.00909  0.50   89735     815   89327  1520922  16.95
  2017          75     0.01037  0.01032  0.50   88919     917   88461  1431595  16.10
  2017          76     0.01263  0.01256  0.50   88002    1105   87449  1343134  15.26
  2017          77     0.01514  0.01503  0.50   86897    1306   86244  1255685  14.45
  2017          78     0.01701  0.01687  0.50   85591    1444   84869  1169441  13.66
  2017          79     0.01873  0.01855  0.50   84148    1561   83367  1084571  12.89
  2017          80     0.02102  0.02080  0.50   82586    1718   81727  1001204  12.12
  2017          81     0.02418  0.02389  0.50   80868    1932   79903   919477  11.37
  2017          82     0.02829  0.02790  0.50   78937    2202   77836   839574  10.64
  2017          83     0.03314  0.03260  0.50   76734    2501   75484   761739   9.93
  2017          84     0.03874  0.03800  0.50   74233    2821   72822   686255   9.24
  2017          85     0.04522  0.04422  0.50   71412    3158   69833   613433   8.59
  2017          86     0.05270  0.05135  0.50   68254    3505   66502   543600   7.96
  2017          87     0.06135  0.05953  0.50   64749    3854   62822   477098   7.37
  2017          88     0.07132  0.06886  0.50   60895    4193   58798   414276   6.80
  2017          89     0.08275  0.07947  0.50   56702    4506   54449   355477   6.27
  2017          90     0.09584  0.09146  0.50   52196    4774   49809   301028   5.77
  2017          91     0.11074  0.10493  0.50   47422    4976   44934   251219   5.30
  2017          92     0.12764  0.11998  0.50   42446    5093   39900   206285   4.86
  2017          93     0.14668  0.13666  0.50   37353    5105   34801   166386   4.45
  2017          94     0.16802  0.15500  0.50   32249    4999   29749   131585   4.08
  2017          95     0.19177  0.17499  0.50   27250    4769   24866   101835   3.74
  2017          96     0.21799  0.19657  0.50   22481    4419   20272    76970   3.42
  2017          97     0.24671  0.21962  0.50   18062    3967   16079    56698   3.14
  2017          98     0.27785  0.24396  0.50   14095    3439   12376    40619   2.88
  2017          99     0.31131  0.26938  0.50   10657    2871    9221    28243   2.65
  2017         100     0.34686  0.29559  0.50    7786    2301    6635    19021   2.44
  2017         101     0.38419  0.32228  0.50    5485    1768    4601    12386   2.26
  2017         102     0.42294  0.34911  0.50    3717    1298    3068     7785   2.09
  2017         103     0.46266  0.37574  0.50    2419     909    1965     4717   1.95
  2017         104     0.50287  0.40183  0.50    1510     607    1207     2752   1.82
  2017         105     0.54304  0.42708  0.50     903     386     710     1545   1.71
  2017         106     0.58263  0.45119  0.50     518     234     401      835   1.61
  2017         107     0.62111  0.47393  0.50     284     135     217      434   1.53
  2017         108     0.65804  0.49513  0.50     149      74     112      217   1.45
  2017         109     0.69324  0.51480  0.50      75      39      56      105   1.39
  2017         110+    0.74946  1.00000  1.33      37      37      49       49   1.33
  2018           0     0.00108  0.00108  0.23  100000     108   99916  8757970  87.58
  2018           1     0.00028  0.00028  0.50   99892      28   99878  8658054  86.67
  2018           2     0.00020  0.00020  0.50   99864      20   99854  8558176  85.70
  2018           3     0.00013  0.00013  0.50   99844      13   99837  8458322  84.72
  2018           4     0.00008  0.00008  0.50   99831       8   99827  8358484  83.73
  2018           5     0.00003  0.00003  0.50   99823       3   99822  8258658  82.73
  2018           6     0.00000  0.00000  0.50   99821       0   99821  8158836  81.74
  2018           7     0.00000  0.00000  0.50   99821       0   99821  8059015  80.74
  2018           8     0.00000  0.00000  0.50   99821       0   99820  7959195  79.74
  2018           9     0.00003  0.00003  0.50   99820       3   99819  7859374  78.74
  2018          10     0.00007  0.00007  0.50   99817       7   99814  7759555  77.74
  2018          11     0.00009  0.00009  0.50   99810       9   99806  7659741  76.74
  2018          12     0.00007  0.00007  0.50   99801       7   99798  7559936  75.75
  2018          13     0.00003  0.00003  0.50   99795       3   99793  7460138  74.75
  2018          14     0.00000  0.00000  0.50   99791       0   99791  7360345  73.76
  2018          15     0.00000  0.00000  0.50   99791       0   99791  7260553  72.76
  2018          16     0.00000  0.00000  0.50   99791       0   99791  7160762  71.76
  2018          17     0.00002  0.00002  0.50   99791       2   99790  7060970  70.76
  2018          18     0.00009  0.00009  0.50   99789       9   99784  6961180  69.76
  2018          19     0.00019  0.00019  0.50   99780      19   99770  6861396  68.77
  2018          20     0.00028  0.00028  0.50   99761      28   99747  6761626  67.78
  2018          21     0.00034  0.00034  0.50   99733      34   99716  6661879  66.80
  2018          22     0.00040  0.00039  0.50   99699      39   99679  6562163  65.82
  2018          23     0.00044  0.00044  0.50   99659      44   99637  6462484  64.85
  2018          24     0.00045  0.00045  0.50   99616      45   99593  6362847  63.87
  2018          25     0.00036  0.00036  0.50   99570      36   99552  6263254  62.90
  2018          26     0.00023  0.00023  0.50   99535      23   99523  6163701  61.93
  2018          27     0.00019  0.00019  0.50   99511      19   99502  6064178  60.94
  2018          28     0.00026  0.00026  0.50   99493      26   99480  5964676  59.95
  2018          29     0.00042  0.00042  0.50   99467      42   99446  5865197  58.97
  2018          30     0.00052  0.00052  0.50   99425      51   99399  5765751  57.99
  2018          31     0.00052  0.00052  0.50   99374      51   99348  5666351  57.02
  2018          32     0.00043  0.00043  0.50   99322      42   99301  5567004  56.05
  2018          33     0.00033  0.00033  0.50   99280      32   99264  5467702  55.07
  2018          34     0.00028  0.00028  0.50   99247      28   99233  5368439  54.09
  2018          35     0.00032  0.00032  0.50   99219      32   99203  5269206  53.11
  2018          36     0.00042  0.00042  0.50   99187      42   99166  5170002  52.12
  2018          37     0.00049  0.00049  0.50   99145      48   99121  5070836  51.15
  2018          38     0.00049  0.00049  0.50   99097      49   99073  4971715  50.17
  2018          39     0.00045  0.00045  0.50   99048      45   99026  4872642  49.19
  2018          40     0.00038  0.00038  0.50   99004      38   98985  4773616  48.22
  2018          41     0.00033  0.00033  0.50   98966      33   98949  4674631  47.23
  2018          42     0.00035  0.00035  0.50   98933      35   98916  4575682  46.25
  2018          43     0.00046  0.00046  0.50   98898      45   98875  4476766  45.27
  2018          44     0.00063  0.00063  0.50   98853      63   98821  4377891  44.29
  2018          45     0.00081  0.00081  0.50   98790      80   98750  4279070  43.31
  2018          46     0.00094  0.00094  0.50   98710      93   98664  4180320  42.35
  2018          47     0.00104  0.00104  0.50   98617     102   98566  4081656  41.39
  2018          48     0.00114  0.00114  0.50   98515     112   98459  3983090  40.43
  2018          49     0.00126  0.00126  0.50   98403     124   98341  3884632  39.48
  2018          50     0.00143  0.00143  0.50   98279     140   98208  3786291  38.53
  2018          51     0.00166  0.00166  0.50   98138     163   98057  3688083  37.58
  2018          52     0.00191  0.00191  0.50   97975     187   97882  3590026  36.64
  2018          53     0.00214  0.00214  0.50   97788     209   97684  3492144  35.71
  2018          54     0.00232  0.00232  0.50   97579     226   97466  3394460  34.79
  2018          55     0.00248  0.00247  0.50   97353     241   97233  3296994  33.87
  2018          56     0.00263  0.00263  0.50   97112     255   96985  3199761  32.95
  2018          57     0.00286  0.00285  0.50   96857     276   96719  3102777  32.03
  2018          58     0.00315  0.00315  0.50   96581     304   96429  3006058  31.12
  2018          59     0.00331  0.00331  0.50   96277     319   96118  2909629  30.22
  2018          60     0.00334  0.00334  0.50   95958     320   95798  2813511  29.32
  2018          61     0.00332  0.00331  0.50   95638     317   95480  2717713  28.42
  2018          62     0.00334  0.00333  0.50   95321     317   95163  2622233  27.51
  2018          63     0.00348  0.00347  0.50   95004     330   94839  2527071  26.60
  2018          64     0.00373  0.00372  0.50   94674     352   94498  2432232  25.69
  2018          65     0.00406  0.00406  0.50   94321     383   94130  2337734  24.78
  2018          66     0.00450  0.00449  0.50   93939     422   93728  2243604  23.88
  2018          67     0.00500  0.00499  0.50   93517     467   93283  2149876  22.99
  2018          68     0.00551  0.00549  0.50   93050     511   92795  2056593  22.10
  2018          69     0.00605  0.00603  0.50   92539     558   92260  1963799  21.22
  2018          70     0.00665  0.00663  0.50   91981     610   91676  1871539  20.35
  2018          71     0.00728  0.00726  0.50   91371     663   91040  1779862  19.48
  2018          72     0.00786  0.00783  0.50   90708     710   90353  1688823  18.62
  2018          73     0.00841  0.00837  0.50   89998     754   89621  1598470  17.76
  2018          74     0.00939  0.00934  0.50   89244     834   88827  1508849  16.91
  2018          75     0.01105  0.01099  0.50   88410     972   87924  1420022  16.06
  2018          76     0.01270  0.01262  0.50   87438    1104   86887  1332098  15.23
  2018          77     0.01439  0.01429  0.50   86335    1234   85718  1245211  14.42
  2018          78     0.01641  0.01627  0.50   85101    1385   84408  1159494  13.62
  2018          79     0.01885  0.01868  0.50   83716    1563   82934  1075085  12.84
  2018          80     0.02178  0.02155  0.50   82153    1770   81267   992151  12.08
  2018          81     0.02525  0.02494  0.50   80382    2005   79380   910884  11.33
  2018          82     0.02931  0.02889  0.50   78378    2264   77245   831504  10.61
  2018          83     0.03409  0.03352  0.50   76113    2551   74838   754258   9.91
  2018          84     0.03967  0.03890  0.50   73562    2862   72131   679421   9.24
  2018          85     0.04613  0.04509  0.50   70700    3188   69106   607289   8.59
  2018          86     0.05358  0.05219  0.50   67512    3523   65751   538183   7.97
  2018          87     0.06216  0.06029  0.50   63989    3858   62060   472432   7.38
  2018          88     0.07200  0.06950  0.50   60132    4179   58042   410372   6.82
  2018          89     0.08326  0.07993  0.50   55952    4472   53716   352330   6.30
  2018          90     0.09610  0.09169  0.50   51480    4720   49120   298614   5.80
  2018          91     0.11068  0.10487  0.50   46760    4904   44308   249494   5.34
  2018          92     0.12715  0.11955  0.50   41856    5004   39354   205186   4.90
  2018          93     0.14568  0.13579  0.50   36852    5004   34350   165832   4.50
  2018          94     0.16639  0.15361  0.50   31848    4892   29402   131482   4.13
  2018          95     0.18940  0.17301  0.50   26955    4664   24624   102081   3.79
  2018          96     0.21476  0.19393  0.50   22292    4323   20130    77457   3.47
  2018          97     0.24250  0.21627  0.50   17969    3886   16026    57327   3.19
  2018          98     0.27256  0.23987  0.50   14083    3378   12394    41301   2.93
  2018          99     0.30485  0.26453  0.50   10705    2832    9289    28908   2.70
  2018         100     0.33918  0.29000  0.50    7873    2283    6731    19619   2.49
  2018         101     0.37528  0.31599  0.50    5590    1766    4707    12888   2.31
  2018         102     0.41282  0.34219  0.50    3823    1308    3169     8181   2.14
  2018         103     0.45140  0.36828  0.50    2515     926    2052     5012   1.99
  2018         104     0.49054  0.39392  0.50    1589     626    1276     2960   1.86
  2018         105     0.52975  0.41882  0.50     963     403     761     1684   1.75
  2018         106     0.56850  0.44267  0.50     560     248     436      923   1.65
  2018         107     0.60634  0.46528  0.50     312     145     239      487   1.56
  2018         108     0.64303  0.48659  0.50     167      81     126      248   1.48
  2018         109     0.67857  0.50666  0.50      86      43      64      121   1.42
  2018         110+    0.73572  1.00000  1.36      42      42      57       57   1.36
  2019           0     0.00229  0.00229  0.21  100000     229   99819  8764657  87.65
  2019           1     0.00028  0.00028  0.50   99771      28   99757  8664838  86.85
  2019           2     0.00020  0.00020  0.50   99744      20   99734  8565081  85.87
  2019           3     0.00014  0.00014  0.50   99724      14   99716  8465347  84.89
  2019           4     0.00011  0.00011  0.50   99709      11   99704  8365631  83.90
  2019           5     0.00011  0.00011  0.50   99698      11   99692  8265927  82.91
  2019           6     0.00010  0.00010  0.50   99687      10   99682  8166235  81.92
  2019           7     0.00007  0.00007  0.50   99677       7   99673  8066553  80.93
  2019           8     0.00003  0.00003  0.50   99670       3   99668  7966880  79.93
  2019           9     0.00000  0.00000  0.50   99667       0   99666  7867212  78.94
  2019          10     0.00000  0.00000  0.50   99666       0   99666  7767545  77.94
  2019          11     0.00000  0.00000  0.50   99666       0   99666  7667879  76.94
  2019          12     0.00000  0.00000  0.50   99666       0   99666  7568213  75.94
  2019          13     0.00000  0.00000  0.50   99666       0   99666  7468547  74.94
  2019          14     0.00003  0.00003  0.50   99666       3   99665  7368881  73.94
  2019          15     0.00013  0.00013  0.50   99663      13   99657  7269217  72.94
  2019          16     0.00025  0.00025  0.50   99650      24   99638  7169560  71.95
  2019          17     0.00034  0.00034  0.50   99626      34   99609  7069922  70.96
  2019          18     0.00038  0.00038  0.50   99592      38   99573  6970313  69.99
  2019          19     0.00034  0.00034  0.50   99555      34   99537  6870740  69.01
  2019          20     0.00024  0.00024  0.50   99520      24   99509  6771202  68.04
  2019          21     0.00013  0.00013  0.50   99497      13   99490  6671694  67.05
  2019          22     0.00009  0.00009  0.50   99484       9   99479  6572203  66.06
  2019          23     0.00013  0.00013  0.50   99475      13   99469  6472724  65.07
  2019          24     0.00019  0.00019  0.50   99462      19   99453  6373255  64.08
  2019          25     0.00022  0.00022  0.50   99443      22   99432  6273802  63.09
  2019          26     0.00025  0.00025  0.50   99422      25   99409  6174370  62.10
  2019          27     0.00034  0.00034  0.50   99397      34   99380  6074961  61.12
  2019          28     0.00043  0.00043  0.50   99363      43   99342  5975581  60.14
  2019          29     0.00043  0.00043  0.50   99321      43   99299  5876239  59.16
  2019          30     0.00031  0.00031  0.50   99278      30   99263  5776939  58.19
  2019          31     0.00017  0.00017  0.50   99247      17   99239  5677677  57.21
  2019          32     0.00012  0.00012  0.50   99231      12   99225  5578438  56.22
  2019          33     0.00017  0.00017  0.50   99218      17   99210  5479213  55.22
  2019          34     0.00027  0.00027  0.50   99201      27   99188  5380003  54.23
  2019          35     0.00036  0.00036  0.50   99175      35   99157  5280815  53.25
  2019          36     0.00038  0.00038  0.50   99139      38   99120  5181658  52.27
  2019          37     0.00035  0.00035  0.50   99101      35   99084  5082538  51.29
  2019          38     0.00033  0.00033  0.50   99066      33   99050  4983454  50.30
  2019          39     0.00039  0.00039  0.50   99033      39   99014  4884405  49.32
  2019          40     0.00052  0.00052  0.50   98994      52   98969  4785391  48.34
  2019          41     0.00069  0.00069  0.50   98943      68   98909  4686422  47.36
  2019          42     0.00083  0.00083  0.50   98875      82   98833  4587514  46.40
  2019          43     0.00096  0.00096  0.50   98792      95   98745  4488680  45.44
  2019          44     0.00109  0.00109  0.50   98697     107   98644  4389936  44.48
  2019          45     0.00120  0.00120  0.50   98590     118   98531  4291292  43.53
  2019          46     0.00126  0.00126  0.50   98472     124   98410  4192761  42.58
  2019          47     0.00126  0.00126  0.50   98347     124   98285  4094352  41.63
  2019          48     0.00120  0.00120  0.50   98223     118   98164  3996066  40.68
  2019          49     0.00112  0.00112  0.50   98105     110   98050  3897902  39.73
  2019          50     0.00107  0.00107  0.50   97995     105   97943  3799852  38.78
  2019          51     0.00110  0.00110  0.50   97890     108   97836  3701909  37.82
  2019          52     0.00121  0.00120  0.50   97782     118   97723  3604073  36.86
  2019          53     0.00140  0.00139  0.50   97665     136   97596  3506349  35.90
  2019          54     0.00179  0.00179  0.50   97528     174   97441  3408753  34.95
  2019          55     0.00222  0.00222  0.50   97354     216   97246  3311312  34.01
  2019          56     0.00249  0.00249  0.50   97138     242   97017  3214066  33.09
  2019          57     0.00263  0.00263  0.50   96896     254   96769  3117049  32.17
  2019          58     0.00269  0.00269  0.50   96642     260   96512  3020280  31.25
  2019          59     0.00268  0.00267  0.50   96382     258   96253  2923768  30.34
  2019          60     0.00279  0.00278  0.50   96124     268   95990  2827516  29.42
  2019          61     0.00319  0.00319  0.50   95857     306   95704  2731525  28.50
  2019          62     0.00366  0.00365  0.50   95551     349   95377  2635821  27.59
  2019          63     0.00392  0.00391  0.50   95202     373   95016  2540445  26.68
  2019          64     0.00402  0.00401  0.50   94830     380   94640  2445429  25.79
  2019          65     0.00402  0.00401  0.50   94450     379   94260  2350789  24.89
  2019          66     0.00393  0.00392  0.50   94071     369   93886  2256529  23.99
  2019          67     0.00398  0.00398  0.50   93702     372   93515  2162643  23.08
  2019          68     0.00441  0.00440  0.50   93329     411   93124  2069127  22.17
  2019          69     0.00519  0.00518  0.50   92919     481   92678  1976003  21.27
  2019          70     0.00624  0.00622  0.50   92437     575   92150  1883325  20.37
  2019          71     0.00738  0.00735  0.50   91863     675   91525  1791175  19.50
  2019          72     0.00853  0.00849  0.50   91187     774   90800  1699651  18.64
  2019          73     0.00965  0.00961  0.50   90413     869   89978  1608851  17.79
  2019          74     0.01090  0.01084  0.50   89544     971   89059  1518872  16.96
  2019          75     0.01233  0.01225  0.50   88573    1085   88031  1429814  16.14
  2019          76     0.01360  0.01351  0.50   87488    1182   86897  1341783  15.34
  2019          77     0.01483  0.01472  0.50   86306    1271   85671  1254886  14.54
  2019          78     0.01625  0.01612  0.50   85035    1371   84350  1169215  13.75
  2019          79     0.01817  0.01800  0.50   83664    1506   82911  1084865  12.97
  2019          80     0.02081  0.02059  0.50   82158    1692   81312  1001954  12.20
  2019          81     0.02417  0.02388  0.50   80466    1922   79505   920642  11.44
  2019          82     0.02820  0.02781  0.50   78545    2184   77453   841136  10.71
  2019          83     0.03294  0.03240  0.50   76361    2474   75123   763684  10.00
  2019          84     0.03844  0.03772  0.50   73886    2787   72493   688560   9.32
  2019          85     0.04481  0.04383  0.50   71099    3116   69541   616068   8.66
  2019          86     0.05216  0.05083  0.50   67983    3456   66255   546526   8.04
  2019          87     0.06064  0.05885  0.50   64527    3798   62629   480271   7.44
  2019          88     0.07038  0.06799  0.50   60730    4129   58665   417642   6.88
  2019          89     0.08156  0.07837  0.50   56601    4436   54383   358977   6.34
  2019          90     0.09434  0.09009  0.50   52165    4700   49815   304593   5.84
  2019          91     0.10888  0.10326  0.50   47466    4901   45015   254778   5.37
  2019          92     0.12535  0.11796  0.50   42564    5021   40054   209763   4.93
  2019          93     0.14392  0.13426  0.50   37543    5040   35023   169709   4.52
  2019          94     0.16471  0.15218  0.50   32503    4946   30030   134686   4.14
  2019          95     0.18784  0.17172  0.50   27557    4732   25191   104656   3.80
  2019          96     0.21339  0.19282  0.50   22825    4401   20624    79465   3.48
  2019          97     0.24139  0.21539  0.50   18424    3968   16440    58841   3.19
  2019          98     0.27177  0.23926  0.50   14455    3459   12726    42401   2.93
  2019          99     0.30444  0.26422  0.50   10997    2906    9544    29675   2.70
  2019         100     0.33920  0.29002  0.50    8091    2347    6918    20131   2.49
  2019         101     0.37578  0.31635  0.50    5745    1817    4836    13213   2.30
  2019         102     0.41384  0.34289  0.50    3927    1347    3254     8377   2.13
  2019         103     0.45295  0.36931  0.50    2581     953    2104     5123   1.99
  2019         104     0.49262  0.39526  0.50    1628     643    1306     3019   1.85
  2019         105     0.53235  0.42044  0.50     984     414     777     1713   1.74
  2019         106     0.57157  0.44453  0.50     570     254     444      936   1.64
  2019         107     0.60981  0.46732  0.50     317     148     243      492   1.55
  2019         108     0.64683  0.48876  0.50     169      82     128      249   1.48
  2019         109     0.68259  0.50890  0.50      86      44      64      122   1.41
  2019         110+    0.73984  1.00000  1.35      42      42      57       57   1.35
  2020           0     0.00080  0.00080  0.23  100000      80   99938  8824271  88.24
  2020           1     0.00000  0.00000  0.50   99920       0   99920  8724333  87.31
  2020           2     0.00000  0.00000  0.50   99920       0   99920  8624414  86.31
  2020           3     0.00000  0.00000  0.50   99920       0   99920  8524494  85.31
  2020           4     0.00001  0.00001  0.50   99920       1   99919  8424574  84.31
  2020           5     0.00004  0.00004  0.50   99919       4   99917  8324655  83.31
  2020           6     0.00008  0.00008  0.50   99915       8   99912  8224738  82.32
  2020           7     0.00010  0.00010  0.50   99908      10   99903  8124826  81.32
  2020           8     0.00008  0.00008  0.50   99897       8   99894  8024923  80.33
  2020           9     0.00003  0.00003  0.50   99890       3   99888  7925030  79.34
  2020          10     0.00001  0.00001  0.50   99886       1   99886  7825142  78.34
  2020          11     0.00003  0.00003  0.50   99885       3   99884  7725256  77.34
  2020          12     0.00006  0.00006  0.50   99882       6   99879  7625372  76.34
  2020          13     0.00007  0.00007  0.50   99876       7   99873  7525493  75.35
  2020          14     0.00007  0.00007  0.50   99869       7   99866  7425620  74.35
  2020          15     0.00008  0.00008  0.50   99863       8   99859  7325754  73.36
  2020          16     0.00012  0.00012  0.50   99855      12   99849  7225895  72.36
  2020          17     0.00022  0.00022  0.50   99843      22   99832  7126047  71.37
  2020          18     0.00028  0.00028  0.50   99821      28   99807  7026215  70.39
  2020          19     0.00025  0.00025  0.50   99793      25   99780  6926408  69.41
  2020          20     0.00022  0.00022  0.50   99767      22   99756  6826628  68.43
  2020          21     0.00020  0.00020  0.50   99745      20   99735  6726872  67.44
  2020          22     0.00019  0.00019  0.50   99726      19   99716  6627136  66.45
  2020          23     0.00019  0.00019  0.50   99707      19   99698  6527420  65.47
  2020          24     0.00020  0.00020  0.50   99688      20   99678  6427723  64.48
  2020          25     0.00021  0.00021  0.50   99668      20   99658  6328045  63.49
  2020          26     0.00022  0.00022  0.50   99647      22   99636  6228387  62.50
  2020          27     0.00029  0.00029  0.50   99625      29   99611  6128751  61.52
  2020          28     0.00037  0.00037  0.50   99597      36   99578  6029140  60.54
  2020          29     0.00044  0.00044  0.50   99560      43   99538  5929562  59.56
  2020          30     0.00054  0.00054  0.50   99517      54   99490  5830023  58.58
  2020          31     0.00062  0.00062  0.50   99463      61   99432  5730533  57.61
  2020          32     0.00058  0.00058  0.50   99402      58   99373  5631101  56.65
  2020          33     0.00050  0.00050  0.50   99344      49   99319  5531728  55.68
  2020          34     0.00044  0.00044  0.50   99294      44   99272  5432409  54.71
  2020          35     0.00043  0.00043  0.50   99251      43   99229  5333137  53.73
  2020          36     0.00045  0.00045  0.50   99208      44   99186  5233907  52.76
  2020          37     0.00040  0.00040  0.50   99164      40   99144  5134722  51.78
  2020          38     0.00037  0.00037  0.50   99124      37   99106  5035578  50.80
  2020          39     0.00044  0.00044  0.50   99087      43   99066  4936472  49.82
  2020          40     0.00055  0.00055  0.50   99044      55   99017  4837407  48.84
  2020          41     0.00063  0.00063  0.50   98989      62   98958  4738390  47.87
  2020          42     0.00068  0.00068  0.50   98927      67   98893  4639432  46.90
  2020          43     0.00071  0.00071  0.50   98860      71   98825  4540539  45.93
  2020          44     0.00077  0.00077  0.50   98789      76   98751  4441714  44.96
  2020          45     0.00085  0.00085  0.50   98713      84   98671  4342962  44.00
  2020          46     0.00092  0.00092  0.50   98629      91   98584  4244291  43.03
  2020          47     0.00090  0.00090  0.50   98538      89   98494  4145707  42.07
  2020          48     0.00089  0.00089  0.50   98450      88   98406  4047213  41.11
  2020          49     0.00100  0.00100  0.50   98362      98   98313  3948807  40.15
  2020          50     0.00113  0.00113  0.50   98264     111   98208  3850494  39.19
  2020          51     0.00120  0.00120  0.50   98153     118   98094  3752286  38.23
  2020          52     0.00128  0.00128  0.50   98035     125   97972  3654192  37.27
  2020          53     0.00145  0.00145  0.50   97909     142   97838  3556220  36.32
  2020          54     0.00171  0.00171  0.50   97767     167   97684  3458382  35.37
  2020          55     0.00192  0.00192  0.50   97600     187   97507  3360698  34.43
  2020          56     0.00201  0.00200  0.50   97413     195   97315  3263192  33.50
  2020          57     0.00200  0.00200  0.50   97218     194   97120  3165876  32.56
  2020          58     0.00202  0.00202  0.50   97023     196   96925  3068756  31.63
  2020          59     0.00222  0.00221  0.50   96828     214   96720  2971831  30.69
  2020          60     0.00254  0.00254  0.50   96613     246   96491  2875110  29.76
  2020          61     0.00289  0.00288  0.50   96368     278   96229  2778620  28.83
  2020          62     0.00314  0.00314  0.50   96090     301   95939  2682391  27.92
  2020          63     0.00326  0.00325  0.50   95789     312   95633  2586451  27.00
  2020          64     0.00341  0.00340  0.50   95477     325   95315  2490819  26.09
  2020          65     0.00378  0.00378  0.50   95152     359   94972  2395504  25.18
  2020          66     0.00442  0.00441  0.50   94793     418   94584  2300532  24.27
  2020          67     0.00517  0.00516  0.50   94374     487   94131  2205948  23.37
  2020          68     0.00585  0.00584  0.50   93887     548   93614  2111817  22.49
  2020          69     0.00635  0.00633  0.50   93340     591   93044  2018204  21.62
  2020          70     0.00669  0.00667  0.50   92749     618   92440  1925159  20.76
  2020          71     0.00727  0.00724  0.50   92131     667   91797  1832719  19.89
  2020          72     0.00792  0.00789  0.50   91463     722   91103  1740922  19.03
  2020          73     0.00843  0.00839  0.50   90742     762   90361  1649820  18.18
  2020          74     0.00902  0.00898  0.50   89980     808   89576  1559459  17.33
  2020          75     0.00996  0.00991  0.50   89172     884   88731  1469882  16.48
  2020          76     0.01127  0.01121  0.50   88289     989   87794  1381152  15.64
  2020          77     0.01303  0.01295  0.50   87299    1130   86734  1293357  14.82
  2020          78     0.01530  0.01518  0.50   86169    1308   85515  1206623  14.00
  2020          79     0.01788  0.01772  0.50   84861    1504   84109  1121108  13.21
  2020          80     0.02064  0.02043  0.50   83357    1703   82506  1037000  12.44
  2020          81     0.02375  0.02348  0.50   81654    1917   80696   954494  11.69
  2020          82     0.02748  0.02711  0.50   79737    2161   78657   873798  10.96
  2020          83     0.03191  0.03141  0.50   77576    2436   76358   795142  10.25
  2020          84     0.03709  0.03642  0.50   75140    2736   73771   718784   9.57
  2020          85     0.04310  0.04219  0.50   72403    3055   70876   645012   8.91
  2020          86     0.05004  0.04881  0.50   69349    3385   67656   574136   8.28
  2020          87     0.05801  0.05638  0.50   65963    3719   64104   506480   7.68
  2020          88     0.06716  0.06498  0.50   62245    4045   60222   442376   7.11
  2020          89     0.07764  0.07474  0.50   58200    4350   56025   382154   6.57
  2020          90     0.08959  0.08575  0.50   53850    4618   51542   326129   6.06
  2020          91     0.10317  0.09811  0.50   49233    4830   46818   274587   5.58
  2020          92     0.11855  0.11192  0.50   44402    4969   41918   227770   5.13
  2020          93     0.13587  0.12723  0.50   39433    5017   36925   185852   4.71
  2020          94     0.15528  0.14409  0.50   34416    4959   31936   148927   4.33
  2020          95     0.17689  0.16252  0.50   29457    4787   27063   116991   3.97
  2020          96     0.20079  0.18247  0.50   24670    4501   22419    89928   3.65
  2020          97     0.22703  0.20388  0.50   20168    4112   18112    67509   3.35
  2020          98     0.25559  0.22663  0.50   16056    3639   14237    49396   3.08
  2020          99     0.28641  0.25053  0.50   12417    3111   10862    35160   2.83
  2020         100     0.31935  0.27538  0.50    9307    2563    8025    24298   2.61
  2020         101     0.35419  0.30090  0.50    6744    2029    5729    16272   2.41
  2020         102     0.39065  0.32682  0.50    4715    1541    3944    10543   2.24
  2020         103     0.42837  0.35280  0.50    3174    1120    2614     6599   2.08
  2020         104     0.46693  0.37855  0.50    2054     778    1665     3985   1.94
  2020         105     0.50585  0.40373  0.50    1276     515    1019     2320   1.82
  2020         106     0.54461  0.42805  0.50     761     326     598     1301   1.71
  2020         107     0.58275  0.45126  0.50     435     196     337      703   1.62
  2020         108     0.61997  0.47327  0.50     239     113     182      366   1.53
  2020         109     0.65618  0.49408  0.50     126      62      95      184   1.46
  2020         110+    0.71629  1.00000  1.40      64      64      89       89   1.40
  2021           0     0.00123  0.00123  0.22  100000     123   99904  8795169  87.95
  2021           1     0.00030  0.00030  0.50   99877      30   99862  8695264  87.06
  2021           2     0.00013  0.00013  0.50   99847      13   99841  8595403  86.09
  2021           3     0.00003  0.00003  0.50   99834       3   99833  8495562  85.10
  2021           4     0.00000  0.00000  0.50   99832       0   99832  8395729  84.10
  2021           5     0.00000  0.00000  0.50   99832       0   99832  8295897  83.10
  2021           6     0.00000  0.00000  0.50   99832       0   99832  8196066  82.10
  2021           7     0.00000  0.00000  0.50   99832       0   99832  8096234  81.10
  2021           8     0.00000  0.00000  0.50   99832       0   99832  7996402  80.10
  2021           9     0.00000  0.00000  0.50   99832       0   99832  7896571  79.10
  2021          10     0.00000  0.00000  0.50   99832       0   99832  7796739  78.10
  2021          11     0.00000  0.00000  0.50   99831       0   99831  7696907  77.10
  2021          12     0.00000  0.00000  0.50   99831       0   99831  7597076  76.10
  2021          13     0.00000  0.00000  0.50   99831       0   99831  7497244  75.10
  2021          14     0.00000  0.00000  0.50   99831       0   99831  7397413  74.10
  2021          15     0.00000  0.00000  0.50   99831       0   99831  7297582  73.10
  2021          16     0.00000  0.00000  0.50   99831       0   99831  7197750  72.10
  2021          17     0.00003  0.00003  0.50   99831       3   99830  7097919  71.10
  2021          18     0.00010  0.00010  0.50   99829      10   99824  6998089  70.10
  2021          19     0.00019  0.00019  0.50   99819      19   99809  6898265  69.11
  2021          20     0.00023  0.00023  0.50   99800      23   99788  6798456  68.12
  2021          21     0.00026  0.00026  0.50   99776      26   99763  6698668  67.14
  2021          22     0.00034  0.00034  0.50   99750      34   99734  6598905  66.15
  2021          23     0.00044  0.00044  0.50   99717      44   99695  6499171  65.18
  2021          24     0.00051  0.00051  0.50   99673      50   99648  6399476  64.20
  2021          25     0.00043  0.00043  0.50   99623      43   99601  6299828  63.24
  2021          26     0.00029  0.00029  0.50   99580      29   99565  6200227  62.26
  2021          27     0.00021  0.00021  0.50   99551      21   99540  6100662  61.28
  2021          28     0.00025  0.00025  0.50   99530      25   99517  6001121  60.29
  2021          29     0.00039  0.00039  0.50   99505      39   99486  5901604  59.31
  2021          30     0.00055  0.00055  0.50   99466      55   99439  5802118  58.33
  2021          31     0.00060  0.00060  0.50   99412      59   99382  5702679  57.36
  2021          32     0.00046  0.00046  0.50   99352      46   99330  5603297  56.40
  2021          33     0.00030  0.00030  0.50   99307      30   99292  5503968  55.42
  2021          34     0.00027  0.00027  0.50   99277      27   99264  5404676  54.44
  2021          35     0.00029  0.00029  0.50   99250      29   99236  5305412  53.45
  2021          36     0.00028  0.00028  0.50   99221      28   99207  5206177  52.47
  2021          37     0.00031  0.00031  0.50   99194      31   99178  5106969  51.48
  2021          38     0.00043  0.00043  0.50   99163      43   99141  5007791  50.50
  2021          39     0.00065  0.00065  0.50   99120      64   99088  4908650  49.52
  2021          40     0.00079  0.00079  0.50   99056      79   99016  4809562  48.55
  2021          41     0.00079  0.00079  0.50   98977      78   98938  4710545  47.59
  2021          42     0.00085  0.00085  0.50   98899      84   98857  4611607  46.63
  2021          43     0.00092  0.00092  0.50   98815      90   98769  4512751  45.67
  2021          44     0.00085  0.00085  0.50   98724      84   98682  4413981  44.71
  2021          45     0.00076  0.00076  0.50   98640      75   98603  4315299  43.75
  2021          46     0.00074  0.00074  0.50   98566      73   98529  4216696  42.78
  2021          47     0.00073  0.00073  0.50   98493      72   98457  4118167  41.81
  2021          48     0.00083  0.00083  0.50   98421      82   98380  4019710  40.84
  2021          49     0.00114  0.00114  0.50   98339     112   98283  3921330  39.88
  2021          50     0.00155  0.00154  0.50   98227     152   98151  3823048  38.92
  2021          51     0.00192  0.00191  0.50   98075     188   97981  3724897  37.98
  2021          52     0.00210  0.00210  0.50   97887     206   97784  3626915  37.05
  2021          53     0.00203  0.00203  0.50   97682     198   97582  3529131  36.13
  2021          54     0.00188  0.00188  0.50   97483     183   97392  3431549  35.20
  2021          55     0.00187  0.00186  0.50   97300     181   97209  3334157  34.27
  2021          56     0.00214  0.00213  0.50   97119     207   97015  3236948  33.33
  2021          57     0.00259  0.00259  0.50   96911     251   96786  3139932  32.40
  2021          58     0.00305  0.00304  0.50   96661     294   96514  3043146  31.48
  2021          59     0.00328  0.00327  0.50   96367     315   96209  2946633  30.58
  2021          60     0.00326  0.00326  0.50   96051     313   95895  2850424  29.68
  2021          61     0.00309  0.00308  0.50   95739     295   95591  2754529  28.77
  2021          62     0.00300  0.00300  0.50   95444     286   95301  2658937  27.86
  2021          63     0.00322  0.00322  0.50   95158     306   95005  2563637  26.94
  2021          64     0.00365  0.00364  0.50   94852     346   94679  2468632  26.03
  2021          65     0.00413  0.00412  0.50   94506     390   94311  2373953  25.12
  2021          66     0.00462  0.00461  0.50   94116     434   93899  2279642  24.22
  2021          67     0.00505  0.00504  0.50   93683     472   93446  2185743  23.33
  2021          68     0.00537  0.00535  0.50   93210     499   92961  2092296  22.45
  2021          69     0.00550  0.00549  0.50   92711     509   92457  1999336  21.57
  2021          70     0.00557  0.00555  0.50   92203     512   91947  1906879  20.68
  2021          71     0.00615  0.00613  0.50   91691     562   91410  1814932  19.79
  2021          72     0.00725  0.00723  0.50   91129     659   90800  1723522  18.91
  2021          73     0.00871  0.00867  0.50   90471     784   90078  1632722  18.05
  2021          74     0.01025  0.01020  0.50   89686     915   89229  1542643  17.20
  2021          75     0.01162  0.01155  0.50   88772    1025   88259  1453414  16.37
  2021          76     0.01261  0.01253  0.50   87746    1100   87196  1365156  15.56
  2021          77     0.01360  0.01351  0.50   86646    1170   86061  1277959  14.75
  2021          78     0.01504  0.01493  0.50   85476    1276   84838  1191898  13.94
  2021          79     0.01718  0.01703  0.50   84200    1434   83483  1107060  13.15
  2021          80     0.02013  0.01993  0.50   82766    1649   81941  1023577  12.37
  2021          81     0.02370  0.02342  0.50   81117    1900   80167   941636  11.61
  2021          82     0.02772  0.02734  0.50   79217    2166   78134   861469  10.87
  2021          83     0.03231  0.03180  0.50   77051    2450   75826   783335  10.17
  2021          84     0.03761  0.03691  0.50   74601    2754   73224   707509   9.48
  2021          85     0.04372  0.04278  0.50   71847    3074   70311   634285   8.83
  2021          86     0.05077  0.04951  0.50   68774    3405   67071   563974   8.20
  2021          87     0.05889  0.05721  0.50   65369    3740   63499   496903   7.60
  2021          88     0.06823  0.06598  0.50   61629    4066   59596   433404   7.03
  2021          89     0.07892  0.07592  0.50   57563    4370   55378   373808   6.49
  2021          90     0.09112  0.08715  0.50   53193    4636   50875   318430   5.99
  2021          91     0.10500  0.09976  0.50   48557    4844   46135   267555   5.51
  2021          92     0.12070  0.11383  0.50   43713    4976   41225   221420   5.07
  2021          93     0.13840  0.12944  0.50   38737    5014   36230   180195   4.65
  2021          94     0.15822  0.14662  0.50   33723    4944   31251   143965   4.27
  2021          95     0.18028  0.16538  0.50   28778    4759   26399   112714   3.92
  2021          96     0.20467  0.18567  0.50   24019    4460   21789    86316   3.59
  2021          97     0.23143  0.20743  0.50   19560    4057   17531    64526   3.30
  2021          98     0.26053  0.23050  0.50   15502    3573   13716    46995   3.03
  2021          99     0.29189  0.25472  0.50   11929    3039   10410    33280   2.79
  2021         100     0.32537  0.27985  0.50    8890    2488    7647    22870   2.57
  2021         101     0.36073  0.30561  0.50    6403    1957    5424    15223   2.38
  2021         102     0.39766  0.33171  0.50    4446    1475    3708     9799   2.20
  2021         103     0.43579  0.35783  0.50    2971    1063    2440     6091   2.05
  2021         104     0.47469  0.38364  0.50    1908     732    1542     3651   1.91
  2021         105     0.51386  0.40882  0.50    1176     481     936     2109   1.79
  2021         106     0.55278  0.43308  0.50     695     301     545     1174   1.69
  2021         107     0.59096  0.45617  0.50     394     180     304      629   1.60
  2021         108     0.62812  0.47800  0.50     214     102     163      325   1.51
  2021         109     0.66417  0.49859  0.50     112      56      84      162   1.44
  2021         110+    0.72348  1.00000  1.38      56      56      78       78   1.38
  2022           0     0.00166  0.00165  0.22  100000     165   99871  8715385  87.15
  2022           1     0.00036  0.00036  0.50   99835      36   99817  8615514  86.30
  2022           2     0.00009  0.00009  0.50   99799       9   99794  8515698  85.33
  2022           3     0.00000  0.00000  0.50   99790       0   99790  8415903  84.34
  2022           4     0.00000  0.00000  0.50   99790       0   99790  8316113  83.34
  2022           5     0.00000  0.00000  0.50   99790       0   99790  8216323  82.34
  2022           6     0.00000  0.00000  0.50   99790       0   99790  8116533  81.34
  2022           7     0.00000  0.00000  0.50   99790       0   99790  8016743  80.34
  2022           8     0.00000  0.00000  0.50   99790       0   99790  7916953  79.34
  2022           9     0.00000  0.00000  0.50   99790       0   99790  7817163  78.34
  2022          10     0.00000  0.00000  0.50   99790       0   99790  7717373  77.34
  2022          11     0.00000  0.00000  0.50   99790       0   99790  7617583  76.34
  2022          12     0.00000  0.00000  0.50   99790       0   99790  7517794  75.34
  2022          13     0.00007  0.00007  0.50   99790       7   99786  7418004  74.34
  2022          14     0.00015  0.00015  0.50   99783      15   99775  7318218  73.34
  2022          15     0.00018  0.00018  0.50   99768      17   99759  7218443  72.35
  2022          16     0.00015  0.00014  0.50   99750      14   99743  7118683  71.36
  2022          17     0.00007  0.00007  0.50   99736       7   99733  7018940  70.38
  2022          18     0.00000  0.00000  0.50   99729       0   99729  6919208  69.38
  2022          19     0.00000  0.00000  0.50   99729       0   99729  6819479  68.38
  2022          20     0.00007  0.00007  0.50   99729       7   99726  6719750  67.38
  2022          21     0.00026  0.00026  0.50   99722      26   99709  6620024  66.38
  2022          22     0.00047  0.00047  0.50   99696      47   99672  6520315  65.40
  2022          23     0.00049  0.00049  0.50   99649      49   99625  6420643  64.43
  2022          24     0.00027  0.00027  0.50   99600      27   99587  6321018  63.46
  2022          25     0.00022  0.00022  0.50   99574      22   99562  6221431  62.48
  2022          26     0.00032  0.00032  0.50   99551      32   99535  6121869  61.49
  2022          27     0.00038  0.00038  0.50   99520      38   99501  6022334  60.51
  2022          28     0.00039  0.00039  0.50   99482      39   99462  5922833  59.54
  2022          29     0.00036  0.00036  0.50   99443      36   99425  5823371  58.56
  2022          30     0.00038  0.00038  0.50   99407      37   99388  5723946  57.58
  2022          31     0.00045  0.00045  0.50   99369      45   99347  5624558  56.60
  2022          32     0.00056  0.00056  0.50   99325      55   99297  5525211  55.63
  2022          33     0.00055  0.00055  0.50   99270      54   99243  5425913  54.66
  2022          34     0.00033  0.00033  0.50   99215      33   99199  5326671  53.69
  2022          35     0.00018  0.00018  0.50   99183      18   99174  5227472  52.71
  2022          36     0.00034  0.00034  0.50   99165      34   99148  5128298  51.71
  2022          37     0.00064  0.00064  0.50   99131      64   99099  5029150  50.73
  2022          38     0.00072  0.00072  0.50   99068      71   99032  4930051  49.76
  2022          39     0.00040  0.00040  0.50   98996      39   98977  4831019  48.80
  2022          40     0.00031  0.00031  0.50   98957      31   98942  4732042  47.82
  2022          41     0.00089  0.00089  0.50   98926      88   98882  4633100  46.83
  2022          42     0.00121  0.00121  0.50   98838     120   98778  4534218  45.88
  2022          43     0.00124  0.00124  0.50   98718     122   98657  4435440  44.93
  2022          44     0.00124  0.00124  0.50   98596     122   98535  4336783  43.99
  2022          45     0.00143  0.00143  0.50   98474     141   98404  4238248  43.04
  2022          46     0.00179  0.00179  0.50   98333     176   98245  4139844  42.10
  2022          47     0.00170  0.00170  0.50   98157     166   98074  4041599  41.17
  2022          48     0.00136  0.00136  0.50   97991     133   97924  3943525  40.24
  2022          49     0.00118  0.00118  0.50   97858     116   97800  3845601  39.30
  2022          50     0.00128  0.00128  0.50   97742     125   97679  3747801  38.34
  2022          51     0.00165  0.00164  0.50   97617     160   97536  3650121  37.39
  2022          52     0.00204  0.00204  0.50   97456     199   97357  3552585  36.45
  2022          53     0.00232  0.00231  0.50   97257     225   97145  3455228  35.53
  2022          54     0.00266  0.00266  0.50   97033     258   96904  3358083  34.61
  2022          55     0.00278  0.00278  0.50   96775     269   96640  3261180  33.70
  2022          56     0.00244  0.00244  0.50   96506     235   96388  3164540  32.79
  2022          57     0.00219  0.00219  0.50   96271     211   96165  3068151  31.87
  2022          58     0.00247  0.00247  0.50   96060     237   95941  2971986  30.94
  2022          59     0.00258  0.00257  0.50   95823     247   95699  2876045  30.01
  2022          60     0.00268  0.00268  0.50   95576     256   95448  2780345  29.09
  2022          61     0.00312  0.00311  0.50   95320     297   95172  2684897  28.17
  2022          62     0.00373  0.00373  0.50   95024     354   94847  2589725  27.25
  2022          63     0.00429  0.00428  0.50   94670     405   94467  2494879  26.35
  2022          64     0.00467  0.00466  0.50   94264     439   94045  2400412  25.46
  2022          65     0.00487  0.00485  0.50   93825     455   93597  2306367  24.58
  2022          66     0.00503  0.00502  0.50   93370     469   93135  2212769  23.70
  2022          67     0.00510  0.00509  0.50   92901     473   92664  2119634  22.82
  2022          68     0.00502  0.00501  0.50   92428     463   92197  2026970  21.93
  2022          69     0.00515  0.00514  0.50   91965     473   91729  1934773  21.04
  2022          70     0.00589  0.00588  0.50   91493     538   91224  1843044  20.14
  2022          71     0.00720  0.00717  0.50   90955     652   90629  1751821  19.26
  2022          72     0.00836  0.00833  0.50   90302     752   89926  1661192  18.40
  2022          73     0.00894  0.00890  0.50   89550     797   89152  1571266  17.55
  2022          74     0.01008  0.01003  0.50   88753     890   88308  1482114  16.70
  2022          75     0.01245  0.01238  0.50   87863    1088   87319  1393806  15.86
  2022          76     0.01399  0.01389  0.50   86775    1206   86173  1306486  15.06
  2022          77     0.01505  0.01493  0.50   85570    1278   84931  1220314  14.26
  2022          78     0.01659  0.01645  0.50   84292    1387   83599  1135383  13.47
  2022          79     0.01869  0.01852  0.50   82906    1535   82138  1051784  12.69
  2022          80     0.02129  0.02107  0.50   81370    1714   80513   969646  11.92
  2022          81     0.02462  0.02432  0.50   79656    1938   78687   889133  11.16
  2022          82     0.02889  0.02848  0.50   77719    2214   76612   810445  10.43
  2022          83     0.03393  0.03337  0.50   75505    2519   74245   733833   9.72
  2022          84     0.03979  0.03901  0.50   72986    2847   71562   659588   9.04
  2022          85     0.04659  0.04553  0.50   70138    3193   68542   588026   8.38
  2022          86     0.05448  0.05304  0.50   66945    3551   65170   519484   7.76
  2022          87     0.06363  0.06167  0.50   63395    3909   61440   454314   7.17
  2022          88     0.07419  0.07153  0.50   59485    4255   57358   392875   6.60
  2022          89     0.08634  0.08277  0.50   55230    4571   52944   335517   6.07
  2022          90     0.10027  0.09548  0.50   50659    4837   48240   282573   5.58
  2022          91     0.11615  0.10978  0.50   45822    5030   43307   234332   5.11
  2022          92     0.13418  0.12574  0.50   40792    5129   38227   191025   4.68
  2022          93     0.15452  0.14344  0.50   35662    5115   33105   152798   4.28
  2022          94     0.17730  0.16287  0.50   30547    4975   28060   119693   3.92
  2022          95     0.20265  0.18401  0.50   25572    4705   23219    91634   3.58
  2022          96     0.23060  0.20676  0.50   20867    4314   18709    68414   3.28
  2022          97     0.26114  0.23098  0.50   16552    3823   14641    49705   3.00
  2022          98     0.29418  0.25645  0.50   12729    3264   11097    35064   2.75
  2022          99     0.32953  0.28291  0.50    9465    2678    8126    23968   2.53
  2022         100     0.36692  0.31004  0.50    6787    2104    5735    15842   2.33
  2022         101     0.40598  0.33748  0.50    4683    1580    3893    10107   2.16
  2022         102     0.44627  0.36486  0.50    3102    1132    2536     6214   2.00
  2022         103     0.48728  0.39182  0.50    1970     772    1584     3678   1.87
  2022         104     0.52846  0.41801  0.50    1198     501     948     2094   1.75
  2022         105     0.56926  0.44313  0.50     697     309     543     1146   1.64
  2022         106     0.60914  0.46693  0.50     388     181     298      603   1.55
  2022         107     0.64761  0.48920  0.50     207     101     156      305   1.47
  2022         108     0.68413  0.50976  0.50     106      54      79      149   1.41
  2022         109     0.71844  0.52857  0.50      52      27      38       70   1.35
  2022         110+    0.77161  1.00000  1.30      24      24      32       32   1.30
  2023           0     0.00133  0.00133  0.22  100000     133   99897  8745554  87.46
  2023           1     0.00000  0.00000  0.50   99867       0   99867  8645658  86.57
  2023           2     0.00000  0.00000  0.50   99867       0   99867  8545790  85.57
  2023           3     0.00000  0.00000  0.50   99867       0   99867  8445923  84.57
  2023           4     0.00001  0.00001  0.50   99867       1   99867  8346056  83.57
  2023           5     0.00003  0.00003  0.50   99867       3   99865  8246189  82.57
  2023           6     0.00008  0.00008  0.50   99863       8   99859  8146324  81.57
  2023           7     0.00011  0.00011  0.50   99855      11   99850  8046465  80.58
  2023           8     0.00009  0.00009  0.50   99844       9   99840  7946615  79.59
  2023           9     0.00007  0.00007  0.50   99835       7   99832  7846775  78.60
  2023          10     0.00012  0.00012  0.50   99828      12   99822  7746944  77.60
  2023          11     0.00017  0.00017  0.50   99817      17   99808  7647121  76.61
  2023          12     0.00017  0.00017  0.50   99799      17   99791  7547313  75.62
  2023          13     0.00012  0.00012  0.50   99782      12   99776  7447523  74.64
  2023          14     0.00010  0.00010  0.50   99771       9   99766  7347746  73.65
  2023          15     0.00018  0.00018  0.50   99761      18   99752  7247980  72.65
  2023          16     0.00026  0.00026  0.50   99744      26   99730  7148228  71.67
  2023          17     0.00026  0.00026  0.50   99717      26   99704  7048498  70.68
  2023          18     0.00022  0.00022  0.50   99691      22   99680  6948793  69.70
  2023          19     0.00020  0.00020  0.50   99669      20   99660  6849113  68.72
  2023          20     0.00017  0.00017  0.50   99650      16   99642  6749453  67.73
  2023          21     0.00013  0.00013  0.50   99633      13   99627  6649812  66.74
  2023          22     0.00013  0.00013  0.50   99620      13   99614  6550185  65.75
  2023          23     0.00017  0.00017  0.50   99607      17   99598  6450572  64.76
  2023          24     0.00028  0.00028  0.50   99590      27   99576  6350973  63.77
  2023          25     0.00038  0.00038  0.50   99562      38   99543  6251397  62.79
  2023          26     0.00040  0.00040  0.50   99524      40   99504  6151854  61.81
  2023          27     0.00031  0.00031  0.50   99484      30   99469  6052350  60.84
  2023          28     0.00024  0.00024  0.50   99454      24   99442  5952881  59.86
  2023          29     0.00034  0.00034  0.50   99430      34   99413  5853439  58.87
  2023          30     0.00048  0.00048  0.50   99396      48   99372  5754026  57.89
  2023          31     0.00053  0.00053  0.50   99348      53   99321  5654655  56.92
  2023          32     0.00045  0.00045  0.50   99295      44   99273  5555333  55.95
  2023          33     0.00034  0.00034  0.50   99250      34   99234  5456060  54.97
  2023          34     0.00033  0.00033  0.50   99217      33   99200  5356827  53.99
  2023          35     0.00039  0.00039  0.50   99184      38   99164  5257627  53.01
  2023          36     0.00045  0.00045  0.50   99145      44   99123  5158462  52.03
  2023          37     0.00050  0.00050  0.50   99101      49   99076  5059339  51.05
  2023          38     0.00049  0.00049  0.50   99052      49   99027  4960263  50.08
  2023          39     0.00041  0.00041  0.50   99003      40   98983  4861236  49.10
  2023          40     0.00035  0.00035  0.50   98963      34   98945  4762253  48.12
  2023          41     0.00042  0.00042  0.50   98928      42   98907  4663308  47.14
  2023          42     0.00064  0.00064  0.50   98886      64   98854  4564401  46.16
  2023          43     0.00090  0.00090  0.50   98823      89   98778  4465546  45.19
  2023          44     0.00108  0.00108  0.50   98733     107   98680  4366768  44.23
  2023          45     0.00115  0.00115  0.50   98626     113   98570  4268088  43.28
  2023          46     0.00112  0.00112  0.50   98513     111   98458  4169518  42.32
  2023          47     0.00120  0.00120  0.50   98403     118   98344  4071060  41.37
  2023          48     0.00130  0.00130  0.50   98285     128   98221  3972717  40.42
  2023          49     0.00133  0.00133  0.50   98157     130   98092  3874496  39.47
  2023          50     0.00139  0.00139  0.50   98027     136   97958  3776404  38.52
  2023          51     0.00158  0.00158  0.50   97890     155   97813  3678445  37.58
  2023          52     0.00177  0.00177  0.50   97736     173   97649  3580632  36.64
  2023          53     0.00186  0.00186  0.50   97563     181   97472  3482983  35.70
  2023          54     0.00207  0.00207  0.50   97382     201   97281  3385511  34.77
  2023          55     0.00231  0.00231  0.50   97181     224   97068  3288229  33.84
  2023          56     0.00243  0.00243  0.50   96956     236   96838  3191161  32.91
  2023          57     0.00238  0.00238  0.50   96720     230   96605  3094323  31.99
  2023          58     0.00221  0.00220  0.50   96490     213   96384  2997717  31.07
  2023          59     0.00216  0.00216  0.50   96278     208   96174  2901333  30.14
  2023          60     0.00235  0.00235  0.50   96070     226   95957  2805160  29.20
  2023          61     0.00276  0.00276  0.50   95844     264   95712  2709203  28.27
  2023          62     0.00321  0.00320  0.50   95580     306   95427  2613491  27.34
  2023          63     0.00353  0.00353  0.50   95274     336   95106  2518064  26.43
  2023          64     0.00379  0.00379  0.50   94938     360   94758  2422959  25.52
  2023          65     0.00405  0.00404  0.50   94578     382   94387  2328201  24.62
  2023          66     0.00417  0.00416  0.50   94196     392   94000  2233814  23.71
  2023          67     0.00434  0.00433  0.50   93804     406   93601  2139814  22.81
  2023          68     0.00480  0.00479  0.50   93398     447   93174  2046212  21.91
  2023          69     0.00560  0.00559  0.50   92951     519   92691  1953038  21.01
  2023          70     0.00662  0.00660  0.50   92431     610   92126  1860347  20.13
  2023          71     0.00738  0.00736  0.50   91821     676   91484  1768221  19.26
  2023          72     0.00824  0.00821  0.50   91146     748   90772  1676737  18.40
  2023          73     0.00960  0.00955  0.50   90398     863   89966  1585965  17.54
  2023          74     0.01101  0.01095  0.50   89534     981   89044  1496000  16.71
  2023          75     0.01206  0.01199  0.50   88553    1061   88023  1406956  15.89
  2023          76     0.01310  0.01301  0.50   87492    1138   86923  1318933  15.07
  2023          77     0.01451  0.01441  0.50   86354    1244   85732  1232010  14.27
  2023          78     0.01654  0.01641  0.50   85110    1397   84411  1146279  13.47
  2023          79     0.01907  0.01889  0.50   83713    1582   82922  1061867  12.68
  2023          80     0.02196  0.02172  0.50   82131    1784   81240   978945  11.92
  2023          81     0.02536  0.02504  0.50   80348    2012   79342   897706  11.17
  2023          82     0.02950  0.02907  0.50   78336    2277   77197   818364  10.45
  2023          83     0.03444  0.03386  0.50   76058    2575   74771   741167   9.74
  2023          84     0.04024  0.03945  0.50   73483    2899   72034   666396   9.07
  2023          85     0.04698  0.04591  0.50   70585    3240   68964   594362   8.42
  2023          86     0.05478  0.05332  0.50   67344    3591   65549   525398   7.80
  2023          87     0.06378  0.06181  0.50   63753    3941   61783   459849   7.21
  2023          88     0.07414  0.07149  0.50   59812    4276   57674   398066   6.66
  2023          89     0.08602  0.08248  0.50   55536    4580   53246   340392   6.13
  2023          90     0.09961  0.09488  0.50   50956    4835   48539   287145   5.64
  2023          91     0.11506  0.10880  0.50   46121    5018   43612   238607   5.17
  2023          92     0.13257  0.12433  0.50   41103    5110   38548   194994   4.74
  2023          93     0.15228  0.14150  0.50   35993    5093   33446   156446   4.35
  2023          94     0.17432  0.16035  0.50   30900    4955   28422   123000   3.98
  2023          95     0.19881  0.18084  0.50   25945    4692   23599    94578   3.65
  2023          96     0.22580  0.20289  0.50   21253    4312   19097    70978   3.34
  2023          97     0.25528  0.22638  0.50   16941    3835   15024    51881   3.06
  2023          98     0.28717  0.25111  0.50   13106    3291   11460    36858   2.81
  2023          99     0.32132  0.27684  0.50    9815    2717    8456    25397   2.59
  2023         100     0.35749  0.30328  0.50    7098    2153    6021    16941   2.39
  2023         101     0.39536  0.33010  0.50    4945    1632    4129    10919   2.21
  2023         102     0.43453  0.35697  0.50    3313    1183    2721     6790   2.05
  2023         103     0.47452  0.38353  0.50    2130     817    1722     4069   1.91
  2023         104     0.51484  0.40944  0.50    1313     538    1044     2347   1.79
  2023         105     0.55494  0.43440  0.50     776     337     607     1303   1.68
  2023         106     0.59424  0.45812  0.50     439     201     338      696   1.59
  2023         107     0.63225  0.48039  0.50     238     114     181      358   1.50
  2023         108     0.66873  0.50116  0.50     124      62      93      177   1.43
  2023         109     0.70367  0.52053  0.50      62      32      46       85   1.37
  2023         110+    0.75822  1.00000  1.32      30      30      39       39   1.32
