08.Ibaraki.ken, Life tables (period 1x1), Males     Last modified:2025-04-30, ver.005_001 JMD(IPSS)

  Year          Age         mx       qx    ax      lx      dx      Lx       Tx     ex
  1947           0     0.10309  0.09635  0.32  100000    9635   93464  5100034  51.00
  1947           1     0.02721  0.02684  0.50   90365    2425   89152  5006570  55.40
  1947           2     0.01923  0.01905  0.50   87939    1675   87102  4917418  55.92
  1947           3     0.01320  0.01311  0.50   86264    1131   85699  4830316  55.99
  1947           4     0.00893  0.00889  0.50   85133     757   84755  4744617  55.73
  1947           5     0.00586  0.00584  0.50   84376     493   84130  4659863  55.23
  1947           6     0.00390  0.00389  0.50   83884     326   83720  4575733  54.55
  1947           7     0.00295  0.00295  0.50   83557     246   83434  4492012  53.76
  1947           8     0.00245  0.00245  0.50   83311     204   83209  4408578  52.92
  1947           9     0.00217  0.00217  0.50   83107     180   83017  4325369  52.05
  1947          10     0.00201  0.00201  0.50   82927     167   82844  4242351  51.16
  1947          11     0.00192  0.00192  0.50   82761     159   82682  4159507  50.26
  1947          12     0.00187  0.00187  0.50   82602     154   82525  4076826  49.35
  1947          13     0.00189  0.00189  0.50   82448     156   82370  3994301  48.45
  1947          14     0.00209  0.00209  0.50   82292     172   82206  3911930  47.54
  1947          15     0.00253  0.00253  0.50   82120     208   82017  3829724  46.64
  1947          16     0.00316  0.00316  0.50   81913     258   81783  3747708  45.75
  1947          17     0.00390  0.00389  0.50   81654     318   81495  3665924  44.90
  1947          18     0.00472  0.00471  0.50   81336     383   81145  3584429  44.07
  1947          19     0.00551  0.00549  0.50   80953     444   80731  3503284  43.28
  1947          20     0.00591  0.00590  0.50   80508     475   80271  3422554  42.51
  1947          21     0.00626  0.00624  0.50   80034     499   79784  3342283  41.76
  1947          22     0.00686  0.00684  0.50   79535     544   79262  3262498  41.02
  1947          23     0.00744  0.00741  0.50   78990     585   78698  3183236  40.30
  1947          24     0.00768  0.00765  0.50   78405     600   78105  3104538  39.60
  1947          25     0.00783  0.00780  0.50   77806     607   77502  3026433  38.90
  1947          26     0.00790  0.00786  0.50   77199     607   76895  2948931  38.20
  1947          27     0.00778  0.00775  0.50   76592     594   76295  2872035  37.50
  1947          28     0.00745  0.00742  0.50   75998     564   75716  2795741  36.79
  1947          29     0.00696  0.00693  0.50   75434     523   75172  2720025  36.06
  1947          30     0.00664  0.00662  0.50   74911     496   74663  2644853  35.31
  1947          31     0.00660  0.00657  0.50   74415     489   74171  2570190  34.54
  1947          32     0.00684  0.00681  0.50   73926     504   73674  2496019  33.76
  1947          33     0.00733  0.00730  0.50   73422     536   73154  2422345  32.99
  1947          34     0.00795  0.00792  0.50   72886     577   72598  2349191  32.23
  1947          35     0.00823  0.00819  0.50   72309     593   72013  2276593  31.48
  1947          36     0.00795  0.00792  0.50   71717     568   71433  2204580  30.74
  1947          37     0.00794  0.00791  0.50   71149     563   70867  2133147  29.98
  1947          38     0.00796  0.00793  0.50   70586     560   70306  2062280  29.22
  1947          39     0.00763  0.00760  0.50   70026     533   69760  1991974  28.45
  1947          40     0.00734  0.00731  0.50   69494     508   69240  1922214  27.66
  1947          41     0.00746  0.00743  0.50   68986     513   68729  1852975  26.86
  1947          42     0.00780  0.00777  0.50   68473     532   68207  1784245  26.06
  1947          43     0.00836  0.00832  0.50   67941     565   67658  1716039  25.26
  1947          44     0.00913  0.00909  0.50   67375     613   67069  1648380  24.47
  1947          45     0.00977  0.00972  0.50   66763     649   66438  1581311  23.69
  1947          46     0.00996  0.00991  0.50   66114     655   65786  1514873  22.91
  1947          47     0.01001  0.00996  0.50   65459     652   65133  1449087  22.14
  1947          48     0.01015  0.01010  0.50   64807     654   64480  1383954  21.36
  1947          49     0.01057  0.01051  0.50   64152     674   63815  1319475  20.57
  1947          50     0.01147  0.01141  0.50   63478     724   63116  1255660  19.78
  1947          51     0.01300  0.01292  0.50   62754     811   62349  1192544  19.00
  1947          52     0.01502  0.01490  0.50   61943     923   61482  1130195  18.25
  1947          53     0.01722  0.01707  0.50   61020    1042   60499  1068713  17.51
  1947          54     0.01910  0.01892  0.50   59978    1135   59411  1008214  16.81
  1947          55     0.02050  0.02029  0.50   58844    1194   58247   948803  16.12
  1947          56     0.02153  0.02130  0.50   57650    1228   57036   890556  15.45
  1947          57     0.02293  0.02267  0.50   56422    1279   55782   833521  14.77
  1947          58     0.02562  0.02529  0.50   55143    1395   54445   777738  14.10
  1947          59     0.02995  0.02951  0.50   53748    1586   52955   723293  13.46
  1947          60     0.03419  0.03361  0.50   52162    1753   51285   670338  12.85
  1947          61     0.03680  0.03614  0.50   50409    1822   49498   619052  12.28
  1947          62     0.03920  0.03845  0.50   48587    1868   47653   569554  11.72
  1947          63     0.04279  0.04190  0.50   46719    1957   45740   521901  11.17
  1947          64     0.04605  0.04502  0.50   44762    2015   43754   476161  10.64
  1947          65     0.04826  0.04712  0.50   42747    2014   41740   432407  10.12
  1947          66     0.05327  0.05189  0.50   40733    2114   39676   390667   9.59
  1947          67     0.06039  0.05862  0.50   38619    2264   37487   350992   9.09
  1947          68     0.06739  0.06519  0.50   36355    2370   35170   313505   8.62
  1947          69     0.07206  0.06955  0.50   33985    2364   32803   278335   8.19
  1947          70     0.07481  0.07211  0.50   31621    2280   30481   245532   7.76
  1947          71     0.08319  0.07986  0.50   29341    2343   28169   215051   7.33
  1947          72     0.09449  0.09023  0.50   26998    2436   25780   186881   6.92
  1947          73     0.10345  0.09836  0.50   24562    2416   23354   161102   6.56
  1947          74     0.10731  0.10185  0.50   22146    2256   21018   137748   6.22
  1947          75     0.10670  0.10129  0.50   19890    2015   18883   116730   5.87
  1947          76     0.11143  0.10555  0.50   17876    1887   16932    97847   5.47
  1947          77     0.12758  0.11993  0.50   15989    1918   15030    80915   5.06
  1947          78     0.15569  0.14444  0.50   14071    2032   13055    65885   4.68
  1947          79     0.18055  0.16560  0.50   12039    1994   11042    52830   4.39
  1947          80     0.18949  0.17309  0.50   10045    1739    9176    41788   4.16
  1947          81     0.19567  0.17823  0.50    8306    1480    7566    32612   3.93
  1947          82     0.21285  0.19238  0.50    6826    1313    6169    25045   3.67
  1947          83     0.23396  0.20945  0.50    5513    1155    4935    18876   3.42
  1947          84     0.25628  0.22717  0.50    4358     990    3863    13941   3.20
  1947          85     0.27971  0.24539  0.50    3368     826    2955    10078   2.99
  1947          86     0.30423  0.26406  0.50    2542     671    2206     7123   2.80
  1947          87     0.32988  0.28317  0.50    1870     530    1606     4917   2.63
  1947          88     0.35659  0.30263  0.50    1341     406    1138     3311   2.47
  1947          89     0.38424  0.32232  0.50     935     301     784     2173   2.32
  1947          90     0.41266  0.34208  0.50     634     217     525     1389   2.19
  1947          91     0.44168  0.36178  0.50     417     151     341      864   2.07
  1947          92     0.47110  0.38128  0.50     266     101     215      522   1.96
  1947          93     0.50072  0.40046  0.50     165      66     132      307   1.86
  1947          94     0.53033  0.41918  0.50      99      41      78      175   1.77
  1947          95     0.55973  0.43734  0.50      57      25      45       97   1.69
  1947          96     0.58872  0.45484  0.50      32      15      25       52   1.62
  1947          97     0.61711  0.47160  0.50      18       8      13       27   1.55
  1947          98     0.64472  0.48755  0.50       9       5       7       14   1.50
  1947          99     0.67140  0.50266  0.50       5       2       4        7   1.44
  1947         100     0.69702  0.51688  0.50       2       1       2        3   1.39
  1947         101     0.72147  0.53020  0.50       1       1       1        2   1.35
  1947         102     0.74466  0.54263  0.50       1       0       0        1   1.31
  1947         103     0.76656  0.55416  0.50       0       0       0        0   1.28
  1947         104     0.78711  0.56482  0.50       0       0       0        0   1.25
  1947         105     0.80631  0.57464  0.50       0       0       0        0   1.22
  1947         106     0.82417  0.58365  0.50       0       0       0        0   1.20
  1947         107     0.84068  0.59189  0.50       0       0       0        0   1.18
  1947         108     0.85587  0.59938  0.50       0       0       0        0   1.16
  1947         109     0.86983  0.60619  0.50       0       0       0        0   1.14
  1947         110+    0.88963  1.00000  1.12       0       0       0        0   1.12
  1948           0     0.07580  0.07171  0.25  100000    7171   94610  5521190  55.21
  1948           1     0.01328  0.01319  0.50   92829    1224   92216  5426580  58.46
  1948           2     0.01103  0.01097  0.50   91604    1005   91102  5334363  58.23
  1948           3     0.00890  0.00886  0.50   90599     802   90198  5243261  57.87
  1948           4     0.00696  0.00694  0.50   89797     623   89486  5153063  57.39
  1948           5     0.00530  0.00528  0.50   89174     471   88939  5063577  56.78
  1948           6     0.00395  0.00394  0.50   88703     349   88528  4974639  56.08
  1948           7     0.00293  0.00292  0.50   88354     258   88225  4886110  55.30
  1948           8     0.00220  0.00220  0.50   88096     194   87999  4797886  54.46
  1948           9     0.00172  0.00172  0.50   87902     151   87826  4709887  53.58
  1948          10     0.00144  0.00144  0.50   87751     126   87688  4622061  52.67
  1948          11     0.00132  0.00132  0.50   87625     115   87567  4534373  51.75
  1948          12     0.00134  0.00134  0.50   87509     117   87451  4446806  50.82
  1948          13     0.00149  0.00149  0.50   87392     130   87327  4359355  49.88
  1948          14     0.00177  0.00177  0.50   87262     154   87185  4272028  48.96
  1948          15     0.00217  0.00217  0.50   87108     189   87013  4184843  48.04
  1948          16     0.00269  0.00268  0.50   86919     233   86802  4097830  47.15
  1948          17     0.00330  0.00330  0.50   86686     286   86543  4011027  46.27
  1948          18     0.00399  0.00398  0.50   86400     344   86228  3924484  45.42
  1948          19     0.00470  0.00469  0.50   86056     403   85855  3838256  44.60
  1948          20     0.00538  0.00536  0.50   85653     459   85424  3752401  43.81
  1948          21     0.00598  0.00596  0.50   85194     508   84940  3666978  43.04
  1948          22     0.00648  0.00645  0.50   84686     547   84413  3582038  42.30
  1948          23     0.00685  0.00683  0.50   84139     575   83852  3497625  41.57
  1948          24     0.00711  0.00708  0.50   83565     592   83269  3413773  40.85
  1948          25     0.00722  0.00719  0.50   82973     597   82674  3330504  40.14
  1948          26     0.00720  0.00717  0.50   82376     591   82081  3247830  39.43
  1948          27     0.00709  0.00706  0.50   81785     578   81497  3165749  38.71
  1948          28     0.00693  0.00690  0.50   81208     561   80927  3084252  37.98
  1948          29     0.00675  0.00673  0.50   80647     543   80376  3003325  37.24
  1948          30     0.00659  0.00656  0.50   80104     526   79841  2922949  36.49
  1948          31     0.00645  0.00643  0.50   79579     512   79323  2843108  35.73
  1948          32     0.00638  0.00636  0.50   79067     503   78815  2763785  34.96
  1948          33     0.00636  0.00634  0.50   78564     498   78315  2684970  34.18
  1948          34     0.00638  0.00636  0.50   78065     497   77817  2606656  33.39
  1948          35     0.00643  0.00641  0.50   77569     497   77320  2528838  32.60
  1948          36     0.00650  0.00648  0.50   77072     500   76822  2451518  31.81
  1948          37     0.00662  0.00659  0.50   76572     505   76320  2374696  31.01
  1948          38     0.00677  0.00675  0.50   76067     513   75810  2298377  30.22
  1948          39     0.00697  0.00694  0.50   75554     525   75291  2222566  29.42
  1948          40     0.00719  0.00717  0.50   75029     538   74760  2147275  28.62
  1948          41     0.00743  0.00740  0.50   74491     552   74216  2072514  27.82
  1948          42     0.00769  0.00766  0.50   73940     566   73657  1998299  27.03
  1948          43     0.00797  0.00794  0.50   73373     583   73082  1924642  26.23
  1948          44     0.00828  0.00825  0.50   72791     600   72491  1851560  25.44
  1948          45     0.00864  0.00861  0.50   72191     621   71880  1779069  24.64
  1948          46     0.00908  0.00904  0.50   71569     647   71246  1707190  23.85
  1948          47     0.00963  0.00959  0.50   70922     680   70582  1635944  23.07
  1948          48     0.01030  0.01025  0.50   70242     720   69882  1565361  22.29
  1948          49     0.01110  0.01104  0.50   69522     767   69139  1495479  21.51
  1948          50     0.01202  0.01195  0.50   68755     822   68344  1426340  20.75
  1948          51     0.01308  0.01299  0.50   67933     882   67492  1357996  19.99
  1948          52     0.01424  0.01414  0.50   67051     948   66577  1290504  19.25
  1948          53     0.01548  0.01536  0.50   66103    1015   65595  1223927  18.52
  1948          54     0.01678  0.01664  0.50   65088    1083   64546  1158331  17.80
  1948          55     0.01814  0.01798  0.50   64005    1151   63429  1093785  17.09
  1948          56     0.01959  0.01940  0.50   62854    1219   62245  1030356  16.39
  1948          57     0.02121  0.02098  0.50   61635    1293   60988   968111  15.71
  1948          58     0.02308  0.02282  0.50   60342    1377   59653   907123  15.03
  1948          59     0.02525  0.02494  0.50   58965    1470   58230   847470  14.37
  1948          60     0.02778  0.02740  0.50   57494    1575   56707   789240  13.73
  1948          61     0.03073  0.03026  0.50   55919    1692   55073   732533  13.10
  1948          62     0.03406  0.03349  0.50   54227    1816   53319   677460  12.49
  1948          63     0.03771  0.03702  0.50   52411    1940   51441   624141  11.91
  1948          64     0.04158  0.04074  0.50   50471    2056   49443   572701  11.35
  1948          65     0.04556  0.04455  0.50   48415    2157   47336   523258  10.81
  1948          66     0.04961  0.04841  0.50   46258    2239   45138   475921  10.29
  1948          67     0.05380  0.05239  0.50   44019    2306   42866   430783   9.79
  1948          68     0.05820  0.05655  0.50   41713    2359   40533   387917   9.30
  1948          69     0.06292  0.06100  0.50   39354    2401   38153   347384   8.83
  1948          70     0.06803  0.06580  0.50   36953    2431   35737   309231   8.37
  1948          71     0.07353  0.07092  0.50   34522    2448   33297   273494   7.92
  1948          72     0.07964  0.07659  0.50   32073    2457   30845   240197   7.49
  1948          73     0.08662  0.08302  0.50   29617    2459   28387   209352   7.07
  1948          74     0.09449  0.09023  0.50   27158    2450   25933   180964   6.66
  1948          75     0.10327  0.09820  0.50   24707    2426   23494   155032   6.27
  1948          76     0.11305  0.10700  0.50   22281    2384   21089   131538   5.90
  1948          77     0.12384  0.11662  0.50   19897    2320   18737   110448   5.55
  1948          78     0.13561  0.12700  0.50   17577    2232   16461    91711   5.22
  1948          79     0.14836  0.13811  0.50   15345    2119   14285    75251   4.90
  1948          80     0.16208  0.14993  0.50   13225    1983   12234    60966   4.61
  1948          81     0.17671  0.16236  0.50   11242    1825   10330    48732   4.33
  1948          82     0.19218  0.17533  0.50    9417    1651    8592    38402   4.08
  1948          83     0.20849  0.18881  0.50    7766    1466    7033    29811   3.84
  1948          84     0.22564  0.20277  0.50    6300    1277    5661    22778   3.62
  1948          85     0.24366  0.21719  0.50    5022    1091    4477    17117   3.41
  1948          86     0.26253  0.23207  0.50    3931     912    3475    12640   3.22
  1948          87     0.28226  0.24735  0.50    3019     747    2646     9165   3.04
  1948          88     0.30283  0.26301  0.50    2272     598    1974     6519   2.87
  1948          89     0.32421  0.27898  0.50    1675     467    1441     4546   2.71
  1948          90     0.34634  0.29522  0.50    1207     356    1029     3105   2.57
  1948          91     0.36915  0.31163  0.50     851     265     718     2075   2.44
  1948          92     0.39256  0.32815  0.50     586     192     490     1357   2.32
  1948          93     0.41648  0.34470  0.50     394     136     326      867   2.20
  1948          94     0.44080  0.36119  0.50     258      93     211      541   2.10
  1948          95     0.46541  0.37755  0.50     165      62     134      330   2.00
  1948          96     0.49018  0.39369  0.50     103      40      82      196   1.92
  1948          97     0.51499  0.40954  0.50      62      25      49      114   1.84
  1948          98     0.53971  0.42502  0.50      37      16      29       65   1.76
  1948          99     0.56421  0.44007  0.50      21       9      16       36   1.69
  1948         100     0.58838  0.45463  0.50      12       5       9       19   1.63
  1948         101     0.61208  0.46865  0.50       6       3       5       10   1.58
  1948         102     0.63522  0.48210  0.50       3       2       3        5   1.52
  1948         103     0.65773  0.49495  0.50       2       1       1        3   1.48
  1948         104     0.67953  0.50720  0.50       1       0       1        1   1.43
  1948         105     0.70062  0.51886  0.50       0       0       0        1   1.39
  1948         106     0.72103  0.52997  0.50       0       0       0        0   1.36
  1948         107     0.74082  0.54058  0.50       0       0       0        0   1.32
  1948         108     0.76015  0.55080  0.50       0       0       0        0   1.29
  1948         109     0.77915  0.56071  0.50       0       0       0        0   1.27
  1948         110+    0.80527  1.00000  1.24       0       0       0        0   1.24
  1949           0     0.07663  0.07247  0.25  100000    7247   94570  5534810  55.35
  1949           1     0.01664  0.01651  0.50   92753    1531   91987  5440240  58.65
  1949           2     0.01293  0.01284  0.50   91222    1172   90636  5348253  58.63
  1949           3     0.00970  0.00965  0.50   90050     869   89616  5257616  58.39
  1949           4     0.00707  0.00705  0.50   89182     628   88867  5168000  57.95
  1949           5     0.00506  0.00504  0.50   88553     447   88330  5079133  57.36
  1949           6     0.00358  0.00357  0.50   88106     315   87949  4990803  56.65
  1949           7     0.00256  0.00256  0.50   87792     225   87679  4902854  55.85
  1949           8     0.00200  0.00200  0.50   87567     175   87479  4815175  54.99
  1949           9     0.00173  0.00173  0.50   87392     151   87316  4727696  54.10
  1949          10     0.00157  0.00157  0.50   87241     137   87173  4640379  53.19
  1949          11     0.00145  0.00145  0.50   87104     126   87041  4553207  52.27
  1949          12     0.00135  0.00135  0.50   86978     117   86919  4466166  51.35
  1949          13     0.00134  0.00134  0.50   86861     116   86802  4379246  50.42
  1949          14     0.00146  0.00146  0.50   86744     126   86681  4292444  49.48
  1949          15     0.00170  0.00170  0.50   86618     147   86544  4205763  48.56
  1949          16     0.00211  0.00211  0.50   86470     183   86379  4119219  47.64
  1949          17     0.00271  0.00270  0.50   86288     233   86171  4032840  46.74
  1949          18     0.00345  0.00344  0.50   86055     296   85907  3946668  45.86
  1949          19     0.00427  0.00426  0.50   85758     365   85576  3860762  45.02
  1949          20     0.00497  0.00496  0.50   85393     424   85181  3775186  44.21
  1949          21     0.00552  0.00551  0.50   84970     468   84736  3690005  43.43
  1949          22     0.00592  0.00590  0.50   84502     499   84252  3605269  42.67
  1949          23     0.00622  0.00620  0.50   84003     521   83743  3521017  41.92
  1949          24     0.00645  0.00643  0.50   83482     537   83214  3437274  41.17
  1949          25     0.00653  0.00651  0.50   82945     540   82676  3354061  40.44
  1949          26     0.00647  0.00645  0.50   82406     532   82140  3271385  39.70
  1949          27     0.00636  0.00634  0.50   81874     519   81614  3189245  38.95
  1949          28     0.00630  0.00628  0.50   81355     511   81099  3107631  38.20
  1949          29     0.00630  0.00628  0.50   80844     507   80590  3026531  37.44
  1949          30     0.00620  0.00618  0.50   80337     497   80088  2945941  36.67
  1949          31     0.00619  0.00617  0.50   79840     493   79593  2865853  35.90
  1949          32     0.00645  0.00643  0.50   79347     510   79092  2786259  35.11
  1949          33     0.00678  0.00676  0.50   78837     533   78570  2707168  34.34
  1949          34     0.00691  0.00689  0.50   78304     539   78034  2628597  33.57
  1949          35     0.00676  0.00674  0.50   77765     524   77502  2550563  32.80
  1949          36     0.00639  0.00637  0.50   77240     492   76994  2473061  32.02
  1949          37     0.00613  0.00611  0.50   76748     469   76513  2396067  31.22
  1949          38     0.00618  0.00617  0.50   76279     470   76044  2319553  30.41
  1949          39     0.00662  0.00660  0.50   75808     500   75558  2243510  29.59
  1949          40     0.00722  0.00720  0.50   75308     542   75037  2167951  28.79
  1949          41     0.00767  0.00764  0.50   74766     571   74480  2092914  27.99
  1949          42     0.00775  0.00772  0.50   74195     573   73908  2018434  27.20
  1949          43     0.00772  0.00769  0.50   73622     566   73339  1944526  26.41
  1949          44     0.00792  0.00789  0.50   73056     576   72768  1871187  25.61
  1949          45     0.00841  0.00838  0.50   72479     607   72176  1798419  24.81
  1949          46     0.00916  0.00912  0.50   71872     656   71544  1726244  24.02
  1949          47     0.00994  0.00989  0.50   71217     704   70865  1654699  23.23
  1949          48     0.01068  0.01063  0.50   70513     749   70138  1583835  22.46
  1949          49     0.01143  0.01137  0.50   69763     793   69367  1513697  21.70
  1949          50     0.01221  0.01214  0.50   68970     837   68552  1444330  20.94
  1949          51     0.01306  0.01297  0.50   68133     884   67691  1375778  20.19
  1949          52     0.01399  0.01389  0.50   67249     934   66782  1308087  19.45
  1949          53     0.01500  0.01489  0.50   66315     987   65821  1241306  18.72
  1949          54     0.01599  0.01586  0.50   65327    1036   64809  1175485  17.99
  1949          55     0.01708  0.01693  0.50   64291    1089   63747  1110675  17.28
  1949          56     0.01843  0.01826  0.50   63203    1154   62626  1046928  16.56
  1949          57     0.02010  0.01990  0.50   62049    1235   61431   984303  15.86
  1949          58     0.02208  0.02184  0.50   60814    1328   60150   922872  15.18
  1949          59     0.02433  0.02404  0.50   59486    1430   58771   862722  14.50
  1949          60     0.02679  0.02643  0.50   58056    1535   57289   803951  13.85
  1949          61     0.02945  0.02902  0.50   56521    1640   55701   746663  13.21
  1949          62     0.03247  0.03195  0.50   54881    1753   54004   690962  12.59
  1949          63     0.03597  0.03533  0.50   53127    1877   52189   636957  11.99
  1949          64     0.03982  0.03904  0.50   51250    2001   50250   584768  11.41
  1949          65     0.04380  0.04286  0.50   49249    2111   48194   534519  10.85
  1949          66     0.04777  0.04666  0.50   47138    2199   46039   486325  10.32
  1949          67     0.05224  0.05091  0.50   44939    2288   43795   440286   9.80
  1949          68     0.05767  0.05605  0.50   42651    2391   41455   396492   9.30
  1949          69     0.06364  0.06168  0.50   40260    2483   39019   355036   8.82
  1949          70     0.06973  0.06738  0.50   37777    2545   36504   316018   8.37
  1949          71     0.07618  0.07338  0.50   35231    2585   33939   279513   7.93
  1949          72     0.08265  0.07937  0.50   32646    2591   31351   245575   7.52
  1949          73     0.08873  0.08497  0.50   30055    2554   28778   214224   7.13
  1949          74     0.09454  0.09027  0.50   27501    2483   26260   185446   6.74
  1949          75     0.10090  0.09606  0.50   25019    2403   23817   159186   6.36
  1949          76     0.11026  0.10450  0.50   22616    2363   21434   135369   5.99
  1949          77     0.12203  0.11501  0.50   20252    2329   19088   113934   5.63
  1949          78     0.13476  0.12625  0.50   17923    2263   16792    94847   5.29
  1949          79     0.14714  0.13705  0.50   15660    2146   14587    78055   4.98
  1949          80     0.15848  0.14684  0.50   13514    1984   12522    63468   4.70
  1949          81     0.17043  0.15705  0.50   11530    1811   10624    50946   4.42
  1949          82     0.18472  0.16910  0.50    9719    1643    8897    40322   4.15
  1949          83     0.20105  0.18269  0.50    8075    1475    7338    31424   3.89
  1949          84     0.21900  0.19739  0.50    6600    1303    5949    24087   3.65
  1949          85     0.23827  0.21290  0.50    5297    1128    4733    18138   3.42
  1949          86     0.25868  0.22906  0.50    4170     955    3692    13404   3.21
  1949          87     0.28013  0.24571  0.50    3214     790    2820     9712   3.02
  1949          88     0.30258  0.26282  0.50    2425     637    2106     6893   2.84
  1949          89     0.32599  0.28030  0.50    1787     501    1537     4787   2.68
  1949          90     0.35030  0.29809  0.50    1286     383    1095     3250   2.53
  1949          91     0.37540  0.31607  0.50     903     285     760     2155   2.39
  1949          92     0.40119  0.33416  0.50     618     206     514     1395   2.26
  1949          93     0.42755  0.35225  0.50     411     145     339      881   2.14
  1949          94     0.45432  0.37022  0.50     266      99     217      542   2.03
  1949          95     0.48136  0.38798  0.50     168      65     135      325   1.94
  1949          96     0.50851  0.40543  0.50     103      42      82      190   1.85
  1949          97     0.53561  0.42247  0.50      61      26      48      108   1.77
  1949          98     0.56250  0.43902  0.50      35      15      28       60   1.69
  1949          99     0.58903  0.45502  0.50      20       9      15       32   1.62
  1949         100     0.61505  0.47039  0.50      11       5       8       17   1.56
  1949         101     0.64044  0.48510  0.50       6       3       4        9   1.51
  1949         102     0.66506  0.49910  0.50       3       1       2        4   1.46
  1949         103     0.68882  0.51236  0.50       1       1       1        2   1.41
  1949         104     0.71161  0.52486  0.50       1       0       1        1   1.37
  1949         105     0.73334  0.53659  0.50       0       0       0        0   1.33
  1949         106     0.75396  0.54755  0.50       0       0       0        0   1.30
  1949         107     0.77342  0.55774  0.50       0       0       0        0   1.27
  1949         108     0.79183  0.56725  0.50       0       0       0        0   1.24
  1949         109     0.80938  0.57620  0.50       0       0       0        0   1.22
  1949         110+    0.83545  1.00000  1.20       0       0       0        0   1.20
  1950           0     0.07505  0.07103  0.25  100000    7103   94647  5645623  56.46
  1950           1     0.01329  0.01320  0.50   92897    1226   92284  5550976  59.75
  1950           2     0.01105  0.01099  0.50   91671    1007   91167  5458692  59.55
  1950           3     0.00883  0.00879  0.50   90664     797   90265  5367524  59.20
  1950           4     0.00678  0.00676  0.50   89867     607   89563  5277259  58.72
  1950           5     0.00506  0.00505  0.50   89260     450   89034  5187696  58.12
  1950           6     0.00373  0.00372  0.50   88809     331   88644  5098661  57.41
  1950           7     0.00280  0.00279  0.50   88479     247   88355  5010017  56.62
  1950           8     0.00214  0.00214  0.50   88232     188   88137  4921662  55.78
  1950           9     0.00168  0.00168  0.50   88043     148   87969  4833525  54.90
  1950          10     0.00137  0.00137  0.50   87895     121   87835  4745556  53.99
  1950          11     0.00117  0.00117  0.50   87774     103   87723  4657721  53.06
  1950          12     0.00104  0.00104  0.50   87672      91   87626  4569998  52.13
  1950          13     0.00102  0.00102  0.50   87580      89   87536  4482371  51.18
  1950          14     0.00112  0.00112  0.50   87491      98   87443  4394836  50.23
  1950          15     0.00136  0.00136  0.50   87394     119   87334  4307393  49.29
  1950          16     0.00172  0.00172  0.50   87275     150   87200  4220058  48.35
  1950          17     0.00218  0.00218  0.50   87125     190   87030  4132859  47.44
  1950          18     0.00267  0.00267  0.50   86935     232   86819  4045829  46.54
  1950          19     0.00316  0.00316  0.50   86703     274   86566  3959009  45.66
  1950          20     0.00361  0.00361  0.50   86429     312   86273  3872443  44.80
  1950          21     0.00400  0.00399  0.50   86117     344   85946  3786170  43.97
  1950          22     0.00432  0.00432  0.50   85774     370   85589  3700224  43.14
  1950          23     0.00461  0.00460  0.50   85403     393   85207  3614636  42.32
  1950          24     0.00486  0.00485  0.50   85011     412   84805  3529429  41.52
  1950          25     0.00506  0.00505  0.50   84599     427   84385  3444624  40.72
  1950          26     0.00523  0.00522  0.50   84172     439   83952  3360239  39.92
  1950          27     0.00543  0.00541  0.50   83732     453   83506  3276287  39.13
  1950          28     0.00566  0.00564  0.50   83279     470   83044  3192781  38.34
  1950          29     0.00589  0.00587  0.50   82809     486   82566  3109737  37.55
  1950          30     0.00595  0.00593  0.50   82323     488   82079  3027171  36.77
  1950          31     0.00582  0.00580  0.50   81834     475   81597  2945092  35.99
  1950          32     0.00553  0.00551  0.50   81360     449   81135  2863495  35.20
  1950          33     0.00522  0.00520  0.50   80911     421   80700  2782360  34.39
  1950          34     0.00503  0.00502  0.50   80490     404   80288  2701660  33.57
  1950          35     0.00505  0.00504  0.50   80086     404   79884  2621372  32.73
  1950          36     0.00530  0.00528  0.50   79682     421   79472  2541488  31.90
  1950          37     0.00568  0.00566  0.50   79261     449   79037  2462016  31.06
  1950          38     0.00609  0.00607  0.50   78812     478   78573  2382979  30.24
  1950          39     0.00642  0.00640  0.50   78334     501   78084  2304406  29.42
  1950          40     0.00668  0.00665  0.50   77833     518   77574  2226323  28.60
  1950          41     0.00687  0.00685  0.50   77315     530   77050  2148749  27.79
  1950          42     0.00702  0.00700  0.50   76785     537   76517  2071698  26.98
  1950          43     0.00717  0.00715  0.50   76248     545   75976  1995181  26.17
  1950          44     0.00739  0.00737  0.50   75703     558   75424  1919206  25.35
  1950          45     0.00771  0.00768  0.50   75146     577   74857  1843781  24.54
  1950          46     0.00814  0.00811  0.50   74568     605   74266  1768924  23.72
  1950          47     0.00868  0.00864  0.50   73964     639   73644  1694658  22.91
  1950          48     0.00926  0.00921  0.50   73324     676   72986  1621014  22.11
  1950          49     0.00983  0.00978  0.50   72649     711   72293  1548028  21.31
  1950          50     0.01056  0.01050  0.50   71938     755   71560  1475734  20.51
  1950          51     0.01160  0.01153  0.50   71183     821   70772  1404174  19.73
  1950          52     0.01296  0.01287  0.50   70362     906   69909  1333401  18.95
  1950          53     0.01455  0.01445  0.50   69456    1004   68955  1263492  18.19
  1950          54     0.01620  0.01607  0.50   68453    1100   67903  1194538  17.45
  1950          55     0.01780  0.01764  0.50   67353    1188   66759  1126635  16.73
  1950          56     0.01932  0.01913  0.50   66165    1266   65532  1059876  16.02
  1950          57     0.02100  0.02078  0.50   64899    1349   64224   994345  15.32
  1950          58     0.02304  0.02277  0.50   63550    1447   62826   930120  14.64
  1950          59     0.02537  0.02505  0.50   62103    1556   61325   867294  13.97
  1950          60     0.02818  0.02779  0.50   60547    1683   59706   805969  13.31
  1950          61     0.03167  0.03118  0.50   58864    1835   57947   746263  12.68
  1950          62     0.03569  0.03507  0.50   57029    2000   56029   688316  12.07
  1950          63     0.04002  0.03924  0.50   55029    2159   53950   632287  11.49
  1950          64     0.04442  0.04346  0.50   52870    2298   51721   578337  10.94
  1950          65     0.04873  0.04757  0.50   50572    2406   49370   526616  10.41
  1950          66     0.05305  0.05168  0.50   48167    2489   46922   477246   9.91
  1950          67     0.05759  0.05598  0.50   45678    2557   44399   430324   9.42
  1950          68     0.06256  0.06066  0.50   43121    2616   41813   385925   8.95
  1950          69     0.06809  0.06585  0.50   40505    2667   39171   344112   8.50
  1950          70     0.07409  0.07144  0.50   37838    2703   36486   304941   8.06
  1950          71     0.07988  0.07681  0.50   35134    2699   33785   268455   7.64
  1950          72     0.08555  0.08204  0.50   32436    2661   31105   234670   7.23
  1950          73     0.09143  0.08744  0.50   29775    2603   28473   203564   6.84
  1950          74     0.09799  0.09341  0.50   27171    2538   25902   175091   6.44
  1950          75     0.10572  0.10041  0.50   24633    2473   23397   149189   6.06
  1950          76     0.11525  0.10897  0.50   22160    2415   20952   125792   5.68
  1950          77     0.12697  0.11939  0.50   19745    2357   18566   104840   5.31
  1950          78     0.14107  0.13178  0.50   17388    2291   16242    86273   4.96
  1950          79     0.15723  0.14577  0.50   15096    2201   13996    70031   4.64
  1950          80     0.17483  0.16077  0.50   12896    2073   11859    56035   4.35
  1950          81     0.19278  0.17583  0.50   10823    1903    9871    44176   4.08
  1950          82     0.21017  0.19018  0.50    8920    1696    8071    34305   3.85
  1950          83     0.22724  0.20406  0.50    7223    1474    6486    26233   3.63
  1950          84     0.24439  0.21777  0.50    5749    1252    5123    19747   3.43
  1950          85     0.26192  0.23159  0.50    4497    1042    3976    14624   3.25
  1950          86     0.28004  0.24565  0.50    3456     849    3031    10647   3.08
  1950          87     0.29892  0.26005  0.50    2607     678    2268     7616   2.92
  1950          88     0.31857  0.27480  0.50    1929     530    1664     5348   2.77
  1950          89     0.33894  0.28982  0.50    1399     405    1196     3684   2.63
  1950          90     0.35998  0.30507  0.50     993     303     842     2488   2.50
  1950          91     0.38160  0.32046  0.50     690     221     580     1646   2.38
  1950          92     0.40372  0.33591  0.50     469     158     390     1066   2.27
  1950          93     0.42624  0.35136  0.50     312     109     257      676   2.17
  1950          94     0.44907  0.36673  0.50     202      74     165      419   2.07
  1950          95     0.47212  0.38195  0.50     128      49     104      254   1.99
  1950          96     0.49528  0.39697  0.50      79      31      63      151   1.90
  1950          97     0.51846  0.41173  0.50      48      20      38       87   1.83
  1950          98     0.54156  0.42616  0.50      28      12      22       49   1.76
  1950          99     0.56449  0.44023  0.50      16       7      13       27   1.70
  1950         100     0.58714  0.45389  0.50       9       4       7       15   1.64
  1950         101     0.60943  0.46710  0.50       5       2       4        8   1.58
  1950         102     0.63125  0.47981  0.50       3       1       2        4   1.53
  1950         103     0.65253  0.49201  0.50       1       1       1        2   1.49
  1950         104     0.67318  0.50366  0.50       1       0       1        1   1.45
  1950         105     0.69314  0.51475  0.50       0       0       0        0   1.41
  1950         106     0.71239  0.52529  0.50       0       0       0        0   1.37
  1950         107     0.73093  0.53530  0.50       0       0       0        0   1.34
  1950         108     0.74887  0.54485  0.50       0       0       0        0   1.31
  1950         109     0.76636  0.55405  0.50       0       0       0        0   1.29
  1950         110+    0.79334  1.00000  1.26       0       0       0        0   1.26
  1951           0     0.06933  0.06582  0.23  100000    6582   94939  5819411  58.19
  1951           1     0.01237  0.01230  0.50   93418    1149   92843  5724472  61.28
  1951           2     0.01104  0.01098  0.50   92269    1013   91762  5631629  61.03
  1951           3     0.00892  0.00888  0.50   91256     810   90850  5539866  60.71
  1951           4     0.00631  0.00629  0.50   90445     569   90161  5449016  60.25
  1951           5     0.00388  0.00387  0.50   89877     348   89703  5358855  59.62
  1951           6     0.00236  0.00236  0.50   89529     211   89423  5269152  58.85
  1951           7     0.00207  0.00206  0.50   89317     184   89225  5179729  57.99
  1951           8     0.00194  0.00194  0.50   89133     173   89046  5090504  57.11
  1951           9     0.00177  0.00176  0.50   88960     157   88881  5001458  56.22
  1951          10     0.00160  0.00159  0.50   88803     142   88732  4912576  55.32
  1951          11     0.00145  0.00145  0.50   88661     128   88597  4823844  54.41
  1951          12     0.00132  0.00132  0.50   88533     117   88475  4735247  53.49
  1951          13     0.00122  0.00122  0.50   88416     108   88362  4646772  52.56
  1951          14     0.00120  0.00120  0.50   88308     106   88255  4558410  51.62
  1951          15     0.00130  0.00130  0.50   88202     115   88144  4470155  50.68
  1951          16     0.00150  0.00150  0.50   88087     132   88021  4382011  49.75
  1951          17     0.00177  0.00177  0.50   87955     156   87877  4293990  48.82
  1951          18     0.00215  0.00214  0.50   87799     188   87705  4206113  47.91
  1951          19     0.00261  0.00260  0.50   87611     228   87497  4118408  47.01
  1951          20     0.00293  0.00293  0.50   87383     256   87255  4030911  46.13
  1951          21     0.00323  0.00323  0.50   87127     281   86986  3943656  45.26
  1951          22     0.00363  0.00362  0.50   86846     314   86689  3856670  44.41
  1951          23     0.00396  0.00395  0.50   86531     342   86360  3769981  43.57
  1951          24     0.00408  0.00408  0.50   86189     351   86014  3683621  42.74
  1951          25     0.00414  0.00413  0.50   85838     355   85661  3597607  41.91
  1951          26     0.00417  0.00416  0.50   85483     356   85305  3511946  41.08
  1951          27     0.00420  0.00419  0.50   85127     357   84949  3426641  40.25
  1951          28     0.00444  0.00443  0.50   84771     375   84583  3341692  39.42
  1951          29     0.00491  0.00489  0.50   84395     413   84189  3257109  38.59
  1951          30     0.00497  0.00496  0.50   83982     416   83774  3172921  37.78
  1951          31     0.00474  0.00473  0.50   83566     395   83368  3089147  36.97
  1951          32     0.00451  0.00450  0.50   83171     374   82984  3005778  36.14
  1951          33     0.00437  0.00436  0.50   82797     361   82616  2922794  35.30
  1951          34     0.00433  0.00432  0.50   82436     356   82258  2840178  34.45
  1951          35     0.00436  0.00435  0.50   82080     357   81901  2757921  33.60
  1951          36     0.00440  0.00439  0.50   81723     359   81543  2676019  32.75
  1951          37     0.00444  0.00443  0.50   81364     360   81184  2594476  31.89
  1951          38     0.00450  0.00449  0.50   81003     364   80821  2513292  31.03
  1951          39     0.00463  0.00462  0.50   80640     372   80453  2432471  30.16
  1951          40     0.00483  0.00482  0.50   80267     387   80074  2352018  29.30
  1951          41     0.00513  0.00512  0.50   79880     409   79676  2271944  28.44
  1951          42     0.00552  0.00550  0.50   79471     437   79253  2192268  27.59
  1951          43     0.00598  0.00596  0.50   79034     471   78798  2113016  26.74
  1951          44     0.00650  0.00648  0.50   78563     509   78308  2034217  25.89
  1951          45     0.00707  0.00704  0.50   78054     550   77779  1955909  25.06
  1951          46     0.00767  0.00764  0.50   77504     592   77208  1878130  24.23
  1951          47     0.00826  0.00823  0.50   76912     633   76595  1800923  23.42
  1951          48     0.00870  0.00867  0.50   76279     661   75948  1724328  22.61
  1951          49     0.00894  0.00890  0.50   75618     673   75281  1648379  21.80
  1951          50     0.00923  0.00918  0.50   74945     688   74601  1573098  20.99
  1951          51     0.00986  0.00981  0.50   74257     728   73892  1498497  20.18
  1951          52     0.01090  0.01084  0.50   73528     797   73130  1424605  19.37
  1951          53     0.01237  0.01229  0.50   72731     894   72284  1351475  18.58
  1951          54     0.01426  0.01415  0.50   71837    1017   71329  1279191  17.81
  1951          55     0.01646  0.01633  0.50   70820    1156   70242  1207862  17.06
  1951          56     0.01883  0.01865  0.50   69664    1299   69015  1137620  16.33
  1951          57     0.02110  0.02088  0.50   68365    1427   67651  1068605  15.63
  1951          58     0.02308  0.02282  0.50   66938    1527   66174  1000954  14.95
  1951          59     0.02492  0.02461  0.50   65410    1610   64605   934780  14.29
  1951          60     0.02695  0.02659  0.50   63801    1697   62952   870174  13.64
  1951          61     0.02944  0.02901  0.50   62104    1802   61203   807222  13.00
  1951          62     0.03226  0.03175  0.50   60302    1914   59345   746019  12.37
  1951          63     0.03525  0.03464  0.50   58388    2022   57376   686674  11.76
  1951          64     0.03850  0.03778  0.50   56365    2129   55301   629298  11.16
  1951          65     0.04207  0.04120  0.50   54236    2235   53119   573997  10.58
  1951          66     0.04585  0.04482  0.50   52001    2331   50836   520878  10.02
  1951          67     0.05130  0.05002  0.50   49671    2484   48428   470043   9.46
  1951          68     0.05933  0.05762  0.50   47186    2719   45827   421614   8.94
  1951          69     0.06693  0.06477  0.50   44467    2880   43027   375787   8.45
  1951          70     0.07242  0.06989  0.50   41587    2907   40134   332760   8.00
  1951          71     0.08074  0.07760  0.50   38681    3002   37180   292626   7.57
  1951          72     0.08925  0.08544  0.50   35679    3048   34155   255446   7.16
  1951          73     0.09464  0.09036  0.50   32631    2949   31156   221291   6.78
  1951          74     0.10061  0.09579  0.50   29682    2843   28261   190135   6.41
  1951          75     0.11025  0.10449  0.50   26839    2804   25437   161874   6.03
  1951          76     0.11887  0.11220  0.50   24035    2697   22686   136437   5.68
  1951          77     0.12657  0.11904  0.50   21338    2540   20068   113751   5.33
  1951          78     0.13560  0.12699  0.50   18798    2387   17604    93683   4.98
  1951          79     0.14955  0.13914  0.50   16411    2283   15269    76079   4.64
  1951          80     0.17033  0.15697  0.50   14127    2218   13019    60810   4.30
  1951          81     0.19178  0.17500  0.50   11910    2084   10868    47791   4.01
  1951          82     0.20895  0.18919  0.50    9826    1859    8896    36923   3.76
  1951          83     0.22778  0.20449  0.50    7967    1629    7152    28027   3.52
  1951          84     0.24876  0.22124  0.50    6338    1402    5637    20875   3.29
  1951          85     0.27060  0.23835  0.50    4935    1176    4347    15238   3.09
  1951          86     0.29345  0.25590  0.50    3759     962    3278    10891   2.90
  1951          87     0.31760  0.27408  0.50    2797     767    2414     7613   2.72
  1951          88     0.34274  0.29260  0.50    2030     594    1733     5199   2.56
  1951          89     0.36874  0.31134  0.50    1436     447    1213     3466   2.41
  1951          90     0.39556  0.33024  0.50     989     327     826     2253   2.28
  1951          91     0.42302  0.34917  0.50     663     231     547     1427   2.15
  1951          92     0.45096  0.36799  0.50     431     159     352      880   2.04
  1951          93     0.47921  0.38659  0.50     273     105     220      528   1.94
  1951          94     0.50760  0.40485  0.50     167      68     133      309   1.85
  1951          95     0.53594  0.42268  0.50      99      42      78      175   1.76
  1951          96     0.56405  0.43997  0.50      57      25      45       97   1.68
  1951          97     0.59175  0.45664  0.50      32      15      25       52   1.62
  1951          98     0.61888  0.47263  0.50      17       8      13       27   1.55
  1951          99     0.64529  0.48788  0.50       9       4       7       14   1.50
  1951         100     0.67085  0.50235  0.50       5       2       4        7   1.45
  1951         101     0.69543  0.51601  0.50       2       1       2        3   1.40
  1951         102     0.71894  0.52884  0.50       1       1       1        2   1.36
  1951         103     0.74132  0.54085  0.50       1       0       0        1   1.32
  1951         104     0.76250  0.55204  0.50       0       0       0        0   1.29
  1951         105     0.78245  0.56242  0.50       0       0       0        0   1.26
  1951         106     0.80116  0.57202  0.50       0       0       0        0   1.23
  1951         107     0.81867  0.58089  0.50       0       0       0        0   1.21
  1951         108     0.83490  0.58902  0.50       0       0       0        0   1.18
  1951         109     0.84988  0.59643  0.50       0       0       0        0   1.16
  1951         110+    0.87162  1.00000  1.15       0       0       0        0   1.15
  1952           0     0.06302  0.06005  0.21  100000    6005   95281  6010084  60.10
  1952           1     0.00982  0.00977  0.50   93995     918   93536  5914803  62.93
  1952           2     0.00833  0.00829  0.50   93077     772   92691  5821266  62.54
  1952           3     0.00677  0.00674  0.50   92305     622   91994  5728575  62.06
  1952           4     0.00524  0.00523  0.50   91683     479   91443  5636581  61.48
  1952           5     0.00390  0.00389  0.50   91204     355   91026  5545138  60.80
  1952           6     0.00283  0.00283  0.50   90849     257   90720  5454111  60.04
  1952           7     0.00208  0.00207  0.50   90592     188   90498  5363391  59.20
  1952           8     0.00155  0.00155  0.50   90404     140   90334  5272893  58.33
  1952           9     0.00120  0.00120  0.50   90264     108   90210  5182559  57.42
  1952          10     0.00095  0.00095  0.50   90156      86   90113  5092349  56.48
  1952          11     0.00080  0.00080  0.50   90070      72   90034  5002236  55.54
  1952          12     0.00074  0.00074  0.50   89998      67   89965  4912202  54.58
  1952          13     0.00079  0.00079  0.50   89931      71   89896  4822237  53.62
  1952          14     0.00094  0.00094  0.50   89860      84   89818  4732341  52.66
  1952          15     0.00118  0.00118  0.50   89776     106   89723  4642523  51.71
  1952          16     0.00147  0.00147  0.50   89670     132   89604  4552800  50.77
  1952          17     0.00179  0.00179  0.50   89538     160   89458  4463196  49.85
  1952          18     0.00207  0.00207  0.50   89378     185   89286  4373737  48.94
  1952          19     0.00229  0.00229  0.50   89193     204   89091  4284452  48.04
  1952          20     0.00244  0.00244  0.50   88989     217   88880  4195361  47.14
  1952          21     0.00254  0.00254  0.50   88772     225   88659  4106481  46.26
  1952          22     0.00263  0.00262  0.50   88546     232   88430  4017822  45.38
  1952          23     0.00271  0.00270  0.50   88314     239   88195  3929391  44.49
  1952          24     0.00279  0.00279  0.50   88075     245   87953  3841197  43.61
  1952          25     0.00288  0.00288  0.50   87830     253   87704  3753244  42.73
  1952          26     0.00299  0.00299  0.50   87577     262   87446  3665540  41.85
  1952          27     0.00315  0.00315  0.50   87315     275   87178  3578094  40.98
  1952          28     0.00335  0.00335  0.50   87041     291   86895  3490916  40.11
  1952          29     0.00359  0.00358  0.50   86749     310   86594  3404021  39.24
  1952          30     0.00381  0.00381  0.50   86439     329   86274  3317427  38.38
  1952          31     0.00399  0.00399  0.50   86110     343   85938  3231152  37.52
  1952          32     0.00410  0.00409  0.50   85767     351   85591  3145214  36.67
  1952          33     0.00416  0.00415  0.50   85415     355   85238  3059623  35.82
  1952          34     0.00419  0.00419  0.50   85061     356   84883  2974385  34.97
  1952          35     0.00424  0.00423  0.50   84705     358   84526  2889502  34.11
  1952          36     0.00431  0.00430  0.50   84347     363   84165  2804976  33.26
  1952          37     0.00440  0.00439  0.50   83984     369   83800  2720811  32.40
  1952          38     0.00453  0.00452  0.50   83615     378   83427  2637012  31.54
  1952          39     0.00471  0.00470  0.50   83238     391   83042  2553585  30.68
  1952          40     0.00494  0.00493  0.50   82847     408   82643  2470543  29.82
  1952          41     0.00519  0.00518  0.50   82439     427   82225  2387900  28.97
  1952          42     0.00546  0.00544  0.50   82012     446   81789  2305675  28.11
  1952          43     0.00575  0.00573  0.50   81566     467   81332  2223886  27.27
  1952          44     0.00608  0.00606  0.50   81098     491   80853  2142554  26.42
  1952          45     0.00648  0.00646  0.50   80607     520   80347  2061702  25.58
  1952          46     0.00700  0.00697  0.50   80087     558   79807  1981355  24.74
  1952          47     0.00768  0.00765  0.50   79528     609   79224  1901547  23.91
  1952          48     0.00851  0.00847  0.50   78919     669   78585  1822324  23.09
  1952          49     0.00942  0.00938  0.50   78251     734   77884  1743739  22.28
  1952          50     0.01036  0.01030  0.50   77517     799   77118  1665855  21.49
  1952          51     0.01126  0.01120  0.50   76718     859   76289  1588737  20.71
  1952          52     0.01211  0.01204  0.50   75859     913   75402  1512448  19.94
  1952          53     0.01289  0.01281  0.50   74946     960   74466  1437046  19.17
  1952          54     0.01366  0.01357  0.50   73986    1004   73484  1362580  18.42
  1952          55     0.01461  0.01451  0.50   72982    1059   72452  1289096  17.66
  1952          56     0.01594  0.01581  0.50   71923    1137   71354  1216644  16.92
  1952          57     0.01771  0.01755  0.50   70786    1242   70165  1145290  16.18
  1952          58     0.01992  0.01972  0.50   69543    1371   68858  1075125  15.46
  1952          59     0.02241  0.02216  0.50   68172    1511   67417  1006267  14.76
  1952          60     0.02514  0.02483  0.50   66661    1655   65834   938851  14.08
  1952          61     0.02807  0.02769  0.50   65006    1800   64106   873017  13.43
  1952          62     0.03121  0.03073  0.50   63206    1942   62235   808911  12.80
  1952          63     0.03455  0.03396  0.50   61264    2080   60224   746676  12.19
  1952          64     0.03809  0.03738  0.50   59183    2212   58077   686452  11.60
  1952          65     0.04191  0.04105  0.50   56971    2338   55802   628375  11.03
  1952          66     0.04618  0.04514  0.50   54633    2466   53400   572573  10.48
  1952          67     0.05097  0.04970  0.50   52167    2593   50870   519173   9.95
  1952          68     0.05622  0.05469  0.50   49574    2711   48218   468303   9.45
  1952          69     0.06170  0.05986  0.50   46863    2805   45460   420085   8.96
  1952          70     0.06719  0.06501  0.50   44058    2864   42626   374624   8.50
  1952          71     0.07277  0.07021  0.50   41194    2892   39747   331999   8.06
  1952          72     0.07874  0.07576  0.50   38301    2902   36850   292252   7.63
  1952          73     0.08539  0.08189  0.50   35400    2899   33950   255401   7.21
  1952          74     0.09271  0.08861  0.50   32501    2880   31061   221451   6.81
  1952          75     0.10072  0.09589  0.50   29621    2840   28201   190390   6.43
  1952          76     0.10967  0.10397  0.50   26780    2784   25388   162190   6.06
  1952          77     0.11965  0.11290  0.50   23996    2709   22641   136802   5.70
  1952          78     0.13074  0.12272  0.50   21287    2612   19981   114160   5.36
  1952          79     0.14308  0.13352  0.50   18675    2493   17428    94180   5.04
  1952          80     0.15669  0.14531  0.50   16181    2351   15005    76752   4.74
  1952          81     0.17116  0.15766  0.50   13830    2180   12740    61746   4.46
  1952          82     0.18604  0.17021  0.50   11649    1983   10658    49007   4.21
  1952          83     0.20141  0.18298  0.50    9667    1769    8782    38349   3.97
  1952          84     0.21741  0.19610  0.50    7898    1549    7123    29567   3.74
  1952          85     0.23416  0.20962  0.50    6349    1331    5684    22443   3.53
  1952          86     0.25172  0.22358  0.50    5018    1122    4457    16760   3.34
  1952          87     0.27014  0.23799  0.50    3896     927    3433    12303   3.16
  1952          88     0.28941  0.25282  0.50    2969     751    2594     8870   2.99
  1952          89     0.30948  0.26801  0.50    2218     595    1921     6276   2.83
  1952          90     0.33032  0.28350  0.50    1624     460    1394     4355   2.68
  1952          91     0.35185  0.29921  0.50    1163     348     989     2962   2.55
  1952          92     0.37400  0.31508  0.50     815     257     687     1972   2.42
  1952          93     0.39670  0.33104  0.50     558     185     466     1286   2.30
  1952          94     0.41984  0.34700  0.50     374     130     309      819   2.19
  1952          95     0.44334  0.36290  0.50     244      89     200      511   2.09
  1952          96     0.46710  0.37866  0.50     155      59     126      311   2.00
  1952          97     0.49101  0.39423  0.50      97      38      78      185   1.92
  1952          98     0.51496  0.40952  0.50      58      24      47      108   1.84
  1952          99     0.53884  0.42448  0.50      35      15      27       61   1.77
  1952         100     0.56255  0.43906  0.50      20       9      16       34   1.70
  1952         101     0.58598  0.45320  0.50      11       5       9       18   1.64
  1952         102     0.60901  0.46685  0.50       6       3       5       10   1.58
  1952         103     0.63155  0.47999  0.50       3       2       2        5   1.53
  1952         104     0.65351  0.49256  0.50       2       1       1        3   1.49
  1952         105     0.67479  0.50455  0.50       1       0       1        1   1.44
  1952         106     0.69533  0.51595  0.50       0       0       0        1   1.40
  1952         107     0.71514  0.52678  0.50       0       0       0        0   1.37
  1952         108     0.73428  0.53709  0.50       0       0       0        0   1.34
  1952         109     0.75293  0.54700  0.50       0       0       0        0   1.31
  1952         110+    0.78221  1.00000  1.28       0       0       0        0   1.28
  1953           0     0.06583  0.06262  0.22  100000    6262   95126  5985240  59.85
  1953           1     0.00911  0.00907  0.50   93738     850   93313  5890114  62.84
  1953           2     0.00772  0.00769  0.50   92888     715   92531  5796800  62.41
  1953           3     0.00629  0.00627  0.50   92174     578   91885  5704269  61.89
  1953           4     0.00486  0.00485  0.50   91596     444   91374  5612385  61.27
  1953           5     0.00354  0.00354  0.50   91152     322   90991  5521011  60.57
  1953           6     0.00253  0.00253  0.50   90829     229   90715  5430020  59.78
  1953           7     0.00194  0.00194  0.50   90600     175   90512  5339305  58.93
  1953           8     0.00160  0.00160  0.50   90425     144   90353  5248793  58.05
  1953           9     0.00135  0.00135  0.50   90280     122   90219  5158440  57.14
  1953          10     0.00111  0.00111  0.50   90158     100   90108  5068221  56.21
  1953          11     0.00090  0.00090  0.50   90058      81   90017  4978113  55.28
  1953          12     0.00078  0.00078  0.50   89977      70   89942  4888095  54.33
  1953          13     0.00074  0.00074  0.50   89907      66   89874  4798154  53.37
  1953          14     0.00079  0.00079  0.50   89840      71   89805  4708280  52.41
  1953          15     0.00091  0.00091  0.50   89770      82   89729  4618475  51.45
  1953          16     0.00114  0.00114  0.50   89688     102   89637  4528746  50.49
  1953          17     0.00150  0.00150  0.50   89586     134   89518  4439109  49.55
  1953          18     0.00190  0.00190  0.50   89451     170   89367  4349591  48.63
  1953          19     0.00227  0.00226  0.50   89282     202   89181  4260224  47.72
  1953          20     0.00260  0.00259  0.50   89080     231   88964  4171044  46.82
  1953          21     0.00286  0.00286  0.50   88849     254   88722  4082080  45.94
  1953          22     0.00302  0.00301  0.50   88595     267   88461  3993358  45.07
  1953          23     0.00309  0.00309  0.50   88328     273   88192  3904896  44.21
  1953          24     0.00313  0.00312  0.50   88055     275   87917  3816705  43.34
  1953          25     0.00312  0.00312  0.50   87780     274   87643  3728787  42.48
  1953          26     0.00310  0.00309  0.50   87506     271   87371  3641144  41.61
  1953          27     0.00308  0.00308  0.50   87236     268   87101  3553774  40.74
  1953          28     0.00309  0.00309  0.50   86967     269   86833  3466672  39.86
  1953          29     0.00315  0.00314  0.50   86699     273   86562  3379839  38.98
  1953          30     0.00321  0.00320  0.50   86426     277   86288  3293277  38.11
  1953          31     0.00327  0.00327  0.50   86149     281   86009  3206989  37.23
  1953          32     0.00335  0.00334  0.50   85868     287   85724  3120981  36.35
  1953          33     0.00337  0.00336  0.50   85581     288   85437  3035256  35.47
  1953          34     0.00330  0.00329  0.50   85293     281   85153  2949819  34.58
  1953          35     0.00325  0.00324  0.50   85013     275   84875  2864666  33.70
  1953          36     0.00333  0.00332  0.50   84737     282   84596  2779791  32.80
  1953          37     0.00353  0.00352  0.50   84456     297   84307  2695195  31.91
  1953          38     0.00380  0.00379  0.50   84158     319   83999  2610888  31.02
  1953          39     0.00412  0.00411  0.50   83839     345   83667  2526889  30.14
  1953          40     0.00446  0.00445  0.50   83495     372   83309  2443222  29.26
  1953          41     0.00480  0.00479  0.50   83123     398   82924  2359913  28.39
  1953          42     0.00507  0.00506  0.50   82725     419   82516  2276989  27.52
  1953          43     0.00538  0.00537  0.50   82307     442   82086  2194473  26.66
  1953          44     0.00581  0.00580  0.50   81865     474   81628  2112387  25.80
  1953          45     0.00624  0.00622  0.50   81390     506   81137  2030760  24.95
  1953          46     0.00660  0.00658  0.50   80884     532   80618  1949622  24.10
  1953          47     0.00711  0.00709  0.50   80352     569   80067  1869004  23.26
  1953          48     0.00782  0.00779  0.50   79783     621   79472  1788937  22.42
  1953          49     0.00867  0.00863  0.50   79162     684   78820  1709465  21.59
  1953          50     0.00964  0.00960  0.50   78478     753   78102  1630645  20.78
  1953          51     0.01071  0.01065  0.50   77725     828   77311  1552543  19.97
  1953          52     0.01194  0.01187  0.50   76897     913   76441  1475232  19.18
  1953          53     0.01337  0.01328  0.50   75984    1009   75480  1398792  18.41
  1953          54     0.01487  0.01476  0.50   74975    1106   74422  1323312  17.65
  1953          55     0.01633  0.01620  0.50   73869    1197   73271  1248890  16.91
  1953          56     0.01780  0.01764  0.50   72672    1282   72031  1175619  16.18
  1953          57     0.01974  0.01954  0.50   71390    1395   70693  1103588  15.46
  1953          58     0.02230  0.02205  0.50   69995    1544   69223  1032895  14.76
  1953          59     0.02433  0.02404  0.50   68451    1645   67629   963672  14.08
  1953          60     0.02616  0.02582  0.50   66806    1725   65944   896043  13.41
  1953          61     0.02851  0.02811  0.50   65081    1829   64166   830100  12.75
  1953          62     0.03166  0.03117  0.50   63252    1972   62266   765933  12.11
  1953          63     0.03571  0.03508  0.50   61280    2150   60205   703668  11.48
  1953          64     0.04044  0.03964  0.50   59130    2344   57958   643463  10.88
  1953          65     0.04561  0.04459  0.50   56786    2532   55520   585504  10.31
  1953          66     0.05107  0.04980  0.50   54254    2702   52903   529984   9.77
  1953          67     0.05679  0.05522  0.50   51552    2847   50129   477081   9.25
  1953          68     0.06268  0.06078  0.50   48706    2960   47226   426952   8.77
  1953          69     0.06853  0.06626  0.50   45746    3031   44230   379726   8.30
  1953          70     0.07402  0.07138  0.50   42714    3049   41190   335496   7.85
  1953          71     0.07904  0.07604  0.50   39665    3016   38157   294306   7.42
  1953          72     0.08514  0.08167  0.50   36649    2993   35153   256149   6.99
  1953          73     0.09379  0.08959  0.50   33656    3015   32149   220996   6.57
  1953          74     0.10442  0.09924  0.50   30641    3041   29121   188848   6.16
  1953          75     0.11663  0.11020  0.50   27600    3042   26079   159727   5.79
  1953          76     0.13155  0.12343  0.50   24559    3031   23043   133648   5.44
  1953          77     0.14600  0.13607  0.50   21527    2929   20063   110605   5.14
  1953          78     0.15665  0.14527  0.50   18598    2702   17247    90542   4.87
  1953          79     0.16452  0.15201  0.50   15896    2416   14688    73295   4.61
  1953          80     0.17218  0.15854  0.50   13480    2137   12411    58606   4.35
  1953          81     0.18400  0.16850  0.50   11343    1911   10387    46195   4.07
  1953          82     0.20258  0.18395  0.50    9432    1735    8564    35808   3.80
  1953          83     0.22333  0.20089  0.50    7697    1546    6924    27243   3.54
  1953          84     0.24508  0.21833  0.50    6151    1343    5479    20320   3.30
  1953          85     0.26804  0.23636  0.50    4808    1136    4240    14841   3.09
  1953          86     0.29224  0.25498  0.50    3671     936    3203    10601   2.89
  1953          87     0.31767  0.27413  0.50    2735     750    2360     7398   2.70
  1953          88     0.34425  0.29370  0.50    1985     583    1694     5037   2.54
  1953          89     0.37185  0.31355  0.50    1402     440    1182     3344   2.38
  1953          90     0.40032  0.33355  0.50     963     321     802     2161   2.25
  1953          91     0.42947  0.35355  0.50     642     227     528     1359   2.12
  1953          92     0.45911  0.37340  0.50     415     155     337      831   2.00
  1953          93     0.48906  0.39296  0.50     260     102     209      494   1.90
  1953          94     0.51907  0.41211  0.50     158      65     125      285   1.81
  1953          95     0.54896  0.43073  0.50      93      40      73      160   1.72
  1953          96     0.57849  0.44870  0.50      53      24      41       87   1.64
  1953          97     0.60747  0.46595  0.50      29      14      22       46   1.58
  1953          98     0.63572  0.48239  0.50      16       7      12       24   1.51
  1953          99     0.66306  0.49797  0.50       8       4       6       12   1.46
  1953         100     0.68935  0.51265  0.50       4       2       3        6   1.41
  1953         101     0.71447  0.52642  0.50       2       1       1        3   1.36
  1953         102     0.73833  0.53926  0.50       1       1       1        1   1.32
  1953         103     0.76087  0.55118  0.50       0       0       0        1   1.29
  1953         104     0.78204  0.56221  0.50       0       0       0        0   1.26
  1953         105     0.80183  0.57236  0.50       0       0       0        0   1.23
  1953         106     0.82022  0.58167  0.50       0       0       0        0   1.20
  1953         107     0.83723  0.59018  0.50       0       0       0        0   1.18
  1953         108     0.85288  0.59791  0.50       0       0       0        0   1.16
  1953         109     0.86726  0.60494  0.50       0       0       0        0   1.14
  1953         110+    0.88766  1.00000  1.13       0       0       0        0   1.13
  1954           0     0.06280  0.05984  0.21  100000    5984   95294  6070149  60.70
  1954           1     0.00869  0.00865  0.50   94016     813   93609  5974855  63.55
  1954           2     0.00757  0.00754  0.50   93203     703   92851  5881246  63.10
  1954           3     0.00635  0.00633  0.50   92500     585   92207  5788394  62.58
  1954           4     0.00504  0.00503  0.50   91915     462   91684  5696187  61.97
  1954           5     0.00373  0.00372  0.50   91453     340   91283  5604503  61.28
  1954           6     0.00262  0.00261  0.50   91112     238   90993  5513220  60.51
  1954           7     0.00187  0.00187  0.50   90874     170   90790  5422227  59.67
  1954           8     0.00140  0.00140  0.50   90705     127   90641  5331437  58.78
  1954           9     0.00112  0.00112  0.50   90578     102   90527  5240796  57.86
  1954          10     0.00096  0.00096  0.50   90476      87   90433  5150269  56.92
  1954          11     0.00086  0.00086  0.50   90390      77   90351  5059836  55.98
  1954          12     0.00078  0.00078  0.50   90312      70   90277  4969485  55.03
  1954          13     0.00073  0.00073  0.50   90242      66   90209  4879207  54.07
  1954          14     0.00076  0.00076  0.50   90176      69   90142  4788998  53.11
  1954          15     0.00090  0.00090  0.50   90107      81   90067  4698857  52.15
  1954          16     0.00113  0.00113  0.50   90026     102   89975  4608790  51.19
  1954          17     0.00146  0.00146  0.50   89924     131   89859  4518814  50.25
  1954          18     0.00184  0.00184  0.50   89793     165   89711  4428956  49.32
  1954          19     0.00224  0.00224  0.50   89628     201   89528  4339245  48.41
  1954          20     0.00258  0.00258  0.50   89428     230   89312  4249717  47.52
  1954          21     0.00283  0.00282  0.50   89197     252   89071  4160405  46.64
  1954          22     0.00297  0.00296  0.50   88945     264   88813  4071334  45.77
  1954          23     0.00300  0.00300  0.50   88682     266   88549  3982520  44.91
  1954          24     0.00295  0.00295  0.50   88416     261   88285  3893972  44.04
  1954          25     0.00287  0.00286  0.50   88155     252   88029  3805686  43.17
  1954          26     0.00278  0.00278  0.50   87902     244   87780  3717658  42.29
  1954          27     0.00274  0.00274  0.50   87658     240   87538  3629877  41.41
  1954          28     0.00279  0.00278  0.50   87418     243   87296  3542339  40.52
  1954          29     0.00296  0.00296  0.50   87175     258   87046  3455043  39.63
  1954          30     0.00324  0.00323  0.50   86917     281   86776  3367997  38.75
  1954          31     0.00354  0.00354  0.50   86636     307   86482  3281221  37.87
  1954          32     0.00381  0.00380  0.50   86329     328   86165  3194739  37.01
  1954          33     0.00395  0.00394  0.50   86001     339   85832  3108573  36.15
  1954          34     0.00394  0.00393  0.50   85662     337   85494  3022742  35.29
  1954          35     0.00385  0.00384  0.50   85325     328   85162  2937248  34.42
  1954          36     0.00380  0.00379  0.50   84998     322   84836  2852086  33.55
  1954          37     0.00385  0.00384  0.50   84675     325   84513  2767250  32.68
  1954          38     0.00397  0.00396  0.50   84350     334   84183  2682737  31.80
  1954          39     0.00414  0.00414  0.50   84016     347   83842  2598554  30.93
  1954          40     0.00436  0.00435  0.50   83669     364   83487  2514711  30.06
  1954          41     0.00463  0.00462  0.50   83305     385   83112  2431225  29.18
  1954          42     0.00498  0.00496  0.50   82920     412   82714  2348112  28.32
  1954          43     0.00539  0.00537  0.50   82508     443   82287  2265398  27.46
  1954          44     0.00583  0.00582  0.50   82065     477   81826  2183111  26.60
  1954          45     0.00630  0.00628  0.50   81588     513   81331  2101285  25.75
  1954          46     0.00677  0.00675  0.50   81075     547   80802  2019953  24.91
  1954          47     0.00716  0.00714  0.50   80528     575   80241  1939152  24.08
  1954          48     0.00744  0.00741  0.50   79953     593   79657  1858911  23.25
  1954          49     0.00761  0.00758  0.50   79361     601   79060  1779254  22.42
  1954          50     0.00782  0.00779  0.50   78759     613   78452  1700194  21.59
  1954          51     0.00828  0.00825  0.50   78146     645   77823  1621742  20.75
  1954          52     0.00921  0.00917  0.50   77501     711   77146  1543918  19.92
  1954          53     0.01075  0.01069  0.50   76790     821   76380  1466772  19.10
  1954          54     0.01274  0.01266  0.50   75969     962   75488  1390393  18.30
  1954          55     0.01505  0.01493  0.50   75007    1120   74447  1314904  17.53
  1954          56     0.01753  0.01738  0.50   73887    1284   73245  1240457  16.79
  1954          57     0.02004  0.01984  0.50   72603    1440   71883  1167212  16.08
  1954          58     0.02234  0.02210  0.50   71163    1572   70377  1095328  15.39
  1954          59     0.02417  0.02389  0.50   69591    1662   68759  1024952  14.73
  1954          60     0.02573  0.02540  0.50   67928    1726   67066   956192  14.08
  1954          61     0.02736  0.02699  0.50   66203    1787   65309   889127  13.43
  1954          62     0.02947  0.02905  0.50   64416    1871   63480   823817  12.79
  1954          63     0.03244  0.03192  0.50   62545    1996   61547   760337  12.16
  1954          64     0.03637  0.03572  0.50   60548    2163   59467   698790  11.54
  1954          65     0.04125  0.04042  0.50   58386    2360   57206   639323  10.95
  1954          66     0.04684  0.04577  0.50   56026    2564   54744   582117  10.39
  1954          67     0.05279  0.05144  0.50   53462    2750   52087   527373   9.86
  1954          68     0.05882  0.05714  0.50   50712    2898   49263   475287   9.37
  1954          69     0.06501  0.06297  0.50   47814    3011   46309   426024   8.91
  1954          70     0.07136  0.06890  0.50   44803    3087   43260   379715   8.48
  1954          71     0.07728  0.07441  0.50   41716    3104   40164   336455   8.07
  1954          72     0.08256  0.07929  0.50   38612    3061   37082   296291   7.67
  1954          73     0.08732  0.08367  0.50   35551    2974   34064   259209   7.29
  1954          74     0.09251  0.08842  0.50   32576    2880   31136   225145   6.91
  1954          75     0.09882  0.09416  0.50   29696    2796   28298   194009   6.53
  1954          76     0.10573  0.10042  0.50   26900    2701   25549   165711   6.16
  1954          77     0.11452  0.10832  0.50   24199    2621   22888   140162   5.79
  1954          78     0.12644  0.11892  0.50   21577    2566   20294   117274   5.43
  1954          79     0.14028  0.13109  0.50   19011    2492   17765    96979   5.10
  1954          80     0.15452  0.14344  0.50   16519    2370   15334    79214   4.80
  1954          81     0.16879  0.15565  0.50   14150    2202   13048    63879   4.51
  1954          82     0.18314  0.16777  0.50   11947    2004   10945    50831   4.25
  1954          83     0.19807  0.18023  0.50    9943    1792    9047    39886   4.01
  1954          84     0.21385  0.19319  0.50    8151    1575    7363    30839   3.78
  1954          85     0.23058  0.20674  0.50    6576    1360    5896    23476   3.57
  1954          86     0.24824  0.22083  0.50    5217    1152    4641    17579   3.37
  1954          87     0.26681  0.23541  0.50    4065     957    3586    12939   3.18
  1954          88     0.28624  0.25041  0.50    3108     778    2719     9353   3.01
  1954          89     0.30650  0.26577  0.50    2330     619    2020     6634   2.85
  1954          90     0.32753  0.28144  0.50    1710     481    1470     4614   2.70
  1954          91     0.34927  0.29734  0.50    1229     365    1046     3144   2.56
  1954          92     0.37166  0.31342  0.50     864     271     728     2098   2.43
  1954          93     0.39462  0.32959  0.50     593     195     495     1370   2.31
  1954          94     0.41804  0.34577  0.50     398     137     329      874   2.20
  1954          95     0.44185  0.36190  0.50     260      94     213      546   2.10
  1954          96     0.46592  0.37789  0.50     166      63     135      333   2.00
  1954          97     0.49015  0.39367  0.50     103      41      83      198   1.92
  1954          98     0.51443  0.40918  0.50      63      26      50      115   1.84
  1954          99     0.53865  0.42436  0.50      37      16      29       65   1.77
  1954         100     0.56268  0.43913  0.50      21       9      17       36   1.70
  1954         101     0.58642  0.45346  0.50      12       5       9       20   1.64
  1954         102     0.60976  0.46729  0.50       7       3       5       10   1.58
  1954         103     0.63262  0.48060  0.50       3       2       3        5   1.53
  1954         104     0.65490  0.49335  0.50       2       1       1        3   1.48
  1954         105     0.67651  0.50551  0.50       1       0       1        1   1.44
  1954         106     0.69736  0.51707  0.50       0       0       0        1   1.40
  1954         107     0.71738  0.52800  0.50       0       0       0        0   1.36
  1954         108     0.73658  0.53832  0.50       0       0       0        0   1.33
  1954         109     0.75504  0.54812  0.50       0       0       0        0   1.30
  1954         110+    0.78465  1.00000  1.27       0       0       0        0   1.27
  1955           0     0.05124  0.04921  0.20  100000    4921   96047  6235243  62.35
  1955           1     0.00645  0.00643  0.50   95079     612   94773  6139196  64.57
  1955           2     0.00564  0.00562  0.50   94467     531   94202  6044423  63.98
  1955           3     0.00477  0.00476  0.50   93936     447   93713  5950222  63.34
  1955           4     0.00389  0.00388  0.50   93489     363   93308  5856509  62.64
  1955           5     0.00308  0.00308  0.50   93126     287   92983  5763201  61.89
  1955           6     0.00240  0.00240  0.50   92840     223   92728  5670218  61.08
  1955           7     0.00188  0.00188  0.50   92617     174   92530  5577489  60.22
  1955           8     0.00149  0.00149  0.50   92443     138   92375  5484959  59.33
  1955           9     0.00121  0.00121  0.50   92306     112   92250  5392584  58.42
  1955          10     0.00103  0.00103  0.50   92194      95   92146  5300335  57.49
  1955          11     0.00093  0.00093  0.50   92098      85   92056  5208189  56.55
  1955          12     0.00088  0.00088  0.50   92013      81   91973  5116133  55.60
  1955          13     0.00088  0.00088  0.50   91933      81   91892  5024160  54.65
  1955          14     0.00095  0.00095  0.50   91852      87   91808  4932268  53.70
  1955          15     0.00109  0.00109  0.50   91764     100   91715  4840460  52.75
  1955          16     0.00129  0.00129  0.50   91665     118   91605  4748745  51.81
  1955          17     0.00154  0.00154  0.50   91546     141   91476  4657140  50.87
  1955          18     0.00180  0.00180  0.50   91405     164   91323  4565664  49.95
  1955          19     0.00203  0.00203  0.50   91241     185   91148  4474341  49.04
  1955          20     0.00221  0.00221  0.50   91056     201   90955  4383192  48.14
  1955          21     0.00232  0.00232  0.50   90855     211   90749  4292237  47.24
  1955          22     0.00238  0.00238  0.50   90644     216   90536  4201488  46.35
  1955          23     0.00240  0.00240  0.50   90428     217   90320  4110952  45.46
  1955          24     0.00239  0.00239  0.50   90211     216   90104  4020632  44.57
  1955          25     0.00239  0.00239  0.50   89996     215   89888  3930528  43.67
  1955          26     0.00242  0.00241  0.50   89781     217   89673  3840640  42.78
  1955          27     0.00248  0.00248  0.50   89564     222   89453  3750967  41.88
  1955          28     0.00261  0.00261  0.50   89342     233   89226  3661514  40.98
  1955          29     0.00280  0.00280  0.50   89109     249   88985  3572289  40.09
  1955          30     0.00302  0.00302  0.50   88860     268   88726  3483304  39.20
  1955          31     0.00325  0.00324  0.50   88592     287   88448  3394578  38.32
  1955          32     0.00342  0.00342  0.50   88305     302   88154  3306130  37.44
  1955          33     0.00350  0.00350  0.50   88003     308   87849  3217977  36.57
  1955          34     0.00345  0.00345  0.50   87695     302   87544  3130127  35.69
  1955          35     0.00331  0.00331  0.50   87393     289   87249  3042583  34.81
  1955          36     0.00315  0.00314  0.50   87104     274   86967  2955334  33.93
  1955          37     0.00306  0.00305  0.50   86831     265   86698  2868367  33.03
  1955          38     0.00308  0.00307  0.50   86566     266   86433  2781669  32.13
  1955          39     0.00322  0.00322  0.50   86300     278   86161  2695236  31.23
  1955          40     0.00347  0.00346  0.50   86022     298   85873  2609075  30.33
  1955          41     0.00377  0.00376  0.50   85724     322   85563  2523202  29.43
  1955          42     0.00412  0.00411  0.50   85402     351   85226  2437639  28.54
  1955          43     0.00451  0.00450  0.50   85051     382   84860  2352413  27.66
  1955          44     0.00494  0.00493  0.50   84669     418   84460  2267553  26.78
  1955          45     0.00546  0.00544  0.50   84251     458   84022  2183093  25.91
  1955          46     0.00607  0.00605  0.50   83793     507   83539  2099071  25.05
  1955          47     0.00681  0.00678  0.50   83286     565   83003  2015532  24.20
  1955          48     0.00764  0.00762  0.50   82721     630   82406  1932529  23.36
  1955          49     0.00856  0.00852  0.50   82091     700   81741  1850123  22.54
  1955          50     0.00951  0.00947  0.50   81391     770   81006  1768382  21.73
  1955          51     0.01046  0.01040  0.50   80621     839   80201  1687376  20.93
  1955          52     0.01136  0.01130  0.50   79782     901   79331  1607175  20.14
  1955          53     0.01221  0.01213  0.50   78881     957   78402  1527844  19.37
  1955          54     0.01303  0.01295  0.50   77924    1009   77419  1449442  18.60
  1955          55     0.01396  0.01386  0.50   76915    1066   76382  1372023  17.84
  1955          56     0.01511  0.01499  0.50   75849    1137   75280  1295641  17.08
  1955          57     0.01662  0.01648  0.50   74711    1231   74096  1220361  16.33
  1955          58     0.01860  0.01842  0.50   73480    1354   72803  1146266  15.60
  1955          59     0.02099  0.02078  0.50   72126    1499   71377  1073463  14.88
  1955          60     0.02372  0.02344  0.50   70627    1656   69800  1002086  14.19
  1955          61     0.02669  0.02634  0.50   68972    1817   68063   932286  13.52
  1955          62     0.02992  0.02948  0.50   67155    1980   66165   864223  12.87
  1955          63     0.03343  0.03288  0.50   65175    2143   64104   798058  12.24
  1955          64     0.03726  0.03658  0.50   63032    2306   61879   733954  11.64
  1955          65     0.04143  0.04059  0.50   60726    2465   59494   672075  11.07
  1955          66     0.04592  0.04489  0.50   58261    2615   56954   612581  10.51
  1955          67     0.05066  0.04941  0.50   55646    2750   54271   555627   9.99
  1955          68     0.05562  0.05412  0.50   52897    2863   51465   501356   9.48
  1955          69     0.06088  0.05908  0.50   50034    2956   48556   449890   8.99
  1955          70     0.06655  0.06440  0.50   47078    3032   45562   401335   8.52
  1955          71     0.07263  0.07008  0.50   44046    3087   42502   355773   8.08
  1955          72     0.07911  0.07610  0.50   40959    3117   39401   313270   7.65
  1955          73     0.08602  0.08247  0.50   37842    3121   36282   273870   7.24
  1955          74     0.09348  0.08931  0.50   34721    3101   33171   237588   6.84
  1955          75     0.10168  0.09676  0.50   31620    3060   30090   204418   6.46
  1955          76     0.11083  0.10501  0.50   28560    2999   27061   174327   6.10
  1955          77     0.12100  0.11409  0.50   25561    2916   24103   147266   5.76
  1955          78     0.13215  0.12396  0.50   22645    2807   21241   123163   5.44
  1955          79     0.14413  0.13444  0.50   19838    2667   18504   101922   5.14
  1955          80     0.15671  0.14533  0.50   17171    2495   15923    83418   4.86
  1955          81     0.16960  0.15634  0.50   14675    2294   13528    67495   4.60
  1955          82     0.18259  0.16731  0.50   12381    2072   11345    53967   4.36
  1955          83     0.19586  0.17839  0.50   10309    1839    9390    42621   4.13
  1955          84     0.20958  0.18970  0.50    8470    1607    7667    33232   3.92
  1955          85     0.22389  0.20135  0.50    6864    1382    6173    25565   3.72
  1955          86     0.23885  0.21337  0.50    5482    1170    4897    19392   3.54
  1955          87     0.25450  0.22577  0.50    4312     974    3825    14495   3.36
  1955          88     0.27085  0.23854  0.50    3338     796    2940    10670   3.20
  1955          89     0.28785  0.25164  0.50    2542     640    2222     7730   3.04
  1955          90     0.30550  0.26502  0.50    1902     504    1650     5508   2.90
  1955          91     0.32374  0.27864  0.50    1398     390    1203     3857   2.76
  1955          92     0.34253  0.29245  0.50    1009     295     861     2654   2.63
  1955          93     0.36184  0.30640  0.50     714     219     604     1793   2.51
  1955          94     0.38159  0.32045  0.50     495     159     416     1188   2.40
  1955          95     0.40175  0.33455  0.50     336     113     280      773   2.30
  1955          96     0.42224  0.34864  0.50     224      78     185      492   2.20
  1955          97     0.44301  0.36267  0.50     146      53     119      308   2.11
  1955          98     0.46397  0.37661  0.50      93      35      75      188   2.03
  1955          99     0.48507  0.39039  0.50      58      23      47      113   1.95
  1955         100     0.50621  0.40397  0.50      35      14      28       66   1.88
  1955         101     0.52734  0.41731  0.50      21       9      17       38   1.81
  1955         102     0.54836  0.43036  0.50      12       5      10       21   1.75
  1955         103     0.56919  0.44309  0.50       7       3       5       12   1.69
  1955         104     0.58976  0.45546  0.50       4       2       3        6   1.64
  1955         105     0.60999  0.46743  0.50       2       1       2        3   1.59
  1955         106     0.62983  0.47899  0.50       1       1       1        2   1.54
  1955         107     0.64926  0.49014  0.50       1       0       0        1   1.50
  1955         108     0.66830  0.50092  0.50       0       0       0        0   1.46
  1955         109     0.68706  0.51138  0.50       0       0       0        0   1.42
  1955         110+    0.71927  1.00000  1.39       0       0       0        0   1.39
  1956           0     0.05584  0.05346  0.20  100000    5346   95736  6232968  62.33
  1956           1     0.00555  0.00554  0.50   94654     524   94392  6137231  64.84
  1956           2     0.00479  0.00478  0.50   94129     450   93904  6042840  64.20
  1956           3     0.00403  0.00402  0.50   93680     377   93491  5948935  63.50
  1956           4     0.00326  0.00325  0.50   93303     304   93151  5855444  62.76
  1956           5     0.00249  0.00249  0.50   92999     231   92884  5762293  61.96
  1956           6     0.00183  0.00183  0.50   92768     170   92683  5669409  61.11
  1956           7     0.00139  0.00138  0.50   92598     128   92534  5576726  60.23
  1956           8     0.00111  0.00111  0.50   92470     102   92419  5484193  59.31
  1956           9     0.00095  0.00095  0.50   92367      87   92324  5391774  58.37
  1956          10     0.00087  0.00087  0.50   92280      80   92240  5299450  57.43
  1956          11     0.00084  0.00084  0.50   92200      77   92161  5207211  56.48
  1956          12     0.00083  0.00083  0.50   92123      76   92085  5115049  55.52
  1956          13     0.00084  0.00084  0.50   92046      78   92008  5022965  54.57
  1956          14     0.00090  0.00090  0.50   91969      83   91927  4930957  53.62
  1956          15     0.00101  0.00101  0.50   91886      93   91839  4839030  52.66
  1956          16     0.00119  0.00118  0.50   91793     109   91738  4747191  51.72
  1956          17     0.00142  0.00142  0.50   91684     130   91619  4655452  50.78
  1956          18     0.00169  0.00168  0.50   91554     154   91477  4563833  49.85
  1956          19     0.00195  0.00195  0.50   91400     178   91311  4472356  48.93
  1956          20     0.00217  0.00217  0.50   91222     198   91123  4381045  48.03
  1956          21     0.00234  0.00234  0.50   91024     213   90917  4289922  47.13
  1956          22     0.00245  0.00245  0.50   90811     223   90700  4199005  46.24
  1956          23     0.00254  0.00253  0.50   90589     230   90474  4108305  45.35
  1956          24     0.00260  0.00259  0.50   90359     234   90242  4017831  44.47
  1956          25     0.00263  0.00263  0.50   90125     237   90006  3927590  43.58
  1956          26     0.00266  0.00265  0.50   89888     238   89768  3837584  42.69
  1956          27     0.00269  0.00268  0.50   89649     241   89529  3747815  41.81
  1956          28     0.00270  0.00270  0.50   89409     241   89288  3658286  40.92
  1956          29     0.00267  0.00267  0.50   89167     238   89049  3568998  40.03
  1956          30     0.00259  0.00259  0.50   88930     230   88815  3479950  39.13
  1956          31     0.00252  0.00252  0.50   88700     223   88588  3391135  38.23
  1956          32     0.00252  0.00252  0.50   88476     223   88365  3302547  37.33
  1956          33     0.00257  0.00257  0.50   88253     227   88140  3214182  36.42
  1956          34     0.00264  0.00264  0.50   88027     232   87911  3126042  35.51
  1956          35     0.00272  0.00272  0.50   87794     238   87675  3038132  34.61
  1956          36     0.00282  0.00282  0.50   87556     247   87433  2950456  33.70
  1956          37     0.00299  0.00298  0.50   87310     261   87179  2863023  32.79
  1956          38     0.00328  0.00328  0.50   87049     285   86906  2775844  31.89
  1956          39     0.00372  0.00372  0.50   86764     323   86603  2688938  30.99
  1956          40     0.00422  0.00421  0.50   86441     364   86259  2602335  30.11
  1956          41     0.00466  0.00465  0.50   86077     400   85877  2516076  29.23
  1956          42     0.00500  0.00498  0.50   85677     427   85463  2430199  28.36
  1956          43     0.00527  0.00525  0.50   85250     448   85026  2344736  27.50
  1956          44     0.00552  0.00551  0.50   84802     467   84568  2259710  26.65
  1956          45     0.00578  0.00576  0.50   84335     486   84092  2175142  25.79
  1956          46     0.00606  0.00604  0.50   83849     507   83595  2091050  24.94
  1956          47     0.00642  0.00640  0.50   83342     533   83076  2007455  24.09
  1956          48     0.00691  0.00688  0.50   82809     570   82524  1924379  23.24
  1956          49     0.00757  0.00754  0.50   82239     620   81929  1841855  22.40
  1956          50     0.00841  0.00837  0.50   81619     683   81277  1759926  21.56
  1956          51     0.00943  0.00938  0.50   80935     759   80556  1678649  20.74
  1956          52     0.01060  0.01054  0.50   80176     845   79753  1598094  19.93
  1956          53     0.01188  0.01181  0.50   79331     937   78862  1518340  19.14
  1956          54     0.01324  0.01315  0.50   78394    1031   77878  1439478  18.36
  1956          55     0.01472  0.01461  0.50   77363    1130   76797  1361600  17.60
  1956          56     0.01637  0.01623  0.50   76232    1238   75613  1284803  16.85
  1956          57     0.01816  0.01800  0.50   74995    1350   74320  1209189  16.12
  1956          58     0.02003  0.01983  0.50   73645    1460   72915  1134869  15.41
  1956          59     0.02182  0.02159  0.50   72185    1558   71406  1061954  14.71
  1956          60     0.02376  0.02348  0.50   70627    1658   69798   990549  14.03
  1956          61     0.02610  0.02576  0.50   68968    1777   68080   920751  13.35
  1956          62     0.02892  0.02851  0.50   67192    1915   66234   852671  12.69
  1956          63     0.03226  0.03175  0.50   65276    2073   64240   786437  12.05
  1956          64     0.03620  0.03555  0.50   63204    2247   62080   722197  11.43
  1956          65     0.04069  0.03987  0.50   60957    2431   59741   660117  10.83
  1956          66     0.04542  0.04442  0.50   58526    2599   57226   600376  10.26
  1956          67     0.05050  0.04925  0.50   55926    2755   54549   543150   9.71
  1956          68     0.05609  0.05456  0.50   53172    2901   51721   488600   9.19
  1956          69     0.06234  0.06046  0.50   50271    3039   48751   436879   8.69
  1956          70     0.06932  0.06700  0.50   47232    3164   45649   388128   8.22
  1956          71     0.07688  0.07403  0.50   44067    3262   42436   342478   7.77
  1956          72     0.08470  0.08126  0.50   40805    3316   39147   300042   7.35
  1956          73     0.09243  0.08834  0.50   37489    3312   35833   260896   6.96
  1956          74     0.09979  0.09504  0.50   34177    3248   32553   225063   6.59
  1956          75     0.10686  0.10144  0.50   30929    3137   29360   192510   6.22
  1956          76     0.11491  0.10867  0.50   27791    3020   26281   163150   5.87
  1956          77     0.12464  0.11733  0.50   24771    2906   23318   136868   5.53
  1956          78     0.13642  0.12771  0.50   21865    2792   20469   113550   5.19
  1956          79     0.15026  0.13976  0.50   19073    2666   17740    93081   4.88
  1956          80     0.16583  0.15313  0.50   16407    2512   15151    75341   4.59
  1956          81     0.18167  0.16654  0.50   13895    2314   12738    60191   4.33
  1956          82     0.19656  0.17897  0.50   11581    2073   10544    47453   4.10
  1956          83     0.21116  0.19100  0.50    9508    1816    8600    36909   3.88
  1956          84     0.22605  0.20310  0.50    7692    1562    6911    28309   3.68
  1956          85     0.24158  0.21554  0.50    6130    1321    5469    21398   3.49
  1956          86     0.25786  0.22841  0.50    4809    1098    4259    15929   3.31
  1956          87     0.27492  0.24170  0.50    3710     897    3262    11669   3.15
  1956          88     0.29272  0.25535  0.50    2813     718    2454     8407   2.99
  1956          89     0.31119  0.26929  0.50    2095     564    1813     5953   2.84
  1956          90     0.33029  0.28347  0.50    1531     434    1314     4140   2.70
  1956          91     0.34996  0.29784  0.50    1097     327     934     2826   2.58
  1956          92     0.37015  0.31234  0.50     770     241     650     1893   2.46
  1956          93     0.39080  0.32692  0.50     530     173     443     1243   2.35
  1956          94     0.41186  0.34153  0.50     356     122     296      800   2.24
  1956          95     0.43323  0.35610  0.50     235      84     193      504   2.15
  1956          96     0.45486  0.37058  0.50     151      56     123      311   2.06
  1956          97     0.47667  0.38493  0.50      95      37      77      188   1.98
  1956          98     0.49856  0.39908  0.50      59      23      47      111   1.90
  1956          99     0.52046  0.41299  0.50      35      15      28       64   1.83
  1956         100     0.54227  0.42661  0.50      21       9      16       36   1.76
  1956         101     0.56393  0.43990  0.50      12       5       9       20   1.70
  1956         102     0.58535  0.45282  0.50       7       3       5       11   1.65
  1956         103     0.60646  0.46535  0.50       4       2       3        6   1.59
  1956         104     0.62716  0.47744  0.50       2       1       1        3   1.55
  1956         105     0.64739  0.48908  0.50       1       0       1        2   1.50
  1956         106     0.66708  0.50023  0.50       1       0       0        1   1.46
  1956         107     0.68617  0.51089  0.50       0       0       0        0   1.42
  1956         108     0.70468  0.52108  0.50       0       0       0        0   1.39
  1956         109     0.72269  0.53087  0.50       0       0       0        0   1.36
  1956         110+    0.75275  1.00000  1.33       0       0       0        0   1.33
  1957           0     0.05754  0.05502  0.20  100000    5502   95624  6186210  61.86
  1957           1     0.00613  0.00611  0.50   94498     578   94209  6090586  64.45
  1957           2     0.00506  0.00504  0.50   93920     474   93683  5996377  63.85
  1957           3     0.00404  0.00404  0.50   93446     377   93258  5902694  63.17
  1957           4     0.00315  0.00315  0.50   93069     293   92923  5809437  62.42
  1957           5     0.00241  0.00241  0.50   92776     223   92665  5716514  61.62
  1957           6     0.00184  0.00184  0.50   92553     170   92468  5623849  60.76
  1957           7     0.00143  0.00143  0.50   92383     132   92317  5531381  59.87
  1957           8     0.00115  0.00115  0.50   92251     106   92198  5439064  58.96
  1957           9     0.00099  0.00099  0.50   92145      91   92099  5346866  58.03
  1957          10     0.00090  0.00090  0.50   92054      83   92013  5254766  57.08
  1957          11     0.00087  0.00087  0.50   91971      80   91931  5162754  56.13
  1957          12     0.00089  0.00089  0.50   91891      81   91850  5070822  55.18
  1957          13     0.00093  0.00093  0.50   91810      86   91767  4978972  54.23
  1957          14     0.00102  0.00101  0.50   91724      93   91677  4887205  53.28
  1957          15     0.00113  0.00113  0.50   91631     104   91579  4795528  52.34
  1957          16     0.00129  0.00129  0.50   91527     118   91468  4703949  51.39
  1957          17     0.00147  0.00147  0.50   91409     134   91342  4612480  50.46
  1957          18     0.00167  0.00167  0.50   91275     152   91199  4521138  49.53
  1957          19     0.00186  0.00186  0.50   91123     169   91038  4429940  48.62
  1957          20     0.00204  0.00204  0.50   90953     185   90861  4338902  47.70
  1957          21     0.00221  0.00221  0.50   90768     201   90668  4248041  46.80
  1957          22     0.00238  0.00237  0.50   90567     215   90460  4157373  45.90
  1957          23     0.00252  0.00251  0.50   90353     227   90239  4066913  45.01
  1957          24     0.00262  0.00262  0.50   90125     236   90007  3976674  44.12
  1957          25     0.00268  0.00268  0.50   89889     241   89769  3886667  43.24
  1957          26     0.00269  0.00268  0.50   89649     241   89529  3796898  42.35
  1957          27     0.00265  0.00265  0.50   89408     237   89290  3707369  41.47
  1957          28     0.00257  0.00257  0.50   89172     229   89057  3618079  40.57
  1957          29     0.00247  0.00247  0.50   88942     220   88833  3529022  39.68
  1957          30     0.00237  0.00237  0.50   88723     210   88617  3440190  38.77
  1957          31     0.00231  0.00231  0.50   88512     204   88410  3351572  37.87
  1957          32     0.00231  0.00231  0.50   88308     204   88206  3263162  36.95
  1957          33     0.00240  0.00239  0.50   88104     211   87998  3174956  36.04
  1957          34     0.00255  0.00255  0.50   87893     224   87781  3086958  35.12
  1957          35     0.00275  0.00274  0.50   87669     241   87549  2999177  34.21
  1957          36     0.00295  0.00295  0.50   87429     258   87300  2911628  33.30
  1957          37     0.00315  0.00314  0.50   87171     274   87034  2824328  32.40
  1957          38     0.00334  0.00334  0.50   86897     290   86752  2737295  31.50
  1957          39     0.00354  0.00354  0.50   86607     306   86453  2650543  30.60
  1957          40     0.00377  0.00377  0.50   86300     325   86138  2564090  29.71
  1957          41     0.00404  0.00403  0.50   85975     347   85802  2477952  28.82
  1957          42     0.00435  0.00434  0.50   85628     372   85443  2392150  27.94
  1957          43     0.00471  0.00470  0.50   85257     401   85056  2306708  27.06
  1957          44     0.00514  0.00513  0.50   84856     435   84638  2221651  26.18
  1957          45     0.00564  0.00563  0.50   84420     475   84183  2137013  25.31
  1957          46     0.00622  0.00620  0.50   83945     520   83685  2052831  24.45
  1957          47     0.00688  0.00685  0.50   83425     572   83139  1969145  23.60
  1957          48     0.00763  0.00760  0.50   82853     630   82538  1886006  22.76
  1957          49     0.00849  0.00845  0.50   82223     695   81876  1803468  21.93
  1957          50     0.00943  0.00939  0.50   81528     765   81146  1721592  21.12
  1957          51     0.01045  0.01040  0.50   80763     840   80343  1640447  20.31
  1957          52     0.01158  0.01151  0.50   79923     920   79463  1560103  19.52
  1957          53     0.01282  0.01274  0.50   79003    1007   78500  1480640  18.74
  1957          54     0.01418  0.01408  0.50   77996    1098   77447  1402140  17.98
  1957          55     0.01564  0.01552  0.50   76898    1194   76301  1324693  17.23
  1957          56     0.01721  0.01706  0.50   75704    1292   75059  1248392  16.49
  1957          57     0.01888  0.01871  0.50   74413    1392   73717  1173333  15.77
  1957          58     0.02066  0.02045  0.50   73021    1493   72274  1099617  15.06
  1957          59     0.02252  0.02227  0.50   71528    1593   70731  1027342  14.36
  1957          60     0.02459  0.02429  0.50   69935    1699   69085   956611  13.68
  1957          61     0.02700  0.02664  0.50   68236    1818   67327   887526  13.01
  1957          62     0.02983  0.02939  0.50   66418    1952   65442   820199  12.35
  1957          63     0.03316  0.03262  0.50   64466    2103   63415   754757  11.71
  1957          64     0.03702  0.03635  0.50   62363    2267   61230   691342  11.09
  1957          65     0.04139  0.04055  0.50   60097    2437   58878   630112  10.49
  1957          66     0.04625  0.04520  0.50   57660    2606   56356   571234   9.91
  1957          67     0.05155  0.05025  0.50   55053    2767   53670   514878   9.35
  1957          68     0.05727  0.05567  0.50   52287    2911   50831   461208   8.82
  1957          69     0.06349  0.06153  0.50   49376    3038   47856   410377   8.31
  1957          70     0.07033  0.06794  0.50   46337    3148   44763   362520   7.82
  1957          71     0.07791  0.07498  0.50   43189    3239   41570   317757   7.36
  1957          72     0.08635  0.08277  0.50   39951    3307   38297   276187   6.91
  1957          73     0.09573  0.09135  0.50   36644    3348   34970   237890   6.49
  1957          74     0.10595  0.10062  0.50   33296    3350   31621   202920   6.09
  1957          75     0.11685  0.11040  0.50   29946    3306   28293   171298   5.72
  1957          76     0.12828  0.12055  0.50   26640    3211   25035   143005   5.37
  1957          77     0.14046  0.13125  0.50   23429    3075   21891   117971   5.04
  1957          78     0.15365  0.14269  0.50   20354    2904   18902    96079   4.72
  1957          79     0.16795  0.15494  0.50   17450    2704   16098    77178   4.42
  1957          80     0.18342  0.16801  0.50   14746    2478   13507    61080   4.14
  1957          81     0.20029  0.18206  0.50   12268    2234   11152    47573   3.88
  1957          82     0.21871  0.19715  0.50   10035    1978    9046    36421   3.63
  1957          83     0.23860  0.21317  0.50    8056    1717    7198    27375   3.40
  1957          84     0.25986  0.22998  0.50    6339    1458    5610    20177   3.18
  1957          85     0.28240  0.24746  0.50    4881    1208    4277    14567   2.98
  1957          86     0.30611  0.26547  0.50    3673     975    3186    10290   2.80
  1957          87     0.33088  0.28391  0.50    2698     766    2315     7104   2.63
  1957          88     0.35661  0.30265  0.50    1932     585    1640     4789   2.48
  1957          89     0.38318  0.32157  0.50    1347     433    1131     3149   2.34
  1957          90     0.41045  0.34056  0.50     914     311     758     2019   2.21
  1957          91     0.43827  0.35949  0.50     603     217     494     1260   2.09
  1957          92     0.46647  0.37825  0.50     386     146     313      766   1.98
  1957          93     0.49490  0.39673  0.50     240      95     192      453   1.89
  1957          94     0.52335  0.41481  0.50     145      60     115      260   1.80
  1957          95     0.55166  0.43239  0.50      85      37      66      146   1.72
  1957          96     0.57964  0.44939  0.50      48      22      37       79   1.64
  1957          97     0.60712  0.46574  0.50      26      12      20       42   1.58
  1957          98     0.63394  0.48136  0.50      14       7      11       22   1.52
  1957          99     0.65997  0.49622  0.50       7       4       6       11   1.47
  1957         100     0.68506  0.51027  0.50       4       2       3        5   1.42
  1957         101     0.70910  0.52350  0.50       2       1       1        2   1.37
  1957         102     0.73201  0.53587  0.50       1       0       1        1   1.34
  1957         103     0.75370  0.54741  0.50       0       0       0        1   1.30
  1957         104     0.77412  0.55810  0.50       0       0       0        0   1.27
  1957         105     0.79326  0.56798  0.50       0       0       0        0   1.24
  1957         106     0.81117  0.57711  0.50       0       0       0        0   1.22
  1957         107     0.82795  0.58555  0.50       0       0       0        0   1.19
  1957         108     0.84380  0.59343  0.50       0       0       0        0   1.17
  1957         109     0.85902  0.60092  0.50       0       0       0        0   1.15
  1957         110+    0.87909  1.00000  1.14       0       0       0        0   1.14
  1958           0     0.05191  0.04983  0.20  100000    4983   96001  6351139  63.51
  1958           1     0.00423  0.00422  0.50   95017     401   94816  6255137  65.83
  1958           2     0.00371  0.00370  0.50   94616     350   94441  6160321  65.11
  1958           3     0.00320  0.00319  0.50   94266     301   94115  6065880  64.35
  1958           4     0.00271  0.00271  0.50   93965     254   93838  5971765  63.55
  1958           5     0.00227  0.00226  0.50   93710     212   93604  5877927  62.72
  1958           6     0.00187  0.00187  0.50   93498     175   93411  5784323  61.87
  1958           7     0.00153  0.00153  0.50   93324     143   93252  5690912  60.98
  1958           8     0.00127  0.00127  0.50   93181     118   93122  5597660  60.07
  1958           9     0.00108  0.00107  0.50   93062     100   93012  5504538  59.15
  1958          10     0.00095  0.00095  0.50   92962      88   92918  5411526  58.21
  1958          11     0.00090  0.00090  0.50   92874      83   92832  5318608  57.27
  1958          12     0.00090  0.00090  0.50   92791      84   92749  5225775  56.32
  1958          13     0.00096  0.00096  0.50   92707      89   92662  5133027  55.37
  1958          14     0.00106  0.00106  0.50   92618      98   92569  5040364  54.42
  1958          15     0.00118  0.00118  0.50   92520     109   92466  4947795  53.48
  1958          16     0.00133  0.00133  0.50   92411     123   92349  4855329  52.54
  1958          17     0.00150  0.00150  0.50   92288     139   92218  4762980  51.61
  1958          18     0.00169  0.00169  0.50   92149     155   92071  4670762  50.69
  1958          19     0.00187  0.00187  0.50   91994     172   91908  4578690  49.77
  1958          20     0.00204  0.00204  0.50   91822     187   91728  4486783  48.86
  1958          21     0.00218  0.00217  0.50   91635     199   91535  4395055  47.96
  1958          22     0.00228  0.00227  0.50   91436     208   91332  4303519  47.07
  1958          23     0.00234  0.00233  0.50   91228     213   91121  4212188  46.17
  1958          24     0.00235  0.00235  0.50   91015     214   90908  4121067  45.28
  1958          25     0.00233  0.00233  0.50   90801     212   90695  4030159  44.38
  1958          26     0.00229  0.00229  0.50   90589     207   90485  3939464  43.49
  1958          27     0.00225  0.00225  0.50   90381     203   90280  3848979  42.59
  1958          28     0.00221  0.00221  0.50   90178     199   90079  3758699  41.68
  1958          29     0.00220  0.00219  0.50   89979     197   89880  3668620  40.77
  1958          30     0.00220  0.00220  0.50   89782     197   89683  3578740  39.86
  1958          31     0.00224  0.00223  0.50   89584     200   89484  3489057  38.95
  1958          32     0.00231  0.00231  0.50   89384     206   89281  3399573  38.03
  1958          33     0.00241  0.00241  0.50   89178     215   89070  3310292  37.12
  1958          34     0.00255  0.00255  0.50   88963     227   88850  3221221  36.21
  1958          35     0.00272  0.00271  0.50   88736     241   88616  3132372  35.30
  1958          36     0.00290  0.00290  0.50   88495     257   88367  3043756  34.39
  1958          37     0.00311  0.00311  0.50   88239     274   88102  2955389  33.49
  1958          38     0.00333  0.00333  0.50   87964     293   87818  2867287  32.60
  1958          39     0.00355  0.00355  0.50   87672     311   87516  2779469  31.70
  1958          40     0.00378  0.00377  0.50   87361     330   87196  2691953  30.81
  1958          41     0.00402  0.00401  0.50   87031     349   86857  2604757  29.93
  1958          42     0.00428  0.00427  0.50   86682     370   86497  2517900  29.05
  1958          43     0.00458  0.00457  0.50   86312     395   86115  2431403  28.17
  1958          44     0.00494  0.00493  0.50   85917     423   85706  2345288  27.30
  1958          45     0.00537  0.00535  0.50   85494     458   85265  2259583  26.43
  1958          46     0.00587  0.00586  0.50   85036     498   84787  2174318  25.57
  1958          47     0.00645  0.00643  0.50   84538     543   84267  2089530  24.72
  1958          48     0.00708  0.00706  0.50   83995     593   83699  2005264  23.87
  1958          49     0.00777  0.00774  0.50   83402     646   83079  1921565  23.04
  1958          50     0.00854  0.00851  0.50   82757     704   82405  1838486  22.22
  1958          51     0.00942  0.00937  0.50   82053     769   81668  1756081  21.40
  1958          52     0.01041  0.01036  0.50   81284     842   80863  1674413  20.60
  1958          53     0.01153  0.01146  0.50   80442     922   79981  1593550  19.81
  1958          54     0.01277  0.01269  0.50   79520    1009   79015  1513569  19.03
  1958          55     0.01411  0.01402  0.50   78511    1100   77961  1434554  18.27
  1958          56     0.01555  0.01543  0.50   77410    1194   76813  1356593  17.52
  1958          57     0.01710  0.01696  0.50   76216    1292   75570  1279780  16.79
  1958          58     0.01881  0.01864  0.50   74924    1396   74226  1204210  16.07
  1958          59     0.02071  0.02050  0.50   73527    1507   72774  1129984  15.37
  1958          60     0.02283  0.02257  0.50   72020    1626   71207  1057211  14.68
  1958          61     0.02519  0.02488  0.50   70394    1751   69519   986003  14.01
  1958          62     0.02780  0.02742  0.50   68643    1882   67702   916485  13.35
  1958          63     0.03068  0.03022  0.50   66761    2017   65752   848783  12.71
  1958          64     0.03382  0.03325  0.50   64744    2153   63667   783030  12.09
  1958          65     0.03723  0.03655  0.50   62591    2287   61447   719363  11.49
  1958          66     0.04098  0.04016  0.50   60303    2422   59092   657916  10.91
  1958          67     0.04512  0.04412  0.50   57882    2554   56605   598823  10.35
  1958          68     0.04967  0.04847  0.50   55328    2682   53987   542219   9.80
  1958          69     0.05472  0.05326  0.50   52646    2804   51244   488232   9.27
  1958          70     0.06034  0.05857  0.50   49842    2919   48382   436988   8.77
  1958          71     0.06661  0.06446  0.50   46923    3025   45410   388605   8.28
  1958          72     0.07355  0.07094  0.50   43898    3114   42341   343195   7.82
  1958          73     0.08117  0.07800  0.50   40784    3181   39193   300854   7.38
  1958          74     0.08931  0.08549  0.50   37603    3215   35995   261661   6.96
  1958          75     0.09786  0.09330  0.50   34388    3208   32784   225665   6.56
  1958          76     0.10701  0.10157  0.50   31180    3167   29596   192881   6.19
  1958          77     0.11684  0.11039  0.50   28013    3092   26466   163285   5.83
  1958          78     0.12745  0.11982  0.50   24920    2986   23427   136819   5.49
  1958          79     0.13889  0.12987  0.50   21934    2849   20510   113391   5.17
  1958          80     0.15119  0.14056  0.50   19086    2683   17744    92881   4.87
  1958          81     0.16439  0.15191  0.50   16403    2492   15157    75137   4.58
  1958          82     0.17853  0.16390  0.50   13911    2280   12771    59980   4.31
  1958          83     0.19363  0.17654  0.50   11631    2053   10605    47209   4.06
  1958          84     0.20971  0.18981  0.50    9578    1818    8669    36604   3.82
  1958          85     0.22678  0.20368  0.50    7760    1581    6970    27935   3.60
  1958          86     0.24482  0.21812  0.50    6179    1348    5505    20966   3.39
  1958          87     0.26381  0.23307  0.50    4831    1126    4268    15460   3.20
  1958          88     0.28373  0.24848  0.50    3705     921    3245    11192   3.02
  1958          89     0.30452  0.26428  0.50    2785     736    2417     7947   2.85
  1958          90     0.32614  0.28042  0.50    2049     574    1761     5530   2.70
  1958          91     0.34852  0.29680  0.50    1474     438    1255     3769   2.56
  1958          92     0.37157  0.31336  0.50    1037     325     874     2513   2.42
  1958          93     0.39521  0.33000  0.50     712     235     594     1639   2.30
  1958          94     0.41934  0.34666  0.50     477     165     394     1044   2.19
  1958          95     0.44384  0.36323  0.50     312     113     255      650   2.09
  1958          96     0.46859  0.37964  0.50     198      75     161      395   1.99
  1958          97     0.49347  0.39581  0.50     123      49      99      234   1.90
  1958          98     0.51835  0.41166  0.50      74      31      59      136   1.82
  1958          99     0.54310  0.42712  0.50      44      19      34       77   1.75
  1958         100     0.56760  0.44213  0.50      25      11      20       42   1.68
  1958         101     0.59174  0.45663  0.50      14       6      11       23   1.62
  1958         102     0.61541  0.47060  0.50       8       4       6       12   1.57
  1958         103     0.63854  0.48401  0.50       4       2       3        6   1.52
  1958         104     0.66108  0.49685  0.50       2       1       2        3   1.47
  1958         105     0.68303  0.50915  0.50       1       1       1        1   1.43
  1958         106     0.70441  0.52094  0.50       1       0       0        1   1.39
  1958         107     0.72530  0.53227  0.50       0       0       0        0   1.35
  1958         108     0.74582  0.54324  0.50       0       0       0        0   1.32
  1958         109     0.76608  0.55391  0.50       0       0       0        0   1.29
  1958         110+    0.79296  1.00000  1.26       0       0       0        0   1.26
  1959           0     0.04443  0.04289  0.19  100000    4289   96518  6415479  64.15
  1959           1     0.00387  0.00386  0.50   95711     370   95526  6318961  66.02
  1959           2     0.00333  0.00333  0.50   95342     317   95183  6223435  65.28
  1959           3     0.00277  0.00277  0.50   95024     263   94893  6128252  64.49
  1959           4     0.00224  0.00223  0.50   94761     212   94655  6033359  63.67
  1959           5     0.00177  0.00177  0.50   94549     167   94466  5938704  62.81
  1959           6     0.00139  0.00139  0.50   94382     131   94317  5844238  61.92
  1959           7     0.00110  0.00110  0.50   94251     104   94199  5749921  61.01
  1959           8     0.00090  0.00090  0.50   94147      85   94105  5655722  60.07
  1959           9     0.00076  0.00076  0.50   94063      72   94027  5561616  59.13
  1959          10     0.00070  0.00070  0.50   93991      66   93958  5467589  58.17
  1959          11     0.00068  0.00068  0.50   93926      64   93893  5373631  57.21
  1959          12     0.00071  0.00071  0.50   93861      67   93828  5279738  56.25
  1959          13     0.00077  0.00077  0.50   93795      72   93759  5185910  55.29
  1959          14     0.00087  0.00087  0.50   93723      82   93682  5092151  54.33
  1959          15     0.00102  0.00102  0.50   93641      95   93593  4998469  53.38
  1959          16     0.00120  0.00120  0.50   93545     112   93489  4904876  52.43
  1959          17     0.00139  0.00139  0.50   93433     130   93369  4811387  51.50
  1959          18     0.00157  0.00157  0.50   93304     147   93231  4718018  50.57
  1959          19     0.00173  0.00173  0.50   93157     161   93077  4624787  49.64
  1959          20     0.00185  0.00185  0.50   92996     172   92910  4531711  48.73
  1959          21     0.00195  0.00195  0.50   92824     181   92734  4438800  47.82
  1959          22     0.00206  0.00206  0.50   92643     191   92548  4346067  46.91
  1959          23     0.00223  0.00223  0.50   92452     206   92349  4253519  46.01
  1959          24     0.00247  0.00246  0.50   92246     227   92132  4161170  45.11
  1959          25     0.00262  0.00261  0.50   92019     240   91898  4069038  44.22
  1959          26     0.00262  0.00262  0.50   91778     240   91658  3977140  43.33
  1959          27     0.00249  0.00249  0.50   91538     228   91424  3885482  42.45
  1959          28     0.00235  0.00234  0.50   91310     214   91203  3794058  41.55
  1959          29     0.00229  0.00229  0.50   91096     209   90992  3702855  40.65
  1959          30     0.00220  0.00219  0.50   90887     199   90788  3611864  39.74
  1959          31     0.00205  0.00205  0.50   90688     186   90595  3521076  38.83
  1959          32     0.00192  0.00192  0.50   90502     174   90415  3430481  37.91
  1959          33     0.00185  0.00185  0.50   90328     167   90245  3340066  36.98
  1959          34     0.00190  0.00190  0.50   90161     171   90076  3249821  36.04
  1959          35     0.00209  0.00209  0.50   89990     188   89896  3159745  35.11
  1959          36     0.00242  0.00242  0.50   89802     217   89694  3069849  34.18
  1959          37     0.00279  0.00279  0.50   89585     250   89460  2980155  33.27
  1959          38     0.00315  0.00315  0.50   89335     281   89194  2890695  32.36
  1959          39     0.00346  0.00345  0.50   89054     308   88900  2801501  31.46
  1959          40     0.00372  0.00371  0.50   88746     329   88582  2712601  30.57
  1959          41     0.00394  0.00393  0.50   88417     348   88243  2624019  29.68
  1959          42     0.00418  0.00417  0.50   88069     367   87886  2535776  28.79
  1959          43     0.00447  0.00446  0.50   87702     392   87506  2447890  27.91
  1959          44     0.00487  0.00485  0.50   87311     424   87099  2360384  27.03
  1959          45     0.00534  0.00533  0.50   86887     463   86655  2273285  26.16
  1959          46     0.00587  0.00585  0.50   86424     506   86171  2186630  25.30
  1959          47     0.00637  0.00635  0.50   85918     545   85645  2100459  24.45
  1959          48     0.00692  0.00690  0.50   85373     589   85078  2014813  23.60
  1959          49     0.00762  0.00759  0.50   84784     644   84462  1929735  22.76
  1959          50     0.00842  0.00838  0.50   84140     705   83788  1845273  21.93
  1959          51     0.00926  0.00922  0.50   83435     769   83050  1761486  21.11
  1959          52     0.01021  0.01016  0.50   82666     840   82246  1678435  20.30
  1959          53     0.01141  0.01135  0.50   81826     929   81361  1596190  19.51
  1959          54     0.01309  0.01300  0.50   80897    1052   80371  1514828  18.73
  1959          55     0.01511  0.01500  0.50   79845    1197   79247  1434457  17.97
  1959          56     0.01725  0.01710  0.50   78648    1345   77975  1355210  17.23
  1959          57     0.01918  0.01899  0.50   77303    1468   76569  1277235  16.52
  1959          58     0.02067  0.02046  0.50   75835    1551   75059  1200666  15.83
  1959          59     0.02196  0.02172  0.50   74283    1614   73477  1125607  15.15
  1959          60     0.02345  0.02318  0.50   72670    1684   71827  1052130  14.48
  1959          61     0.02547  0.02515  0.50   70985    1785   70093   980303  13.81
  1959          62     0.02810  0.02771  0.50   69200    1917   68241   910210  13.15
  1959          63     0.03123  0.03075  0.50   67283    2069   66248   841969  12.51
  1959          64     0.03436  0.03378  0.50   65213    2203   64112   775721  11.90
  1959          65     0.03732  0.03663  0.50   63011    2308   61856   711609  11.29
  1959          66     0.04131  0.04047  0.50   60702    2457   59474   649753  10.70
  1959          67     0.04604  0.04501  0.50   58245    2621   56935   590279  10.13
  1959          68     0.05093  0.04966  0.50   55624    2762   54243   533344   9.59
  1959          69     0.05621  0.05467  0.50   52861    2890   51416   479102   9.06
  1959          70     0.06227  0.06039  0.50   49971    3018   48463   427685   8.56
  1959          71     0.06909  0.06678  0.50   46954    3136   45386   379223   8.08
  1959          72     0.07572  0.07295  0.50   43818    3197   42220   333837   7.62
  1959          73     0.08156  0.07836  0.50   40621    3183   39030   291617   7.18
  1959          74     0.08812  0.08441  0.50   37438    3160   35858   252587   6.75
  1959          75     0.09762  0.09308  0.50   34278    3190   32683   216729   6.32
  1959          76     0.11174  0.10583  0.50   31088    3290   29443   184046   5.92
  1959          77     0.12816  0.12044  0.50   27798    3348   26124   154603   5.56
  1959          78     0.14386  0.13421  0.50   24450    3281   22809   128479   5.25
  1959          79     0.15712  0.14567  0.50   21168    3084   19627   105670   4.99
  1959          80     0.16726  0.15435  0.50   18085    2791   16689    86044   4.76
  1959          81     0.17659  0.16226  0.50   15293    2482   14053    69354   4.53
  1959          82     0.18742  0.17136  0.50   12812    2195   11714    55302   4.32
  1959          83     0.19948  0.18139  0.50   10616    1926    9653    43588   4.11
  1959          84     0.21248  0.19207  0.50    8691    1669    7856    33934   3.90
  1959          85     0.22630  0.20330  0.50    7021    1427    6308    26078   3.71
  1959          86     0.24081  0.21493  0.50    5594    1202    4993    19771   3.53
  1959          87     0.25591  0.22688  0.50    4392     996    3893    14778   3.36
  1959          88     0.27158  0.23911  0.50    3395     812    2989    10884   3.21
  1959          89     0.28783  0.25162  0.50    2583     650    2258     7895   3.06
  1959          90     0.30463  0.26436  0.50    1933     511    1678     5637   2.92
  1959          91     0.32196  0.27731  0.50    1422     394    1225     3959   2.78
  1959          92     0.33979  0.29045  0.50    1028     299     879     2734   2.66
  1959          93     0.35810  0.30372  0.50     729     222     619     1855   2.54
  1959          94     0.37682  0.31708  0.50     508     161     427     1237   2.43
  1959          95     0.39593  0.33050  0.50     347     115     289      809   2.33
  1959          96     0.41535  0.34393  0.50     232      80     192      520   2.24
  1959          97     0.43504  0.35732  0.50     152      54     125      327   2.15
  1959          98     0.45494  0.37063  0.50      98      36      80      202   2.07
  1959          99     0.47499  0.38383  0.50      62      24      50      123   1.99
  1959         100     0.49511  0.39687  0.50      38      15      30       73   1.92
  1959         101     0.51526  0.40971  0.50      23       9      18       42   1.85
  1959         102     0.53535  0.42231  0.50      14       6      11       24   1.79
  1959         103     0.55533  0.43464  0.50       8       3       6       14   1.73
  1959         104     0.57512  0.44668  0.50       4       2       3        7   1.68
  1959         105     0.59466  0.45837  0.50       2       1       2        4   1.63
  1959         106     0.61388  0.46971  0.50       1       1       1        2   1.58
  1959         107     0.63274  0.48067  0.50       1       0       1        1   1.54
  1959         108     0.65123  0.49126  0.50       0       0       0        1   1.50
  1959         109     0.66940  0.50154  0.50       0       0       0        0   1.46
  1959         110+    0.70178  1.00000  1.42       0       0       0        0   1.42
  1960           0     0.04390  0.04239  0.19  100000    4239   96556  6445938  64.46
  1960           1     0.00442  0.00441  0.50   95761     422   95550  6349382  66.30
  1960           2     0.00359  0.00358  0.50   95339     341   95168  6253832  65.60
  1960           3     0.00287  0.00286  0.50   94998     272   94862  6158664  64.83
  1960           4     0.00225  0.00225  0.50   94726     213   94619  6063802  64.01
  1960           5     0.00173  0.00173  0.50   94512     163   94431  5969183  63.16
  1960           6     0.00131  0.00131  0.50   94349     124   94287  5874753  62.27
  1960           7     0.00103  0.00103  0.50   94225      97   94177  5780466  61.35
  1960           8     0.00088  0.00088  0.50   94128      83   94087  5686289  60.41
  1960           9     0.00080  0.00080  0.50   94045      75   94008  5592202  59.46
  1960          10     0.00071  0.00071  0.50   93970      66   93937  5498195  58.51
  1960          11     0.00066  0.00066  0.50   93904      62   93873  5404258  57.55
  1960          12     0.00070  0.00070  0.50   93842      66   93809  5310385  56.59
  1960          13     0.00077  0.00077  0.50   93776      72   93740  5216575  55.63
  1960          14     0.00085  0.00085  0.50   93704      80   93664  5122835  54.67
  1960          15     0.00093  0.00093  0.50   93624      87   93581  5029171  53.72
  1960          16     0.00103  0.00103  0.50   93537      96   93489  4935590  52.77
  1960          17     0.00117  0.00117  0.50   93441     109   93387  4842101  51.82
  1960          18     0.00136  0.00136  0.50   93332     126   93269  4748714  50.88
  1960          19     0.00159  0.00159  0.50   93206     148   93131  4655445  49.95
  1960          20     0.00183  0.00183  0.50   93057     170   92972  4562314  49.03
  1960          21     0.00199  0.00199  0.50   92887     185   92795  4469342  48.12
  1960          22     0.00201  0.00200  0.50   92703     186   92610  4376547  47.21
  1960          23     0.00196  0.00195  0.50   92517     181   92427  4283937  46.30
  1960          24     0.00193  0.00193  0.50   92336     178   92247  4191510  45.39
  1960          25     0.00195  0.00195  0.50   92158     179   92068  4099263  44.48
  1960          26     0.00200  0.00200  0.50   91979     184   91887  4007195  43.57
  1960          27     0.00206  0.00206  0.50   91795     189   91701  3915308  42.65
  1960          28     0.00214  0.00214  0.50   91606     196   91508  3823607  41.74
  1960          29     0.00223  0.00223  0.50   91410     204   91308  3732099  40.83
  1960          30     0.00229  0.00229  0.50   91207     209   91102  3640791  39.92
  1960          31     0.00231  0.00231  0.50   90998     210   90893  3549689  39.01
  1960          32     0.00230  0.00230  0.50   90788     209   90684  3458796  38.10
  1960          33     0.00227  0.00227  0.50   90579     206   90477  3368112  37.18
  1960          34     0.00225  0.00225  0.50   90374     203   90272  3277636  36.27
  1960          35     0.00222  0.00222  0.50   90171     200   90071  3187363  35.35
  1960          36     0.00221  0.00221  0.50   89971     199   89871  3097293  34.43
  1960          37     0.00229  0.00229  0.50   89772     205   89669  3007421  33.50
  1960          38     0.00253  0.00253  0.50   89567     227   89453  2917752  32.58
  1960          39     0.00295  0.00295  0.50   89340     263   89208  2828298  31.66
  1960          40     0.00336  0.00336  0.50   89077     299   88927  2739090  30.75
  1960          41     0.00360  0.00360  0.50   88778     319   88618  2650163  29.85
  1960          42     0.00373  0.00372  0.50   88458     329   88294  2561545  28.96
  1960          43     0.00389  0.00389  0.50   88129     343   87958  2473251  28.06
  1960          44     0.00422  0.00421  0.50   87786     370   87602  2385293  27.17
  1960          45     0.00470  0.00469  0.50   87417     410   87212  2297691  26.28
  1960          46     0.00528  0.00527  0.50   87007     458   86778  2210480  25.41
  1960          47     0.00582  0.00580  0.50   86548     502   86297  2123702  24.54
  1960          48     0.00632  0.00630  0.50   86046     542   85775  2037405  23.68
  1960          49     0.00686  0.00684  0.50   85504     585   85212  1951629  22.82
  1960          50     0.00748  0.00745  0.50   84920     633   84603  1866417  21.98
  1960          51     0.00825  0.00821  0.50   84287     692   83941  1781814  21.14
  1960          52     0.00931  0.00927  0.50   83595     775   83207  1697873  20.31
  1960          53     0.01076  0.01070  0.50   82820     886   82377  1614666  19.50
  1960          54     0.01241  0.01233  0.50   81934    1010   81429  1532289  18.70
  1960          55     0.01406  0.01396  0.50   80924    1130   80359  1450860  17.93
  1960          56     0.01559  0.01547  0.50   79794    1234   79177  1370501  17.18
  1960          57     0.01714  0.01700  0.50   78560    1335   77892  1291324  16.44
  1960          58     0.01894  0.01876  0.50   77224    1449   76500  1213432  15.71
  1960          59     0.02107  0.02085  0.50   75776    1580   74986  1136932  15.00
  1960          60     0.02336  0.02309  0.50   74196    1713   73339  1061946  14.31
  1960          61     0.02569  0.02536  0.50   72482    1838   71563   988608  13.64
  1960          62     0.02834  0.02795  0.50   70644    1974   69657   917044  12.98
  1960          63     0.03160  0.03111  0.50   68670    2136   67602   847387  12.34
  1960          64     0.03517  0.03456  0.50   66534    2299   65384   779786  11.72
  1960          65     0.03884  0.03810  0.50   64234    2447   63011   714402  11.12
  1960          66     0.04300  0.04210  0.50   61787    2601   60487   651391  10.54
  1960          67     0.04738  0.04628  0.50   59186    2739   57816   590905   9.98
  1960          68     0.05165  0.05035  0.50   56447    2842   55026   533088   9.44
  1960          69     0.05635  0.05481  0.50   53605    2938   52135   478062   8.92
  1960          70     0.06221  0.06033  0.50   50666    3057   49138   425927   8.41
  1960          71     0.06965  0.06731  0.50   47610    3204   46007   376789   7.91
  1960          72     0.07794  0.07502  0.50   44405    3331   42740   330781   7.45
  1960          73     0.08626  0.08269  0.50   41074    3396   39376   288042   7.01
  1960          74     0.09464  0.09037  0.50   37678    3405   35975   248666   6.60
  1960          75     0.10326  0.09819  0.50   34273    3365   32590   212690   6.21
  1960          76     0.11203  0.10609  0.50   30908    3279   29268   180100   5.83
  1960          77     0.12150  0.11454  0.50   27629    3165   26046   150832   5.46
  1960          78     0.13242  0.12420  0.50   24464    3038   22945   124786   5.10
  1960          79     0.14583  0.13592  0.50   21426    2912   19970   101841   4.75
  1960          80     0.16238  0.15018  0.50   18514    2780   17123    81871   4.42
  1960          81     0.18094  0.16593  0.50   15733    2611   14428    64748   4.12
  1960          82     0.20028  0.18205  0.50   13123    2389   11928    50320   3.83
  1960          83     0.22054  0.19863  0.50   10734    2132    9668    38392   3.58
  1960          84     0.24190  0.21580  0.50    8602    1856    7673    28724   3.34
  1960          85     0.26449  0.23359  0.50    6745    1576    5957    21051   3.12
  1960          86     0.28833  0.25200  0.50    5170    1303    4518    15094   2.92
  1960          87     0.31344  0.27097  0.50    3867    1048    3343    10575   2.73
  1960          88     0.33971  0.29039  0.50    2819     819    2410     7232   2.57
  1960          89     0.36702  0.31011  0.50    2000     620    1690     4822   2.41
  1960          90     0.39522  0.33001  0.50    1380     455    1152     3132   2.27
  1960          91     0.42414  0.34993  0.50     925     324     763     1980   2.14
  1960          92     0.45358  0.36973  0.50     601     222     490     1217   2.02
  1960          93     0.48335  0.38927  0.50     379     147     305      727   1.92
  1960          94     0.51323  0.40842  0.50     231      94     184      422   1.82
  1960          95     0.54302  0.42707  0.50     137      58     108      238   1.74
  1960          96     0.57251  0.44510  0.50      78      35      61      130   1.66
  1960          97     0.60149  0.46242  0.50      44      20      33       69   1.59
  1960          98     0.62978  0.47896  0.50      23      11      18       36   1.53
  1960          99     0.65721  0.49466  0.50      12       6       9       18   1.47
  1960         100     0.68363  0.50948  0.50       6       3       5        9   1.42
  1960         101     0.70892  0.52340  0.50       3       2       2        4   1.37
  1960         102     0.73298  0.53640  0.50       1       1       1        2   1.33
  1960         103     0.75573  0.54848  0.50       1       0       0        1   1.30
  1960         104     0.77712  0.55966  0.50       0       0       0        0   1.26
  1960         105     0.79710  0.56995  0.50       0       0       0        0   1.24
  1960         106     0.81566  0.57937  0.50       0       0       0        0   1.21
  1960         107     0.83282  0.58798  0.50       0       0       0        0   1.19
  1960         108     0.84877  0.59589  0.50       0       0       0        0   1.17
  1960         109     0.86377  0.60324  0.50       0       0       0        0   1.15
  1960         110+    0.88450  1.00000  1.13       0       0       0        0   1.13
  1961           0     0.04145  0.04010  0.18  100000    4010   96729  6449756  64.50
  1961           1     0.00326  0.00325  0.50   95990     312   95834  6353027  66.18
  1961           2     0.00284  0.00284  0.50   95678     272   95542  6257192  65.40
  1961           3     0.00245  0.00245  0.50   95406     234   95289  6161650  64.58
  1961           4     0.00209  0.00209  0.50   95173     199   95073  6066361  63.74
  1961           5     0.00178  0.00178  0.50   94973     169   94889  5971288  62.87
  1961           6     0.00151  0.00150  0.50   94805     143   94733  5876399  61.98
  1961           7     0.00127  0.00127  0.50   94662     120   94602  5781665  61.08
  1961           8     0.00108  0.00108  0.50   94542     102   94490  5687064  60.15
  1961           9     0.00093  0.00093  0.50   94439      88   94395  5592573  59.22
  1961          10     0.00083  0.00083  0.50   94351      78   94312  5498178  58.27
  1961          11     0.00078  0.00078  0.50   94273      73   94236  5403866  57.32
  1961          12     0.00078  0.00078  0.50   94200      73   94163  5309630  56.37
  1961          13     0.00084  0.00084  0.50   94126      79   94087  5215467  55.41
  1961          14     0.00095  0.00095  0.50   94047      89   94002  5121380  54.46
  1961          15     0.00110  0.00110  0.50   93958     103   93906  5027378  53.51
  1961          16     0.00128  0.00128  0.50   93854     120   93794  4933471  52.57
  1961          17     0.00147  0.00147  0.50   93735     138   93666  4839677  51.63
  1961          18     0.00166  0.00166  0.50   93597     156   93519  4746011  50.71
  1961          19     0.00184  0.00184  0.50   93441     172   93355  4652492  49.79
  1961          20     0.00199  0.00199  0.50   93269     186   93176  4559137  48.88
  1961          21     0.00211  0.00211  0.50   93083     196   92985  4465961  47.98
  1961          22     0.00220  0.00220  0.50   92887     204   92785  4372976  47.08
  1961          23     0.00226  0.00226  0.50   92683     209   92578  4280191  46.18
  1961          24     0.00230  0.00229  0.50   92474     212   92368  4187612  45.28
  1961          25     0.00231  0.00231  0.50   92261     213   92155  4095245  44.39
  1961          26     0.00231  0.00230  0.50   92048     212   91942  4003090  43.49
  1961          27     0.00227  0.00227  0.50   91836     208   91732  3911148  42.59
  1961          28     0.00223  0.00223  0.50   91628     204   91526  3819416  41.68
  1961          29     0.00220  0.00219  0.50   91424     201   91323  3727890  40.78
  1961          30     0.00218  0.00218  0.50   91223     198   91124  3636567  39.86
  1961          31     0.00218  0.00218  0.50   91025     198   90925  3545443  38.95
  1961          32     0.00220  0.00220  0.50   90826     200   90726  3454517  38.03
  1961          33     0.00224  0.00224  0.50   90627     203   90525  3363791  37.12
  1961          34     0.00230  0.00229  0.50   90424     207   90320  3273266  36.20
  1961          35     0.00236  0.00236  0.50   90216     213   90110  3182946  35.28
  1961          36     0.00244  0.00244  0.50   90004     219   89894  3092836  34.36
  1961          37     0.00256  0.00255  0.50   89784     229   89670  3002942  33.45
  1961          38     0.00272  0.00272  0.50   89555     243   89434  2913272  32.53
  1961          39     0.00294  0.00294  0.50   89312     262   89181  2823839  31.62
  1961          40     0.00321  0.00320  0.50   89050     285   88907  2734658  30.71
  1961          41     0.00352  0.00351  0.50   88764     311   88609  2645751  29.81
  1961          42     0.00383  0.00382  0.50   88453     338   88284  2557143  28.91
  1961          43     0.00414  0.00414  0.50   88115     364   87933  2468859  28.02
  1961          44     0.00449  0.00448  0.50   87751     393   87554  2380926  27.13
  1961          45     0.00489  0.00488  0.50   87357     426   87144  2293372  26.25
  1961          46     0.00536  0.00535  0.50   86931     465   86699  2206228  25.38
  1961          47     0.00592  0.00591  0.50   86466     511   86211  2119529  24.51
  1961          48     0.00656  0.00653  0.50   85955     562   85675  2033318  23.66
  1961          49     0.00724  0.00722  0.50   85394     616   85086  1947643  22.81
  1961          50     0.00800  0.00797  0.50   84777     675   84440  1862558  21.97
  1961          51     0.00883  0.00879  0.50   84102     739   83732  1778118  21.14
  1961          52     0.00977  0.00972  0.50   83363     811   82957  1694386  20.33
  1961          53     0.01085  0.01079  0.50   82552     891   82107  1611428  19.52
  1961          54     0.01212  0.01205  0.50   81661     984   81169  1529321  18.73
  1961          55     0.01358  0.01349  0.50   80678    1088   80133  1448152  17.95
  1961          56     0.01524  0.01513  0.50   79589    1204   78987  1368019  17.19
  1961          57     0.01710  0.01695  0.50   78385    1329   77721  1289032  16.44
  1961          58     0.01914  0.01896  0.50   77056    1461   76326  1211311  15.72
  1961          59     0.02132  0.02110  0.50   75595    1595   74798  1134985  15.01
  1961          60     0.02362  0.02334  0.50   74000    1727   73137  1060187  14.33
  1961          61     0.02601  0.02568  0.50   72273    1856   71345   987051  13.66
  1961          62     0.02856  0.02816  0.50   70417    1983   69426   915706  13.00
  1961          63     0.03134  0.03086  0.50   68434    2112   67378   846280  12.37
  1961          64     0.03439  0.03381  0.50   66322    2242   65201   778902  11.74
  1961          65     0.03774  0.03705  0.50   64080    2374   62893   713701  11.14
  1961          66     0.04149  0.04065  0.50   61706    2508   60452   650808  10.55
  1961          67     0.04565  0.04463  0.50   59198    2642   57877   590356   9.97
  1961          68     0.05023  0.04900  0.50   56556    2771   55170   532479   9.42
  1961          69     0.05539  0.05389  0.50   53784    2899   52335   477309   8.87
  1961          70     0.06129  0.05946  0.50   50886    3026   49373   424974   8.35
  1961          71     0.06814  0.06589  0.50   47860    3154   46283   375601   7.85
  1961          72     0.07603  0.07324  0.50   44706    3274   43069   329318   7.37
  1961          73     0.08499  0.08153  0.50   41432    3378   39743   286249   6.91
  1961          74     0.09497  0.09067  0.50   38054    3450   36329   246507   6.48
  1961          75     0.10595  0.10062  0.50   34604    3482   32863   210178   6.07
  1961          76     0.11806  0.11148  0.50   31122    3469   29387   177315   5.70
  1961          77     0.13098  0.12293  0.50   27652    3399   25953   147928   5.35
  1961          78     0.14436  0.13464  0.50   24253    3265   22620   121975   5.03
  1961          79     0.15807  0.14649  0.50   20988    3074   19450    99355   4.73
  1961          80     0.17208  0.15845  0.50   17913    2838   16494    79905   4.46
  1961          81     0.18653  0.17062  0.50   15075    2572   13789    63411   4.21
  1961          82     0.20159  0.18313  0.50   12503    2290   11358    49622   3.97
  1961          83     0.21738  0.19607  0.50   10213    2002    9212    38264   3.75
  1961          84     0.23397  0.20947  0.50    8211    1720    7351    29052   3.54
  1961          85     0.25144  0.22336  0.50    6491    1450    5766    21701   3.34
  1961          86     0.26978  0.23772  0.50    5041    1198    4442    15936   3.16
  1961          87     0.28899  0.25250  0.50    3843     970    3358    11494   2.99
  1961          88     0.30903  0.26767  0.50    2872     769    2488     8136   2.83
  1961          89     0.32985  0.28315  0.50    2104     596    1806     5648   2.69
  1961          90     0.35138  0.29887  0.50    1508     451    1283     3842   2.55
  1961          91     0.37355  0.31476  0.50    1057     333     891     2560   2.42
  1961          92     0.39627  0.33074  0.50     724     240     605     1669   2.30
  1961          93     0.41946  0.34674  0.50     485     168     401     1064   2.20
  1961          94     0.44300  0.36267  0.50     317     115     259      664   2.09
  1961          95     0.46680  0.37847  0.50     202      76     164      404   2.00
  1961          96     0.49074  0.39405  0.50     125      49     101      241   1.92
  1961          97     0.51471  0.40936  0.50      76      31      60      140   1.84
  1961          98     0.53860  0.42433  0.50      45      19      35       79   1.77
  1961          99     0.56228  0.43889  0.50      26      11      20       44   1.70
  1961         100     0.58565  0.45300  0.50      15       7      11       24   1.64
  1961         101     0.60861  0.46661  0.50       8       4       6       13   1.58
  1961         102     0.63105  0.47969  0.50       4       2       3        6   1.53
  1961         103     0.65291  0.49222  0.50       2       1       2        3   1.49
  1961         104     0.67414  0.50419  0.50       1       1       1        2   1.44
  1961         105     0.69472  0.51562  0.50       1       0       0        1   1.41
  1961         106     0.71469  0.52654  0.50       0       0       0        0   1.37
  1961         107     0.73412  0.53701  0.50       0       0       0        0   1.34
  1961         108     0.75312  0.54710  0.50       0       0       0        0   1.30
  1961         109     0.77184  0.55691  0.50       0       0       0        0   1.28
  1961         110+    0.79794  1.00000  1.25       0       0       0        0   1.25
  1962           0     0.03736  0.03625  0.18  100000    3625   97025  6502300  65.02
  1962           1     0.00306  0.00305  0.50   96375     294   96228  6405275  66.46
  1962           2     0.00254  0.00254  0.50   96081     244   95959  6309047  65.66
  1962           3     0.00210  0.00210  0.50   95837     201   95736  6213088  64.83
  1962           4     0.00173  0.00172  0.50   95636     165   95553  6117352  63.97
  1962           5     0.00141  0.00141  0.50   95471     134   95403  6021799  63.07
  1962           6     0.00114  0.00114  0.50   95336     109   95282  5926396  62.16
  1962           7     0.00093  0.00093  0.50   95227      89   95183  5831114  61.23
  1962           8     0.00077  0.00077  0.50   95138      73   95102  5735931  60.29
  1962           9     0.00066  0.00066  0.50   95065      63   95034  5640829  59.34
  1962          10     0.00059  0.00059  0.50   95003      56   94975  5545796  58.38
  1962          11     0.00055  0.00055  0.50   94947      53   94921  5450821  57.41
  1962          12     0.00057  0.00056  0.50   94894      54   94868  5355900  56.44
  1962          13     0.00061  0.00061  0.50   94841      58   94812  5261033  55.47
  1962          14     0.00070  0.00070  0.50   94783      66   94749  5166221  54.51
  1962          15     0.00083  0.00083  0.50   94716      78   94677  5071472  53.54
  1962          16     0.00101  0.00101  0.50   94638      96   94590  4976795  52.59
  1962          17     0.00126  0.00126  0.50   94542     119   94483  4882205  51.64
  1962          18     0.00155  0.00155  0.50   94423     146   94350  4787722  50.71
  1962          19     0.00183  0.00183  0.50   94277     172   94191  4693372  49.78
  1962          20     0.00206  0.00206  0.50   94105     194   94008  4599181  48.87
  1962          21     0.00222  0.00222  0.50   93911     208   93807  4505173  47.97
  1962          22     0.00232  0.00231  0.50   93703     217   93594  4411367  47.08
  1962          23     0.00236  0.00236  0.50   93486     220   93376  4317772  46.19
  1962          24     0.00236  0.00236  0.50   93265     220   93156  4224397  45.29
  1962          25     0.00233  0.00232  0.50   93046     216   92938  4131241  44.40
  1962          26     0.00227  0.00227  0.50   92830     211   92724  4038303  43.50
  1962          27     0.00220  0.00220  0.50   92619     204   92517  3945579  42.60
  1962          28     0.00213  0.00213  0.50   92415     197   92317  3853062  41.69
  1962          29     0.00205  0.00205  0.50   92218     189   92124  3760745  40.78
  1962          30     0.00200  0.00200  0.50   92029     184   91937  3668621  39.86
  1962          31     0.00200  0.00200  0.50   91845     183   91754  3576684  38.94
  1962          32     0.00204  0.00203  0.50   91662     186   91569  3484930  38.02
  1962          33     0.00212  0.00212  0.50   91476     194   91379  3393361  37.10
  1962          34     0.00226  0.00226  0.50   91282     206   91179  3301983  36.17
  1962          35     0.00242  0.00241  0.50   91076     220   90966  3210804  35.25
  1962          36     0.00257  0.00257  0.50   90856     233   90739  3119838  34.34
  1962          37     0.00274  0.00274  0.50   90623     248   90499  3029099  33.43
  1962          38     0.00292  0.00291  0.50   90375     263   90243  2938600  32.52
  1962          39     0.00309  0.00308  0.50   90111     278   89972  2848357  31.61
  1962          40     0.00324  0.00323  0.50   89833     291   89688  2758385  30.71
  1962          41     0.00338  0.00337  0.50   89543     302   89392  2668697  29.80
  1962          42     0.00355  0.00354  0.50   89241     316   89083  2579305  28.90
  1962          43     0.00378  0.00378  0.50   88925     336   88757  2490222  28.00
  1962          44     0.00409  0.00408  0.50   88589     362   88408  2401465  27.11
  1962          45     0.00448  0.00447  0.50   88227     394   88030  2313058  26.22
  1962          46     0.00495  0.00494  0.50   87833     434   87616  2225028  25.33
  1962          47     0.00551  0.00550  0.50   87399     481   87159  2137412  24.46
  1962          48     0.00617  0.00615  0.50   86918     535   86651  2050253  23.59
  1962          49     0.00694  0.00692  0.50   86384     598   86085  1963602  22.73
  1962          50     0.00786  0.00782  0.50   85786     671   85450  1877517  21.89
  1962          51     0.00894  0.00890  0.50   85115     758   84736  1792067  21.05
  1962          52     0.01016  0.01011  0.50   84357     853   83930  1707331  20.24
  1962          53     0.01147  0.01141  0.50   83504     953   83028  1623401  19.44
  1962          54     0.01285  0.01277  0.50   82551    1054   82024  1540373  18.66
  1962          55     0.01428  0.01418  0.50   81497    1155   80920  1458349  17.89
  1962          56     0.01576  0.01563  0.50   80342    1256   79714  1377429  17.14
  1962          57     0.01728  0.01713  0.50   79086    1355   78408  1297716  16.41
  1962          58     0.01884  0.01866  0.50   77731    1451   77006  1219307  15.69
  1962          59     0.02044  0.02024  0.50   76280    1544   75509  1142301  14.98
  1962          60     0.02214  0.02190  0.50   74737    1637   73918  1066793  14.27
  1962          61     0.02401  0.02373  0.50   73100    1735   72233   992874  13.58
  1962          62     0.02628  0.02594  0.50   71366    1851   70440   920642  12.90
  1962          63     0.02915  0.02873  0.50   69515    1997   68516   850202  12.23
  1962          64     0.03267  0.03215  0.50   67518    2171   66432   781685  11.58
  1962          65     0.03685  0.03618  0.50   65347    2364   64165   715253  10.95
  1962          66     0.04157  0.04072  0.50   62982    2565   61700   651089  10.34
  1962          67     0.04682  0.04575  0.50   60418    2764   59036   589388   9.76
  1962          68     0.05259  0.05125  0.50   57654    2954   56177   530353   9.20
  1962          69     0.05882  0.05714  0.50   54699    3126   53137   474176   8.67
  1962          70     0.06546  0.06338  0.50   51574    3269   49939   421039   8.16
  1962          71     0.07259  0.07005  0.50   48305    3384   46613   371100   7.68
  1962          72     0.08026  0.07716  0.50   44921    3466   43188   324487   7.22
  1962          73     0.08849  0.08474  0.50   41455    3513   39699   281299   6.79
  1962          74     0.09741  0.09289  0.50   37942    3524   36180   241600   6.37
  1962          75     0.10722  0.10176  0.50   34418    3503   32667   205420   5.97
  1962          76     0.11823  0.11163  0.50   30915    3451   29190   172753   5.59
  1962          77     0.13054  0.12254  0.50   27464    3365   25782   143563   5.23
  1962          78     0.14421  0.13451  0.50   24099    3241   22478   117782   4.89
  1962          79     0.15932  0.14757  0.50   20857    3078   19318    95304   4.57
  1962          80     0.17590  0.16168  0.50   17780    2875   16342    75985   4.27
  1962          81     0.19356  0.17648  0.50   14905    2630   13590    59643   4.00
  1962          82     0.21190  0.19160  0.50   12275    2352   11099    46053   3.75
  1962          83     0.23086  0.20697  0.50    9923    2054    8896    34954   3.52
  1962          84     0.25051  0.22263  0.50    7869    1752    6993    26059   3.31
  1962          85     0.27091  0.23859  0.50    6117    1460    5387    19065   3.12
  1962          86     0.29212  0.25489  0.50    4658    1187    4064    13678   2.94
  1962          87     0.31419  0.27153  0.50    3470     942    2999     9614   2.77
  1962          88     0.33710  0.28848  0.50    2528     729    2163     6615   2.62
  1962          89     0.36080  0.30566  0.50    1799     550    1524     4451   2.47
  1962          90     0.38522  0.32301  0.50    1249     403    1047     2927   2.34
  1962          91     0.41025  0.34042  0.50     846     288     702     1880   2.22
  1962          92     0.43577  0.35781  0.50     558     200     458     1178   2.11
  1962          93     0.46164  0.37507  0.50     358     134     291      720   2.01
  1962          94     0.48773  0.39211  0.50     224      88     180      429   1.92
  1962          95     0.51389  0.40884  0.50     136      56     108      250   1.83
  1962          96     0.53998  0.42519  0.50      80      34      63      141   1.76
  1962          97     0.56585  0.44107  0.50      46      20      36       78   1.69
  1962          98     0.59137  0.45642  0.50      26      12      20       42   1.62
  1962          99     0.61641  0.47119  0.50      14       7      11       22   1.56
  1962         100     0.64083  0.48532  0.50       7       4       6       11   1.51
  1962         101     0.66452  0.49879  0.50       4       2       3        6   1.46
  1962         102     0.68737  0.51156  0.50       2       1       1        3   1.42
  1962         103     0.70930  0.52361  0.50       1       0       1        1   1.38
  1962         104     0.73026  0.53494  0.50       0       0       0        1   1.34
  1962         105     0.75020  0.54556  0.50       0       0       0        0   1.31
  1962         106     0.76917  0.55552  0.50       0       0       0        0   1.28
  1962         107     0.78724  0.56489  0.50       0       0       0        0   1.25
  1962         108     0.80459  0.57377  0.50       0       0       0        0   1.23
  1962         109     0.82146  0.58229  0.50       0       0       0        0   1.20
  1962         110+    0.84452  1.00000  1.18       0       0       0        0   1.18
  1963           0     0.03075  0.02999  0.17  100000    2999   97513  6625845  66.26
  1963           1     0.00211  0.00211  0.50   97001     205   96899  6528332  67.30
  1963           2     0.00190  0.00190  0.50   96796     184   96704  6431433  66.44
  1963           3     0.00169  0.00168  0.50   96613     163   96531  6334729  65.57
  1963           4     0.00147  0.00147  0.50   96450     142   96379  6238197  64.68
  1963           5     0.00126  0.00126  0.50   96308     121   96248  6141818  63.77
  1963           6     0.00106  0.00106  0.50   96187     102   96136  6045571  62.85
  1963           7     0.00089  0.00089  0.50   96085      86   96042  5949435  61.92
  1963           8     0.00075  0.00075  0.50   95999      72   95963  5853393  60.97
  1963           9     0.00064  0.00064  0.50   95927      61   95897  5757430  60.02
  1963          10     0.00057  0.00057  0.50   95866      55   95839  5661533  59.06
  1963          11     0.00055  0.00055  0.50   95811      53   95785  5565694  58.09
  1963          12     0.00057  0.00057  0.50   95759      54   95731  5469910  57.12
  1963          13     0.00063  0.00063  0.50   95704      61   95674  5374178  56.15
  1963          14     0.00074  0.00074  0.50   95644      71   95608  5278504  55.19
  1963          15     0.00090  0.00090  0.50   95572      86   95529  5182896  54.23
  1963          16     0.00109  0.00109  0.50   95486     104   95434  5087367  53.28
  1963          17     0.00129  0.00128  0.50   95382     123   95321  4991933  52.34
  1963          18     0.00148  0.00147  0.50   95260     140   95190  4896612  51.40
  1963          19     0.00164  0.00164  0.50   95119     156   95041  4801422  50.48
  1963          20     0.00178  0.00177  0.50   94963     168   94879  4706381  49.56
  1963          21     0.00188  0.00188  0.50   94795     178   94706  4611502  48.65
  1963          22     0.00196  0.00196  0.50   94617     186   94524  4516797  47.74
  1963          23     0.00204  0.00204  0.50   94431     192   94335  4422273  46.83
  1963          24     0.00211  0.00211  0.50   94239     199   94140  4327938  45.93
  1963          25     0.00218  0.00218  0.50   94040     205   93938  4233798  45.02
  1963          26     0.00225  0.00225  0.50   93835     211   93730  4139860  44.12
  1963          27     0.00230  0.00230  0.50   93625     215   93517  4046130  43.22
  1963          28     0.00231  0.00231  0.50   93410     216   93302  3952613  42.31
  1963          29     0.00228  0.00228  0.50   93194     212   93088  3859311  41.41
  1963          30     0.00222  0.00221  0.50   92982     206   92879  3766223  40.51
  1963          31     0.00216  0.00216  0.50   92776     200   92676  3673344  39.59
  1963          32     0.00213  0.00213  0.50   92576     197   92477  3580669  38.68
  1963          33     0.00216  0.00216  0.50   92378     200   92279  3488192  37.76
  1963          34     0.00224  0.00224  0.50   92179     206   92076  3395913  36.84
  1963          35     0.00236  0.00236  0.50   91972     217   91864  3303837  35.92
  1963          36     0.00250  0.00249  0.50   91756     229   91642  3211973  35.01
  1963          37     0.00264  0.00263  0.50   91527     241   91407  3120332  34.09
  1963          38     0.00277  0.00276  0.50   91286     252   91160  3028925  33.18
  1963          39     0.00286  0.00286  0.50   91034     260   90904  2937765  32.27
  1963          40     0.00294  0.00293  0.50   90774     266   90641  2846861  31.36
  1963          41     0.00301  0.00301  0.50   90508     272   90372  2756221  30.45
  1963          42     0.00313  0.00313  0.50   90236     282   90095  2665849  29.54
  1963          43     0.00332  0.00332  0.50   89954     299   89804  2575754  28.63
  1963          44     0.00361  0.00361  0.50   89655     323   89493  2485950  27.73
  1963          45     0.00400  0.00399  0.50   89332     357   89153  2396457  26.83
  1963          46     0.00448  0.00447  0.50   88975     397   88776  2307304  25.93
  1963          47     0.00503  0.00502  0.50   88577     445   88355  2218527  25.05
  1963          48     0.00568  0.00566  0.50   88133     499   87883  2130172  24.17
  1963          49     0.00642  0.00640  0.50   87633     561   87353  2042289  23.30
  1963          50     0.00725  0.00722  0.50   87073     629   86758  1954936  22.45
  1963          51     0.00815  0.00812  0.50   86444     702   86093  1868178  21.61
  1963          52     0.00915  0.00911  0.50   85742     781   85352  1782085  20.78
  1963          53     0.01027  0.01022  0.50   84961     868   84527  1696733  19.97
  1963          54     0.01148  0.01141  0.50   84093     960   83613  1612206  19.17
  1963          55     0.01282  0.01274  0.50   83134    1059   82604  1528593  18.39
  1963          56     0.01435  0.01425  0.50   82075    1170   81490  1445988  17.62
  1963          57     0.01609  0.01596  0.50   80905    1291   80259  1364499  16.87
  1963          58     0.01801  0.01785  0.50   79614    1421   78903  1284239  16.13
  1963          59     0.02006  0.01986  0.50   78193    1553   77416  1205336  15.41
  1963          60     0.02221  0.02197  0.50   76640    1684   75798  1127920  14.72
  1963          61     0.02445  0.02416  0.50   74956    1811   74051  1052122  14.04
  1963          62     0.02691  0.02656  0.50   73145    1943   72174   978071  13.37
  1963          63     0.02975  0.02931  0.50   71203    2087   70159   905897  12.72
  1963          64     0.03303  0.03249  0.50   69116    2246   67993   835738  12.09
  1963          65     0.03678  0.03611  0.50   66870    2415   65662   767745  11.48
  1963          66     0.04088  0.04006  0.50   64455    2582   63164   702082  10.89
  1963          67     0.04521  0.04421  0.50   61873    2736   60505   638918  10.33
  1963          68     0.04974  0.04854  0.50   59137    2870   57702   578413   9.78
  1963          69     0.05459  0.05314  0.50   56267    2990   54772   520711   9.25
  1963          70     0.05992  0.05817  0.50   53277    3099   51727   465939   8.75
  1963          71     0.06587  0.06377  0.50   50178    3200   48578   414212   8.25
  1963          72     0.07253  0.06999  0.50   46978    3288   45334   365634   7.78
  1963          73     0.07999  0.07692  0.50   43690    3360   42009   320300   7.33
  1963          74     0.08838  0.08464  0.50   40329    3413   38623   278291   6.90
  1963          75     0.09779  0.09323  0.50   36916    3442   35195   239668   6.49
  1963          76     0.10813  0.10258  0.50   33474    3434   31757   204473   6.11
  1963          77     0.11920  0.11249  0.50   30040    3379   28351   172716   5.75
  1963          78     0.13081  0.12278  0.50   26661    3273   25024   144366   5.41
  1963          79     0.14290  0.13337  0.50   23387    3119   21828   119341   5.10
  1963          80     0.15543  0.14422  0.50   20268    2923   18807    97514   4.81
  1963          81     0.16854  0.15544  0.50   17345    2696   15997    78707   4.54
  1963          82     0.18236  0.16712  0.50   14649    2448   13425    62710   4.28
  1963          83     0.19698  0.17932  0.50   12201    2188   11107    49285   4.04
  1963          84     0.21244  0.19204  0.50   10013    1923    9052    38178   3.81
  1963          85     0.22879  0.20530  0.50    8090    1661    7260    29126   3.60
  1963          86     0.24603  0.21908  0.50    6429    1409    5725    21867   3.40
  1963          87     0.26415  0.23334  0.50    5021    1172    4435    16142   3.22
  1963          88     0.28313  0.24802  0.50    3849     955    3372    11707   3.04
  1963          89     0.30293  0.26308  0.50    2894     761    2514     8335   2.88
  1963          90     0.32350  0.27846  0.50    2133     594    1836     5821   2.73
  1963          91     0.34478  0.29408  0.50    1539     453    1313     3985   2.59
  1963          92     0.36669  0.30988  0.50    1086     337     918     2672   2.46
  1963          93     0.38918  0.32578  0.50     750     244     628     1754   2.34
  1963          94     0.41214  0.34172  0.50     506     173     419     1127   2.23
  1963          95     0.43549  0.35762  0.50     333     119     273      708   2.13
  1963          96     0.45912  0.37340  0.50     214      80     174      434   2.03
  1963          97     0.48293  0.38900  0.50     134      52     108      260   1.94
  1963          98     0.50681  0.40435  0.50      82      33      65      153   1.86
  1963          99     0.53064  0.41937  0.50      49      20      39       87   1.79
  1963         100     0.55431  0.43402  0.50      28      12      22       49   1.72
  1963         101     0.57770  0.44823  0.50      16       7      12       27   1.66
  1963         102     0.60071  0.46196  0.50       9       4       7       14   1.60
  1963         103     0.62325  0.47517  0.50       5       2       4        7   1.55
  1963         104     0.64524  0.48785  0.50       2       1       2        4   1.50
  1963         105     0.66665  0.49999  0.50       1       1       1        2   1.46
  1963         106     0.68747  0.51161  0.50       1       0       0        1   1.42
  1963         107     0.70776  0.52276  0.50       0       0       0        0   1.38
  1963         108     0.72761  0.53351  0.50       0       0       0        0   1.35
  1963         109     0.74717  0.54396  0.50       0       0       0        0   1.32
  1963         110+    0.77614  1.00000  1.29       0       0       0        0   1.29
  1964           0     0.02795  0.02732  0.17  100000    2732   97725  6680077  66.80
  1964           1     0.00188  0.00188  0.50   97268     183   97177  6582352  67.67
  1964           2     0.00163  0.00163  0.50   97085     158   97006  6485175  66.80
  1964           3     0.00138  0.00138  0.50   96928     134   96860  6388169  65.91
  1964           4     0.00117  0.00117  0.50   96793     113   96737  6291308  65.00
  1964           5     0.00098  0.00098  0.50   96680      95   96633  6194571  64.07
  1964           6     0.00083  0.00083  0.50   96585      80   96546  6097939  63.14
  1964           7     0.00069  0.00069  0.50   96506      67   96472  6001393  62.19
  1964           8     0.00058  0.00058  0.50   96439      56   96411  5904921  61.23
  1964           9     0.00050  0.00050  0.50   96383      48   96359  5808510  60.27
  1964          10     0.00044  0.00044  0.50   96335      43   96313  5712151  59.29
  1964          11     0.00043  0.00043  0.50   96292      41   96271  5615838  58.32
  1964          12     0.00045  0.00045  0.50   96251      44   96229  5519567  57.35
  1964          13     0.00053  0.00053  0.50   96207      51   96181  5423338  56.37
  1964          14     0.00067  0.00067  0.50   96156      64   96123  5327157  55.40
  1964          15     0.00084  0.00084  0.50   96091      81   96051  5231033  54.44
  1964          16     0.00104  0.00104  0.50   96010     100   95960  5134982  53.48
  1964          17     0.00124  0.00124  0.50   95911     119   95851  5039022  52.54
  1964          18     0.00143  0.00143  0.50   95792     137   95723  4943171  51.60
  1964          19     0.00160  0.00160  0.50   95655     153   95578  4847448  50.68
  1964          20     0.00173  0.00173  0.50   95502     166   95419  4751869  49.76
  1964          21     0.00185  0.00184  0.50   95336     176   95248  4656450  48.84
  1964          22     0.00193  0.00193  0.50   95161     184   95069  4561202  47.93
  1964          23     0.00199  0.00199  0.50   94977     189   94882  4466133  47.02
  1964          24     0.00200  0.00200  0.50   94788     190   94693  4371251  46.12
  1964          25     0.00196  0.00196  0.50   94598     186   94506  4276557  45.21
  1964          26     0.00189  0.00189  0.50   94413     179   94324  4182052  44.30
  1964          27     0.00183  0.00183  0.50   94234     172   94148  4087728  43.38
  1964          28     0.00179  0.00179  0.50   94062     168   93978  3993580  42.46
  1964          29     0.00181  0.00180  0.50   93894     169   93809  3899602  41.53
  1964          30     0.00186  0.00186  0.50   93724     174   93637  3805793  40.61
  1964          31     0.00194  0.00194  0.50   93550     182   93459  3712156  39.68
  1964          32     0.00203  0.00203  0.50   93369     190   93274  3618696  38.76
  1964          33     0.00214  0.00213  0.50   93179     199   93079  3525423  37.84
  1964          34     0.00225  0.00224  0.50   92980     209   92876  3432343  36.91
  1964          35     0.00236  0.00235  0.50   92771     218   92662  3339468  36.00
  1964          36     0.00247  0.00247  0.50   92553     228   92439  3246806  35.08
  1964          37     0.00260  0.00259  0.50   92325     239   92205  3154367  34.17
  1964          38     0.00276  0.00276  0.50   92085     254   91958  3062162  33.25
  1964          39     0.00298  0.00298  0.50   91831     274   91694  2970203  32.34
  1964          40     0.00325  0.00324  0.50   91558     297   91409  2878509  31.44
  1964          41     0.00354  0.00354  0.50   91261     323   91099  2787100  30.54
  1964          42     0.00383  0.00382  0.50   90938     348   90764  2696000  29.65
  1964          43     0.00410  0.00409  0.50   90590     371   90405  2605236  28.76
  1964          44     0.00435  0.00434  0.50   90219     392   90023  2514832  27.87
  1964          45     0.00463  0.00462  0.50   89827     415   89620  2424808  26.99
  1964          46     0.00498  0.00497  0.50   89413     444   89191  2335188  26.12
  1964          47     0.00542  0.00540  0.50   88969     481   88728  2245998  25.24
  1964          48     0.00595  0.00593  0.50   88488     525   88225  2157269  24.38
  1964          49     0.00658  0.00656  0.50   87963     577   87674  2069044  23.52
  1964          50     0.00735  0.00732  0.50   87386     640   87066  1981370  22.67
  1964          51     0.00828  0.00825  0.50   86746     715   86389  1894304  21.84
  1964          52     0.00934  0.00930  0.50   86031     800   85631  1807915  21.01
  1964          53     0.01046  0.01040  0.50   85231     887   84788  1722284  20.21
  1964          54     0.01156  0.01149  0.50   84344     969   83860  1637497  19.41
  1964          55     0.01268  0.01260  0.50   83375    1051   82850  1553637  18.63
  1964          56     0.01391  0.01381  0.50   82324    1137   81756  1470787  17.87
  1964          57     0.01528  0.01517  0.50   81187    1231   80572  1389031  17.11
  1964          58     0.01686  0.01672  0.50   79956    1337   79287  1308460  16.36
  1964          59     0.01866  0.01848  0.50   78619    1453   77893  1229172  15.63
  1964          60     0.02068  0.02047  0.50   77166    1580   76376  1151280  14.92
  1964          61     0.02295  0.02268  0.50   75586    1715   74729  1074904  14.22
  1964          62     0.02542  0.02510  0.50   73872    1854   72945  1000175  13.54
  1964          63     0.02809  0.02770  0.50   72018    1995   71020   927230  12.88
  1964          64     0.03103  0.03056  0.50   70022    2140   68953   856210  12.23
  1964          65     0.03434  0.03376  0.50   67883    2292   66737   787257  11.60
  1964          66     0.03810  0.03739  0.50   65591    2452   64365   720521  10.99
  1964          67     0.04236  0.04148  0.50   63138    2619   61829   656156  10.39
  1964          68     0.04714  0.04606  0.50   60519    2787   59126   594327   9.82
  1964          69     0.05250  0.05116  0.50   57732    2954   56255   535202   9.27
  1964          70     0.05847  0.05681  0.50   54779    3112   53223   478946   8.74
  1964          71     0.06496  0.06292  0.50   51667    3251   50041   425724   8.24
  1964          72     0.07190  0.06940  0.50   48416    3360   46736   375682   7.76
  1964          73     0.07928  0.07625  0.50   45056    3436   43338   328947   7.30
  1964          74     0.08735  0.08370  0.50   41620    3483   39878   285609   6.86
  1964          75     0.09640  0.09197  0.50   38137    3507   36383   245730   6.44
  1964          76     0.10654  0.10116  0.50   34629    3503   32878   209347   6.05
  1964          77     0.11794  0.11137  0.50   31126    3467   29393   176469   5.67
  1964          78     0.13071  0.12269  0.50   27660    3394   25963   147076   5.32
  1964          79     0.14470  0.13494  0.50   24266    3274   22629   121113   4.99
  1964          80     0.15964  0.14784  0.50   20992    3103   19440    98484   4.69
  1964          81     0.17504  0.16095  0.50   17888    2879   16449    79044   4.42
  1964          82     0.19046  0.17390  0.50   15009    2610   13704    62596   4.17
  1964          83     0.20592  0.18670  0.50   12399    2315   11242    48891   3.94
  1964          84     0.22153  0.19944  0.50   10084    2011    9079    37650   3.73
  1964          85     0.23742  0.21223  0.50    8073    1713    7216    28571   3.54
  1964          86     0.25374  0.22517  0.50    6360    1432    5644    21355   3.36
  1964          87     0.27061  0.23836  0.50    4928    1175    4340    15711   3.19
  1964          88     0.28809  0.25182  0.50    3753     945    3281    11371   3.03
  1964          89     0.30622  0.26556  0.50    2808     746    2435     8090   2.88
  1964          90     0.32500  0.27957  0.50    2062     577    1774     5655   2.74
  1964          91     0.34439  0.29380  0.50    1486     437    1268     3881   2.61
  1964          92     0.36435  0.30820  0.50    1049     323     888     2614   2.49
  1964          93     0.38481  0.32272  0.50     726     234     609     1726   2.38
  1964          94     0.40571  0.33729  0.50     492     166     409     1117   2.27
  1964          95     0.42697  0.35185  0.50     326     115     268      709   2.17
  1964          96     0.44850  0.36635  0.50     211      77     172      440   2.08
  1964          97     0.47024  0.38072  0.50     134      51     108      268   2.00
  1964          98     0.49208  0.39491  0.50      83      33      67      159   1.92
  1964          99     0.51393  0.40887  0.50      50      21      40       93   1.85
  1964         100     0.53572  0.42254  0.50      30      13      23       53   1.78
  1964         101     0.55735  0.43588  0.50      17       7      13       29   1.72
  1964         102     0.57872  0.44884  0.50      10       4       7       16   1.66
  1964         103     0.59978  0.46141  0.50       5       2       4        9   1.61
  1964         104     0.62045  0.47354  0.50       3       1       2        4   1.56
  1964         105     0.64069  0.48525  0.50       2       1       1        2   1.52
  1964         106     0.66051  0.49653  0.50       1       0       1        1   1.47
  1964         107     0.67991  0.50741  0.50       0       0       0        1   1.44
  1964         108     0.69898  0.51796  0.50       0       0       0        0   1.40
  1964         109     0.71782  0.52823  0.50       0       0       0        0   1.37
  1964         110+    0.74770  1.00000  1.34       0       0       0        0   1.34
  1965           0     0.02825  0.02760  0.17  100000    2760   97703  6671817  66.72
  1965           1     0.00195  0.00195  0.50   97240     190   97145  6574114  67.61
  1965           2     0.00170  0.00169  0.50   97050     164   96968  6476969  66.74
  1965           3     0.00145  0.00145  0.50   96886     140   96816  6380001  65.85
  1965           4     0.00122  0.00122  0.50   96746     118   96687  6283185  64.95
  1965           5     0.00102  0.00102  0.50   96628      99   96578  6186498  64.02
  1965           6     0.00085  0.00085  0.50   96529      82   96488  6089920  63.09
  1965           7     0.00072  0.00072  0.50   96447      70   96412  5993432  62.14
  1965           8     0.00063  0.00063  0.50   96377      61   96346  5897020  61.19
  1965           9     0.00058  0.00058  0.50   96316      56   96288  5800674  60.23
  1965          10     0.00055  0.00055  0.50   96260      53   96233  5704387  59.26
  1965          11     0.00056  0.00056  0.50   96206      54   96179  5608154  58.29
  1965          12     0.00060  0.00060  0.50   96152      58   96124  5511974  57.33
  1965          13     0.00067  0.00067  0.50   96095      64   96063  5415850  56.36
  1965          14     0.00077  0.00077  0.50   96031      74   95994  5319788  55.40
  1965          15     0.00089  0.00089  0.50   95957      86   95915  5223794  54.44
  1965          16     0.00103  0.00103  0.50   95872      99   95822  5127879  53.49
  1965          17     0.00118  0.00118  0.50   95773     113   95716  5032057  52.54
  1965          18     0.00133  0.00133  0.50   95660     127   95596  4936341  51.60
  1965          19     0.00146  0.00146  0.50   95533     139   95463  4840745  50.67
  1965          20     0.00157  0.00157  0.50   95393     150   95319  4745281  49.74
  1965          21     0.00165  0.00165  0.50   95244     157   95165  4649963  48.82
  1965          22     0.00170  0.00170  0.50   95086     162   95006  4554798  47.90
  1965          23     0.00172  0.00172  0.50   94925     163   94843  4459792  46.98
  1965          24     0.00173  0.00173  0.50   94761     164   94680  4364949  46.06
  1965          25     0.00173  0.00173  0.50   94598     163   94516  4270269  45.14
  1965          26     0.00174  0.00173  0.50   94435     164   94353  4175753  44.22
  1965          27     0.00176  0.00175  0.50   94271     165   94188  4081400  43.29
  1965          28     0.00179  0.00179  0.50   94105     168   94021  3987212  42.37
  1965          29     0.00183  0.00183  0.50   93937     172   93852  3893191  41.44
  1965          30     0.00188  0.00188  0.50   93766     176   93678  3799339  40.52
  1965          31     0.00194  0.00194  0.50   93590     181   93499  3705662  39.59
  1965          32     0.00201  0.00201  0.50   93408     188   93314  3612163  38.67
  1965          33     0.00210  0.00209  0.50   93221     195   93123  3518848  37.75
  1965          34     0.00219  0.00219  0.50   93025     204   92923  3425725  36.83
  1965          35     0.00230  0.00229  0.50   92822     213   92715  3332802  35.91
  1965          36     0.00242  0.00241  0.50   92609     224   92497  3240087  34.99
  1965          37     0.00256  0.00256  0.50   92385     236   92267  3147589  34.07
  1965          38     0.00273  0.00272  0.50   92149     251   92024  3055322  33.16
  1965          39     0.00292  0.00291  0.50   91898     268   91764  2963299  32.25
  1965          40     0.00313  0.00312  0.50   91631     286   91488  2871534  31.34
  1965          41     0.00335  0.00335  0.50   91345     306   91192  2780047  30.43
  1965          42     0.00360  0.00359  0.50   91039     327   90875  2688855  29.54
  1965          43     0.00388  0.00387  0.50   90712     351   90536  2597980  28.64
  1965          44     0.00419  0.00418  0.50   90361     378   90172  2507444  27.75
  1965          45     0.00456  0.00455  0.50   89983     409   89778  2417272  26.86
  1965          46     0.00497  0.00496  0.50   89573     444   89352  2327494  25.98
  1965          47     0.00542  0.00540  0.50   89130     482   88889  2238142  25.11
  1965          48     0.00592  0.00590  0.50   88648     523   88386  2149254  24.24
  1965          49     0.00649  0.00647  0.50   88125     570   87840  2060867  23.39
  1965          50     0.00713  0.00710  0.50   87555     622   87244  1973028  22.53
  1965          51     0.00786  0.00783  0.50   86933     681   86592  1885784  21.69
  1965          52     0.00871  0.00868  0.50   86252     748   85878  1799191  20.86
  1965          53     0.00970  0.00966  0.50   85504     826   85091  1713314  20.04
  1965          54     0.01083  0.01078  0.50   84678     912   84222  1628223  19.23
  1965          55     0.01211  0.01204  0.50   83765    1009   83261  1544001  18.43
  1965          56     0.01355  0.01346  0.50   82757    1114   82200  1460740  17.65
  1965          57     0.01516  0.01505  0.50   81643    1228   81029  1378540  16.88
  1965          58     0.01698  0.01684  0.50   80415    1354   79738  1297511  16.14
  1965          59     0.01899  0.01881  0.50   79061    1487   78317  1217773  15.40
  1965          60     0.02117  0.02095  0.50   77574    1625   76761  1139455  14.69
  1965          61     0.02351  0.02324  0.50   75949    1765   75066  1062694  13.99
  1965          62     0.02605  0.02572  0.50   74183    1908   73230   987628  13.31
  1965          63     0.02884  0.02843  0.50   72276    2055   71248   914398  12.65
  1965          64     0.03193  0.03143  0.50   70221    2207   69117   843150  12.01
  1965          65     0.03538  0.03476  0.50   68014    2364   66831   774033  11.38
  1965          66     0.03925  0.03849  0.50   65649    2527   64386   707202  10.77
  1965          67     0.04359  0.04266  0.50   63122    2693   61776   642816  10.18
  1965          68     0.04844  0.04729  0.50   60429    2858   59000   581040   9.62
  1965          69     0.05384  0.05243  0.50   57572    3019   56062   522040   9.07
  1965          70     0.05986  0.05812  0.50   54553    3171   52968   465977   8.54
  1965          71     0.06656  0.06441  0.50   51382    3310   49727   413010   8.04
  1965          72     0.07397  0.07134  0.50   48073    3429   46358   363282   7.56
  1965          73     0.08216  0.07892  0.50   44643    3523   42882   316925   7.10
  1965          74     0.09117  0.08720  0.50   41120    3586   39327   274043   6.66
  1965          75     0.10105  0.09619  0.50   37535    3610   35729   234716   6.25
  1965          76     0.11177  0.10586  0.50   33924    3591   32129   198986   5.87
  1965          77     0.12343  0.11626  0.50   30333    3526   28570   166858   5.50
  1965          78     0.13612  0.12744  0.50   26807    3416   25098   138288   5.16
  1965          79     0.14984  0.13940  0.50   23390    3261   21760   113190   4.84
  1965          80     0.16457  0.15206  0.50   20130    3061   18599    91430   4.54
  1965          81     0.18016  0.16527  0.50   17069    2821   15658    72830   4.27
  1965          82     0.19644  0.17887  0.50   14248    2548   12974    57172   4.01
  1965          83     0.21336  0.19279  0.50   11699    2256   10572    44198   3.78
  1965          84     0.23091  0.20701  0.50    9444    1955    8466    33627   3.56
  1965          85     0.24911  0.22152  0.50    7489    1659    6659    25161   3.36
  1965          86     0.26798  0.23632  0.50    5830    1378    5141    18501   3.17
  1965          87     0.28754  0.25139  0.50    4452    1119    3893    13360   3.00
  1965          88     0.30779  0.26674  0.50    3333     889    2888     9468   2.84
  1965          89     0.32872  0.28232  0.50    2444     690    2099     6579   2.69
  1965          90     0.35031  0.29809  0.50    1754     523    1493     4480   2.55
  1965          91     0.37250  0.31401  0.50    1231     387    1038     2988   2.43
  1965          92     0.39523  0.33001  0.50     845     279     705     1950   2.31
  1965          93     0.41842  0.34603  0.50     566     196     468     1245   2.20
  1965          94     0.44197  0.36198  0.50     370     134     303      777   2.10
  1965          95     0.46579  0.37780  0.50     236      89     191      474   2.01
  1965          96     0.48975  0.39342  0.50     147      58     118      282   1.92
  1965          97     0.51375  0.40875  0.50      89      36      71      164   1.84
  1965          98     0.53766  0.42374  0.50      53      22      42       93   1.77
  1965          99     0.56136  0.43833  0.50      30      13      24       52   1.70
  1965         100     0.58476  0.45247  0.50      17       8      13       28   1.64
  1965         101     0.60775  0.46611  0.50       9       4       7       15   1.59
  1965         102     0.63024  0.47923  0.50       5       2       4        8   1.54
  1965         103     0.65219  0.49181  0.50       3       1       2        4   1.49
  1965         104     0.67356  0.50387  0.50       1       1       1        2   1.45
  1965         105     0.69435  0.51541  0.50       1       0       0        1   1.41
  1965         106     0.71460  0.52649  0.50       0       0       0        0   1.37
  1965         107     0.73439  0.53715  0.50       0       0       0        0   1.33
  1965         108     0.75382  0.54747  0.50       0       0       0        0   1.30
  1965         109     0.77303  0.55754  0.50       0       0       0        0   1.28
  1965         110+    0.79813  1.00000  1.25       0       0       0        0   1.25
  1966           0     0.02358  0.02312  0.16  100000    2312   98062  6760434  67.60
  1966           1     0.00165  0.00165  0.50   97688     161   97607  6662372  68.20
  1966           2     0.00148  0.00147  0.50   97527     144   97455  6564765  67.31
  1966           3     0.00132  0.00132  0.50   97383     128   97319  6467310  66.41
  1966           4     0.00118  0.00118  0.50   97255     114   97197  6369992  65.50
  1966           5     0.00105  0.00105  0.50   97140     102   97089  6272794  64.57
  1966           6     0.00093  0.00093  0.50   97039      90   96994  6175705  63.64
  1966           7     0.00081  0.00081  0.50   96949      78   96910  6078711  62.70
  1966           8     0.00069  0.00069  0.50   96871      67   96837  5981801  61.75
  1966           9     0.00059  0.00059  0.50   96804      58   96775  5884964  60.79
  1966          10     0.00052  0.00052  0.50   96746      51   96721  5788189  59.83
  1966          11     0.00049  0.00049  0.50   96695      48   96672  5691468  58.86
  1966          12     0.00052  0.00052  0.50   96648      50   96623  5594797  57.89
  1966          13     0.00059  0.00059  0.50   96598      57   96569  5498174  56.92
  1966          14     0.00072  0.00072  0.50   96540      69   96506  5401605  55.95
  1966          15     0.00088  0.00088  0.50   96471      85   96429  5305099  54.99
  1966          16     0.00105  0.00105  0.50   96386     101   96335  5208670  54.04
  1966          17     0.00121  0.00121  0.50   96285     117   96226  5112335  53.10
  1966          18     0.00135  0.00135  0.50   96168     129   96103  5016109  52.16
  1966          19     0.00146  0.00146  0.50   96039     140   95969  4920005  51.23
  1966          20     0.00156  0.00156  0.50   95899     150   95824  4824037  50.30
  1966          21     0.00166  0.00166  0.50   95749     158   95670  4728213  49.38
  1966          22     0.00175  0.00175  0.50   95591     167   95507  4632543  48.46
  1966          23     0.00182  0.00182  0.50   95424     174   95337  4537036  47.55
  1966          24     0.00188  0.00188  0.50   95250     179   95160  4441699  46.63
  1966          25     0.00190  0.00190  0.50   95071     181   94981  4346539  45.72
  1966          26     0.00191  0.00190  0.50   94890     181   94800  4251558  44.80
  1966          27     0.00191  0.00191  0.50   94710     181   94619  4156758  43.89
  1966          28     0.00193  0.00193  0.50   94529     183   94437  4062139  42.97
  1966          29     0.00196  0.00196  0.50   94346     185   94254  3967701  42.05
  1966          30     0.00198  0.00197  0.50   94161     186   94068  3873448  41.14
  1966          31     0.00198  0.00198  0.50   93975     186   93882  3779379  40.22
  1966          32     0.00199  0.00199  0.50   93789     187   93696  3685497  39.30
  1966          33     0.00203  0.00203  0.50   93602     190   93507  3591801  38.37
  1966          34     0.00212  0.00212  0.50   93412     198   93313  3498294  37.45
  1966          35     0.00227  0.00227  0.50   93214     212   93108  3404981  36.53
  1966          36     0.00248  0.00248  0.50   93003     230   92887  3311872  35.61
  1966          37     0.00272  0.00271  0.50   92772     252   92647  3218985  34.70
  1966          38     0.00296  0.00296  0.50   92521     274   92384  3126338  33.79
  1966          39     0.00320  0.00320  0.50   92247     295   92100  3033955  32.89
  1966          40     0.00340  0.00340  0.50   91952     312   91796  2941855  31.99
  1966          41     0.00356  0.00355  0.50   91640     326   91477  2850059  31.10
  1966          42     0.00371  0.00370  0.50   91314     338   91145  2758582  30.21
  1966          43     0.00387  0.00386  0.50   90976     352   90800  2667437  29.32
  1966          44     0.00407  0.00406  0.50   90625     368   90441  2576637  28.43
  1966          45     0.00430  0.00430  0.50   90257     388   90063  2486196  27.55
  1966          46     0.00458  0.00457  0.50   89869     411   89664  2396133  26.66
  1966          47     0.00493  0.00492  0.50   89458     440   89238  2306470  25.78
  1966          48     0.00540  0.00538  0.50   89018     479   88778  2217232  24.91
  1966          49     0.00599  0.00597  0.50   88539     529   88274  2128454  24.04
  1966          50     0.00670  0.00668  0.50   88010     588   87716  2040179  23.18
  1966          51     0.00750  0.00747  0.50   87422     653   87095  1952464  22.33
  1966          52     0.00835  0.00832  0.50   86769     722   86408  1865368  21.50
  1966          53     0.00924  0.00920  0.50   86047     791   85651  1778960  20.67
  1966          54     0.01025  0.01019  0.50   85256     869   84821  1693309  19.86
  1966          55     0.01142  0.01135  0.50   84387     958   83908  1608488  19.06
  1966          56     0.01277  0.01269  0.50   83429    1059   82899  1524580  18.27
  1966          57     0.01429  0.01419  0.50   82370    1169   81786  1441681  17.50
  1966          58     0.01596  0.01583  0.50   81201    1285   80559  1359895  16.75
  1966          59     0.01775  0.01760  0.50   79916    1406   79213  1279336  16.01
  1966          60     0.01972  0.01953  0.50   78510    1533   77743  1200123  15.29
  1966          61     0.02194  0.02170  0.50   76976    1670   76141  1122380  14.58
  1966          62     0.02445  0.02415  0.50   75306    1819   74397  1046239  13.89
  1966          63     0.02727  0.02691  0.50   73487    1977   72499   971842  13.22
  1966          64     0.03036  0.02991  0.50   71510    2139   70441   899343  12.58
  1966          65     0.03367  0.03311  0.50   69372    2297   68223   828902  11.95
  1966          66     0.03727  0.03659  0.50   67075    2454   65848   760679  11.34
  1966          67     0.04132  0.04048  0.50   64620    2616   63313   694832  10.75
  1966          68     0.04591  0.04488  0.50   62005    2783   60613   631519  10.19
  1966          69     0.05105  0.04978  0.50   59222    2948   57748   570906   9.64
  1966          70     0.05663  0.05507  0.50   56273    3099   54724   513158   9.12
  1966          71     0.06244  0.06055  0.50   53174    3220   51564   458435   8.62
  1966          72     0.06858  0.06631  0.50   49955    3312   48298   406870   8.14
  1966          73     0.07523  0.07250  0.50   46642    3382   44951   358572   7.69
  1966          74     0.08248  0.07921  0.50   43260    3427   41547   313621   7.25
  1966          75     0.09043  0.08652  0.50   39834    3446   38111   272074   6.83
  1966          76     0.09926  0.09457  0.50   36387    3441   34667   233963   6.43
  1966          77     0.10896  0.10333  0.50   32946    3404   31244   199296   6.05
  1966          78     0.11943  0.11270  0.50   29542    3329   27877   168052   5.69
  1966          79     0.13059  0.12259  0.50   26213    3213   24606   140174   5.35
  1966          80     0.14240  0.13293  0.50   22999    3057   21471   115568   5.02
  1966          81     0.15513  0.14396  0.50   19942    2871   18507    94098   4.72
  1966          82     0.16907  0.15589  0.50   17071    2661   15741    75591   4.43
  1966          83     0.18433  0.16877  0.50   14410    2432   13194    59851   4.15
  1966          84     0.20090  0.18256  0.50   11978    2187   10885    46657   3.90
  1966          85     0.21877  0.19720  0.50    9791    1931    8826    35772   3.65
  1966          86     0.23789  0.21260  0.50    7860    1671    7025    26946   3.43
  1966          87     0.25820  0.22868  0.50    6189    1415    5482    19922   3.22
  1966          88     0.27963  0.24533  0.50    4774    1171    4188    14440   3.02
  1966          89     0.30211  0.26247  0.50    3603     946    3130    10252   2.85
  1966          90     0.32558  0.28000  0.50    2657     744    2285     7122   2.68
  1966          91     0.34993  0.29782  0.50    1913     570    1628     4837   2.53
  1966          92     0.37508  0.31585  0.50    1343     424    1131     3208   2.39
  1966          93     0.40091  0.33396  0.50     919     307     766     2077   2.26
  1966          94     0.42729  0.35207  0.50     612     216     504     1312   2.14
  1966          95     0.45408  0.37006  0.50     397     147     323      807   2.04
  1966          96     0.48114  0.38784  0.50     250      97     201      484   1.94
  1966          97     0.50831  0.40530  0.50     153      62     122      283   1.85
  1966          98     0.53543  0.42236  0.50      91      38      72      161   1.77
  1966          99     0.56232  0.43892  0.50      53      23      41       89   1.69
  1966         100     0.58884  0.45491  0.50      29      13      23       48   1.63
  1966         101     0.61482  0.47026  0.50      16       8      12       25   1.56
  1966         102     0.64011  0.48491  0.50       9       4       6       13   1.51
  1966         103     0.66461  0.49884  0.50       4       2       3        6   1.46
  1966         104     0.68820  0.51202  0.50       2       1       2        3   1.41
  1966         105     0.71084  0.52444  0.50       1       1       1        1   1.37
  1966         106     0.73255  0.53616  0.50       1       0       0        1   1.34
  1966         107     0.75338  0.54724  0.50       0       0       0        0   1.30
  1966         108     0.77352  0.55779  0.50       0       0       0        0   1.27
  1966         109     0.79318  0.56794  0.50       0       0       0        0   1.24
  1966         110+    0.82022  1.00000  1.22       0       0       0        0   1.22
  1967           0     0.02302  0.02258  0.16  100000    2258   98106  6796369  67.96
  1967           1     0.00230  0.00229  0.50   97742     224   97630  6698264  68.53
  1967           2     0.00156  0.00156  0.50   97518     152   97442  6600634  67.69
  1967           3     0.00103  0.00103  0.50   97366     100   97316  6503192  66.79
  1967           4     0.00071  0.00071  0.50   97266      69   97231  6405876  65.86
  1967           5     0.00056  0.00056  0.50   97197      54   97170  6308645  64.91
  1967           6     0.00052  0.00052  0.50   97142      51   97117  6211476  63.94
  1967           7     0.00053  0.00053  0.50   97092      51   97066  6114358  62.98
  1967           8     0.00052  0.00052  0.50   97040      50   97015  6017292  62.01
  1967           9     0.00049  0.00049  0.50   96990      47   96967  5920277  61.04
  1967          10     0.00046  0.00046  0.50   96943      44   96921  5823311  60.07
  1967          11     0.00043  0.00043  0.50   96899      42   96878  5726390  59.10
  1967          12     0.00042  0.00042  0.50   96857      41   96836  5629512  58.12
  1967          13     0.00049  0.00049  0.50   96816      48   96792  5532676  57.15
  1967          14     0.00060  0.00060  0.50   96768      58   96740  5435884  56.17
  1967          15     0.00066  0.00066  0.50   96711      64   96679  5339144  55.21
  1967          16     0.00076  0.00076  0.50   96646      73   96610  5242465  54.24
  1967          17     0.00093  0.00093  0.50   96573      89   96529  5145855  53.28
  1967          18     0.00108  0.00108  0.50   96484     105   96432  5049327  52.33
  1967          19     0.00119  0.00119  0.50   96379     115   96322  4952895  51.39
  1967          20     0.00149  0.00149  0.50   96264     143   96193  4856574  50.45
  1967          21     0.00188  0.00187  0.50   96121     180   96031  4760381  49.52
  1967          22     0.00218  0.00218  0.50   95941     209   95837  4664350  48.62
  1967          23     0.00220  0.00220  0.50   95732     210   95627  4568513  47.72
  1967          24     0.00189  0.00188  0.50   95522     180   95432  4472886  46.83
  1967          25     0.00165  0.00164  0.50   95342     157   95263  4377454  45.91
  1967          26     0.00164  0.00164  0.50   95185     156   95107  4282191  44.99
  1967          27     0.00188  0.00188  0.50   95029     178   94940  4187084  44.06
  1967          28     0.00212  0.00212  0.50   94851     201   94750  4092144  43.14
  1967          29     0.00214  0.00214  0.50   94650     203   94548  3997393  42.23
  1967          30     0.00200  0.00200  0.50   94447     189   94353  3902845  41.32
  1967          31     0.00186  0.00186  0.50   94259     175   94171  3808492  40.40
  1967          32     0.00190  0.00189  0.50   94083     178   93994  3714321  39.48
  1967          33     0.00209  0.00209  0.50   93905     196   93807  3620327  38.55
  1967          34     0.00238  0.00237  0.50   93709     223   93598  3526520  37.63
  1967          35     0.00266  0.00266  0.50   93487     248   93362  3432922  36.72
  1967          36     0.00284  0.00284  0.50   93238     264   93106  3339560  35.82
  1967          37     0.00291  0.00291  0.50   92974     270   92839  3246454  34.92
  1967          38     0.00288  0.00287  0.50   92704     266   92571  3153615  34.02
  1967          39     0.00277  0.00277  0.50   92437     256   92309  3061044  33.11
  1967          40     0.00275  0.00274  0.50   92182     253   92055  2968735  32.21
  1967          41     0.00294  0.00294  0.50   91929     270   91794  2876680  31.29
  1967          42     0.00328  0.00327  0.50   91659     300   91509  2784886  30.38
  1967          43     0.00362  0.00362  0.50   91359     330   91194  2693377  29.48
  1967          44     0.00389  0.00388  0.50   91028     353   90852  2602183  28.59
  1967          45     0.00413  0.00412  0.50   90675     374   90488  2511332  27.70
  1967          46     0.00443  0.00442  0.50   90302     399   90102  2420843  26.81
  1967          47     0.00485  0.00484  0.50   89903     435   89685  2330741  25.93
  1967          48     0.00539  0.00537  0.50   89467     481   89227  2241056  25.05
  1967          49     0.00598  0.00596  0.50   88986     530   88721  2151829  24.18
  1967          50     0.00654  0.00652  0.50   88456     577   88168  2063108  23.32
  1967          51     0.00706  0.00704  0.50   87879     618   87570  1974940  22.47
  1967          52     0.00773  0.00770  0.50   87261     672   86925  1887370  21.63
  1967          53     0.00869  0.00865  0.50   86589     749   86215  1800445  20.79
  1967          54     0.00977  0.00972  0.50   85841     834   85423  1714229  19.97
  1967          55     0.01102  0.01096  0.50   85006     931   84541  1628806  19.16
  1967          56     0.01255  0.01247  0.50   84075    1048   83551  1544265  18.37
  1967          57     0.01433  0.01423  0.50   83027    1181   82436  1460715  17.59
  1967          58     0.01624  0.01611  0.50   81845    1318   81186  1378279  16.84
  1967          59     0.01793  0.01777  0.50   80527    1431   79812  1297093  16.11
  1967          60     0.01946  0.01927  0.50   79096    1524   78334  1217281  15.39
  1967          61     0.02107  0.02085  0.50   77572    1618   76763  1138947  14.68
  1967          62     0.02316  0.02290  0.50   75954    1739   75085  1062184  13.98
  1967          63     0.02612  0.02579  0.50   74215    1914   73258   987099  13.30
  1967          64     0.03008  0.02963  0.50   72301    2142   71230   913841  12.64
  1967          65     0.03454  0.03396  0.50   70159    2382   68968   842611  12.01
  1967          66     0.03762  0.03692  0.50   67776    2502   66525   773644  11.41
  1967          67     0.03978  0.03901  0.50   65274    2546   64001   707119  10.83
  1967          68     0.04226  0.04138  0.50   62728    2596   61430   643118  10.25
  1967          69     0.04614  0.04510  0.50   60132    2712   58776   581688   9.67
  1967          70     0.05242  0.05108  0.50   57420    2933   55953   522912   9.11
  1967          71     0.06108  0.05927  0.50   54487    3229   52872   466959   8.57
  1967          72     0.06979  0.06744  0.50   51257    3457   49529   414087   8.08
  1967          73     0.07646  0.07364  0.50   47801    3520   46041   364558   7.63
  1967          74     0.08203  0.07880  0.50   44281    3489   42536   318517   7.19
  1967          75     0.08797  0.08426  0.50   40791    3437   39073   275981   6.77
  1967          76     0.09510  0.09078  0.50   37354    3391   35659   236908   6.34
  1967          77     0.10558  0.10028  0.50   33963    3406   32260   201250   5.93
  1967          78     0.12077  0.11389  0.50   30557    3480   28817   168989   5.53
  1967          79     0.13732  0.12850  0.50   27077    3479   25337   140172   5.18
  1967          80     0.15179  0.14108  0.50   23598    3329   21933   114835   4.87
  1967          81     0.16512  0.15252  0.50   20269    3091   18723    92902   4.58
  1967          82     0.17899  0.16428  0.50   17177    2822   15766    74179   4.32
  1967          83     0.19375  0.17664  0.50   14355    2536   13087    58413   4.07
  1967          84     0.20948  0.18962  0.50   11820    2241   10699    45325   3.83
  1967          85     0.22623  0.20324  0.50    9578    1947    8605    34626   3.62
  1967          86     0.24396  0.21744  0.50    7632    1659    6802    26021   3.41
  1967          87     0.26260  0.23212  0.50    5972    1386    5279    19219   3.22
  1967          88     0.28212  0.24724  0.50    4586    1134    4019    13940   3.04
  1967          89     0.30250  0.26275  0.50    3452     907    2999     9921   2.87
  1967          90     0.32368  0.27859  0.50    2545     709    2191     6923   2.72
  1967          91     0.34561  0.29469  0.50    1836     541    1565     4732   2.58
  1967          92     0.36822  0.31097  0.50    1295     403    1094     3167   2.45
  1967          93     0.39142  0.32735  0.50     892     292     746     2073   2.32
  1967          94     0.41512  0.34377  0.50     600     206     497     1327   2.21
  1967          95     0.43923  0.36014  0.50     394     142     323      830   2.11
  1967          96     0.46362  0.37637  0.50     252      95     205      507   2.01
  1967          97     0.48819  0.39241  0.50     157      62     126      302   1.92
  1967          98     0.51281  0.40816  0.50      95      39      76      176   1.84
  1967          99     0.53738  0.42357  0.50      57      24      45      100   1.77
  1967         100     0.56176  0.43857  0.50      33      14      25       55   1.70
  1967         101     0.58585  0.45312  0.50      18       8      14       30   1.64
  1967         102     0.60954  0.46716  0.50      10       5       8       16   1.58
  1967         103     0.63272  0.48066  0.50       5       3       4        8   1.53
  1967         104     0.65530  0.49358  0.50       3       1       2        4   1.48
  1967         105     0.67721  0.50591  0.50       1       1       1        2   1.44
  1967         106     0.69833  0.51760  0.50       1       0       1        1   1.40
  1967         107     0.71860  0.52866  0.50       0       0       0        0   1.36
  1967         108     0.73802  0.53909  0.50       0       0       0        0   1.33
  1967         109     0.75664  0.54896  0.50       0       0       0        0   1.30
  1967         110+    0.78646  1.00000  1.27       0       0       0        0   1.27
  1968           0     0.02015  0.01981  0.16  100000    1981   98330  6788544  67.89
  1968           1     0.00191  0.00190  0.50   98019     187   97925  6690213  68.25
  1968           2     0.00157  0.00157  0.50   97832     153   97755  6592288  67.38
  1968           3     0.00128  0.00128  0.50   97679     125   97616  6494533  66.49
  1968           4     0.00105  0.00105  0.50   97554     102   97503  6396916  65.57
  1968           5     0.00087  0.00087  0.50   97452      85   97409  6299414  64.64
  1968           6     0.00072  0.00072  0.50   97367      70   97332  6202004  63.70
  1968           7     0.00059  0.00059  0.50   97296      57   97268  6104673  62.74
  1968           8     0.00047  0.00047  0.50   97239      45   97216  6007405  61.78
  1968           9     0.00037  0.00037  0.50   97193      36   97175  5910189  60.81
  1968          10     0.00033  0.00033  0.50   97157      32   97141  5813014  59.83
  1968          11     0.00035  0.00035  0.50   97125      34   97108  5715873  58.85
  1968          12     0.00043  0.00043  0.50   97091      42   97070  5618764  57.87
  1968          13     0.00056  0.00056  0.50   97049      55   97022  5521694  56.90
  1968          14     0.00074  0.00074  0.50   96995      72   96959  5424672  55.93
  1968          15     0.00095  0.00095  0.50   96923      92   96877  5327713  54.97
  1968          16     0.00118  0.00118  0.50   96831     115   96773  5230836  54.02
  1968          17     0.00140  0.00140  0.50   96716     136   96648  5134063  53.08
  1968          18     0.00156  0.00156  0.50   96580     151   96505  5037415  52.16
  1968          19     0.00163  0.00163  0.50   96430     157   96351  4940910  51.24
  1968          20     0.00165  0.00165  0.50   96273     158   96194  4844558  50.32
  1968          21     0.00166  0.00166  0.50   96115     159   96035  4748364  49.40
  1968          22     0.00169  0.00169  0.50   95955     162   95874  4652330  48.48
  1968          23     0.00174  0.00173  0.50   95793     166   95710  4556456  47.57
  1968          24     0.00177  0.00176  0.50   95627     169   95542  4460746  46.65
  1968          25     0.00177  0.00177  0.50   95458     169   95373  4365204  45.73
  1968          26     0.00177  0.00176  0.50   95289     168   95205  4269831  44.81
  1968          27     0.00175  0.00174  0.50   95121     166   95038  4174626  43.89
  1968          28     0.00173  0.00173  0.50   94955     164   94873  4079588  42.96
  1968          29     0.00174  0.00174  0.50   94791     165   94708  3984715  42.04
  1968          30     0.00181  0.00181  0.50   94626     171   94540  3890007  41.11
  1968          31     0.00193  0.00193  0.50   94455     182   94364  3795467  40.18
  1968          32     0.00209  0.00209  0.50   94273     197   94175  3701103  39.26
  1968          33     0.00228  0.00228  0.50   94076     214   93969  3606928  38.34
  1968          34     0.00247  0.00247  0.50   93862     232   93746  3512959  37.43
  1968          35     0.00263  0.00262  0.50   93630     246   93507  3419213  36.52
  1968          36     0.00271  0.00271  0.50   93384     253   93258  3325706  35.61
  1968          37     0.00278  0.00278  0.50   93131     259   93002  3232448  34.71
  1968          38     0.00287  0.00286  0.50   92872     266   92740  3139446  33.80
  1968          39     0.00298  0.00297  0.50   92607     275   92469  3046707  32.90
  1968          40     0.00310  0.00309  0.50   92331     286   92189  2954238  32.00
  1968          41     0.00323  0.00322  0.50   92046     297   91897  2862049  31.09
  1968          42     0.00341  0.00341  0.50   91749     312   91593  2770152  30.19
  1968          43     0.00367  0.00366  0.50   91436     335   91269  2678559  29.29
  1968          44     0.00402  0.00401  0.50   91101     366   90919  2587290  28.40
  1968          45     0.00446  0.00445  0.50   90736     404   90534  2496372  27.51
  1968          46     0.00496  0.00495  0.50   90332     447   90109  2405838  26.63
  1968          47     0.00545  0.00544  0.50   89885     489   89641  2315729  25.76
  1968          48     0.00592  0.00590  0.50   89396     527   89133  2226088  24.90
  1968          49     0.00633  0.00631  0.50   88869     561   88589  2136956  24.05
  1968          50     0.00676  0.00674  0.50   88308     595   88011  2048367  23.20
  1968          51     0.00726  0.00723  0.50   87713     634   87396  1960356  22.35
  1968          52     0.00790  0.00786  0.50   87079     685   86737  1872960  21.51
  1968          53     0.00874  0.00870  0.50   86394     752   86018  1786224  20.68
  1968          54     0.00979  0.00974  0.50   85643     834   85225  1700205  19.85
  1968          55     0.01104  0.01098  0.50   84808     931   84343  1614980  19.04
  1968          56     0.01246  0.01238  0.50   83877    1039   83358  1530637  18.25
  1968          57     0.01397  0.01388  0.50   82839    1150   82264  1447279  17.47
  1968          58     0.01553  0.01541  0.50   81689    1259   81060  1365015  16.71
  1968          59     0.01715  0.01700  0.50   80430    1368   79746  1283956  15.96
  1968          60     0.01893  0.01875  0.50   79063    1483   78321  1204209  15.23
  1968          61     0.02097  0.02075  0.50   77580    1610   76775  1125888  14.51
  1968          62     0.02339  0.02312  0.50   75970    1757   75092  1049113  13.81
  1968          63     0.02630  0.02596  0.50   74213    1926   73250   974022  13.12
  1968          64     0.02962  0.02919  0.50   72287    2110   71232   900771  12.46
  1968          65     0.03330  0.03275  0.50   70177    2298   69028   829539  11.82
  1968          66     0.03729  0.03661  0.50   67879    2485   66636   760512  11.20
  1968          67     0.04166  0.04081  0.50   65393    2669   64059   693876  10.61
  1968          68     0.04650  0.04544  0.50   62725    2850   61299   629817  10.04
  1968          69     0.05199  0.05067  0.50   59874    3034   58357   568517   9.50
  1968          70     0.05821  0.05657  0.50   56840    3215   55233   510160   8.98
  1968          71     0.06473  0.06270  0.50   53625    3363   51944   454927   8.48
  1968          72     0.07146  0.06899  0.50   50263    3468   48529   402983   8.02
  1968          73     0.07842  0.07546  0.50   46795    3531   45029   354454   7.57
  1968          74     0.08558  0.08207  0.50   43264    3551   41488   309425   7.15
  1968          75     0.09296  0.08883  0.50   39713    3528   37949   267937   6.75
  1968          76     0.10075  0.09592  0.50   36185    3471   34450   229987   6.36
  1968          77     0.10922  0.10357  0.50   32714    3388   31020   195537   5.98
  1968          78     0.11861  0.11197  0.50   29326    3284   27684   164517   5.61
  1968          79     0.12902  0.12120  0.50   26043    3156   24465   136833   5.25
  1968          80     0.14065  0.13141  0.50   22886    3008   21383   112368   4.91
  1968          81     0.15410  0.14308  0.50   19879    2844   18457    90985   4.58
  1968          82     0.16990  0.15660  0.50   17035    2668   15701    72529   4.26
  1968          83     0.18805  0.17189  0.50   14367    2469   13132    56828   3.96
  1968          84     0.20835  0.18869  0.50   11898    2245   10775    43695   3.67
  1968          85     0.23063  0.20678  0.50    9653    1996    8655    32920   3.41
  1968          86     0.25470  0.22593  0.50    7657    1730    6792    24266   3.17
  1968          87     0.28040  0.24592  0.50    5927    1458    5198    17474   2.95
  1968          88     0.30759  0.26659  0.50    4469    1191    3874    12276   2.75
  1968          89     0.33612  0.28776  0.50    3278     943    2806     8403   2.56
  1968          90     0.36585  0.30928  0.50    2335     722    1974     5597   2.40
  1968          91     0.39660  0.33097  0.50    1613     534    1346     3623   2.25
  1968          92     0.42816  0.35266  0.50    1079     380     889     2277   2.11
  1968          93     0.46030  0.37418  0.50     698     261     568     1389   1.99
  1968          94     0.49276  0.39535  0.50     437     173     351      821   1.88
  1968          95     0.52529  0.41602  0.50     264     110     209      470   1.78
  1968          96     0.55761  0.43604  0.50     154      67     121      261   1.69
  1968          97     0.58946  0.45527  0.50      87      40      67      140   1.61
  1968          98     0.62058  0.47362  0.50      47      22      36       73   1.54
  1968          99     0.65075  0.49100  0.50      25      12      19       37   1.48
  1968         100     0.67976  0.50733  0.50      13       6       9       18   1.42
  1968         101     0.70744  0.52259  0.50       6       3       5        9   1.37
  1968         102     0.73362  0.53674  0.50       3       2       2        4   1.33
  1968         103     0.75822  0.54979  0.50       1       1       1        2   1.29
  1968         104     0.78116  0.56175  0.50       1       0       0        1   1.26
  1968         105     0.80243  0.57267  0.50       0       0       0        0   1.23
  1968         106     0.82211  0.58262  0.50       0       0       0        0   1.20
  1968         107     0.84034  0.59172  0.50       0       0       0        0   1.18
  1968         108     0.85741  0.60013  0.50       0       0       0        0   1.15
  1968         109     0.87368  0.60806  0.50       0       0       0        0   1.13
  1968         110+    0.89390  1.00000  1.12       0       0       0        0   1.12
  1969           0     0.01970  0.01938  0.16  100000    1938   98366  6795125  67.95
  1969           1     0.00159  0.00159  0.50   98062     156   97984  6696758  68.29
  1969           2     0.00132  0.00132  0.50   97906     129   97842  6598774  67.40
  1969           3     0.00108  0.00108  0.50   97778     106   97725  6500932  66.49
  1969           4     0.00090  0.00090  0.50   97672      88   97628  6403207  65.56
  1969           5     0.00078  0.00078  0.50   97584      76   97546  6305580  64.62
  1969           6     0.00069  0.00069  0.50   97507      68   97474  6208034  63.67
  1969           7     0.00062  0.00062  0.50   97440      60   97410  6110561  62.71
  1969           8     0.00055  0.00055  0.50   97380      53   97353  6013151  61.75
  1969           9     0.00049  0.00049  0.50   97327      47   97303  5915797  60.78
  1969          10     0.00044  0.00044  0.50   97279      43   97258  5818495  59.81
  1969          11     0.00042  0.00042  0.50   97236      41   97216  5721237  58.84
  1969          12     0.00044  0.00044  0.50   97195      42   97174  5624021  57.86
  1969          13     0.00051  0.00051  0.50   97153      49   97128  5526847  56.89
  1969          14     0.00065  0.00065  0.50   97104      63   97072  5429719  55.92
  1969          15     0.00085  0.00085  0.50   97041      83   96999  5332647  54.95
  1969          16     0.00108  0.00108  0.50   96958     105   96906  5235648  54.00
  1969          17     0.00128  0.00128  0.50   96853     124   96791  5138742  53.06
  1969          18     0.00145  0.00145  0.50   96730     140   96660  5041951  52.12
  1969          19     0.00160  0.00160  0.50   96590     154   96513  4945291  51.20
  1969          20     0.00172  0.00172  0.50   96435     165   96353  4848779  50.28
  1969          21     0.00181  0.00181  0.50   96270     174   96183  4752426  49.37
  1969          22     0.00187  0.00187  0.50   96096     180   96006  4656243  48.45
  1969          23     0.00191  0.00191  0.50   95916     183   95825  4560237  47.54
  1969          24     0.00191  0.00191  0.50   95733     183   95642  4464412  46.63
  1969          25     0.00186  0.00186  0.50   95550     177   95462  4368770  45.72
  1969          26     0.00178  0.00177  0.50   95373     169   95289  4273308  44.81
  1969          27     0.00171  0.00171  0.50   95204     163   95123  4178020  43.88
  1969          28     0.00168  0.00167  0.50   95041     159   94962  4082897  42.96
  1969          29     0.00169  0.00169  0.50   94882     160   94802  3987935  42.03
  1969          30     0.00175  0.00175  0.50   94722     166   94639  3893133  41.10
  1969          31     0.00185  0.00185  0.50   94556     175   94468  3798495  40.17
  1969          32     0.00199  0.00198  0.50   94381     187   94287  3704027  39.25
  1969          33     0.00215  0.00215  0.50   94193     202   94092  3609740  38.32
  1969          34     0.00234  0.00233  0.50   93991     219   93882  3515647  37.40
  1969          35     0.00252  0.00252  0.50   93772     236   93654  3421766  36.49
  1969          36     0.00268  0.00268  0.50   93535     251   93410  3328112  35.58
  1969          37     0.00282  0.00281  0.50   93285     262   93154  3234702  34.68
  1969          38     0.00293  0.00292  0.50   93022     272   92886  3141549  33.77
  1969          39     0.00303  0.00302  0.50   92751     280   92610  3048662  32.87
  1969          40     0.00314  0.00313  0.50   92470     289   92325  2956052  31.97
  1969          41     0.00328  0.00327  0.50   92181     302   92030  2863726  31.07
  1969          42     0.00351  0.00350  0.50   91879     322   91718  2771696  30.17
  1969          43     0.00384  0.00383  0.50   91557     351   91382  2679978  29.27
  1969          44     0.00429  0.00428  0.50   91206     390   91011  2588596  28.38
  1969          45     0.00475  0.00474  0.50   90816     431   90601  2497585  27.50
  1969          46     0.00515  0.00514  0.50   90386     464   90154  2406984  26.63
  1969          47     0.00547  0.00546  0.50   89922     491   89676  2316830  25.76
  1969          48     0.00577  0.00575  0.50   89431     514   89174  2227154  24.90
  1969          49     0.00608  0.00607  0.50   88917     539   88647  2137980  24.04
  1969          50     0.00649  0.00647  0.50   88377     572   88091  2049333  23.19
  1969          51     0.00703  0.00700  0.50   87806     615   87498  1961242  22.34
  1969          52     0.00772  0.00769  0.50   87191     671   86855  1873744  21.49
  1969          53     0.00857  0.00853  0.50   86520     738   86151  1786888  20.65
  1969          54     0.00956  0.00952  0.50   85782     816   85374  1700737  19.83
  1969          55     0.01074  0.01068  0.50   84966     907   84512  1615363  19.01
  1969          56     0.01214  0.01206  0.50   84058    1014   83551  1530851  18.21
  1969          57     0.01384  0.01374  0.50   83044    1141   82474  1447300  17.43
  1969          58     0.01591  0.01578  0.50   81903    1292   81257  1364826  16.66
  1969          59     0.01829  0.01812  0.50   80611    1461   79880  1283570  15.92
  1969          60     0.02080  0.02059  0.50   79150    1630   78335  1203689  15.21
  1969          61     0.02330  0.02303  0.50   77520    1785   76627  1125355  14.52
  1969          62     0.02580  0.02547  0.50   75735    1929   74770  1048727  13.85
  1969          63     0.02836  0.02796  0.50   73806    2064   72774   973957  13.20
  1969          64     0.03107  0.03060  0.50   71742    2195   70644   901183  12.56
  1969          65     0.03402  0.03345  0.50   69547    2327   68384   830539  11.94
  1969          66     0.03726  0.03658  0.50   67220    2459   65991   762155  11.34
  1969          67     0.04081  0.03999  0.50   64761    2590   63466   696164  10.75
  1969          68     0.04475  0.04377  0.50   62171    2721   60811   632698  10.18
  1969          69     0.04943  0.04824  0.50   59450    2868   58016   571887   9.62
  1969          70     0.05515  0.05367  0.50   56582    3037   55064   513871   9.08
  1969          71     0.06170  0.05985  0.50   53546    3205   51943   458807   8.57
  1969          72     0.06899  0.06669  0.50   50341    3357   48662   406864   8.08
  1969          73     0.07694  0.07409  0.50   46983    3481   45243   358201   7.62
  1969          74     0.08514  0.08166  0.50   43502    3553   41726   312959   7.19
  1969          75     0.09318  0.08903  0.50   39950    3557   38171   271232   6.79
  1969          76     0.10101  0.09615  0.50   36393    3499   34643   233061   6.40
  1969          77     0.10928  0.10362  0.50   32894    3408   31190   198418   6.03
  1969          78     0.11874  0.11208  0.50   29485    3305   27833   167228   5.67
  1969          79     0.12974  0.12184  0.50   26181    3190   24586   139395   5.32
  1969          80     0.14245  0.13298  0.50   22991    3057   21462   114809   4.99
  1969          81     0.15650  0.14514  0.50   19933    2893   18487    93347   4.68
  1969          82     0.17149  0.15794  0.50   17040    2691   15695    74860   4.39
  1969          83     0.18734  0.17129  0.50   14349    2458   13120    59166   4.12
  1969          84     0.20407  0.18518  0.50   11891    2202   10790    46046   3.87
  1969          85     0.22173  0.19960  0.50    9689    1934    8722    35256   3.64
  1969          86     0.24034  0.21456  0.50    7755    1664    6923    26534   3.42
  1969          87     0.25995  0.23005  0.50    6091    1401    5391    19611   3.22
  1969          88     0.28056  0.24604  0.50    4690    1154    4113    14220   3.03
  1969          89     0.30213  0.26248  0.50    3536     928    3072    10107   2.86
  1969          90     0.32461  0.27928  0.50    2608     728    2244     7035   2.70
  1969          91     0.34795  0.29638  0.50    1880     557    1601     4791   2.55
  1969          92     0.37204  0.31369  0.50    1322     415    1115     3190   2.41
  1969          93     0.39678  0.33110  0.50     908     301     757     2075   2.29
  1969          94     0.42207  0.34852  0.50     607     212     501     1318   2.17
  1969          95     0.44777  0.36586  0.50     396     145     323      817   2.06
  1969          96     0.47375  0.38302  0.50     251      96     203      493   1.97
  1969          97     0.49988  0.39992  0.50     155      62     124      291   1.88
  1969          98     0.52601  0.41648  0.50      93      39      74      167   1.80
  1969          99     0.55200  0.43260  0.50      54      23      42       93   1.72
  1969         100     0.57770  0.44823  0.50      31      14      24       51   1.66
  1969         101     0.60299  0.46330  0.50      17       8      13       27   1.59
  1969         102     0.62771  0.47776  0.50       9       4       7       14   1.54
  1969         103     0.65175  0.49156  0.50       5       2       4        7   1.49
  1969         104     0.67499  0.50467  0.50       2       1       2        3   1.44
  1969         105     0.69735  0.51706  0.50       1       1       1        2   1.40
  1969         106     0.71881  0.52877  0.50       1       0       0        1   1.36
  1969         107     0.73937  0.53981  0.50       0       0       0        0   1.33
  1969         108     0.75919  0.55030  0.50       0       0       0        0   1.29
  1969         109     0.77846  0.56035  0.50       0       0       0        0   1.26
  1969         110+    0.80697  1.00000  1.24       0       0       0        0   1.24
  1970           0     0.01862  0.01833  0.16  100000    1833   98452  6794572  67.95
  1970           1     0.00193  0.00193  0.50   98167     189   98072  6696120  68.21
  1970           2     0.00159  0.00159  0.50   97978     155   97900  6598048  67.34
  1970           3     0.00130  0.00130  0.50   97822     127   97759  6500148  66.45
  1970           4     0.00107  0.00107  0.50   97695     104   97643  6402389  65.53
  1970           5     0.00090  0.00090  0.50   97591      88   97547  6304746  64.60
  1970           6     0.00078  0.00078  0.50   97503      76   97465  6207200  63.66
  1970           7     0.00069  0.00069  0.50   97427      67   97394  6109734  62.71
  1970           8     0.00062  0.00062  0.50   97360      60   97330  6012341  61.75
  1970           9     0.00057  0.00057  0.50   97300      55   97273  5915010  60.79
  1970          10     0.00054  0.00054  0.50   97245      52   97219  5817738  59.83
  1970          11     0.00055  0.00055  0.50   97193      53   97166  5720519  58.86
  1970          12     0.00060  0.00060  0.50   97140      58   97111  5623352  57.89
  1970          13     0.00071  0.00071  0.50   97082      69   97048  5526241  56.92
  1970          14     0.00088  0.00088  0.50   97013      86   96970  5429194  55.96
  1970          15     0.00112  0.00112  0.50   96927     108   96873  5332223  55.01
  1970          16     0.00134  0.00134  0.50   96819     130   96754  5235350  54.07
  1970          17     0.00149  0.00149  0.50   96689     144   96617  5138596  53.15
  1970          18     0.00157  0.00157  0.50   96545     151   96469  5041980  52.22
  1970          19     0.00158  0.00158  0.50   96393     152   96317  4945511  51.31
  1970          20     0.00155  0.00155  0.50   96241     149   96167  4849193  50.39
  1970          21     0.00151  0.00151  0.50   96092     145   96020  4753026  49.46
  1970          22     0.00149  0.00149  0.50   95947     143   95876  4657007  48.54
  1970          23     0.00151  0.00151  0.50   95804     145   95732  4561131  47.61
  1970          24     0.00159  0.00159  0.50   95659     152   95583  4465399  46.68
  1970          25     0.00167  0.00167  0.50   95507     160   95428  4369816  45.75
  1970          26     0.00173  0.00173  0.50   95348     165   95265  4274388  44.83
  1970          27     0.00176  0.00176  0.50   95183     167   95100  4179123  43.91
  1970          28     0.00179  0.00179  0.50   95016     170   94931  4084023  42.98
  1970          29     0.00186  0.00186  0.50   94846     176   94758  3989092  42.06
  1970          30     0.00196  0.00196  0.50   94670     186   94577  3894335  41.14
  1970          31     0.00208  0.00208  0.50   94484     197   94385  3799758  40.22
  1970          32     0.00221  0.00221  0.50   94287     208   94183  3705373  39.30
  1970          33     0.00234  0.00234  0.50   94079     220   93969  3611190  38.38
  1970          34     0.00248  0.00247  0.50   93859     232   93743  3517221  37.47
  1970          35     0.00259  0.00259  0.50   93627     243   93505  3423479  36.57
  1970          36     0.00268  0.00267  0.50   93384     250   93259  3329973  35.66
  1970          37     0.00274  0.00274  0.50   93134     255   93007  3236714  34.75
  1970          38     0.00282  0.00281  0.50   92880     261   92749  3143707  33.85
  1970          39     0.00294  0.00293  0.50   92618     272   92483  3050958  32.94
  1970          40     0.00312  0.00312  0.50   92347     288   92203  2958475  32.04
  1970          41     0.00337  0.00336  0.50   92059     309   91904  2866273  31.14
  1970          42     0.00359  0.00358  0.50   91749     329   91585  2774369  30.24
  1970          43     0.00376  0.00376  0.50   91421     344   91249  2682784  29.35
  1970          44     0.00392  0.00391  0.50   91077     357   90899  2591535  28.45
  1970          45     0.00415  0.00414  0.50   90721     375   90533  2500636  27.56
  1970          46     0.00450  0.00449  0.50   90345     405   90143  2410103  26.68
  1970          47     0.00490  0.00488  0.50   89940     439   89720  2319960  25.79
  1970          48     0.00532  0.00531  0.50   89501     475   89263  2230240  24.92
  1970          49     0.00580  0.00578  0.50   89026     515   88768  2140977  24.05
  1970          50     0.00636  0.00634  0.50   88511     561   88230  2052209  23.19
  1970          51     0.00704  0.00701  0.50   87950     617   87641  1963978  22.33
  1970          52     0.00783  0.00780  0.50   87333     682   86992  1876337  21.48
  1970          53     0.00874  0.00870  0.50   86651     754   86275  1789345  20.65
  1970          54     0.00978  0.00973  0.50   85898     836   85480  1703070  19.83
  1970          55     0.01101  0.01095  0.50   85062     932   84596  1617590  19.02
  1970          56     0.01248  0.01240  0.50   84130    1043   83609  1532994  18.22
  1970          57     0.01414  0.01404  0.50   83087    1166   82504  1449385  17.44
  1970          58     0.01594  0.01582  0.50   81921    1296   81273  1366881  16.69
  1970          59     0.01782  0.01766  0.50   80625    1424   79913  1285609  15.95
  1970          60     0.01976  0.01957  0.50   79201    1550   78426  1205696  15.22
  1970          61     0.02178  0.02154  0.50   77651    1673   76815  1127269  14.52
  1970          62     0.02399  0.02370  0.50   75979    1801   75078  1050454  13.83
  1970          63     0.02649  0.02615  0.50   74178    1940   73208   975376  13.15
  1970          64     0.02928  0.02885  0.50   72238    2084   71196   902169  12.49
  1970          65     0.03236  0.03184  0.50   70154    2234   69037   830973  11.85
  1970          66     0.03600  0.03536  0.50   67920    2402   66719   761936  11.22
  1970          67     0.04024  0.03945  0.50   65518    2585   64226   695217  10.61
  1970          68     0.04508  0.04408  0.50   62933    2774   61546   630991  10.03
  1970          69     0.05053  0.04929  0.50   60159    2965   58676   569445   9.47
  1970          70     0.05668  0.05512  0.50   57194    3152   55618   510769   8.93
  1970          71     0.06360  0.06164  0.50   54041    3331   52376   455151   8.42
  1970          72     0.07117  0.06873  0.50   50710    3485   48968   402775   7.94
  1970          73     0.07917  0.07616  0.50   47225    3597   45427   353807   7.49
  1970          74     0.08701  0.08338  0.50   43629    3638   41810   308380   7.07
  1970          75     0.09436  0.09011  0.50   39991    3604   38189   266571   6.67
  1970          76     0.10206  0.09711  0.50   36387    3533   34620   228382   6.28
  1970          77     0.11067  0.10487  0.50   32854    3445   31131   193761   5.90
  1970          78     0.12059  0.11373  0.50   29408    3345   27736   162630   5.53
  1970          79     0.13213  0.12394  0.50   26064    3230   24449   134894   5.18
  1970          80     0.14551  0.13564  0.50   22833    3097   21285   110445   4.84
  1970          81     0.16053  0.14860  0.50   19736    2933   18270    89160   4.52
  1970          82     0.17694  0.16256  0.50   16803    2732   15438    70890   4.22
  1970          83     0.19463  0.17737  0.50   14072    2496   12824    55453   3.94
  1970          84     0.21358  0.19297  0.50   11576    2234   10459    42629   3.68
  1970          85     0.23375  0.20929  0.50    9342    1955    8365    32170   3.44
  1970          86     0.25513  0.22627  0.50    7387    1671    6551    23805   3.22
  1970          87     0.27773  0.24387  0.50    5716    1394    5019    17254   3.02
  1970          88     0.30149  0.26200  0.50    4322    1132    3756    12235   2.83
  1970          89     0.32635  0.28057  0.50    3189     895    2742     8480   2.66
  1970          90     0.35223  0.29948  0.50    2295     687    1951     5738   2.50
  1970          91     0.37900  0.31862  0.50    1607     512    1351     3787   2.36
  1970          92     0.40652  0.33785  0.50    1095     370     910     2436   2.22
  1970          93     0.43465  0.35705  0.50     725     259     596     1525   2.10
  1970          94     0.46320  0.37610  0.50     466     175     379      930   1.99
  1970          95     0.49199  0.39486  0.50     291     115     233      551   1.89
  1970          96     0.52085  0.41323  0.50     176      73     140      318   1.80
  1970          97     0.54956  0.43110  0.50     103      45      81      178   1.72
  1970          98     0.57795  0.44838  0.50      59      26      46       97   1.65
  1970          99     0.60584  0.46499  0.50      32      15      25       51   1.58
  1970         100     0.63306  0.48085  0.50      17       8      13       26   1.52
  1970         101     0.65944  0.49593  0.50       9       4       7       13   1.47
  1970         102     0.68485  0.51016  0.50       5       2       3        6   1.42
  1970         103     0.70916  0.52353  0.50       2       1       2        3   1.37
  1970         104     0.73228  0.53602  0.50       1       1       1        1   1.34
  1970         105     0.75414  0.54764  0.50       0       0       0        1   1.30
  1970         106     0.77474  0.55843  0.50       0       0       0        0   1.27
  1970         107     0.79416  0.56844  0.50       0       0       0        0   1.24
  1970         108     0.81261  0.57783  0.50       0       0       0        0   1.21
  1970         109     0.83036  0.58675  0.50       0       0       0        0   1.19
  1970         110+    0.85463  1.00000  1.17       0       0       0        0   1.17
  1971           0     0.01667  0.01644  0.15  100000    1644   98608  6844669  68.45
  1971           1     0.00154  0.00154  0.50   98356     152   98280  6746061  68.59
  1971           2     0.00134  0.00134  0.50   98205     131   98139  6647780  67.69
  1971           3     0.00121  0.00121  0.50   98073     118   98014  6549641  66.78
  1971           4     0.00111  0.00111  0.50   97955     109   97901  6451627  65.86
  1971           5     0.00101  0.00100  0.50   97846      98   97797  6353726  64.94
  1971           6     0.00088  0.00088  0.50   97748      86   97705  6255929  64.00
  1971           7     0.00076  0.00076  0.50   97662      74   97624  6158225  63.06
  1971           8     0.00066  0.00065  0.50   97587      64   97555  6060600  62.10
  1971           9     0.00057  0.00057  0.50   97523      55   97496  5963045  61.14
  1971          10     0.00050  0.00050  0.50   97468      48   97444  5865549  60.18
  1971          11     0.00045  0.00045  0.50   97420      44   97398  5768105  59.21
  1971          12     0.00045  0.00045  0.50   97376      44   97354  5670707  58.24
  1971          13     0.00059  0.00059  0.50   97332      58   97304  5573353  57.26
  1971          14     0.00091  0.00091  0.50   97275      88   97231  5476050  56.29
  1971          15     0.00138  0.00138  0.50   97186     134   97119  5378819  55.35
  1971          16     0.00183  0.00183  0.50   97052     177   96964  5281700  54.42
  1971          17     0.00209  0.00208  0.50   96875     202   96774  5184736  53.52
  1971          18     0.00218  0.00218  0.50   96673     211   96568  5087962  52.63
  1971          19     0.00217  0.00217  0.50   96463     209   96358  4991394  51.74
  1971          20     0.00207  0.00206  0.50   96253     199   96154  4895036  50.86
  1971          21     0.00195  0.00194  0.50   96055     187   95961  4798882  49.96
  1971          22     0.00190  0.00190  0.50   95868     182   95777  4702920  49.06
  1971          23     0.00190  0.00190  0.50   95686     182   95595  4607143  48.15
  1971          24     0.00191  0.00191  0.50   95504     182   95413  4511548  47.24
  1971          25     0.00184  0.00184  0.50   95322     175   95234  4416135  46.33
  1971          26     0.00170  0.00170  0.50   95147     161   95066  4320901  45.41
  1971          27     0.00153  0.00153  0.50   94985     146   94912  4225835  44.49
  1971          28     0.00143  0.00143  0.50   94840     135   94772  4130922  43.56
  1971          29     0.00145  0.00144  0.50   94704     137   94636  4036150  42.62
  1971          30     0.00156  0.00155  0.50   94568     147   94494  3941514  41.68
  1971          31     0.00173  0.00172  0.50   94421     163   94339  3847020  40.74
  1971          32     0.00193  0.00193  0.50   94258     182   94167  3752681  39.81
  1971          33     0.00215  0.00215  0.50   94076     202   93975  3658514  38.89
  1971          34     0.00236  0.00236  0.50   93873     222   93763  3564540  37.97
  1971          35     0.00260  0.00260  0.50   93652     243   93530  3470777  37.06
  1971          36     0.00287  0.00287  0.50   93408     268   93274  3377247  36.16
  1971          37     0.00306  0.00305  0.50   93140     285   92998  3283973  35.26
  1971          38     0.00315  0.00315  0.50   92856     292   92710  3190975  34.36
  1971          39     0.00319  0.00319  0.50   92563     295   92416  3098265  33.47
  1971          40     0.00324  0.00323  0.50   92268     298   92119  3005849  32.58
  1971          41     0.00336  0.00336  0.50   91970     309   91816  2913730  31.68
  1971          42     0.00356  0.00355  0.50   91661     326   91499  2821915  30.79
  1971          43     0.00380  0.00379  0.50   91336     347   91163  2730416  29.89
  1971          44     0.00407  0.00406  0.50   90989     370   90805  2639253  29.01
  1971          45     0.00438  0.00437  0.50   90620     396   90422  2548449  28.12
  1971          46     0.00477  0.00476  0.50   90223     430   90009  2458027  27.24
  1971          47     0.00525  0.00524  0.50   89794     470   89558  2368019  26.37
  1971          48     0.00586  0.00584  0.50   89323     522   89062  2278460  25.51
  1971          49     0.00659  0.00657  0.50   88802     583   88510  2189398  24.65
  1971          50     0.00737  0.00734  0.50   88218     647   87894  2100888  23.81
  1971          51     0.00808  0.00805  0.50   87571     705   87218  2012994  22.99
  1971          52     0.00870  0.00866  0.50   86866     752   86490  1925775  22.17
  1971          53     0.00922  0.00918  0.50   86114     790   85719  1839285  21.36
  1971          54     0.00971  0.00966  0.50   85324     824   84911  1753567  20.55
  1971          55     0.01036  0.01031  0.50   84499     871   84064  1668655  19.75
  1971          56     0.01136  0.01130  0.50   83628     945   83156  1584591  18.95
  1971          57     0.01276  0.01268  0.50   82683    1048   82159  1501435  18.16
  1971          58     0.01453  0.01443  0.50   81635    1178   81047  1419276  17.39
  1971          59     0.01656  0.01642  0.50   80458    1321   79797  1338229  16.63
  1971          60     0.01849  0.01832  0.50   79136    1450   78412  1258432  15.90
  1971          61     0.02005  0.01985  0.50   77687    1542   76916  1180021  15.19
  1971          62     0.02150  0.02127  0.50   76145    1619   75335  1103105  14.49
  1971          63     0.02325  0.02298  0.50   74525    1713   73669  1027770  13.79
  1971          64     0.02588  0.02555  0.50   72813    1860   71882   954101  13.10
  1971          65     0.02971  0.02927  0.50   70952    2077   69914   882219  12.43
  1971          66     0.03408  0.03351  0.50   68875    2308   67722   812305  11.79
  1971          67     0.03857  0.03784  0.50   66568    2519   65308   744583  11.19
  1971          68     0.04291  0.04201  0.50   64049    2691   62704   679275  10.61
  1971          69     0.04702  0.04594  0.50   61358    2819   59949   616572  10.05
  1971          70     0.05094  0.04968  0.50   58539    2908   57085   556623   9.51
  1971          71     0.05517  0.05369  0.50   55631    2987   54138   499538   8.98
  1971          72     0.06022  0.05846  0.50   52644    3078   51106   445400   8.46
  1971          73     0.06647  0.06433  0.50   49567    3189   47972   394294   7.95
  1971          74     0.07382  0.07119  0.50   46378    3302   44727   346322   7.47
  1971          75     0.08214  0.07890  0.50   43076    3399   41377   301595   7.00
  1971          76     0.09148  0.08747  0.50   39678    3471   37942   260218   6.56
  1971          77     0.10192  0.09698  0.50   36207    3511   34451   222276   6.14
  1971          78     0.11343  0.10734  0.50   32695    3510   30941   187825   5.74
  1971          79     0.12543  0.11802  0.50   29186    3445   27464   156884   5.38
  1971          80     0.13755  0.12870  0.50   25741    3313   24085   129421   5.03
  1971          81     0.15070  0.14014  0.50   22428    3143   20857   105336   4.70
  1971          82     0.16584  0.15314  0.50   19285    2953   17809    84479   4.38
  1971          83     0.18290  0.16758  0.50   16332    2737   14964    66670   4.08
  1971          84     0.20172  0.18324  0.50   13595    2491   12350    51707   3.80
  1971          85     0.22215  0.19994  0.50   11104    2220    9994    39357   3.54
  1971          86     0.24407  0.21753  0.50    8884    1932    7918    29363   3.31
  1971          87     0.26738  0.23585  0.50    6951    1639    6132    21446   3.09
  1971          88     0.29203  0.25482  0.50    5312    1354    4635    15314   2.88
  1971          89     0.31793  0.27432  0.50    3958    1086    3415    10679   2.70
  1971          90     0.34499  0.29423  0.50    2872     845    2450     7263   2.53
  1971          91     0.37308  0.31443  0.50    2027     637    1709     4814   2.37
  1971          92     0.40205  0.33476  0.50    1390     465    1157     3105   2.23
  1971          93     0.43172  0.35508  0.50     925     328     760     1948   2.11
  1971          94     0.46189  0.37523  0.50     596     224     484     1187   1.99
  1971          95     0.49234  0.39508  0.50     373     147     299      703   1.89
  1971          96     0.52285  0.41449  0.50     225      93     179      404   1.79
  1971          97     0.55319  0.43333  0.50     132      57     103      225   1.71
  1971          98     0.58314  0.45150  0.50      75      34      58      122   1.63
  1971          99     0.61250  0.46890  0.50      41      19      31       64   1.56
  1971         100     0.64106  0.48546  0.50      22      11      16       33   1.50
  1971         101     0.66866  0.50112  0.50      11       6       8       16   1.45
  1971         102     0.69515  0.51585  0.50       6       3       4        8   1.40
  1971         103     0.72039  0.52962  0.50       3       1       2        4   1.35
  1971         104     0.74427  0.54242  0.50       1       1       1        2   1.31
  1971         105     0.76672  0.55425  0.50       1       0       0        1   1.28
  1971         106     0.78770  0.56513  0.50       0       0       0        0   1.25
  1971         107     0.80725  0.57512  0.50       0       0       0        0   1.22
  1971         108     0.82555  0.58435  0.50       0       0       0        0   1.20
  1971         109     0.84292  0.59299  0.50       0       0       0        0   1.17
  1971         110+    0.86696  1.00000  1.15       0       0       0        0   1.15
  1972           0     0.01666  0.01643  0.15  100000    1643   98608  6895059  68.95
  1972           1     0.00154  0.00154  0.50   98357     151   98281  6796451  69.10
  1972           2     0.00129  0.00129  0.50   98206     127   98142  6698170  68.21
  1972           3     0.00111  0.00110  0.50   98079     108   98025  6600027  67.29
  1972           4     0.00098  0.00098  0.50   97971      96   97923  6502003  66.37
  1972           5     0.00089  0.00089  0.50   97875      87   97831  6404080  65.43
  1972           6     0.00080  0.00080  0.50   97788      78   97749  6306249  64.49
  1972           7     0.00070  0.00070  0.50   97710      69   97675  6208500  63.54
  1972           8     0.00060  0.00060  0.50   97641      58   97612  6110824  62.58
  1972           9     0.00050  0.00050  0.50   97583      49   97558  6013212  61.62
  1972          10     0.00041  0.00041  0.50   97534      40   97514  5915654  60.65
  1972          11     0.00036  0.00036  0.50   97495      35   97477  5818139  59.68
  1972          12     0.00040  0.00040  0.50   97459      39   97440  5720662  58.70
  1972          13     0.00053  0.00053  0.50   97421      52   97395  5623222  57.72
  1972          14     0.00076  0.00076  0.50   97369      74   97332  5525827  56.75
  1972          15     0.00107  0.00107  0.50   97295     104   97243  5428495  55.79
  1972          16     0.00138  0.00138  0.50   97191     134   97123  5331253  54.85
  1972          17     0.00163  0.00163  0.50   97056     158   96977  5234129  53.93
  1972          18     0.00180  0.00180  0.50   96898     174   96811  5137152  53.02
  1972          19     0.00188  0.00188  0.50   96724     181   96633  5040341  52.11
  1972          20     0.00187  0.00187  0.50   96542     181   96452  4943708  51.21
  1972          21     0.00183  0.00182  0.50   96362     176   96274  4847256  50.30
  1972          22     0.00176  0.00176  0.50   96186     169   96101  4750982  49.39
  1972          23     0.00170  0.00170  0.50   96016     163   95935  4654881  48.48
  1972          24     0.00163  0.00163  0.50   95854     156   95776  4558946  47.56
  1972          25     0.00155  0.00155  0.50   95698     148   95624  4463170  46.64
  1972          26     0.00150  0.00150  0.50   95549     143   95478  4367546  45.71
  1972          27     0.00149  0.00149  0.50   95406     142   95336  4272069  44.78
  1972          28     0.00153  0.00153  0.50   95265     146   95192  4176733  43.84
  1972          29     0.00163  0.00163  0.50   95119     155   95041  4081541  42.91
  1972          30     0.00174  0.00174  0.50   94964     165   94881  3986500  41.98
  1972          31     0.00185  0.00185  0.50   94798     175   94711  3891619  41.05
  1972          32     0.00193  0.00193  0.50   94623     183   94532  3796908  40.13
  1972          33     0.00201  0.00201  0.50   94441     190   94346  3702376  39.20
  1972          34     0.00211  0.00211  0.50   94251     199   94152  3608030  38.28
  1972          35     0.00223  0.00223  0.50   94052     210   93947  3513878  37.36
  1972          36     0.00239  0.00239  0.50   93843     224   93730  3419931  36.44
  1972          37     0.00259  0.00259  0.50   93618     243   93497  3326200  35.53
  1972          38     0.00286  0.00286  0.50   93376     267   93242  3232703  34.62
  1972          39     0.00321  0.00320  0.50   93109     298   92960  3139461  33.72
  1972          40     0.00355  0.00354  0.50   92811     329   92646  3046501  32.82
  1972          41     0.00381  0.00380  0.50   92482     352   92306  2953855  31.94
  1972          42     0.00396  0.00396  0.50   92130     365   91948  2861549  31.06
  1972          43     0.00407  0.00406  0.50   91766     372   91579  2769601  30.18
  1972          44     0.00418  0.00418  0.50   91393     382   91202  2678022  29.30
  1972          45     0.00434  0.00433  0.50   91012     394   90815  2586819  28.42
  1972          46     0.00456  0.00455  0.50   90617     412   90411  2496005  27.54
  1972          47     0.00490  0.00489  0.50   90205     441   89985  2405594  26.67
  1972          48     0.00540  0.00538  0.50   89764     483   89522  2315609  25.80
  1972          49     0.00603  0.00602  0.50   89281     537   89012  2226086  24.93
  1972          50     0.00677  0.00675  0.50   88744     599   88444  2137074  24.08
  1972          51     0.00757  0.00754  0.50   88145     665   87813  2048630  23.24
  1972          52     0.00840  0.00836  0.50   87480     731   87115  1960817  22.41
  1972          53     0.00922  0.00918  0.50   86749     796   86351  1873703  21.60
  1972          54     0.00999  0.00994  0.50   85953     854   85525  1787352  20.79
  1972          55     0.01077  0.01071  0.50   85098     911   84643  1701826  20.00
  1972          56     0.01166  0.01159  0.50   84187     976   83699  1617184  19.21
  1972          57     0.01270  0.01262  0.50   83212    1050   82686  1533484  18.43
  1972          58     0.01393  0.01383  0.50   82161    1136   81593  1450798  17.66
  1972          59     0.01533  0.01521  0.50   81025    1233   80409  1369205  16.90
  1972          60     0.01701  0.01686  0.50   79792    1346   79119  1288796  16.15
  1972          61     0.01902  0.01884  0.50   78447    1478   77708  1209677  15.42
  1972          62     0.02126  0.02104  0.50   76968    1619   76159  1131969  14.71
  1972          63     0.02361  0.02333  0.50   75349    1758   74470  1055811  14.01
  1972          64     0.02613  0.02579  0.50   73591    1898   72642   981340  13.34
  1972          65     0.02899  0.02858  0.50   71693    2049   70669   908698  12.67
  1972          66     0.03246  0.03194  0.50   69645    2224   68532   838029  12.03
  1972          67     0.03646  0.03580  0.50   67420    2414   66213   769497  11.41
  1972          68     0.04082  0.04001  0.50   65006    2601   63706   703284  10.82
  1972          69     0.04543  0.04442  0.50   62406    2772   61020   639578  10.25
  1972          70     0.05019  0.04897  0.50   59634    2920   58174   578558   9.70
  1972          71     0.05520  0.05372  0.50   56714    3047   55190   520385   9.18
  1972          72     0.06053  0.05876  0.50   53667    3153   52090   465194   8.67
  1972          73     0.06628  0.06415  0.50   50514    3241   48894   413104   8.18
  1972          74     0.07254  0.07000  0.50   47273    3309   45619   364210   7.70
  1972          75     0.07953  0.07649  0.50   43964    3363   42283   318592   7.25
  1972          76     0.08786  0.08416  0.50   40601    3417   38893   276309   6.81
  1972          77     0.09787  0.09331  0.50   37184    3469   35449   237417   6.38
  1972          78     0.10966  0.10396  0.50   33715    3505   31962   201967   5.99
  1972          79     0.12265  0.11556  0.50   30210    3491   28464   170005   5.63
  1972          80     0.13615  0.12747  0.50   26719    3406   25016   141541   5.30
  1972          81     0.14959  0.13918  0.50   23313    3245   21690   116525   5.00
  1972          82     0.16260  0.15038  0.50   20068    3018   18559    94835   4.73
  1972          83     0.17552  0.16136  0.50   17050    2751   15675    76276   4.47
  1972          84     0.18867  0.17241  0.50   14299    2465   13066    60601   4.24
  1972          85     0.20230  0.18372  0.50   11834    2174   10747    47535   4.02
  1972          86     0.21657  0.19541  0.50    9660    1888    8716    36788   3.81
  1972          87     0.23157  0.20754  0.50    7772    1613    6966    28072   3.61
  1972          88     0.24735  0.22013  0.50    6159    1356    5481    21107   3.43
  1972          89     0.26388  0.23312  0.50    4803    1120    4243    15625   3.25
  1972          90     0.28114  0.24649  0.50    3684     908    3230    11382   3.09
  1972          91     0.29910  0.26019  0.50    2776     722    2414     8152   2.94
  1972          92     0.31771  0.27416  0.50    2053     563    1772     5738   2.79
  1972          93     0.33692  0.28834  0.50    1490     430    1276     3966   2.66
  1972          94     0.35668  0.30270  0.50    1061     321     900     2690   2.54
  1972          95     0.37694  0.31716  0.50     740     235     622     1790   2.42
  1972          96     0.39764  0.33169  0.50     505     168     421     1168   2.31
  1972          97     0.41871  0.34622  0.50     338     117     279      747   2.21
  1972          98     0.44007  0.36071  0.50     221      80     181      468   2.12
  1972          99     0.46167  0.37509  0.50     141      53     115      287   2.03
  1972         100     0.48341  0.38931  0.50      88      34      71      172   1.95
  1972         101     0.50520  0.40332  0.50      54      22      43      101   1.88
  1972         102     0.52696  0.41707  0.50      32      13      25       58   1.81
  1972         103     0.54861  0.43051  0.50      19       8      15       33   1.74
  1972         104     0.57004  0.44360  0.50      11       5       8       18   1.69
  1972         105     0.59119  0.45631  0.50       6       3       5       10   1.63
  1972         106     0.61199  0.46860  0.50       3       2       2        5   1.58
  1972         107     0.63242  0.48049  0.50       2       1       1        3   1.53
  1972         108     0.65252  0.49200  0.50       1       0       1        1   1.49
  1972         109     0.67235  0.50319  0.50       0       0       0        1   1.45
  1972         110+    0.70677  1.00000  1.41       0       0       0        0   1.41
  1973           0     0.01474  0.01456  0.15  100000    1456   98763  6911152  69.11
  1973           1     0.00172  0.00172  0.50   98544     169   98460  6812389  69.13
  1973           2     0.00141  0.00141  0.50   98375     139   98306  6713929  68.25
  1973           3     0.00115  0.00115  0.50   98236     113   98180  6615623  67.34
  1973           4     0.00093  0.00093  0.50   98124      92   98078  6517443  66.42
  1973           5     0.00077  0.00077  0.50   98032      76   97994  6419365  65.48
  1973           6     0.00066  0.00066  0.50   97956      65   97924  6321371  64.53
  1973           7     0.00059  0.00059  0.50   97892      57   97863  6223447  63.57
  1973           8     0.00052  0.00052  0.50   97834      51   97809  6125584  62.61
  1973           9     0.00046  0.00046  0.50   97783      45   97761  6027775  61.64
  1973          10     0.00040  0.00040  0.50   97739      39   97719  5930014  60.67
  1973          11     0.00038  0.00038  0.50   97700      38   97681  5832295  59.70
  1973          12     0.00043  0.00043  0.50   97662      42   97641  5734614  58.72
  1973          13     0.00056  0.00056  0.50   97620      55   97592  5636974  57.74
  1973          14     0.00078  0.00078  0.50   97565      77   97526  5539381  56.78
  1973          15     0.00109  0.00109  0.50   97488     106   97435  5441855  55.82
  1973          16     0.00139  0.00139  0.50   97382     135   97314  5344420  54.88
  1973          17     0.00161  0.00161  0.50   97247     157   97168  5247105  53.96
  1973          18     0.00173  0.00173  0.50   97090     168   97006  5149937  53.04
  1973          19     0.00177  0.00176  0.50   96922     171   96837  5052931  52.13
  1973          20     0.00175  0.00175  0.50   96751     170   96666  4956094  51.23
  1973          21     0.00172  0.00172  0.50   96582     166   96498  4859427  50.31
  1973          22     0.00170  0.00170  0.50   96415     164   96333  4762929  49.40
  1973          23     0.00168  0.00167  0.50   96251     161   96171  4666596  48.48
  1973          24     0.00165  0.00165  0.50   96090     158   96011  4570425  47.56
  1973          25     0.00163  0.00163  0.50   95932     156   95854  4474413  46.64
  1973          26     0.00163  0.00163  0.50   95776     156   95698  4378559  45.72
  1973          27     0.00163  0.00163  0.50   95620     156   95542  4282862  44.79
  1973          28     0.00161  0.00161  0.50   95464     154   95387  4187320  43.86
  1973          29     0.00155  0.00154  0.50   95310     147   95237  4091933  42.93
  1973          30     0.00147  0.00147  0.50   95163     140   95093  3996696  42.00
  1973          31     0.00143  0.00143  0.50   95023     136   94955  3901603  41.06
  1973          32     0.00147  0.00147  0.50   94887     139   94817  3806648  40.12
  1973          33     0.00159  0.00159  0.50   94748     151   94672  3711831  39.18
  1973          34     0.00181  0.00181  0.50   94597     171   94511  3617158  38.24
  1973          35     0.00207  0.00206  0.50   94426     195   94328  3522647  37.31
  1973          36     0.00229  0.00229  0.50   94231     216   94123  3428319  36.38
  1973          37     0.00251  0.00251  0.50   94015     236   93897  3334196  35.46
  1973          38     0.00275  0.00275  0.50   93779     257   93651  3240299  34.55
  1973          39     0.00303  0.00303  0.50   93522     283   93380  3146648  33.65
  1973          40     0.00332  0.00332  0.50   93239     309   93084  3053268  32.75
  1973          41     0.00357  0.00356  0.50   92929     331   92764  2960184  31.85
  1973          42     0.00377  0.00377  0.50   92599     349   92424  2867420  30.97
  1973          43     0.00399  0.00398  0.50   92250     367   92066  2774995  30.08
  1973          44     0.00426  0.00426  0.50   91883     391   91687  2682929  29.20
  1973          45     0.00459  0.00458  0.50   91492     419   91282  2591242  28.32
  1973          46     0.00495  0.00494  0.50   91073     450   90848  2499960  27.45
  1973          47     0.00534  0.00533  0.50   90623     483   90381  2409112  26.58
  1973          48     0.00575  0.00573  0.50   90140     517   89881  2318731  25.72
  1973          49     0.00617  0.00615  0.50   89623     551   89348  2228849  24.87
  1973          50     0.00659  0.00657  0.50   89072     585   88779  2139502  24.02
  1973          51     0.00704  0.00701  0.50   88487     621   88176  2050722  23.18
  1973          52     0.00756  0.00753  0.50   87866     662   87535  1962546  22.34
  1973          53     0.00822  0.00818  0.50   87204     714   86847  1875011  21.50
  1973          54     0.00901  0.00897  0.50   86491     776   86103  1788164  20.67
  1973          55     0.00991  0.00987  0.50   85715     846   85292  1702061  19.86
  1973          56     0.01090  0.01084  0.50   84869     920   84409  1616769  19.05
  1973          57     0.01201  0.01194  0.50   83949    1002   83448  1532360  18.25
  1973          58     0.01331  0.01322  0.50   82947    1096   82399  1448912  17.47
  1973          59     0.01480  0.01469  0.50   81851    1202   81250  1366513  16.70
  1973          60     0.01647  0.01634  0.50   80648    1318   79990  1285263  15.94
  1973          61     0.01834  0.01817  0.50   79331    1442   78610  1205274  15.19
  1973          62     0.02059  0.02038  0.50   77889    1588   77095  1126664  14.46
  1973          63     0.02339  0.02312  0.50   76301    1764   75419  1049569  13.76
  1973          64     0.02663  0.02628  0.50   74537    1959   73558   974149  13.07
  1973          65     0.03019  0.02974  0.50   72578    2158   71499   900591  12.41
  1973          66     0.03394  0.03337  0.50   70420    2350   69245   829092  11.77
  1973          67     0.03779  0.03709  0.50   68070    2525   66808   759847  11.16
  1973          68     0.04174  0.04089  0.50   65545    2680   64205   693040  10.57
  1973          69     0.04605  0.04501  0.50   62865    2830   61450   628835  10.00
  1973          70     0.05094  0.04968  0.50   60036    2982   58544   567384   9.45
  1973          71     0.05634  0.05480  0.50   57053    3127   55490   508840   8.92
  1973          72     0.06216  0.06029  0.50   53927    3251   52301   453350   8.41
  1973          73     0.06839  0.06613  0.50   50676    3351   49000   401049   7.91
  1973          74     0.07530  0.07257  0.50   47324    3434   45607   352049   7.44
  1973          75     0.08316  0.07984  0.50   43890    3504   42138   306442   6.98
  1973          76     0.09201  0.08796  0.50   40386    3552   38609   264304   6.54
  1973          77     0.10187  0.09693  0.50   36833    3570   35048   225695   6.13
  1973          78     0.11273  0.10671  0.50   33263    3550   31488   190647   5.73
  1973          79     0.12437  0.11709  0.50   29713    3479   27974   159158   5.36
  1973          80     0.13673  0.12798  0.50   26234    3358   24555   131185   5.00
  1973          81     0.15043  0.13991  0.50   22877    3201   21276   106629   4.66
  1973          82     0.16611  0.15337  0.50   19676    3018   18167    85353   4.34
  1973          83     0.18382  0.16835  0.50   16658    2804   15256    67186   4.03
  1973          84     0.20347  0.18468  0.50   13854    2559   12575    51930   3.75
  1973          85     0.22495  0.20221  0.50   11295    2284   10153    39355   3.48
  1973          86     0.24815  0.22076  0.50    9011    1989    8017    29202   3.24
  1973          87     0.27293  0.24015  0.50    7022    1686    6179    21185   3.02
  1973          88     0.29918  0.26025  0.50    5336    1389    4641    15006   2.81
  1973          89     0.32678  0.28089  0.50    3947    1109    3393    10365   2.63
  1973          90     0.35560  0.30192  0.50    2838     857    2410     6972   2.46
  1973          91     0.38548  0.32319  0.50    1981     640    1661     4562   2.30
  1973          92     0.41623  0.34453  0.50    1341     462    1110     2901   2.16
  1973          93     0.44763  0.36576  0.50     879     322     718     1791   2.04
  1973          94     0.47944  0.38674  0.50     558     216     450     1073   1.92
  1973          95     0.51143  0.40728  0.50     342     139     272      623   1.82
  1973          96     0.54333  0.42726  0.50     203      87     159      351   1.73
  1973          97     0.57487  0.44653  0.50     116      52      90      191   1.65
  1973          98     0.60584  0.46498  0.50      64      30      49      101   1.58
  1973          99     0.63598  0.48254  0.50      34      17      26       52   1.51
  1973         100     0.66508  0.49911  0.50      18       9      13       26   1.45
  1973         101     0.69298  0.51466  0.50       9       5       7       12   1.40
  1973         102     0.71950  0.52914  0.50       4       2       3        6   1.35
  1973         103     0.74454  0.54256  0.50       2       1       1        3   1.31
  1973         104     0.76800  0.55491  0.50       1       1       1        1   1.28
  1973         105     0.78984  0.56623  0.50       0       0       0        1   1.24
  1973         106     0.81014  0.57658  0.50       0       0       0        0   1.22
  1973         107     0.82899  0.58607  0.50       0       0       0        0   1.19
  1973         108     0.84670  0.59486  0.50       0       0       0        0   1.17
  1973         109     0.86359  0.60315  0.50       0       0       0        0   1.15
  1973         110+    0.88508  1.00000  1.13       0       0       0        0   1.13
  1974           0     0.01467  0.01449  0.15  100000    1449   98769  6985564  69.86
  1974           1     0.00164  0.00164  0.50   98551     161   98470  6886795  69.88
  1974           2     0.00126  0.00126  0.50   98389     124   98327  6788325  68.99
  1974           3     0.00098  0.00098  0.50   98265      96   98217  6689998  68.08
  1974           4     0.00079  0.00079  0.50   98169      78   98130  6591781  67.15
  1974           5     0.00066  0.00066  0.50   98091      65   98059  6493651  66.20
  1974           6     0.00058  0.00058  0.50   98027      57   97998  6395592  65.24
  1974           7     0.00053  0.00053  0.50   97969      52   97943  6297594  64.28
  1974           8     0.00043  0.00043  0.50   97917      42   97896  6199651  63.32
  1974           9     0.00035  0.00035  0.50   97875      35   97858  6101754  62.34
  1974          10     0.00040  0.00040  0.50   97841      39   97821  6003897  61.36
  1974          11     0.00048  0.00048  0.50   97801      47   97778  5906076  60.39
  1974          12     0.00048  0.00048  0.50   97754      47   97731  5808298  59.42
  1974          13     0.00050  0.00050  0.50   97707      48   97683  5710567  58.45
  1974          14     0.00065  0.00065  0.50   97659      63   97627  5612884  57.47
  1974          15     0.00101  0.00101  0.50   97596      98   97546  5515257  56.51
  1974          16     0.00142  0.00142  0.50   97497     139   97428  5417711  55.57
  1974          17     0.00172  0.00172  0.50   97358     168   97275  5320283  54.65
  1974          18     0.00191  0.00190  0.50   97191     185   97098  5223008  53.74
  1974          19     0.00199  0.00199  0.50   97006     193   96909  5125910  52.84
  1974          20     0.00193  0.00193  0.50   96813     187   96719  5029001  51.95
  1974          21     0.00177  0.00176  0.50   96626     171   96540  4932282  51.05
  1974          22     0.00155  0.00155  0.50   96455     150   96380  4835741  50.13
  1974          23     0.00135  0.00135  0.50   96305     130   96240  4739361  49.21
  1974          24     0.00123  0.00123  0.50   96175     118   96116  4643121  48.28
  1974          25     0.00120  0.00120  0.50   96057     116   95999  4547005  47.34
  1974          26     0.00123  0.00123  0.50   95941     118   95882  4451006  46.39
  1974          27     0.00126  0.00126  0.50   95823     121   95763  4355123  45.45
  1974          28     0.00133  0.00132  0.50   95703     127   95640  4259360  44.51
  1974          29     0.00143  0.00143  0.50   95576     137   95508  4163721  43.56
  1974          30     0.00145  0.00144  0.50   95440     138   95371  4068213  42.63
  1974          31     0.00143  0.00143  0.50   95302     137   95234  3972842  41.69
  1974          32     0.00149  0.00149  0.50   95165     142   95094  3877608  40.75
  1974          33     0.00163  0.00163  0.50   95023     155   94946  3782514  39.81
  1974          34     0.00184  0.00184  0.50   94869     174   94782  3687568  38.87
  1974          35     0.00208  0.00207  0.50   94694     196   94596  3592786  37.94
  1974          36     0.00229  0.00229  0.50   94498     217   94390  3498190  37.02
  1974          37     0.00247  0.00246  0.50   94281     232   94165  3403800  36.10
  1974          38     0.00267  0.00267  0.50   94049     251   93924  3309635  35.19
  1974          39     0.00299  0.00298  0.50   93798     280   93658  3215711  34.28
  1974          40     0.00327  0.00326  0.50   93518     305   93366  3122053  33.38
  1974          41     0.00340  0.00340  0.50   93213     316   93055  3028687  32.49
  1974          42     0.00351  0.00350  0.50   92897     326   92734  2935632  31.60
  1974          43     0.00364  0.00363  0.50   92571     336   92403  2842898  30.71
  1974          44     0.00382  0.00382  0.50   92235     352   92059  2750495  29.82
  1974          45     0.00418  0.00418  0.50   91883     384   91691  2658436  28.93
  1974          46     0.00476  0.00475  0.50   91499     434   91282  2566745  28.05
  1974          47     0.00523  0.00522  0.50   91065     475   90827  2475463  27.18
  1974          48     0.00553  0.00551  0.50   90590     499   90340  2384636  26.32
  1974          49     0.00570  0.00568  0.50   90090     512   89834  2294296  25.47
  1974          50     0.00598  0.00596  0.50   89578     534   89311  2204462  24.61
  1974          51     0.00654  0.00652  0.50   89044     581   88754  2115151  23.75
  1974          52     0.00716  0.00713  0.50   88463     631   88148  2026398  22.91
  1974          53     0.00763  0.00760  0.50   87832     668   87498  1938250  22.07
  1974          54     0.00826  0.00822  0.50   87164     717   86806  1850752  21.23
  1974          55     0.00932  0.00928  0.50   86448     802   86046  1763946  20.40
  1974          56     0.01091  0.01085  0.50   85645     929   85181  1677900  19.59
  1974          57     0.01243  0.01235  0.50   84716    1046   84193  1592719  18.80
  1974          58     0.01344  0.01335  0.50   83670    1117   83111  1508525  18.03
  1974          59     0.01452  0.01442  0.50   82553    1190   81958  1425414  17.27
  1974          60     0.01582  0.01570  0.50   81363    1277   80724  1343456  16.51
  1974          61     0.01733  0.01718  0.50   80085    1376   79397  1262732  15.77
  1974          62     0.01909  0.01891  0.50   78709    1488   77965  1183335  15.03
  1974          63     0.02111  0.02089  0.50   77221    1613   76415  1105369  14.31
  1974          64     0.02325  0.02298  0.50   75609    1738   74740  1028955  13.61
  1974          65     0.02540  0.02508  0.50   73871    1853   72944   954215  12.92
  1974          66     0.02792  0.02754  0.50   72018    1983   71026   881270  12.24
  1974          67     0.03167  0.03118  0.50   70035    2183   68943   810244  11.57
  1974          68     0.03720  0.03652  0.50   67851    2478   66612   741301  10.93
  1974          69     0.04332  0.04240  0.50   65374    2772   63988   674688  10.32
  1974          70     0.04859  0.04744  0.50   62602    2970   61117   610701   9.76
  1974          71     0.05262  0.05127  0.50   59632    3058   58103   549584   9.22
  1974          72     0.05659  0.05504  0.50   56574    3114   55017   491481   8.69
  1974          73     0.06183  0.05998  0.50   53460    3206   51857   436464   8.16
  1974          74     0.06879  0.06651  0.50   50254    3342   48583   384607   7.65
  1974          75     0.07785  0.07493  0.50   46912    3515   45154   336024   7.16
  1974          76     0.08918  0.08537  0.50   43397    3705   41544   290870   6.70
  1974          77     0.10029  0.09550  0.50   39692    3790   37797   249325   6.28
  1974          78     0.10901  0.10337  0.50   35901    3711   34046   211529   5.89
  1974          79     0.11738  0.11088  0.50   32190    3569   30406   177483   5.51
  1974          80     0.12805  0.12035  0.50   28621    3444   26899   147077   5.14
  1974          81     0.14177  0.13239  0.50   25177    3333   23510   120179   4.77
  1974          82     0.15851  0.14687  0.50   21844    3208   20239    96669   4.43
  1974          83     0.17724  0.16281  0.50   18635    3034   17118    76429   4.10
  1974          84     0.19763  0.17986  0.50   15601    2806   14198    59311   3.80
  1974          85     0.21962  0.19789  0.50   12795    2532   11529    45113   3.53
  1974          86     0.24324  0.21686  0.50   10263    2226    9150    33583   3.27
  1974          87     0.26851  0.23673  0.50    8037    1903    7086    24433   3.04
  1974          88     0.29539  0.25738  0.50    6135    1579    5345    17347   2.83
  1974          89     0.32376  0.27865  0.50    4556    1269    3921    12002   2.63
  1974          90     0.35350  0.30040  0.50    3286     987    2793     8081   2.46
  1974          91     0.38441  0.32244  0.50    2299     741    1928     5288   2.30
  1974          92     0.41629  0.34457  0.50    1558     537    1289     3359   2.16
  1974          93     0.44888  0.36660  0.50    1021     374     834     2070   2.03
  1974          94     0.48191  0.38834  0.50     647     251     521     1236   1.91
  1974          95     0.51511  0.40961  0.50     396     162     315      715   1.81
  1974          96     0.54817  0.43025  0.50     234     100     183      400   1.71
  1974          97     0.58081  0.45010  0.50     133      60     103      217   1.63
  1974          98     0.61276  0.46905  0.50      73      34      56      114   1.56
  1974          99     0.64377  0.48701  0.50      39      19      29       58   1.49
  1974         100     0.67362  0.50390  0.50      20      10      15       29   1.43
  1974         101     0.70213  0.51969  0.50      10       5       7       14   1.38
  1974         102     0.72915  0.53434  0.50       5       3       3        6   1.34
  1974         103     0.75458  0.54787  0.50       2       1       2        3   1.30
  1974         104     0.77835  0.56029  0.50       1       1       1        1   1.26
  1974         105     0.80042  0.57164  0.50       0       0       0        1   1.23
  1974         106     0.82077  0.58195  0.50       0       0       0        0   1.20
  1974         107     0.83940  0.59125  0.50       0       0       0        0   1.18
  1974         108     0.85640  0.59964  0.50       0       0       0        0   1.15
  1974         109     0.87201  0.60725  0.50       0       0       0        0   1.14
  1974         110+    0.89356  1.00000  1.12       0       0       0        0   1.12
  1975           0     0.01286  0.01272  0.15  100000    1272   98916  7052038  70.52
  1975           1     0.00141  0.00141  0.50   98728     139   98658  6953122  70.43
  1975           2     0.00115  0.00115  0.50   98589     114   98532  6854464  69.53
  1975           3     0.00092  0.00092  0.50   98475      91   98429  6755932  68.61
  1975           4     0.00073  0.00073  0.50   98384      72   98348  6657503  67.67
  1975           5     0.00058  0.00058  0.50   98313      57   98284  6559154  66.72
  1975           6     0.00048  0.00048  0.50   98255      47   98232  6460870  65.76
  1975           7     0.00041  0.00041  0.50   98208      41   98188  6362639  64.79
  1975           8     0.00038  0.00038  0.50   98168      37   98149  6264451  63.81
  1975           9     0.00036  0.00036  0.50   98130      35   98113  6166302  62.84
  1975          10     0.00036  0.00036  0.50   98095      35   98077  6068189  61.86
  1975          11     0.00038  0.00038  0.50   98060      38   98041  5970111  60.88
  1975          12     0.00045  0.00045  0.50   98022      44   98000  5872070  59.91
  1975          13     0.00058  0.00058  0.50   97978      56   97950  5774070  58.93
  1975          14     0.00074  0.00074  0.50   97922      73   97885  5676121  57.97
  1975          15     0.00094  0.00094  0.50   97849      92   97803  5578235  57.01
  1975          16     0.00113  0.00113  0.50   97757     110   97702  5480433  56.06
  1975          17     0.00127  0.00127  0.50   97647     124   97585  5382731  55.12
  1975          18     0.00137  0.00137  0.50   97523     133   97456  5285146  54.19
  1975          19     0.00142  0.00142  0.50   97390     138   97320  5187690  53.27
  1975          20     0.00144  0.00144  0.50   97251     140   97181  5090369  52.34
  1975          21     0.00144  0.00144  0.50   97111     140   97041  4993188  51.42
  1975          22     0.00142  0.00142  0.50   96972     138   96903  4896147  50.49
  1975          23     0.00140  0.00140  0.50   96834     135   96766  4799244  49.56
  1975          24     0.00137  0.00137  0.50   96699     132   96633  4702478  48.63
  1975          25     0.00135  0.00135  0.50   96566     130   96501  4605845  47.70
  1975          26     0.00135  0.00135  0.50   96436     130   96371  4509344  46.76
  1975          27     0.00138  0.00138  0.50   96305     133   96239  4412973  45.82
  1975          28     0.00142  0.00142  0.50   96173     136   96104  4316734  44.89
  1975          29     0.00145  0.00145  0.50   96036     139   95967  4220630  43.95
  1975          30     0.00147  0.00147  0.50   95897     141   95827  4124663  43.01
  1975          31     0.00150  0.00150  0.50   95756     144   95684  4028837  42.07
  1975          32     0.00155  0.00155  0.50   95612     148   95538  3933152  41.14
  1975          33     0.00163  0.00163  0.50   95464     156   95386  3837614  40.20
  1975          34     0.00175  0.00175  0.50   95308     167   95225  3742228  39.26
  1975          35     0.00191  0.00191  0.50   95141     182   95051  3647003  38.33
  1975          36     0.00210  0.00210  0.50   94960     199   94860  3551952  37.40
  1975          37     0.00229  0.00228  0.50   94761     216   94652  3457092  36.48
  1975          38     0.00245  0.00245  0.50   94544     231   94428  3362440  35.56
  1975          39     0.00258  0.00258  0.50   94313     243   94191  3268011  34.65
  1975          40     0.00270  0.00270  0.50   94070     254   93943  3173820  33.74
  1975          41     0.00285  0.00285  0.50   93816     267   93682  3079878  32.83
  1975          42     0.00305  0.00305  0.50   93549     285   93406  2986195  31.92
  1975          43     0.00332  0.00332  0.50   93263     309   93109  2892789  31.02
  1975          44     0.00364  0.00363  0.50   92954     338   92785  2799680  30.12
  1975          45     0.00399  0.00398  0.50   92616     369   92432  2706895  29.23
  1975          46     0.00433  0.00432  0.50   92248     399   92048  2614463  28.34
  1975          47     0.00465  0.00464  0.50   91849     426   91636  2522415  27.46
  1975          48     0.00498  0.00497  0.50   91423     454   91196  2430779  26.59
  1975          49     0.00535  0.00534  0.50   90969     486   90726  2339583  25.72
  1975          50     0.00582  0.00580  0.50   90483     525   90220  2248858  24.85
  1975          51     0.00641  0.00639  0.50   89958     575   89670  2158637  24.00
  1975          52     0.00710  0.00708  0.50   89383     633   89067  2068967  23.15
  1975          53     0.00787  0.00784  0.50   88750     695   88403  1979901  22.31
  1975          54     0.00867  0.00864  0.50   88055     761   87675  1891498  21.48
  1975          55     0.00950  0.00945  0.50   87294     825   86882  1803823  20.66
  1975          56     0.01031  0.01026  0.50   86469     887   86026  1716942  19.86
  1975          57     0.01114  0.01108  0.50   85582     948   85108  1630916  19.06
  1975          58     0.01201  0.01194  0.50   84634    1011   84129  1545808  18.26
  1975          59     0.01304  0.01295  0.50   83623    1083   83082  1461679  17.48
  1975          60     0.01432  0.01422  0.50   82540    1174   81953  1378597  16.70
  1975          61     0.01596  0.01583  0.50   81367    1288   80723  1296644  15.94
  1975          62     0.01800  0.01784  0.50   80078    1428   79364  1215921  15.18
  1975          63     0.02044  0.02023  0.50   78650    1591   77854  1136557  14.45
  1975          64     0.02322  0.02296  0.50   77059    1769   76174  1058703  13.74
  1975          65     0.02628  0.02594  0.50   75290    1953   74313   982528  13.05
  1975          66     0.02968  0.02925  0.50   73337    2145   72264   908215  12.38
  1975          67     0.03339  0.03284  0.50   71192    2338   70023   835951  11.74
  1975          68     0.03737  0.03668  0.50   68853    2526   67591   765928  11.12
  1975          69     0.04151  0.04067  0.50   66328    2697   64979   698338  10.53
  1975          70     0.04578  0.04475  0.50   63631    2848   62207   633359   9.95
  1975          71     0.05033  0.04910  0.50   60783    2984   59291   571152   9.40
  1975          72     0.05543  0.05394  0.50   57799    3117   56240   511861   8.86
  1975          73     0.06132  0.05949  0.50   54681    3253   53055   455621   8.33
  1975          74     0.06817  0.06593  0.50   51428    3390   49733   402567   7.83
  1975          75     0.07607  0.07328  0.50   48038    3520   46277   352834   7.34
  1975          76     0.08475  0.08130  0.50   44517    3619   42708   306556   6.89
  1975          77     0.09420  0.08997  0.50   40898    3679   39058   263849   6.45
  1975          78     0.10448  0.09930  0.50   37219    3696   35371   224790   6.04
  1975          79     0.11560  0.10928  0.50   33523    3663   31691   189419   5.65
  1975          80     0.12758  0.11993  0.50   29860    3581   28069   157728   5.28
  1975          81     0.14067  0.13142  0.50   26279    3454   24552   129659   4.93
  1975          82     0.15512  0.14396  0.50   22825    3286   21182   105107   4.60
  1975          83     0.17108  0.15760  0.50   19539    3079   17999    83925   4.30
  1975          84     0.18856  0.17231  0.50   16460    2836   15042    65926   4.01
  1975          85     0.20757  0.18805  0.50   13624    2562   12343    50884   3.74
  1975          86     0.22807  0.20472  0.50   11062    2265    9929    38542   3.48
  1975          87     0.25001  0.22223  0.50    8797    1955    7820    28612   3.25
  1975          88     0.27334  0.24047  0.50    6842    1645    6019    20793   3.04
  1975          89     0.29796  0.25933  0.50    5197    1348    4523    14773   2.84
  1975          90     0.32380  0.27868  0.50    3849    1073    3313    10250   2.66
  1975          91     0.35074  0.29841  0.50    2776     829    2362     6938   2.50
  1975          92     0.37865  0.31838  0.50    1948     620    1638     4576   2.35
  1975          93     0.40738  0.33844  0.50    1328     449    1103     2938   2.21
  1975          94     0.43674  0.35846  0.50     878     315     721     1835   2.09
  1975          95     0.46654  0.37830  0.50     564     213     457     1114   1.98
  1975          96     0.49659  0.39781  0.50     350     139     281      657   1.87
  1975          97     0.52665  0.41688  0.50     211      88     167      376   1.78
  1975          98     0.55653  0.43538  0.50     123      54      96      209   1.70
  1975          99     0.58599  0.45320  0.50      69      31      54      113   1.63
  1975         100     0.61484  0.47027  0.50      38      18      29       59   1.56
  1975         101     0.64287  0.48649  0.50      20      10      15       30   1.50
  1975         102     0.66991  0.50182  0.50      10       5       8       15   1.44
  1975         103     0.69582  0.51622  0.50       5       3       4        7   1.40
  1975         104     0.72049  0.52967  0.50       2       1       2        3   1.35
  1975         105     0.74386  0.54220  0.50       1       1       1        2   1.32
  1975         106     0.76597  0.55385  0.50       1       0       0        1   1.28
  1975         107     0.78692  0.56473  0.50       0       0       0        0   1.25
  1975         108     0.80696  0.57497  0.50       0       0       0        0   1.22
  1975         109     0.82636  0.58475  0.50       0       0       0        0   1.20
  1975         110+    0.85152  1.00000  1.17       0       0       0        0   1.17
  1976           0     0.01122  0.01112  0.15  100000    1112   99051  7118442  71.18
  1976           1     0.00165  0.00164  0.50   98888     163   98807  7019391  70.98
  1976           2     0.00122  0.00122  0.50   98726     120   98666  6920584  70.10
  1976           3     0.00092  0.00092  0.50   98606      90   98560  6821918  69.18
  1976           4     0.00071  0.00071  0.50   98515      70   98480  6723358  68.25
  1976           5     0.00055  0.00055  0.50   98445      54   98418  6624878  67.30
  1976           6     0.00044  0.00044  0.50   98391      43   98369  6526460  66.33
  1976           7     0.00038  0.00038  0.50   98347      37   98329  6428091  65.36
  1976           8     0.00036  0.00036  0.50   98310      35   98292  6329762  64.39
  1976           9     0.00035  0.00035  0.50   98275      34   98258  6231470  63.41
  1976          10     0.00032  0.00032  0.50   98241      31   98225  6133212  62.43
  1976          11     0.00029  0.00029  0.50   98209      28   98195  6034987  61.45
  1976          12     0.00029  0.00029  0.50   98181      28   98167  5936792  60.47
  1976          13     0.00035  0.00035  0.50   98153      35   98136  5838624  59.48
  1976          14     0.00053  0.00053  0.50   98119      52   98093  5740488  58.51
  1976          15     0.00083  0.00083  0.50   98067      81   98026  5642396  57.54
  1976          16     0.00114  0.00114  0.50   97986     111   97930  5544369  56.58
  1976          17     0.00134  0.00134  0.50   97874     131   97809  5446439  55.65
  1976          18     0.00142  0.00142  0.50   97744     138   97675  5348630  54.72
  1976          19     0.00139  0.00139  0.50   97605     136   97537  5250955  53.80
  1976          20     0.00129  0.00129  0.50   97470     126   97407  5153418  52.87
  1976          21     0.00118  0.00118  0.50   97344     115   97287  5056011  51.94
  1976          22     0.00114  0.00114  0.50   97229     111   97174  4958725  51.00
  1976          23     0.00118  0.00118  0.50   97118     114   97061  4861551  50.06
  1976          24     0.00127  0.00127  0.50   97004     123   96942  4764490  49.12
  1976          25     0.00134  0.00134  0.50   96880     130   96815  4667548  48.18
  1976          26     0.00138  0.00138  0.50   96750     133   96684  4570733  47.24
  1976          27     0.00139  0.00139  0.50   96617     134   96550  4474049  46.31
  1976          28     0.00140  0.00140  0.50   96483     135   96415  4377499  45.37
  1976          29     0.00142  0.00142  0.50   96348     136   96279  4281084  44.43
  1976          30     0.00139  0.00139  0.50   96211     134   96144  4184804  43.50
  1976          31     0.00134  0.00134  0.50   96077     129   96013  4088660  42.56
  1976          32     0.00130  0.00130  0.50   95949     125   95886  3992647  41.61
  1976          33     0.00130  0.00130  0.50   95824     125   95762  3896761  40.67
  1976          34     0.00136  0.00135  0.50   95699     130   95635  3800999  39.72
  1976          35     0.00146  0.00146  0.50   95570     140   95500  3705364  38.77
  1976          36     0.00162  0.00162  0.50   95430     154   95353  3609865  37.83
  1976          37     0.00183  0.00183  0.50   95276     175   95188  3514512  36.89
  1976          38     0.00218  0.00217  0.50   95101     207   94998  3419323  35.95
  1976          39     0.00267  0.00267  0.50   94894     253   94768  3324326  35.03
  1976          40     0.00313  0.00312  0.50   94641     296   94493  3229558  34.12
  1976          41     0.00336  0.00335  0.50   94346     316   94187  3135064  33.23
  1976          42     0.00344  0.00344  0.50   94029     323   93868  3040877  32.34
  1976          43     0.00359  0.00358  0.50   93706     336   93538  2947010  31.45
  1976          44     0.00394  0.00393  0.50   93370     367   93187  2853471  30.56
  1976          45     0.00437  0.00436  0.50   93003     406   92800  2760285  29.68
  1976          46     0.00473  0.00472  0.50   92598     437   92379  2667484  28.81
  1976          47     0.00502  0.00501  0.50   92160     462   91929  2575105  27.94
  1976          48     0.00525  0.00524  0.50   91698     480   91458  2483176  27.08
  1976          49     0.00542  0.00541  0.50   91218     493   90971  2391718  26.22
  1976          50     0.00558  0.00556  0.50   90725     504   90472  2300746  25.36
  1976          51     0.00577  0.00575  0.50   90220     519   89961  2210274  24.50
  1976          52     0.00609  0.00607  0.50   89701     545   89429  2120313  23.64
  1976          53     0.00664  0.00662  0.50   89157     590   88862  2030884  22.78
  1976          54     0.00742  0.00739  0.50   88567     655   88239  1942022  21.93
  1976          55     0.00822  0.00818  0.50   87912     719   87552  1853783  21.09
  1976          56     0.00888  0.00884  0.50   87192     771   86807  1766231  20.26
  1976          57     0.00969  0.00964  0.50   86422     833   86005  1679424  19.43
  1976          58     0.01085  0.01079  0.50   85589     924   85127  1593419  18.62
  1976          59     0.01202  0.01195  0.50   84665    1012   84159  1508292  17.81
  1976          60     0.01355  0.01346  0.50   83653    1126   83090  1424134  17.02
  1976          61     0.01575  0.01563  0.50   82527    1290   81882  1341043  16.25
  1976          62     0.01801  0.01785  0.50   81238    1450   80512  1259161  15.50
  1976          63     0.01967  0.01948  0.50   79787    1554   79010  1178649  14.77
  1976          64     0.02096  0.02074  0.50   78233    1622   77422  1099638  14.06
  1976          65     0.02242  0.02217  0.50   76611    1699   75761  1022217  13.34
  1976          66     0.02493  0.02462  0.50   74912    1844   73990   946455  12.63
  1976          67     0.02863  0.02823  0.50   73068    2063   72036   872466  11.94
  1976          68     0.03349  0.03294  0.50   71005    2339   69835   800429  11.27
  1976          69     0.03946  0.03870  0.50   68666    2657   67338   730594  10.64
  1976          70     0.04625  0.04520  0.50   66009    2984   64517   663256  10.05
  1976          71     0.05268  0.05133  0.50   63025    3235   61408   598739   9.50
  1976          72     0.05816  0.05652  0.50   59790    3379   58101   537332   8.99
  1976          73     0.06260  0.06070  0.50   56411    3424   54699   479231   8.50
  1976          74     0.06699  0.06482  0.50   52987    3435   51269   424532   8.01
  1976          75     0.07244  0.06991  0.50   49552    3464   47820   373262   7.53
  1976          76     0.07964  0.07659  0.50   46088    3530   44323   325443   7.06
  1976          77     0.08934  0.08552  0.50   42558    3639   40738   281120   6.61
  1976          78     0.10193  0.09698  0.50   38919    3775   37031   240381   6.18
  1976          79     0.11597  0.10961  0.50   35144    3852   33218   203350   5.79
  1976          80     0.12984  0.12193  0.50   31292    3815   29384   170132   5.44
  1976          81     0.14300  0.13346  0.50   27476    3667   25643   140748   5.12
  1976          82     0.15544  0.14423  0.50   23809    3434   22092   115105   4.83
  1976          83     0.16809  0.15506  0.50   20375    3159   18796    93012   4.56
  1976          84     0.18141  0.16632  0.50   17216    2863   15784    74216   4.31
  1976          85     0.19561  0.17818  0.50   14353    2557   13074    58432   4.07
  1976          86     0.21074  0.19065  0.50   11795    2249   10671    45358   3.85
  1976          87     0.22676  0.20367  0.50    9546    1944    8574    34687   3.63
  1976          88     0.24365  0.21719  0.50    7602    1651    6777    26113   3.43
  1976          89     0.26138  0.23117  0.50    5951    1376    5263    19336   3.25
  1976          90     0.27991  0.24555  0.50    4575    1123    4014    14073   3.08
  1976          91     0.29922  0.26028  0.50    3452     898    3003    10060   2.91
  1976          92     0.31928  0.27532  0.50    2553     703    2202     7057   2.76
  1976          93     0.34002  0.29061  0.50    1850     538    1582     4855   2.62
  1976          94     0.36139  0.30608  0.50    1313     402    1112     3273   2.49
  1976          95     0.38333  0.32168  0.50     911     293     764     2162   2.37
  1976          96     0.40575  0.33732  0.50     618     208     514     1397   2.26
  1976          97     0.42857  0.35294  0.50     409     145     337      884   2.16
  1976          98     0.45170  0.36848  0.50     265      98     216      546   2.06
  1976          99     0.47505  0.38387  0.50     167      64     135      330   1.97
  1976         100     0.49850  0.39904  0.50     103      41      83      195   1.89
  1976         101     0.52195  0.41393  0.50      62      26      49      113   1.82
  1976         102     0.54532  0.42849  0.50      36      16      29       64   1.75
  1976         103     0.56848  0.44266  0.50      21       9      16       35   1.69
  1976         104     0.59135  0.45640  0.50      12       5       9       19   1.63
  1976         105     0.61381  0.46967  0.50       6       3       5       10   1.57
  1976         106     0.63576  0.48241  0.50       3       2       3        5   1.52
  1976         107     0.65713  0.49462  0.50       2       1       1        3   1.48
  1976         108     0.67790  0.50629  0.50       1       0       1        1   1.44
  1976         109     0.69815  0.51750  0.50       0       0       0        1   1.40
  1976         110+    0.73260  1.00000  1.37       0       0       0        0   1.37
  1977           0     0.01249  0.01236  0.15  100000    1236   98947  7158533  71.59
  1977           1     0.00134  0.00134  0.50   98764     132   98698  7059586  71.48
  1977           2     0.00105  0.00105  0.50   98632     104   98581  6960888  70.57
  1977           3     0.00081  0.00081  0.50   98529      80   98489  6862307  69.65
  1977           4     0.00064  0.00064  0.50   98449      63   98417  6763819  68.70
  1977           5     0.00053  0.00053  0.50   98385      53   98359  6665402  67.75
  1977           6     0.00047  0.00047  0.50   98333      47   98309  6567043  66.78
  1977           7     0.00043  0.00043  0.50   98286      42   98265  6468733  65.82
  1977           8     0.00036  0.00036  0.50   98244      35   98227  6370468  64.84
  1977           9     0.00029  0.00029  0.50   98209      28   98195  6272242  63.87
  1977          10     0.00026  0.00026  0.50   98181      26   98168  6174047  62.88
  1977          11     0.00027  0.00027  0.50   98155      27   98142  6075879  61.90
  1977          12     0.00031  0.00031  0.50   98128      30   98113  5977738  60.92
  1977          13     0.00041  0.00041  0.50   98098      40   98078  5879624  59.94
  1977          14     0.00060  0.00060  0.50   98058      58   98029  5781546  58.96
  1977          15     0.00088  0.00088  0.50   98000      86   97957  5683517  58.00
  1977          16     0.00116  0.00115  0.50   97914     113   97857  5585560  57.05
  1977          17     0.00132  0.00132  0.50   97801     129   97736  5487703  56.11
  1977          18     0.00138  0.00138  0.50   97672     135   97604  5389967  55.18
  1977          19     0.00141  0.00140  0.50   97537     137   97468  5292363  54.26
  1977          20     0.00142  0.00142  0.50   97400     138   97331  5194895  53.34
  1977          21     0.00141  0.00141  0.50   97262     137   97193  5097564  52.41
  1977          22     0.00136  0.00136  0.50   97125     132   97059  5000371  51.48
  1977          23     0.00127  0.00127  0.50   96993     123   96931  4903312  50.55
  1977          24     0.00117  0.00117  0.50   96870     113   96813  4806381  49.62
  1977          25     0.00110  0.00110  0.50   96757     107   96703  4709568  48.67
  1977          26     0.00108  0.00108  0.50   96650     104   96598  4612864  47.73
  1977          27     0.00111  0.00111  0.50   96546     107   96492  4516266  46.78
  1977          28     0.00118  0.00118  0.50   96439     114   96382  4419774  45.83
  1977          29     0.00127  0.00127  0.50   96325     123   96263  4323392  44.88
  1977          30     0.00136  0.00136  0.50   96202     130   96137  4227129  43.94
  1977          31     0.00142  0.00142  0.50   96072     136   96004  4130992  43.00
  1977          32     0.00146  0.00146  0.50   95936     140   95865  4034989  42.06
  1977          33     0.00152  0.00152  0.50   95795     146   95723  3939123  41.12
  1977          34     0.00164  0.00164  0.50   95650     157   95571  3843401  40.18
  1977          35     0.00178  0.00178  0.50   95493     170   95408  3747829  39.25
  1977          36     0.00192  0.00192  0.50   95323     183   95231  3652421  38.32
  1977          37     0.00203  0.00203  0.50   95140     193   95043  3557190  37.39
  1977          38     0.00216  0.00215  0.50   94947     204   94845  3462147  36.46
  1977          39     0.00236  0.00235  0.50   94743     223   94631  3367302  35.54
  1977          40     0.00263  0.00263  0.50   94519     248   94395  3272671  34.62
  1977          41     0.00296  0.00295  0.50   94271     279   94132  3178276  33.71
  1977          42     0.00331  0.00330  0.50   93992     310   93837  3084144  32.81
  1977          43     0.00364  0.00363  0.50   93682     340   93512  2990307  31.92
  1977          44     0.00392  0.00391  0.50   93342     365   93159  2896795  31.03
  1977          45     0.00414  0.00413  0.50   92977     384   92785  2803635  30.15
  1977          46     0.00431  0.00430  0.50   92592     398   92393  2710851  29.28
  1977          47     0.00444  0.00443  0.50   92194     408   91990  2618458  28.40
  1977          48     0.00462  0.00461  0.50   91786     423   91574  2526468  27.53
  1977          49     0.00494  0.00493  0.50   91363     450   91137  2434894  26.65
  1977          50     0.00538  0.00537  0.50   90912     488   90668  2343756  25.78
  1977          51     0.00591  0.00589  0.50   90424     533   90158  2253088  24.92
  1977          52     0.00643  0.00641  0.50   89891     576   89604  2162930  24.06
  1977          53     0.00689  0.00687  0.50   89316     613   89009  2073327  23.21
  1977          54     0.00738  0.00735  0.50   88702     652   88376  1984318  22.37
  1977          55     0.00791  0.00788  0.50   88050     694   87703  1895942  21.53
  1977          56     0.00853  0.00850  0.50   87356     742   86985  1808239  20.70
  1977          57     0.00938  0.00933  0.50   86614     808   86210  1721254  19.87
  1977          58     0.01055  0.01050  0.50   85805     901   85355  1635045  19.06
  1977          59     0.01190  0.01183  0.50   84905    1005   84402  1549690  18.25
  1977          60     0.01336  0.01327  0.50   83900    1113   83343  1465287  17.46
  1977          61     0.01491  0.01480  0.50   82787    1225   82174  1381944  16.69
  1977          62     0.01660  0.01646  0.50   81561    1343   80890  1299770  15.94
  1977          63     0.01847  0.01830  0.50   80219    1468   79485  1218880  15.19
  1977          64     0.02052  0.02032  0.50   78751    1600   77951  1139395  14.47
  1977          65     0.02278  0.02252  0.50   77151    1738   76282  1061445  13.76
  1977          66     0.02525  0.02494  0.50   75413    1880   74473   985163  13.06
  1977          67     0.02802  0.02763  0.50   73533    2032   72517   910690  12.38
  1977          68     0.03115  0.03068  0.50   71501    2193   70405   838173  11.72
  1977          69     0.03473  0.03414  0.50   69308    2366   68125   767768  11.08
  1977          70     0.03888  0.03813  0.50   66942    2553   65665   699643  10.45
  1977          71     0.04389  0.04294  0.50   64389    2765   63007   633978   9.85
  1977          72     0.04975  0.04854  0.50   61624    2991   60128   570971   9.27
  1977          73     0.05640  0.05485  0.50   58633    3216   57025   510843   8.71
  1977          74     0.06387  0.06189  0.50   55416    3430   53702   453818   8.19
  1977          75     0.07207  0.06956  0.50   51987    3616   50178   400117   7.70
  1977          76     0.08043  0.07732  0.50   48370    3740   46500   349938   7.23
  1977          77     0.08891  0.08512  0.50   44630    3799   42731   303438   6.80
  1977          78     0.09768  0.09313  0.50   40831    3803   38930   260707   6.39
  1977          79     0.10714  0.10169  0.50   37029    3765   35146   221778   5.99
  1977          80     0.11769  0.11115  0.50   33263    3697   31415   186632   5.61
  1977          81     0.12955  0.12167  0.50   29566    3597   27767   155217   5.25
  1977          82     0.14284  0.13332  0.50   25969    3462   24238   127450   4.91
  1977          83     0.15748  0.14599  0.50   22506    3286   20864   103212   4.59
  1977          84     0.17344  0.15960  0.50   19221    3068   17687    82349   4.28
  1977          85     0.19067  0.17407  0.50   16153    2812   14747    64662   4.00
  1977          86     0.20917  0.18937  0.50   13341    2526   12078    49915   3.74
  1977          87     0.22894  0.20543  0.50   10815    2222    9704    37836   3.50
  1977          88     0.24997  0.22220  0.50    8593    1909    7639    28132   3.27
  1977          89     0.27224  0.23962  0.50    6684    1602    5883    20494   3.07
  1977          90     0.29570  0.25761  0.50    5082    1309    4428    14611   2.87
  1977          91     0.32029  0.27608  0.50    3773    1042    3252    10183   2.70
  1977          92     0.34592  0.29491  0.50    2731     806    2329     6931   2.54
  1977          93     0.37247  0.31399  0.50    1926     605    1623     4602   2.39
  1977          94     0.39981  0.33320  0.50    1321     440    1101     2979   2.25
  1977          95     0.42779  0.35241  0.50     881     310     726     1878   2.13
  1977          96     0.45624  0.37150  0.50     570     212     465     1152   2.02
  1977          97     0.48498  0.39033  0.50     359     140     289      688   1.92
  1977          98     0.51382  0.40880  0.50     219      89     174      399   1.83
  1977          99     0.54257  0.42679  0.50     129      55     102      225   1.74
  1977         100     0.57104  0.44421  0.50      74      33      58      123   1.67
  1977         101     0.59905  0.46098  0.50      41      19      32       66   1.60
  1977         102     0.62642  0.47701  0.50      22      11      17       34   1.54
  1977         103     0.65299  0.49227  0.50      12       6       9       17   1.48
  1977         104     0.67859  0.50668  0.50       6       3       4        8   1.43
  1977         105     0.70311  0.52022  0.50       3       2       2        4   1.39
  1977         106     0.72646  0.53290  0.50       1       1       1        2   1.34
  1977         107     0.74862  0.54473  0.50       1       0       0        1   1.31
  1977         108     0.76975  0.55583  0.50       0       0       0        0   1.28
  1977         109     0.79008  0.56635  0.50       0       0       0        0   1.25
  1977         110+    0.81992  1.00000  1.22       0       0       0        0   1.22
  1978           0     0.01018  0.01009  0.14  100000    1009   99137  7200605  72.01
  1978           1     0.00139  0.00139  0.50   98991     137   98923  7101468  71.74
  1978           2     0.00116  0.00116  0.50   98854     115   98796  7002546  70.84
  1978           3     0.00096  0.00096  0.50   98739      95   98692  6903749  69.92
  1978           4     0.00079  0.00079  0.50   98644      78   98605  6805058  68.99
  1978           5     0.00065  0.00065  0.50   98566      64   98534  6706452  68.04
  1978           6     0.00052  0.00052  0.50   98502      51   98477  6607918  67.08
  1978           7     0.00041  0.00041  0.50   98451      40   98431  6509442  66.12
  1978           8     0.00031  0.00031  0.50   98411      30   98396  6411011  65.15
  1978           9     0.00023  0.00023  0.50   98381      23   98370  6312615  64.17
  1978          10     0.00019  0.00019  0.50   98358      18   98349  6214246  63.18
  1978          11     0.00019  0.00019  0.50   98340      18   98331  6115896  62.19
  1978          12     0.00024  0.00024  0.50   98322      24   98310  6017566  61.20
  1978          13     0.00036  0.00036  0.50   98298      35   98280  5919256  60.22
  1978          14     0.00054  0.00054  0.50   98262      53   98236  5820976  59.24
  1978          15     0.00077  0.00077  0.50   98210      76   98172  5722740  58.27
  1978          16     0.00102  0.00102  0.50   98134     100   98083  5624568  57.32
  1978          17     0.00124  0.00124  0.50   98033     122   97972  5526485  56.37
  1978          18     0.00141  0.00141  0.50   97911     138   97842  5428513  55.44
  1978          19     0.00151  0.00151  0.50   97773     147   97700  5330670  54.52
  1978          20     0.00151  0.00151  0.50   97626     147   97552  5232971  53.60
  1978          21     0.00145  0.00145  0.50   97479     141   97408  5135418  52.68
  1978          22     0.00137  0.00137  0.50   97337     133   97271  5038010  51.76
  1978          23     0.00129  0.00129  0.50   97204     126   97141  4940740  50.83
  1978          24     0.00122  0.00122  0.50   97078     118   97019  4843598  49.89
  1978          25     0.00115  0.00115  0.50   96960     112   96904  4746579  48.95
  1978          26     0.00111  0.00111  0.50   96848     107   96794  4649675  48.01
  1978          27     0.00110  0.00110  0.50   96741     106   96688  4552881  47.06
  1978          28     0.00112  0.00112  0.50   96635     108   96581  4456193  46.11
  1978          29     0.00117  0.00117  0.50   96527     113   96470  4359612  45.16
  1978          30     0.00123  0.00123  0.50   96414     118   96355  4263142  44.22
  1978          31     0.00129  0.00128  0.50   96296     124   96234  4166787  43.27
  1978          32     0.00133  0.00133  0.50   96172     128   96108  4070553  42.33
  1978          33     0.00138  0.00138  0.50   96044     133   95978  3974445  41.38
  1978          34     0.00145  0.00145  0.50   95911     139   95842  3878467  40.44
  1978          35     0.00154  0.00154  0.50   95772     148   95698  3782626  39.50
  1978          36     0.00166  0.00166  0.50   95624     159   95545  3686927  38.56
  1978          37     0.00181  0.00181  0.50   95466     172   95380  3591382  37.62
  1978          38     0.00198  0.00198  0.50   95293     188   95199  3496003  36.69
  1978          39     0.00218  0.00217  0.50   95105     207   95002  3400804  35.76
  1978          40     0.00240  0.00239  0.50   94898     227   94785  3305802  34.84
  1978          41     0.00264  0.00263  0.50   94671     249   94546  3211017  33.92
  1978          42     0.00289  0.00288  0.50   94422     272   94286  3116471  33.01
  1978          43     0.00316  0.00316  0.50   94149     297   94001  3022185  32.10
  1978          44     0.00346  0.00346  0.50   93852     325   93690  2928184  31.20
  1978          45     0.00380  0.00379  0.50   93528     355   93351  2834494  30.31
  1978          46     0.00415  0.00415  0.50   93173     386   92980  2741144  29.42
  1978          47     0.00450  0.00449  0.50   92787     416   92579  2648164  28.54
  1978          48     0.00484  0.00483  0.50   92371     446   92148  2555585  27.67
  1978          49     0.00520  0.00518  0.50   91925     476   91687  2463437  26.80
  1978          50     0.00557  0.00556  0.50   91448     508   91194  2371751  25.94
  1978          51     0.00597  0.00595  0.50   90940     541   90669  2280556  25.08
  1978          52     0.00638  0.00636  0.50   90399     575   90111  2189887  24.22
  1978          53     0.00683  0.00680  0.50   89823     611   89518  2099776  23.38
  1978          54     0.00736  0.00733  0.50   89212     654   88885  2010259  22.53
  1978          55     0.00801  0.00798  0.50   88558     707   88205  1921373  21.70
  1978          56     0.00878  0.00874  0.50   87851     768   87467  1833169  20.87
  1978          57     0.00969  0.00964  0.50   87083     839   86664  1745702  20.05
  1978          58     0.01073  0.01067  0.50   86244     921   85784  1659038  19.24
  1978          59     0.01188  0.01181  0.50   85323    1008   84819  1573254  18.44
  1978          60     0.01312  0.01303  0.50   84315    1099   83766  1488435  17.65
  1978          61     0.01443  0.01432  0.50   83217    1192   82621  1404669  16.88
  1978          62     0.01587  0.01575  0.50   82025    1292   81379  1322048  16.12
  1978          63     0.01753  0.01738  0.50   80733    1403   80032  1240669  15.37
  1978          64     0.01954  0.01935  0.50   79330    1535   78563  1160637  14.63
  1978          65     0.02201  0.02177  0.50   77795    1693   76949  1082075  13.91
  1978          66     0.02497  0.02466  0.50   76102    1877   75164  1005126  13.21
  1978          67     0.02828  0.02788  0.50   74225    2069   73191   929963  12.53
  1978          68     0.03179  0.03130  0.50   72156    2258   71027   856772  11.87
  1978          69     0.03555  0.03493  0.50   69898    2441   68677   785745  11.24
  1978          70     0.03963  0.03886  0.50   67456    2621   66146   717069  10.63
  1978          71     0.04413  0.04317  0.50   64835    2799   63436   650923  10.04
  1978          72     0.04912  0.04794  0.50   62036    2974   60549   587487   9.47
  1978          73     0.05467  0.05322  0.50   59062    3143   57491   526938   8.92
  1978          74     0.06095  0.05915  0.50   55919    3308   54265   469448   8.40
  1978          75     0.06812  0.06588  0.50   52612    3466   50879   415182   7.89
  1978          76     0.07622  0.07342  0.50   49146    3608   47342   364304   7.41
  1978          77     0.08518  0.08170  0.50   45537    3721   43677   316962   6.96
  1978          78     0.09491  0.09061  0.50   41817    3789   39922   273285   6.54
  1978          79     0.10527  0.10001  0.50   38028    3803   36126   233363   6.14
  1978          80     0.11619  0.10981  0.50   34225    3758   32346   197236   5.76
  1978          81     0.12773  0.12007  0.50   30467    3658   28638   164891   5.41
  1978          82     0.14001  0.13085  0.50   26809    3508   25055   136253   5.08
  1978          83     0.15315  0.14226  0.50   23301    3315   21643   111199   4.77
  1978          84     0.16724  0.15433  0.50   19986    3084   18444    89555   4.48
  1978          85     0.18234  0.16711  0.50   16901    2824   15489    71112   4.21
  1978          86     0.19851  0.18058  0.50   14077    2542   12806    55622   3.95
  1978          87     0.21574  0.19474  0.50   11535    2246   10412    42816   3.71
  1978          88     0.23406  0.20954  0.50    9289    1946    8316    32405   3.49
  1978          89     0.25345  0.22494  0.50    7342    1652    6517    24089   3.28
  1978          90     0.27387  0.24088  0.50    5691    1371    5005    17573   3.09
  1978          91     0.29529  0.25730  0.50    4320    1112    3764    12567   2.91
  1978          92     0.31765  0.27411  0.50    3208     879    2769     8803   2.74
  1978          93     0.34088  0.29124  0.50    2329     678    1990     6034   2.59
  1978          94     0.36490  0.30860  0.50    1651     509    1396     4045   2.45
  1978          95     0.38961  0.32609  0.50    1141     372     955     2649   2.32
  1978          96     0.41489  0.34361  0.50     769     264     637     1693   2.20
  1978          97     0.44063  0.36108  0.50     505     182     414     1056   2.09
  1978          98     0.46668  0.37838  0.50     323     122     262      643   1.99
  1978          99     0.49289  0.39544  0.50     201      79     161      381   1.90
  1978         100     0.51913  0.41215  0.50     121      50      96      220   1.82
  1978         101     0.54523  0.42844  0.50      71      31      56      124   1.74
  1978         102     0.57105  0.44422  0.50      41      18      32       68   1.67
  1978         103     0.59644  0.45943  0.50      23      10      17       36   1.61
  1978         104     0.62128  0.47403  0.50      12       6       9       19   1.55
  1978         105     0.64549  0.48799  0.50       6       3       5       10   1.50
  1978         106     0.66903  0.50133  0.50       3       2       2        5   1.45
  1978         107     0.69193  0.51408  0.50       2       1       1        2   1.41
  1978         108     0.71429  0.52632  0.50       1       0       1        1   1.37
  1978         109     0.73627  0.53815  0.50       0       0       0        1   1.33
  1978         110+    0.76930  1.00000  1.30       0       0       0        0   1.30
  1979           0     0.01173  0.01161  0.15  100000    1161   99009  7245290  72.45
  1979           1     0.00087  0.00087  0.50   98839      86   98795  7146281  72.30
  1979           2     0.00078  0.00078  0.50   98752      77   98714  7047485  71.37
  1979           3     0.00069  0.00069  0.50   98675      68   98641  6948771  70.42
  1979           4     0.00060  0.00060  0.50   98607      59   98578  6850130  69.47
  1979           5     0.00052  0.00052  0.50   98548      51   98523  6751552  68.51
  1979           6     0.00045  0.00045  0.50   98497      45   98475  6653029  67.55
  1979           7     0.00041  0.00041  0.50   98452      40   98432  6554555  66.58
  1979           8     0.00038  0.00038  0.50   98412      37   98394  6456123  65.60
  1979           9     0.00037  0.00037  0.50   98375      37   98357  6357729  64.63
  1979          10     0.00039  0.00039  0.50   98338      38   98319  6259372  63.65
  1979          11     0.00043  0.00043  0.50   98300      42   98279  6161053  62.68
  1979          12     0.00050  0.00050  0.50   98258      49   98233  6062774  61.70
  1979          13     0.00059  0.00059  0.50   98209      58   98180  5964540  60.73
  1979          14     0.00069  0.00069  0.50   98151      68   98117  5866360  59.77
  1979          15     0.00081  0.00081  0.50   98083      80   98044  5768243  58.81
  1979          16     0.00093  0.00093  0.50   98004      91   97958  5670199  57.86
  1979          17     0.00103  0.00103  0.50   97913     101   97862  5572241  56.91
  1979          18     0.00111  0.00111  0.50   97812     109   97757  5474379  55.97
  1979          19     0.00117  0.00116  0.50   97703     114   97646  5376622  55.03
  1979          20     0.00118  0.00118  0.50   97589     116   97531  5278976  54.09
  1979          21     0.00118  0.00118  0.50   97473     115   97416  5181445  53.16
  1979          22     0.00116  0.00116  0.50   97358     113   97302  5084029  52.22
  1979          23     0.00112  0.00112  0.50   97246     109   97191  4986727  51.28
  1979          24     0.00109  0.00109  0.50   97137     106   97084  4889536  50.34
  1979          25     0.00106  0.00106  0.50   97031     103   96979  4792452  49.39
  1979          26     0.00104  0.00104  0.50   96928     101   96877  4695473  48.44
  1979          27     0.00103  0.00103  0.50   96827     100   96777  4598596  47.49
  1979          28     0.00103  0.00103  0.50   96728     100   96678  4501818  46.54
  1979          29     0.00105  0.00105  0.50   96628     102   96577  4405140  45.59
  1979          30     0.00108  0.00108  0.50   96526     105   96474  4308564  44.64
  1979          31     0.00113  0.00113  0.50   96422     109   96367  4212090  43.68
  1979          32     0.00118  0.00118  0.50   96313     113   96256  4115722  42.73
  1979          33     0.00124  0.00124  0.50   96200     119   96140  4019466  41.78
  1979          34     0.00132  0.00132  0.50   96080     126   96017  3923326  40.83
  1979          35     0.00141  0.00141  0.50   95954     135   95886  3827309  39.89
  1979          36     0.00152  0.00152  0.50   95819     145   95746  3731423  38.94
  1979          37     0.00165  0.00165  0.50   95673     158   95594  3635677  38.00
  1979          38     0.00181  0.00181  0.50   95515     173   95429  3540083  37.06
  1979          39     0.00200  0.00199  0.50   95343     190   95248  3444654  36.13
  1979          40     0.00221  0.00221  0.50   95153     210   95048  3349406  35.20
  1979          41     0.00245  0.00245  0.50   94943     233   94826  3254359  34.28
  1979          42     0.00273  0.00273  0.50   94710     258   94581  3159533  33.36
  1979          43     0.00303  0.00303  0.50   94452     286   94309  3064952  32.45
  1979          44     0.00336  0.00335  0.50   94165     316   94008  2970643  31.55
  1979          45     0.00370  0.00370  0.50   93850     347   93676  2876636  30.65
  1979          46     0.00406  0.00405  0.50   93503     379   93313  2782960  29.76
  1979          47     0.00444  0.00443  0.50   93124     412   92918  2689646  28.88
  1979          48     0.00483  0.00481  0.50   92712     446   92489  2596728  28.01
  1979          49     0.00523  0.00521  0.50   92265     481   92025  2504240  27.14
  1979          50     0.00564  0.00562  0.50   91784     516   91526  2412215  26.28
  1979          51     0.00606  0.00604  0.50   91268     551   90992  2320689  25.43
  1979          52     0.00649  0.00647  0.50   90717     587   90423  2229696  24.58
  1979          53     0.00694  0.00692  0.50   90130     624   89818  2139273  23.74
  1979          54     0.00744  0.00741  0.50   89506     663   89175  2049455  22.90
  1979          55     0.00798  0.00795  0.50   88843     707   88490  1960281  22.06
  1979          56     0.00860  0.00857  0.50   88136     755   87759  1871791  21.24
  1979          57     0.00930  0.00926  0.50   87381     809   86977  1784032  20.42
  1979          58     0.01010  0.01005  0.50   86572     870   86137  1697055  19.60
  1979          59     0.01100  0.01094  0.50   85702     938   85234  1610918  18.80
  1979          60     0.01205  0.01197  0.50   84765    1015   84257  1525684  18.00
  1979          61     0.01327  0.01319  0.50   83750    1104   83198  1441427  17.21
  1979          62     0.01471  0.01461  0.50   82646    1207   82042  1358229  16.43
  1979          63     0.01641  0.01627  0.50   81439    1325   80776  1276187  15.67
  1979          64     0.01839  0.01823  0.50   80113    1460   79383  1195411  14.92
  1979          65     0.02072  0.02051  0.50   78653    1613   77847  1116028  14.19
  1979          66     0.02343  0.02316  0.50   77040    1784   76148  1038181  13.48
  1979          67     0.02656  0.02621  0.50   75256    1972   74270   962033  12.78
  1979          68     0.03013  0.02968  0.50   73284    2175   72196   887763  12.11
  1979          69     0.03414  0.03357  0.50   71108    2387   69915   815567  11.47
  1979          70     0.03861  0.03788  0.50   68721    2603   67420   745652  10.85
  1979          71     0.04351  0.04258  0.50   66118    2816   64711   678233  10.26
  1979          72     0.04885  0.04769  0.50   63303    3019   61793   613522   9.69
  1979          73     0.05464  0.05319  0.50   60284    3206   58681   551729   9.15
  1979          74     0.06091  0.05911  0.50   57078    3374   55391   493048   8.64
  1979          75     0.06772  0.06551  0.50   53704    3518   51945   437657   8.15
  1979          76     0.07514  0.07242  0.50   50186    3634   48368   385713   7.69
  1979          77     0.08319  0.07987  0.50   46551    3718   44692   337344   7.25
  1979          78     0.09190  0.08786  0.50   42833    3763   40951   292652   6.83
  1979          79     0.10124  0.09636  0.50   39070    3765   37187   251701   6.44
  1979          80     0.11119  0.10533  0.50   35305    3719   33445   214513   6.08
  1979          81     0.12169  0.11471  0.50   31586    3623   29774   181068   5.73
  1979          82     0.13272  0.12446  0.50   27963    3480   26223   151293   5.41
  1979          83     0.14428  0.13458  0.50   24482    3295   22835   125071   5.11
  1979          84     0.15642  0.14507  0.50   21188    3074   19651   102236   4.83
  1979          85     0.16917  0.15597  0.50   18114    2825   16701    82585   4.56
  1979          86     0.18257  0.16730  0.50   15289    2558   14010    65884   4.31
  1979          87     0.19666  0.17905  0.50   12731    2280   11591    51874   4.07
  1979          88     0.21148  0.19126  0.50   10451    1999    9452    40283   3.85
  1979          89     0.22705  0.20391  0.50    8452    1723    7591    30831   3.65
  1979          90     0.24339  0.21698  0.50    6729    1460    5999    23240   3.45
  1979          91     0.26048  0.23047  0.50    5269    1214    4662    17241   3.27
  1979          92     0.27833  0.24432  0.50    4055     991    3559    12580   3.10
  1979          93     0.29690  0.25852  0.50    3064     792    2668     9020   2.94
  1979          94     0.31615  0.27300  0.50    2272     620    1962     6353   2.80
  1979          95     0.33605  0.28771  0.50    1652     475    1414     4391   2.66
  1979          96     0.35654  0.30259  0.50    1176     356     998     2977   2.53
  1979          97     0.37754  0.31759  0.50     820     261     690     1978   2.41
  1979          98     0.39900  0.33264  0.50     560     186     467     1288   2.30
  1979          99     0.42082  0.34767  0.50     374     130     309      821   2.20
  1979         100     0.44293  0.36262  0.50     244      88     200      513   2.10
  1979         101     0.46524  0.37744  0.50     155      59     126      313   2.02
  1979         102     0.48767  0.39207  0.50      97      38      78      187   1.93
  1979         103     0.51016  0.40648  0.50      59      24      47      109   1.86
  1979         104     0.53263  0.42062  0.50      35      15      28       62   1.79
  1979         105     0.55505  0.43447  0.50      20       9      16       35   1.72
  1979         106     0.57738  0.44803  0.50      11       5       9       19   1.66
  1979         107     0.59960  0.46130  0.50       6       3       5       10   1.61
  1979         108     0.62174  0.47430  0.50       3       2       3        5   1.56
  1979         109     0.64381  0.48703  0.50       2       1       1        3   1.51
  1979         110+    0.68134  1.00000  1.47       1       1       1        1   1.47
  1980           0     0.00982  0.00974  0.14  100000     974   99167  7258694  72.59
  1980           1     0.00111  0.00111  0.50   99026     110   98972  7159527  72.30
  1980           2     0.00072  0.00072  0.50   98917      71   98881  7060555  71.38
  1980           3     0.00052  0.00052  0.50   98845      51   98820  6961674  70.43
  1980           4     0.00047  0.00047  0.50   98794      47   98771  6862855  69.47
  1980           5     0.00048  0.00048  0.50   98747      47   98724  6764084  68.50
  1980           6     0.00048  0.00048  0.50   98700      47   98676  6665360  67.53
  1980           7     0.00043  0.00043  0.50   98653      42   98631  6566684  66.56
  1980           8     0.00038  0.00038  0.50   98610      37   98591  6468053  65.59
  1980           9     0.00033  0.00033  0.50   98573      33   98557  6369461  64.62
  1980          10     0.00028  0.00028  0.50   98540      27   98527  6270905  63.64
  1980          11     0.00022  0.00022  0.50   98513      22   98502  6172378  62.66
  1980          12     0.00018  0.00018  0.50   98491      18   98482  6073876  61.67
  1980          13     0.00025  0.00025  0.50   98473      24   98461  5975394  60.68
  1980          14     0.00044  0.00044  0.50   98449      43   98427  5876933  59.70
  1980          15     0.00075  0.00075  0.50   98406      74   98369  5778505  58.72
  1980          16     0.00105  0.00105  0.50   98332     103   98280  5680136  57.76
  1980          17     0.00124  0.00124  0.50   98229     122   98168  5581856  56.83
  1980          18     0.00135  0.00135  0.50   98107     133   98041  5483688  55.89
  1980          19     0.00143  0.00143  0.50   97975     140   97905  5385647  54.97
  1980          20     0.00138  0.00138  0.50   97835     135   97767  5287742  54.05
  1980          21     0.00128  0.00128  0.50   97699     125   97637  5189975  53.12
  1980          22     0.00120  0.00120  0.50   97575     117   97516  5092338  52.19
  1980          23     0.00112  0.00112  0.50   97458     109   97404  4994822  51.25
  1980          24     0.00103  0.00103  0.50   97349     100   97299  4897418  50.31
  1980          25     0.00100  0.00100  0.50   97249      97   97201  4800119  49.36
  1980          26     0.00103  0.00103  0.50   97152     100   97102  4702919  48.41
  1980          27     0.00108  0.00108  0.50   97052     104   97000  4605816  47.46
  1980          28     0.00111  0.00111  0.50   96948     108   96894  4508816  46.51
  1980          29     0.00111  0.00111  0.50   96840     108   96786  4411922  45.56
  1980          30     0.00110  0.00110  0.50   96732     107   96679  4315136  44.61
  1980          31     0.00111  0.00111  0.50   96626     107   96572  4218457  43.66
  1980          32     0.00116  0.00116  0.50   96518     112   96462  4121885  42.71
  1980          33     0.00125  0.00125  0.50   96407     121   96346  4025422  41.75
  1980          34     0.00139  0.00139  0.50   96286     134   96219  3929076  40.81
  1980          35     0.00155  0.00155  0.50   96152     149   96077  3832857  39.86
  1980          36     0.00169  0.00169  0.50   96003     162   95922  3736780  38.92
  1980          37     0.00172  0.00172  0.50   95841     165   95759  3640858  37.99
  1980          38     0.00168  0.00167  0.50   95676     160   95596  3545099  37.05
  1980          39     0.00161  0.00161  0.50   95516     153   95439  3449503  36.11
  1980          40     0.00165  0.00165  0.50   95363     157   95284  3354064  35.17
  1980          41     0.00192  0.00192  0.50   95205     183   95114  3258780  34.23
  1980          42     0.00234  0.00233  0.50   95023     222   94912  3163666  33.29
  1980          43     0.00280  0.00279  0.50   94801     265   94669  3068754  32.37
  1980          44     0.00322  0.00322  0.50   94536     304   94384  2974086  31.46
  1980          45     0.00366  0.00365  0.50   94232     344   94060  2879702  30.56
  1980          46     0.00416  0.00415  0.50   93888     390   93693  2785642  29.67
  1980          47     0.00474  0.00473  0.50   93498     442   93277  2691948  28.79
  1980          48     0.00525  0.00523  0.50   93056     487   92812  2598671  27.93
  1980          49     0.00555  0.00554  0.50   92569     513   92313  2505859  27.07
  1980          50     0.00584  0.00583  0.50   92056     536   91788  2413546  26.22
  1980          51     0.00631  0.00629  0.50   91520     576   91232  2321758  25.37
  1980          52     0.00692  0.00690  0.50   90944     627   90631  2230526  24.53
  1980          53     0.00754  0.00751  0.50   90317     678   89978  2139895  23.69
  1980          54     0.00793  0.00790  0.50   89639     708   89285  2049917  22.87
  1980          55     0.00827  0.00823  0.50   88931     732   88565  1960632  22.05
  1980          56     0.00875  0.00871  0.50   88199     768   87815  1872067  21.23
  1980          57     0.00925  0.00921  0.50   87431     805   87028  1784252  20.41
  1980          58     0.00969  0.00964  0.50   86626     835   86208  1697224  19.59
  1980          59     0.01036  0.01031  0.50   85791     884   85348  1611016  18.78
  1980          60     0.01145  0.01139  0.50   84906     967   84423  1525667  17.97
  1980          61     0.01302  0.01293  0.50   83939    1085   83397  1441244  17.17
  1980          62     0.01486  0.01475  0.50   82854    1222   82243  1357848  16.39
  1980          63     0.01680  0.01666  0.50   81632    1360   80951  1275605  15.63
  1980          64     0.01888  0.01870  0.50   80271    1501   79521  1194654  14.88
  1980          65     0.02113  0.02091  0.50   78770    1647   77947  1115133  14.16
  1980          66     0.02351  0.02324  0.50   77123    1792   76227  1037186  13.45
  1980          67     0.02615  0.02581  0.50   75331    1944   74359   960959  12.76
  1980          68     0.02915  0.02873  0.50   73387    2109   72332   886601  12.08
  1980          69     0.03230  0.03178  0.50   71278    2265   70145   814268  11.42
  1980          70     0.03552  0.03490  0.50   69013    2408   67809   744123  10.78
  1980          71     0.03958  0.03882  0.50   66604    2585   65312   676314  10.15
  1980          72     0.04500  0.04401  0.50   64019    2817   62611   611002   9.54
  1980          73     0.05193  0.05061  0.50   61202    3098   59653   548392   8.96
  1980          74     0.05977  0.05803  0.50   58104    3372   56418   488739   8.41
  1980          75     0.06805  0.06581  0.50   54732    3602   52931   432321   7.90
  1980          76     0.07729  0.07441  0.50   51130    3805   49228   379389   7.42
  1980          77     0.08691  0.08329  0.50   47326    3942   45355   330161   6.98
  1980          78     0.09610  0.09169  0.50   43384    3978   41395   284806   6.56
  1980          79     0.10449  0.09931  0.50   39406    3913   37449   243411   6.18
  1980          80     0.11227  0.10630  0.50   35493    3773   33606   205962   5.80
  1980          81     0.12135  0.11441  0.50   31720    3629   29905   172355   5.43
  1980          82     0.13345  0.12510  0.50   28091    3514   26334   142450   5.07
  1980          83     0.14787  0.13769  0.50   24576    3384   22885   116116   4.72
  1980          84     0.16406  0.15162  0.50   21193    3213   19586    93232   4.40
  1980          85     0.18174  0.16660  0.50   17979    2995   16482    73646   4.10
  1980          86     0.20081  0.18249  0.50   14984    2734   13617    57164   3.81
  1980          87     0.22125  0.19921  0.50   12250    2440   11029    43547   3.55
  1980          88     0.24309  0.21674  0.50    9809    2126    8746    32518   3.31
  1980          89     0.26631  0.23502  0.50    7683    1806    6780    23772   3.09
  1980          90     0.29091  0.25397  0.50    5878    1493    5131    16991   2.89
  1980          91     0.31679  0.27347  0.50    4385    1199    3785    11860   2.70
  1980          92     0.34386  0.29341  0.50    3186     935    2718     8075   2.53
  1980          93     0.37198  0.31365  0.50    2251     706    1898     5356   2.38
  1980          94     0.40100  0.33403  0.50    1545     516    1287     3458   2.24
  1980          95     0.43073  0.35440  0.50    1029     365     847     2171   2.11
  1980          96     0.46096  0.37462  0.50     664     249     540     1325   1.99
  1980          97     0.49148  0.39453  0.50     415     164     333      785   1.89
  1980          98     0.52207  0.41400  0.50     252     104     199      451   1.79
  1980          99     0.55250  0.43291  0.50     147      64     115      252   1.71
  1980         100     0.58253  0.45113  0.50      84      38      65      136   1.63
  1980         101     0.61198  0.46859  0.50      46      21      35       72   1.56
  1980         102     0.64062  0.48521  0.50      24      12      18       37   1.50
  1980         103     0.66830  0.50092  0.50      13       6       9       18   1.45
  1980         104     0.69486  0.51569  0.50       6       3       5        9   1.40
  1980         105     0.72014  0.52949  0.50       3       2       2        4   1.35
  1980         106     0.74404  0.54229  0.50       1       1       1        2   1.31
  1980         107     0.76649  0.55412  0.50       1       0       0        1   1.28
  1980         108     0.78760  0.56507  0.50       0       0       0        0   1.25
  1980         109     0.80760  0.57529  0.50       0       0       0        0   1.22
  1980         110+    0.83685  1.00000  1.19       0       0       0        0   1.19
  1981           0     0.00973  0.00965  0.14  100000     965   99174  7324659  73.25
  1981           1     0.00076  0.00076  0.50   99035      76   98997  7225485  72.96
  1981           2     0.00066  0.00066  0.50   98959      66   98926  7126488  72.01
  1981           3     0.00057  0.00057  0.50   98894      57   98865  7027561  71.06
  1981           4     0.00049  0.00049  0.50   98837      49   98813  6928696  70.10
  1981           5     0.00042  0.00042  0.50   98788      41   98768  6829884  69.14
  1981           6     0.00035  0.00035  0.50   98747      34   98730  6731116  68.17
  1981           7     0.00028  0.00028  0.50   98713      28   98699  6632386  67.19
  1981           8     0.00023  0.00023  0.50   98685      23   98674  6533687  66.21
  1981           9     0.00020  0.00020  0.50   98662      20   98652  6435013  65.22
  1981          10     0.00019  0.00019  0.50   98642      19   98633  6336361  64.24
  1981          11     0.00020  0.00020  0.50   98624      20   98614  6237728  63.25
  1981          12     0.00023  0.00023  0.50   98604      23   98593  6139114  62.26
  1981          13     0.00030  0.00030  0.50   98581      30   98566  6040522  61.27
  1981          14     0.00043  0.00043  0.50   98551      42   98530  5941956  60.29
  1981          15     0.00061  0.00061  0.50   98509      60   98479  5843426  59.32
  1981          16     0.00083  0.00083  0.50   98449      82   98408  5744947  58.35
  1981          17     0.00105  0.00105  0.50   98367     103   98315  5646539  57.40
  1981          18     0.00122  0.00122  0.50   98263     120   98203  5548224  56.46
  1981          19     0.00131  0.00131  0.50   98143     129   98079  5450021  55.53
  1981          20     0.00131  0.00131  0.50   98015     128   97951  5351942  54.60
  1981          21     0.00124  0.00124  0.50   97886     122   97826  5253991  53.67
  1981          22     0.00115  0.00115  0.50   97765     112   97709  5156165  52.74
  1981          23     0.00105  0.00105  0.50   97653     102   97601  5058457  51.80
  1981          24     0.00098  0.00098  0.50   97550      95   97503  4960855  50.85
  1981          25     0.00093  0.00093  0.50   97455      91   97410  4863353  49.90
  1981          26     0.00091  0.00091  0.50   97364      89   97320  4765943  48.95
  1981          27     0.00091  0.00091  0.50   97275      89   97231  4668623  47.99
  1981          28     0.00092  0.00092  0.50   97187      90   97142  4571392  47.04
  1981          29     0.00093  0.00093  0.50   97097      91   97051  4474251  46.08
  1981          30     0.00094  0.00094  0.50   97006      92   96960  4377199  45.12
  1981          31     0.00096  0.00096  0.50   96915      93   96868  4280239  44.17
  1981          32     0.00098  0.00098  0.50   96822      95   96774  4183371  43.21
  1981          33     0.00103  0.00103  0.50   96727      99   96677  4086596  42.25
  1981          34     0.00110  0.00110  0.50   96627     106   96574  3989919  41.29
  1981          35     0.00120  0.00120  0.50   96521     116   96463  3893345  40.34
  1981          36     0.00133  0.00133  0.50   96405     128   96341  3796882  39.38
  1981          37     0.00147  0.00147  0.50   96277     141   96206  3700541  38.44
  1981          38     0.00161  0.00161  0.50   96136     155   96058  3604334  37.49
  1981          39     0.00176  0.00176  0.50   95981     169   95896  3508276  36.55
  1981          40     0.00194  0.00194  0.50   95812     185   95719  3412380  35.62
  1981          41     0.00216  0.00215  0.50   95626     206   95523  3316660  34.68
  1981          42     0.00244  0.00243  0.50   95420     232   95304  3221137  33.76
  1981          43     0.00276  0.00276  0.50   95188     263   95057  3125833  32.84
  1981          44     0.00313  0.00313  0.50   94925     297   94777  3030776  31.93
  1981          45     0.00354  0.00353  0.50   94629     334   94462  2935999  31.03
  1981          46     0.00398  0.00397  0.50   94295     374   94108  2841537  30.13
  1981          47     0.00443  0.00442  0.50   93920     416   93713  2747429  29.25
  1981          48     0.00487  0.00485  0.50   93505     454   93278  2653717  28.38
  1981          49     0.00525  0.00524  0.50   93051     487   92807  2560439  27.52
  1981          50     0.00560  0.00558  0.50   92563     517   92305  2467632  26.66
  1981          51     0.00592  0.00591  0.50   92047     544   91775  2375327  25.81
  1981          52     0.00629  0.00627  0.50   91503     573   91217  2283551  24.96
  1981          53     0.00674  0.00672  0.50   90930     611   90624  2192335  24.11
  1981          54     0.00732  0.00729  0.50   90319     659   89989  2101711  23.27
  1981          55     0.00797  0.00793  0.50   89660     711   89304  2011721  22.44
  1981          56     0.00863  0.00859  0.50   88949     764   88567  1922417  21.61
  1981          57     0.00928  0.00923  0.50   88185     814   87777  1833850  20.80
  1981          58     0.00990  0.00985  0.50   87370     861   86940  1746073  19.98
  1981          59     0.01053  0.01048  0.50   86509     906   86056  1659133  19.18
  1981          60     0.01128  0.01121  0.50   85603     960   85123  1573077  18.38
  1981          61     0.01224  0.01217  0.50   84643    1030   84128  1487954  17.58
  1981          62     0.01350  0.01341  0.50   83613    1121   83053  1403825  16.79
  1981          63     0.01507  0.01495  0.50   82492    1234   81875  1320772  16.01
  1981          64     0.01682  0.01668  0.50   81259    1356   80581  1238897  15.25
  1981          65     0.01867  0.01850  0.50   79903    1478   79164  1158316  14.50
  1981          66     0.02070  0.02049  0.50   78425    1607   77621  1079152  13.76
  1981          67     0.02312  0.02286  0.50   76818    1756   75940  1001531  13.04
  1981          68     0.02612  0.02578  0.50   75062    1935   74095   925591  12.33
  1981          69     0.02975  0.02931  0.50   73127    2143   72055   851496  11.64
  1981          70     0.03399  0.03342  0.50   70984    2373   69797   779441  10.98
  1981          71     0.03868  0.03795  0.50   68611    2604   67309   709643  10.34
  1981          72     0.04385  0.04291  0.50   66007    2832   64591   642334   9.73
  1981          73     0.04962  0.04842  0.50   63175    3059   61646   577743   9.15
  1981          74     0.05632  0.05478  0.50   60116    3293   58470   516097   8.58
  1981          75     0.06418  0.06218  0.50   56824    3533   55057   457627   8.05
  1981          76     0.07295  0.07038  0.50   53290    3751   51415   402570   7.55
  1981          77     0.08250  0.07923  0.50   49539    3925   47577   351155   7.09
  1981          78     0.09276  0.08865  0.50   45614    4044   43592   303579   6.66
  1981          79     0.10362  0.09852  0.50   41571    4095   39523   259986   6.25
  1981          80     0.11498  0.10873  0.50   37475    4074   35438   220464   5.88
  1981          81     0.12667  0.11912  0.50   33401    3979   31411   185026   5.54
  1981          82     0.13859  0.12961  0.50   29422    3813   27515   153614   5.22
  1981          83     0.15085  0.14027  0.50   25609    3592   23813   126099   4.92
  1981          84     0.16361  0.15124  0.50   22017    3330   20352   102286   4.65
  1981          85     0.17701  0.16261  0.50   18687    3039   17168    81935   4.38
  1981          86     0.19115  0.17447  0.50   15648    2730   14283    64767   4.14
  1981          87     0.20612  0.18686  0.50   12918    2414   11711    50484   3.91
  1981          88     0.22196  0.19978  0.50   10504    2099    9455    38773   3.69
  1981          89     0.23867  0.21322  0.50    8406    1792    7509    29318   3.49
  1981          90     0.25625  0.22715  0.50    6613    1502    5862    21809   3.30
  1981          91     0.27468  0.24151  0.50    5111    1234    4494    15946   3.12
  1981          92     0.29393  0.25627  0.50    3877     993    3380    11453   2.95
  1981          93     0.31395  0.27136  0.50    2883     782    2492     8073   2.80
  1981          94     0.33469  0.28671  0.50    2101     602    1800     5581   2.66
  1981          95     0.35609  0.30227  0.50    1499     453    1272     3781   2.52
  1981          96     0.37807  0.31797  0.50    1046     332     879     2509   2.40
  1981          97     0.40057  0.33373  0.50     713     238     594     1630   2.29
  1981          98     0.42349  0.34949  0.50     475     166     392     1035   2.18
  1981          99     0.44674  0.36517  0.50     309     113     253      643   2.08
  1981         100     0.47022  0.38071  0.50     196      75     159      391   1.99
  1981         101     0.49381  0.39603  0.50     122      48      97      232   1.91
  1981         102     0.51741  0.41106  0.50      73      30      58      134   1.83
  1981         103     0.54090  0.42575  0.50      43      18      34       76   1.76
  1981         104     0.56417  0.44004  0.50      25      11      19       42   1.70
  1981         105     0.58714  0.45389  0.50      14       6      11       23   1.64
  1981         106     0.60976  0.46729  0.50       8       4       6       12   1.58
  1981         107     0.63198  0.48023  0.50       4       2       3        6   1.53
  1981         108     0.65387  0.49277  0.50       2       1       2        3   1.49
  1981         109     0.67550  0.50495  0.50       1       1       1        2   1.44
  1981         110+    0.71204  1.00000  1.40       1       1       1        1   1.40
  1982           0     0.00943  0.00936  0.14  100000     936   99199  7336759  73.37
  1982           1     0.00109  0.00109  0.50   99064     108   99010  7237560  73.06
  1982           2     0.00089  0.00089  0.50   98956      88   98912  7138550  72.14
  1982           3     0.00072  0.00072  0.50   98868      71   98832  7039638  71.20
  1982           4     0.00058  0.00058  0.50   98797      57   98768  6940806  70.25
  1982           5     0.00048  0.00048  0.50   98740      47   98716  6842037  69.29
  1982           6     0.00042  0.00042  0.50   98692      41   98672  6743321  68.33
  1982           7     0.00038  0.00038  0.50   98651      38   98632  6644650  67.36
  1982           8     0.00035  0.00035  0.50   98613      35   98596  6546018  66.38
  1982           9     0.00033  0.00033  0.50   98579      33   98562  6447422  65.40
  1982          10     0.00032  0.00032  0.50   98546      31   98530  6348859  64.43
  1982          11     0.00032  0.00032  0.50   98514      32   98498  6250329  63.45
  1982          12     0.00036  0.00036  0.50   98482      35   98465  6151831  62.47
  1982          13     0.00043  0.00043  0.50   98447      42   98426  6053366  61.49
  1982          14     0.00055  0.00055  0.50   98405      54   98378  5954940  60.51
  1982          15     0.00070  0.00070  0.50   98351      69   98317  5856562  59.55
  1982          16     0.00086  0.00086  0.50   98282      85   98240  5758245  58.59
  1982          17     0.00100  0.00100  0.50   98197      98   98148  5660005  57.64
  1982          18     0.00110  0.00110  0.50   98099     108   98045  5561856  56.70
  1982          19     0.00117  0.00117  0.50   97991     115   97934  5463811  55.76
  1982          20     0.00123  0.00123  0.50   97876     120   97816  5365877  54.82
  1982          21     0.00125  0.00125  0.50   97756     122   97695  5268061  53.89
  1982          22     0.00123  0.00123  0.50   97634     120   97574  5170366  52.96
  1982          23     0.00118  0.00118  0.50   97514     115   97457  5072791  52.02
  1982          24     0.00111  0.00111  0.50   97400     108   97346  4975335  51.08
  1982          25     0.00104  0.00104  0.50   97292     101   97241  4877989  50.14
  1982          26     0.00098  0.00098  0.50   97191      95   97143  4780747  49.19
  1982          27     0.00095  0.00095  0.50   97096      92   97050  4683604  48.24
  1982          28     0.00095  0.00095  0.50   97004      92   96958  4586554  47.28
  1982          29     0.00096  0.00096  0.50   96912      93   96865  4489596  46.33
  1982          30     0.00099  0.00099  0.50   96819      96   96771  4392731  45.37
  1982          31     0.00103  0.00103  0.50   96723     100   96673  4295960  44.42
  1982          32     0.00109  0.00109  0.50   96623     105   96571  4199287  43.46
  1982          33     0.00117  0.00117  0.50   96518     113   96462  4102716  42.51
  1982          34     0.00127  0.00127  0.50   96405     122   96344  4006255  41.56
  1982          35     0.00138  0.00138  0.50   96283     133   96217  3909910  40.61
  1982          36     0.00152  0.00152  0.50   96150     146   96077  3813694  39.66
  1982          37     0.00166  0.00165  0.50   96004     159   95925  3717617  38.72
  1982          38     0.00178  0.00178  0.50   95845     171   95760  3621692  37.79
  1982          39     0.00190  0.00190  0.50   95674     182   95583  3525932  36.85
  1982          40     0.00204  0.00203  0.50   95492     194   95395  3430349  35.92
  1982          41     0.00220  0.00220  0.50   95298     210   95193  3334953  34.99
  1982          42     0.00243  0.00242  0.50   95088     230   94973  3239760  34.07
  1982          43     0.00272  0.00271  0.50   94858     257   94729  3144787  33.15
  1982          44     0.00309  0.00308  0.50   94601     292   94455  3050057  32.24
  1982          45     0.00353  0.00352  0.50   94309     332   94143  2955602  31.34
  1982          46     0.00402  0.00401  0.50   93977     377   93788  2861459  30.45
  1982          47     0.00454  0.00453  0.50   93600     424   93388  2767671  29.57
  1982          48     0.00505  0.00504  0.50   93176     469   92941  2674283  28.70
  1982          49     0.00551  0.00550  0.50   92707     510   92452  2581342  27.84
  1982          50     0.00593  0.00591  0.50   92197     545   91924  2488890  27.00
  1982          51     0.00630  0.00628  0.50   91652     575   91364  2396966  26.15
  1982          52     0.00664  0.00661  0.50   91077     602   90776  2305601  25.31
  1982          53     0.00697  0.00694  0.50   90474     628   90160  2214826  24.48
  1982          54     0.00733  0.00730  0.50   89846     656   89518  2124665  23.65
  1982          55     0.00776  0.00773  0.50   89190     689   88846  2035147  22.82
  1982          56     0.00829  0.00826  0.50   88501     731   88136  1946302  21.99
  1982          57     0.00892  0.00888  0.50   87770     779   87380  1858166  21.17
  1982          58     0.00963  0.00958  0.50   86991     834   86574  1770786  20.36
  1982          59     0.01044  0.01038  0.50   86157     895   85710  1684212  19.55
  1982          60     0.01138  0.01131  0.50   85262     965   84780  1598502  18.75
  1982          61     0.01248  0.01240  0.50   84298    1045   83775  1513722  17.96
  1982          62     0.01378  0.01369  0.50   83252    1140   82683  1429947  17.18
  1982          63     0.01532  0.01521  0.50   82113    1249   81488  1347265  16.41
  1982          64     0.01711  0.01697  0.50   80864    1372   80178  1265777  15.65
  1982          65     0.01916  0.01898  0.50   79492    1509   78738  1185599  14.91
  1982          66     0.02152  0.02129  0.50   77984    1660   77153  1106861  14.19
  1982          67     0.02417  0.02388  0.50   76323    1823   75412  1029707  13.49
  1982          68     0.02709  0.02673  0.50   74500    1991   73505   954295  12.81
  1982          69     0.03037  0.02992  0.50   72509    2169   71425   880791  12.15
  1982          70     0.03410  0.03353  0.50   70340    2359   69161   809366  11.51
  1982          71     0.03826  0.03754  0.50   67981    2552   66705   740205  10.89
  1982          72     0.04279  0.04189  0.50   65429    2741   64059   673500  10.29
  1982          73     0.04767  0.04656  0.50   62689    2919   61229   609441   9.72
  1982          74     0.05296  0.05160  0.50   59770    3084   58228   548211   9.17
  1982          75     0.05878  0.05710  0.50   56686    3237   55068   489983   8.64
  1982          76     0.06529  0.06322  0.50   53449    3379   51760   434916   8.14
  1982          77     0.07266  0.07011  0.50   50070    3511   48315   383156   7.65
  1982          78     0.08096  0.07781  0.50   46559    3623   44748   334841   7.19
  1982          79     0.08997  0.08610  0.50   42936    3697   41088   290093   6.76
  1982          80     0.09947  0.09476  0.50   39240    3718   37380   249005   6.35
  1982          81     0.10959  0.10389  0.50   35521    3690   33676   211625   5.96
  1982          82     0.12050  0.11366  0.50   31831    3618   30022   177949   5.59
  1982          83     0.13236  0.12414  0.50   28213    3502   26462   147927   5.24
  1982          84     0.14524  0.13540  0.50   24711    3346   23038   121465   4.92
  1982          85     0.15920  0.14746  0.50   21365    3151   19789    98428   4.61
  1982          86     0.17430  0.16032  0.50   18214    2920   16754    78638   4.32
  1982          87     0.19054  0.17396  0.50   15294    2661   13964    61884   4.05
  1982          88     0.20794  0.18836  0.50   12633    2380   11444    47921   3.79
  1982          89     0.22650  0.20346  0.50   10254    2086    9211    36477   3.56
  1982          90     0.24620  0.21922  0.50    8168    1790    7272    27266   3.34
  1982          91     0.26703  0.23557  0.50    6377    1502    5626    19994   3.14
  1982          92     0.28893  0.25246  0.50    4875    1231    4259    14368   2.95
  1982          93     0.31186  0.26979  0.50    3644     983    3153    10109   2.77
  1982          94     0.33574  0.28748  0.50    2661     765    2278     6956   2.61
  1982          95     0.36049  0.30544  0.50    1896     579    1606     4678   2.47
  1982          96     0.38599  0.32355  0.50    1317     426    1104     3071   2.33
  1982          97     0.41213  0.34171  0.50     891     304     739     1967   2.21
  1982          98     0.43875  0.35982  0.50     586     211     481     1229   2.10
  1982          99     0.46572  0.37776  0.50     375     142     305      748   1.99
  1982         100     0.49287  0.39542  0.50     234      92     187      443   1.90
  1982         101     0.52002  0.41271  0.50     141      58     112      256   1.81
  1982         102     0.54701  0.42953  0.50      83      36      65      144   1.73
  1982         103     0.57369  0.44581  0.50      47      21      37       79   1.66
  1982         104     0.59990  0.46148  0.50      26      12      20       42   1.60
  1982         105     0.62553  0.47650  0.50      14       7      11       22   1.54
  1982         106     0.65056  0.49088  0.50       7       4       6       11   1.49
  1982         107     0.67496  0.50465  0.50       4       2       3        5   1.44
  1982         108     0.69885  0.51789  0.50       2       1       1        3   1.39
  1982         109     0.72237  0.53069  0.50       1       0       1        1   1.35
  1982         110+    0.75802  1.00000  1.32       0       0       1        1   1.32
  1983           0     0.00917  0.00910  0.14  100000     910   99221  7344451  73.44
  1983           1     0.00155  0.00154  0.50   99090     153   99013  7245230  73.12
  1983           2     0.00094  0.00094  0.50   98937      93   98891  7146217  72.23
  1983           3     0.00060  0.00060  0.50   98844      60   98814  7047326  71.30
  1983           4     0.00050  0.00050  0.50   98785      50   98760  6948512  70.34
  1983           5     0.00050  0.00050  0.50   98735      49   98710  6849752  69.38
  1983           6     0.00046  0.00046  0.50   98686      46   98663  6751042  68.41
  1983           7     0.00036  0.00036  0.50   98640      35   98623  6652379  67.44
  1983           8     0.00028  0.00028  0.50   98605      27   98591  6553756  66.46
  1983           9     0.00022  0.00022  0.50   98578      22   98567  6455165  65.48
  1983          10     0.00015  0.00015  0.50   98556      15   98549  6356598  64.50
  1983          11     0.00014  0.00014  0.50   98541      14   98534  6258049  63.51
  1983          12     0.00023  0.00023  0.50   98527      22   98516  6159515  62.52
  1983          13     0.00026  0.00026  0.50   98505      26   98492  6060998  61.53
  1983          14     0.00036  0.00036  0.50   98479      35   98462  5962506  60.55
  1983          15     0.00065  0.00065  0.50   98444      64   98412  5864044  59.57
  1983          16     0.00099  0.00099  0.50   98381      97   98332  5765632  58.61
  1983          17     0.00122  0.00122  0.50   98283     120   98223  5667300  57.66
  1983          18     0.00129  0.00128  0.50   98163     126   98100  5569077  56.73
  1983          19     0.00121  0.00121  0.50   98037     119   97978  5470977  55.81
  1983          20     0.00121  0.00121  0.50   97918     119   97859  5372999  54.87
  1983          21     0.00127  0.00127  0.50   97800     124   97737  5275140  53.94
  1983          22     0.00131  0.00131  0.50   97675     127   97611  5177403  53.01
  1983          23     0.00126  0.00125  0.50   97548     122   97486  5079791  52.07
  1983          24     0.00111  0.00110  0.50   97425     108   97371  4982305  51.14
  1983          25     0.00096  0.00096  0.50   97318      93   97271  4884933  50.20
  1983          26     0.00084  0.00084  0.50   97224      82   97183  4787662  49.24
  1983          27     0.00078  0.00078  0.50   97142      76   97105  4690479  48.28
  1983          28     0.00089  0.00089  0.50   97067      87   97024  4593374  47.32
  1983          29     0.00118  0.00118  0.50   96980     114   96923  4496351  46.36
  1983          30     0.00117  0.00117  0.50   96866     113   96810  4399428  45.42
  1983          31     0.00110  0.00110  0.50   96753     106   96700  4302618  44.47
  1983          32     0.00130  0.00130  0.50   96647     125   96584  4205918  43.52
  1983          33     0.00156  0.00156  0.50   96521     151   96446  4109334  42.57
  1983          34     0.00165  0.00165  0.50   96371     159   96291  4012888  41.64
  1983          35     0.00157  0.00157  0.50   96212     151   96136  3916597  40.71
  1983          36     0.00144  0.00144  0.50   96060     138   95991  3820461  39.77
  1983          37     0.00145  0.00145  0.50   95922     139   95853  3724469  38.83
  1983          38     0.00162  0.00162  0.50   95783     155   95706  3628617  37.88
  1983          39     0.00189  0.00189  0.50   95628     181   95538  3532911  36.94
  1983          40     0.00207  0.00207  0.50   95447     198   95349  3437373  36.01
  1983          41     0.00208  0.00208  0.50   95250     198   95151  3342025  35.09
  1983          42     0.00232  0.00232  0.50   95052     220   94941  3246874  34.16
  1983          43     0.00271  0.00271  0.50   94831     257   94703  3151933  33.24
  1983          44     0.00306  0.00306  0.50   94574     289   94430  3057230  32.33
  1983          45     0.00340  0.00339  0.50   94285     320   94125  2962800  31.42
  1983          46     0.00376  0.00375  0.50   93965     353   93789  2868675  30.53
  1983          47     0.00407  0.00406  0.50   93613     380   93423  2774886  29.64
  1983          48     0.00432  0.00431  0.50   93233     402   93032  2681463  28.76
  1983          49     0.00461  0.00460  0.50   92831     427   92617  2588431  27.88
  1983          50     0.00513  0.00512  0.50   92403     473   92167  2495814  27.01
  1983          51     0.00598  0.00596  0.50   91931     548   91657  2403647  26.15
  1983          52     0.00676  0.00673  0.50   91383     615   91075  2311990  25.30
  1983          53     0.00721  0.00719  0.50   90768     652   90441  2220915  24.47
  1983          54     0.00791  0.00788  0.50   90115     710   89760  2130474  23.64
  1983          55     0.00857  0.00854  0.50   89405     763   89024  2040714  22.83
  1983          56     0.00879  0.00875  0.50   88642     775   88254  1951690  22.02
  1983          57     0.00861  0.00858  0.50   87867     753   87490  1863436  21.21
  1983          58     0.00855  0.00851  0.50   87113     741   86742  1775946  20.39
  1983          59     0.00974  0.00970  0.50   86372     837   85953  1689204  19.56
  1983          60     0.01138  0.01131  0.50   85534     968   85051  1603250  18.74
  1983          61     0.01249  0.01242  0.50   84567    1050   84042  1518200  17.95
  1983          62     0.01390  0.01380  0.50   83517    1153   82940  1434158  17.17
  1983          63     0.01637  0.01623  0.50   82364    1337   81695  1351218  16.41
  1983          64     0.01878  0.01860  0.50   81027    1507   80273  1269523  15.67
  1983          65     0.02007  0.01987  0.50   79520    1580   78729  1189249  14.96
  1983          66     0.02113  0.02091  0.50   77939    1630   77124  1110520  14.25
  1983          67     0.02242  0.02217  0.50   76309    1692   75464  1033396  13.54
  1983          68     0.02430  0.02401  0.50   74618    1791   73722   957932  12.84
  1983          69     0.02772  0.02734  0.50   72827    1991   71831   884210  12.14
  1983          70     0.03257  0.03204  0.50   70835    2270   69700   812379  11.47
  1983          71     0.03551  0.03489  0.50   68565    2392   67369   742679  10.83
  1983          72     0.03861  0.03788  0.50   66173    2507   64920   675309  10.21
  1983          73     0.04472  0.04374  0.50   63666    2785   62274   610390   9.59
  1983          74     0.05313  0.05175  0.50   60882    3151   59306   548116   9.00
  1983          75     0.06215  0.06028  0.50   57731    3480   55991   488809   8.47
  1983          76     0.07011  0.06774  0.50   54251    3675   52413   432818   7.98
  1983          77     0.07688  0.07403  0.50   50576    3744   48704   380405   7.52
  1983          78     0.08307  0.07975  0.50   46832    3735   44964   331701   7.08
  1983          79     0.09065  0.08672  0.50   43097    3737   41228   286737   6.65
  1983          80     0.10115  0.09628  0.50   39359    3789   37464   245509   6.24
  1983          81     0.11290  0.10686  0.50   35570    3801   33669   208045   5.85
  1983          82     0.12424  0.11698  0.50   31769    3716   29910   174375   5.49
  1983          83     0.13632  0.12762  0.50   28052    3580   26262   144465   5.15
  1983          84     0.14946  0.13907  0.50   24472    3403   22771   118203   4.83
  1983          85     0.16366  0.15128  0.50   21069    3187   19475    95432   4.53
  1983          86     0.17892  0.16422  0.50   17882    2937   16413    75957   4.25
  1983          87     0.19527  0.17790  0.50   14945    2659   13616    59543   3.98
  1983          88     0.21273  0.19228  0.50   12286    2362   11105    45927   3.74
  1983          89     0.23130  0.20733  0.50    9924    2057    8895    34822   3.51
  1983          90     0.25098  0.22300  0.50    7866    1754    6989    25927   3.30
  1983          91     0.27174  0.23924  0.50    6112    1462    5381    18938   3.10
  1983          92     0.29354  0.25597  0.50    4650    1190    4055    13557   2.92
  1983          93     0.31634  0.27314  0.50    3460     945    2987     9502   2.75
  1983          94     0.34005  0.29063  0.50    2515     731    2149     6515   2.59
  1983          95     0.36459  0.30837  0.50    1784     550    1509     4365   2.45
  1983          96     0.38985  0.32625  0.50    1234     403    1033     2857   2.32
  1983          97     0.41572  0.34418  0.50     831     286     688     1824   2.19
  1983          98     0.44206  0.36204  0.50     545     197     446     1136   2.08
  1983          99     0.46873  0.37974  0.50     348     132     282      689   1.98
  1983         100     0.49559  0.39717  0.50     216      86     173      408   1.89
  1983         101     0.52246  0.41425  0.50     130      54     103      235   1.81
  1983         102     0.54921  0.43089  0.50      76      33      60      132   1.73
  1983         103     0.57568  0.44701  0.50      43      19      34       72   1.66
  1983         104     0.60172  0.46256  0.50      24      11      18       38   1.59
  1983         105     0.62719  0.47746  0.50      13       6      10       20   1.54
  1983         106     0.65198  0.49170  0.50       7       3       5       10   1.48
  1983         107     0.67598  0.50522  0.50       3       2       3        5   1.44
  1983         108     0.69904  0.51799  0.50       2       1       1        2   1.39
  1983         109     0.72109  0.53000  0.50       1       0       1        1   1.36
  1983         110+    0.75746  1.00000  1.32       0       0       1        1   1.32
  1984           0     0.00780  0.00775  0.15  100000     775   99343  7385855  73.86
  1984           1     0.00112  0.00112  0.50   99225     111   99169  7286512  73.43
  1984           2     0.00085  0.00085  0.50   99114      84   99072  7187343  72.52
  1984           3     0.00063  0.00063  0.50   99030      63   98998  7088271  71.58
  1984           4     0.00049  0.00049  0.50   98967      48   98943  6989273  70.62
  1984           5     0.00040  0.00040  0.50   98919      40   98899  6890330  69.66
  1984           6     0.00034  0.00034  0.50   98879      33   98862  6791431  68.68
  1984           7     0.00025  0.00025  0.50   98846      25   98833  6692569  67.71
  1984           8     0.00020  0.00020  0.50   98821      20   98811  6593735  66.72
  1984           9     0.00017  0.00017  0.50   98801      17   98792  6494924  65.74
  1984          10     0.00017  0.00017  0.50   98784      17   98776  6396132  64.75
  1984          11     0.00018  0.00018  0.50   98767      18   98758  6297356  63.76
  1984          12     0.00022  0.00022  0.50   98749      22   98739  6198598  62.77
  1984          13     0.00032  0.00032  0.50   98728      31   98712  6099859  61.78
  1984          14     0.00050  0.00050  0.50   98696      50   98672  6001147  60.80
  1984          15     0.00077  0.00077  0.50   98647      76   98609  5902476  59.83
  1984          16     0.00105  0.00105  0.50   98571     103   98519  5803867  58.88
  1984          17     0.00124  0.00124  0.50   98467     122   98406  5705348  57.94
  1984          18     0.00132  0.00132  0.50   98345     129   98281  5606942  57.01
  1984          19     0.00128  0.00128  0.50   98216     126   98153  5508661  56.09
  1984          20     0.00122  0.00122  0.50   98090     119   98030  5410508  55.16
  1984          21     0.00117  0.00117  0.50   97971     115   97913  5312478  54.23
  1984          22     0.00119  0.00119  0.50   97856     116   97798  5214564  53.29
  1984          23     0.00118  0.00118  0.50   97740     116   97682  5116767  52.35
  1984          24     0.00111  0.00111  0.50   97624     109   97570  5019085  51.41
  1984          25     0.00105  0.00105  0.50   97515     103   97464  4921515  50.47
  1984          26     0.00103  0.00103  0.50   97413     100   97362  4824051  49.52
  1984          27     0.00103  0.00103  0.50   97312     101   97262  4726688  48.57
  1984          28     0.00105  0.00105  0.50   97212     102   97161  4629426  47.62
  1984          29     0.00108  0.00108  0.50   97109     105   97057  4532266  46.67
  1984          30     0.00112  0.00112  0.50   97004     108   96950  4435209  45.72
  1984          31     0.00116  0.00116  0.50   96896     112   96840  4338259  44.77
  1984          32     0.00120  0.00120  0.50   96784     116   96726  4241419  43.82
  1984          33     0.00124  0.00124  0.50   96668     120   96608  4144694  42.88
  1984          34     0.00131  0.00130  0.50   96548     126   96485  4048086  41.93
  1984          35     0.00140  0.00140  0.50   96422     135   96354  3951602  40.98
  1984          36     0.00153  0.00153  0.50   96287     147   96213  3855248  40.04
  1984          37     0.00165  0.00164  0.50   96139     158   96060  3759035  39.10
  1984          38     0.00175  0.00175  0.50   95981     167   95897  3662974  38.16
  1984          39     0.00185  0.00185  0.50   95814     177   95725  3567077  37.23
  1984          40     0.00198  0.00198  0.50   95637     189   95542  3471352  36.30
  1984          41     0.00217  0.00216  0.50   95447     207   95344  3375810  35.37
  1984          42     0.00238  0.00238  0.50   95241     227   95127  3280466  34.44
  1984          43     0.00262  0.00262  0.50   95014     249   94890  3185338  33.52
  1984          44     0.00287  0.00286  0.50   94765     271   94629  3090449  32.61
  1984          45     0.00312  0.00312  0.50   94494     295   94346  2995819  31.70
  1984          46     0.00340  0.00339  0.50   94199     319   94039  2901473  30.80
  1984          47     0.00371  0.00370  0.50   93880     348   93706  2807433  29.90
  1984          48     0.00410  0.00409  0.50   93532     382   93341  2713727  29.01
  1984          49     0.00458  0.00457  0.50   93150     426   92937  2620386  28.13
  1984          50     0.00514  0.00513  0.50   92724     476   92486  2527450  27.26
  1984          51     0.00574  0.00572  0.50   92248     528   91984  2434964  26.40
  1984          52     0.00634  0.00632  0.50   91720     580   91430  2342979  25.54
  1984          53     0.00693  0.00691  0.50   91140     629   90825  2251549  24.70
  1984          54     0.00750  0.00747  0.50   90511     676   90173  2160724  23.87
  1984          55     0.00807  0.00804  0.50   89834     722   89473  2070551  23.05
  1984          56     0.00866  0.00862  0.50   89112     768   88728  1981078  22.23
  1984          57     0.00923  0.00919  0.50   88344     811   87938  1892350  21.42
  1984          58     0.00975  0.00970  0.50   87532     849   87108  1804412  20.61
  1984          59     0.01026  0.01021  0.50   86683     885   86241  1717304  19.81
  1984          60     0.01095  0.01089  0.50   85798     935   85331  1631063  19.01
  1984          61     0.01198  0.01191  0.50   84863    1011   84358  1545733  18.21
  1984          62     0.01331  0.01322  0.50   83853    1108   83298  1461375  17.43
  1984          63     0.01484  0.01473  0.50   82744    1219   82135  1378076  16.65
  1984          64     0.01653  0.01639  0.50   81525    1336   80857  1295942  15.90
  1984          65     0.01831  0.01814  0.50   80189    1455   79461  1215085  15.15
  1984          66     0.02014  0.01994  0.50   78734    1570   77949  1135623  14.42
  1984          67     0.02205  0.02181  0.50   77164    1683   76322  1057674  13.71
  1984          68     0.02412  0.02383  0.50   75481    1799   74582   981352  13.00
  1984          69     0.02665  0.02630  0.50   73682    1938   72713   906770  12.31
  1984          70     0.02991  0.02947  0.50   71745    2114   70688   834057  11.63
  1984          71     0.03382  0.03326  0.50   69630    2316   68472   763369  10.96
  1984          72     0.03847  0.03775  0.50   67314    2541   66044   694897  10.32
  1984          73     0.04396  0.04301  0.50   64774    2786   63380   628853   9.71
  1984          74     0.05030  0.04907  0.50   61987    3042   60467   565472   9.12
  1984          75     0.05753  0.05592  0.50   58946    3296   57298   505006   8.57
  1984          76     0.06568  0.06359  0.50   55650    3539   53880   447708   8.05
  1984          77     0.07442  0.07175  0.50   52111    3739   50241   393828   7.56
  1984          78     0.08337  0.08003  0.50   48371    3871   46436   343587   7.10
  1984          79     0.09232  0.08825  0.50   44500    3927   42537   297151   6.68
  1984          80     0.10127  0.09639  0.50   40573    3911   38618   254614   6.28
  1984          81     0.11082  0.10500  0.50   36662    3849   34738   215997   5.89
  1984          82     0.12155  0.11459  0.50   32813    3760   30933   181259   5.52
  1984          83     0.13359  0.12523  0.50   29053    3638   27234   150326   5.17
  1984          84     0.14692  0.13686  0.50   25415    3478   23675   123092   4.84
  1984          85     0.16150  0.14944  0.50   21936    3278   20297    99417   4.53
  1984          86     0.17732  0.16288  0.50   18658    3039   17139    79120   4.24
  1984          87     0.19433  0.17712  0.50   15619    2767   14236    61981   3.97
  1984          88     0.21255  0.19213  0.50   12853    2469   11618    47745   3.71
  1984          89     0.23196  0.20785  0.50   10383    2158    9304    36127   3.48
  1984          90     0.25256  0.22425  0.50    8225    1844    7303    26823   3.26
  1984          91     0.27433  0.24124  0.50    6381    1539    5611    19520   3.06
  1984          92     0.29722  0.25877  0.50    4841    1253    4215    13909   2.87
  1984          93     0.32117  0.27673  0.50    3589     993    3092     9694   2.70
  1984          94     0.34610  0.29504  0.50    2596     766    2213     6602   2.54
  1984          95     0.37190  0.31359  0.50    1830     574    1543     4389   2.40
  1984          96     0.39845  0.33226  0.50    1256     417    1047     2846   2.27
  1984          97     0.42562  0.35094  0.50     839     294     691     1799   2.15
  1984          98     0.45324  0.36950  0.50     544     201     444     1107   2.03
  1984          99     0.48115  0.38784  0.50     343     133     277      664   1.93
  1984         100     0.50918  0.40585  0.50     210      85     167      387   1.84
  1984         101     0.53715  0.42343  0.50     125      53      98      220   1.76
  1984         102     0.56488  0.44047  0.50      72      32      56      121   1.68
  1984         103     0.59218  0.45690  0.50      40      18      31       65   1.62
  1984         104     0.61889  0.47263  0.50      22      10      17       34   1.55
  1984         105     0.64484  0.48762  0.50      12       6       9       17   1.50
  1984         106     0.66992  0.50183  0.50       6       3       4        9   1.45
  1984         107     0.69409  0.51527  0.50       3       2       2        4   1.40
  1984         108     0.71743  0.52802  0.50       1       1       1        2   1.36
  1984         109     0.74012  0.54021  0.50       1       0       0        1   1.32
  1984         110+    0.77538  1.00000  1.29       0       0       0        0   1.29
  1985           0     0.00668  0.00665  0.17  100000     665   99446  7439233  74.39
  1985           1     0.00093  0.00093  0.50   99335      92   99289  7339788  73.89
  1985           2     0.00074  0.00074  0.50   99243      73   99207  7240498  72.96
  1985           3     0.00058  0.00058  0.50   99170      57   99141  7141291  72.01
  1985           4     0.00046  0.00046  0.50   99113      46   99090  7042150  71.05
  1985           5     0.00038  0.00038  0.50   99067      38   99048  6943060  70.08
  1985           6     0.00033  0.00033  0.50   99029      33   99012  6844013  69.11
  1985           7     0.00027  0.00027  0.50   98996      27   98983  6745000  68.13
  1985           8     0.00021  0.00021  0.50   98969      21   98958  6646018  67.15
  1985           9     0.00016  0.00016  0.50   98948      16   98940  6547059  66.17
  1985          10     0.00013  0.00013  0.50   98932      12   98926  6448119  65.18
  1985          11     0.00013  0.00013  0.50   98919      13   98913  6349194  64.19
  1985          12     0.00019  0.00019  0.50   98907      19   98897  6250281  63.19
  1985          13     0.00033  0.00033  0.50   98888      32   98871  6151384  62.21
  1985          14     0.00054  0.00054  0.50   98855      53   98829  6052512  61.23
  1985          15     0.00080  0.00080  0.50   98802      79   98763  5953683  60.26
  1985          16     0.00108  0.00108  0.50   98723     107   98670  5854921  59.31
  1985          17     0.00131  0.00131  0.50   98616     129   98552  5756251  58.37
  1985          18     0.00149  0.00149  0.50   98487     147   98413  5657700  57.45
  1985          19     0.00160  0.00159  0.50   98340     157   98262  5559286  56.53
  1985          20     0.00159  0.00159  0.50   98183     156   98105  5461025  55.62
  1985          21     0.00149  0.00149  0.50   98027     146   97954  5362919  54.71
  1985          22     0.00135  0.00135  0.50   97881     132   97815  5264965  53.79
  1985          23     0.00120  0.00120  0.50   97749     117   97691  5167150  52.86
  1985          24     0.00109  0.00109  0.50   97632     106   97579  5069459  51.92
  1985          25     0.00100  0.00100  0.50   97526      97   97478  4971880  50.98
  1985          26     0.00092  0.00092  0.50   97429      89   97384  4874402  50.03
  1985          27     0.00083  0.00083  0.50   97340      81   97299  4777018  49.08
  1985          28     0.00075  0.00075  0.50   97259      73   97223  4679719  48.12
  1985          29     0.00069  0.00069  0.50   97186      67   97153  4582496  47.15
  1985          30     0.00069  0.00069  0.50   97119      67   97086  4485343  46.18
  1985          31     0.00072  0.00072  0.50   97052      70   97017  4388258  45.22
  1985          32     0.00078  0.00078  0.50   96982      76   96944  4291240  44.25
  1985          33     0.00086  0.00086  0.50   96907      83   96865  4194296  43.28
  1985          34     0.00095  0.00095  0.50   96823      92   96777  4097431  42.32
  1985          35     0.00107  0.00107  0.50   96731     103   96679  4000654  41.36
  1985          36     0.00122  0.00121  0.50   96628     117   96569  3903974  40.40
  1985          37     0.00140  0.00139  0.50   96510     135   96443  3807405  39.45
  1985          38     0.00161  0.00160  0.50   96376     155   96299  3710962  38.51
  1985          39     0.00184  0.00184  0.50   96221     177   96133  3614664  37.57
  1985          40     0.00207  0.00207  0.50   96044     199   95945  3518531  36.63
  1985          41     0.00229  0.00228  0.50   95845     219   95736  3422586  35.71
  1985          42     0.00246  0.00246  0.50   95626     235   95509  3326850  34.79
  1985          43     0.00262  0.00261  0.50   95391     249   95266  3231342  33.87
  1985          44     0.00276  0.00276  0.50   95142     262   95011  3136075  32.96
  1985          45     0.00294  0.00294  0.50   94880     279   94740  3041065  32.05
  1985          46     0.00321  0.00321  0.50   94601     303   94449  2946324  31.14
  1985          47     0.00361  0.00360  0.50   94298     340   94128  2851875  30.24
  1985          48     0.00412  0.00412  0.50   93958     387   93764  2757747  29.35
  1985          49     0.00472  0.00471  0.50   93571     441   93351  2663983  28.47
  1985          50     0.00534  0.00533  0.50   93130     496   92882  2570632  27.60
  1985          51     0.00592  0.00590  0.50   92634     547   92361  2477750  26.75
  1985          52     0.00644  0.00642  0.50   92087     591   91792  2385389  25.90
  1985          53     0.00691  0.00688  0.50   91496     630   91181  2293597  25.07
  1985          54     0.00735  0.00732  0.50   90866     665   90534  2202416  24.24
  1985          55     0.00779  0.00776  0.50   90201     700   89851  2111882  23.41
  1985          56     0.00825  0.00822  0.50   89502     735   89134  2022031  22.59
  1985          57     0.00879  0.00875  0.50   88766     777   88378  1932897  21.78
  1985          58     0.00946  0.00942  0.50   87990     829   87575  1844519  20.96
  1985          59     0.01031  0.01026  0.50   87161     894   86714  1756944  20.16
  1985          60     0.01127  0.01121  0.50   86267     967   85783  1670230  19.36
  1985          61     0.01224  0.01217  0.50   85300    1038   84781  1584446  18.57
  1985          62     0.01321  0.01312  0.50   84262    1106   83710  1499665  17.80
  1985          63     0.01419  0.01409  0.50   83157    1171   82571  1415956  17.03
  1985          64     0.01525  0.01514  0.50   81985    1241   81365  1333385  16.26
  1985          65     0.01650  0.01637  0.50   80744    1322   80083  1252020  15.51
  1985          66     0.01806  0.01790  0.50   79423    1422   78712  1171936  14.76
  1985          67     0.02011  0.01991  0.50   78001    1553   77224  1093225  14.02
  1985          68     0.02279  0.02253  0.50   76448    1722   75587  1016000  13.29
  1985          69     0.02601  0.02567  0.50   74726    1918   73766   940413  12.58
  1985          70     0.02967  0.02924  0.50   72807    2129   71743   866647  11.90
  1985          71     0.03385  0.03328  0.50   70678    2352   69502   794904  11.25
  1985          72     0.03855  0.03782  0.50   68326    2584   67034   725402  10.62
  1985          73     0.04377  0.04283  0.50   65742    2816   64334   658368  10.01
  1985          74     0.04952  0.04833  0.50   62926    3041   61405   594034   9.44
  1985          75     0.05586  0.05434  0.50   59885    3254   58258   532629   8.89
  1985          76     0.06298  0.06106  0.50   56631    3458   54902   474371   8.38
  1985          77     0.07076  0.06834  0.50   53173    3634   51356   419469   7.89
  1985          78     0.07898  0.07598  0.50   49539    3764   47657   368113   7.43
  1985          79     0.08736  0.08370  0.50   45775    3832   43859   320456   7.00
  1985          80     0.09575  0.09137  0.50   41944    3832   40027   276597   6.59
  1985          81     0.10453  0.09934  0.50   38111    3786   36218   236570   6.21
  1985          82     0.11418  0.10801  0.50   34325    3708   32471   200352   5.84
  1985          83     0.12488  0.11754  0.50   30618    3599   28818   167880   5.48
  1985          84     0.13669  0.12795  0.50   27019    3457   25290   139062   5.15
  1985          85     0.14966  0.13924  0.50   23562    3281   21921   113772   4.83
  1985          86     0.16376  0.15137  0.50   20281    3070   18746    91850   4.53
  1985          87     0.17900  0.16429  0.50   17211    2828   15797    73104   4.25
  1985          88     0.19534  0.17796  0.50   14383    2560   13104    57307   3.98
  1985          89     0.21280  0.19233  0.50   11824    2274   10687    44203   3.74
  1985          90     0.23135  0.20737  0.50    9550    1980    8560    33517   3.51
  1985          91     0.25100  0.22301  0.50    7569    1688    6725    24957   3.30
  1985          92     0.27171  0.23921  0.50    5881    1407    5178    18232   3.10
  1985          93     0.29345  0.25590  0.50    4474    1145    3902    13054   2.92
  1985          94     0.31616  0.27300  0.50    3329     909    2875     9152   2.75
  1985          95     0.33978  0.29044  0.50    2421     703    2069     6277   2.59
  1985          96     0.36423  0.30812  0.50    1717     529    1453     4208   2.45
  1985          97     0.38939  0.32593  0.50    1188     387     995     2755   2.32
  1985          98     0.41516  0.34379  0.50     801     275     663     1760   2.20
  1985          99     0.44139  0.36159  0.50     526     190     431     1097   2.09
  1985         100     0.46794  0.37922  0.50     336     127     272      666   1.99
  1985         101     0.49466  0.39657  0.50     208      83     167      394   1.89
  1985         102     0.52138  0.41356  0.50     126      52     100      227   1.81
  1985         103     0.54793  0.43010  0.50      74      32      58      128   1.73
  1985         104     0.57418  0.44611  0.50      42      19      33       70   1.66
  1985         105     0.59997  0.46152  0.50      23      11      18       37   1.60
  1985         106     0.62523  0.47632  0.50      13       6      10       19   1.54
  1985         107     0.64992  0.49052  0.50       7       3       5       10   1.49
  1985         108     0.67411  0.50417  0.50       3       2       3        5   1.44
  1985         109     0.69791  0.51737  0.50       2       1       1        2   1.40
  1985         110+    0.73625  1.00000  1.36       1       1       1        1   1.36
  1986           0     0.00651  0.00647  0.17  100000     647   99461  7472912  74.73
  1986           1     0.00087  0.00087  0.50   99353      87   99309  7373451  74.21
  1986           2     0.00068  0.00068  0.50   99266      67   99232  7274142  73.28
  1986           3     0.00052  0.00051  0.50   99199      51   99173  7174909  72.33
  1986           4     0.00040  0.00040  0.50   99148      39   99128  7075736  71.37
  1986           5     0.00033  0.00033  0.50   99108      32   99092  6976608  70.39
  1986           6     0.00028  0.00028  0.50   99076      27   99062  6877516  69.42
  1986           7     0.00023  0.00023  0.50   99049      22   99038  6778453  68.44
  1986           8     0.00018  0.00018  0.50   99026      18   99017  6679416  67.45
  1986           9     0.00015  0.00015  0.50   99008      15   99001  6580398  66.46
  1986          10     0.00013  0.00013  0.50   98993      13   98987  6481397  65.47
  1986          11     0.00014  0.00014  0.50   98980      14   98973  6382411  64.48
  1986          12     0.00019  0.00019  0.50   98966      18   98957  6283438  63.49
  1986          13     0.00029  0.00029  0.50   98947      28   98933  6184481  62.50
  1986          14     0.00045  0.00045  0.50   98919      44   98897  6085548  61.52
  1986          15     0.00066  0.00066  0.50   98875      65   98842  5986651  60.55
  1986          16     0.00089  0.00089  0.50   98810      88   98766  5887808  59.59
  1986          17     0.00111  0.00111  0.50   98721     109   98667  5789043  58.64
  1986          18     0.00126  0.00126  0.50   98612     124   98550  5690376  57.70
  1986          19     0.00133  0.00133  0.50   98488     131   98422  5591826  56.78
  1986          20     0.00134  0.00134  0.50   98357     132   98291  5493403  55.85
  1986          21     0.00131  0.00131  0.50   98225     128   98160  5395113  54.93
  1986          22     0.00124  0.00124  0.50   98096     121   98036  5296952  54.00
  1986          23     0.00116  0.00116  0.50   97975     113   97918  5198917  53.06
  1986          24     0.00110  0.00110  0.50   97862     107   97808  5100998  52.12
  1986          25     0.00103  0.00103  0.50   97754     101   97704  5003190  51.18
  1986          26     0.00097  0.00097  0.50   97654      94   97606  4905486  50.23
  1986          27     0.00091  0.00091  0.50   97559      89   97515  4807880  49.28
  1986          28     0.00088  0.00088  0.50   97470      86   97427  4710365  48.33
  1986          29     0.00087  0.00087  0.50   97384      85   97342  4612938  47.37
  1986          30     0.00087  0.00087  0.50   97300      85   97257  4515596  46.41
  1986          31     0.00089  0.00089  0.50   97215      86   97172  4418339  45.45
  1986          32     0.00092  0.00092  0.50   97129      89   97084  4321167  44.49
  1986          33     0.00096  0.00096  0.50   97040      93   96993  4224083  43.53
  1986          34     0.00101  0.00101  0.50   96947      98   96898  4127090  42.57
  1986          35     0.00107  0.00107  0.50   96849     103   96798  4030192  41.61
  1986          36     0.00114  0.00114  0.50   96746     110   96691  3933394  40.66
  1986          37     0.00125  0.00125  0.50   96636     121   96576  3836703  39.70
  1986          38     0.00141  0.00141  0.50   96516     136   96447  3740127  38.75
  1986          39     0.00163  0.00163  0.50   96379     157   96301  3643679  37.81
  1986          40     0.00188  0.00187  0.50   96222     180   96132  3547379  36.87
  1986          41     0.00212  0.00212  0.50   96042     203   95940  3451247  35.93
  1986          42     0.00236  0.00236  0.50   95838     226   95726  3355306  35.01
  1986          43     0.00260  0.00260  0.50   95613     248   95488  3259581  34.09
  1986          44     0.00285  0.00284  0.50   95364     271   95228  3164093  33.18
  1986          45     0.00312  0.00312  0.50   95093     296   94945  3068864  32.27
  1986          46     0.00344  0.00344  0.50   94796     326   94634  2973920  31.37
  1986          47     0.00381  0.00380  0.50   94471     359   94291  2879286  30.48
  1986          48     0.00423  0.00422  0.50   94111     397   93913  2784995  29.59
  1986          49     0.00471  0.00470  0.50   93714     440   93494  2691082  28.72
  1986          50     0.00525  0.00524  0.50   93274     488   93030  2597588  27.85
  1986          51     0.00585  0.00583  0.50   92785     541   92515  2504559  26.99
  1986          52     0.00647  0.00645  0.50   92244     595   91947  2412044  26.15
  1986          53     0.00704  0.00702  0.50   91649     643   91328  2320098  25.31
  1986          54     0.00757  0.00754  0.50   91006     687   90663  2228770  24.49
  1986          55     0.00808  0.00805  0.50   90320     727   89956  2138107  23.67
  1986          56     0.00858  0.00855  0.50   89593     766   89210  2048151  22.86
  1986          57     0.00910  0.00906  0.50   88827     805   88425  1958941  22.05
  1986          58     0.00968  0.00963  0.50   88022     848   87598  1870516  21.25
  1986          59     0.01036  0.01031  0.50   87174     898   86725  1782918  20.45
  1986          60     0.01113  0.01107  0.50   86276     955   85798  1696192  19.66
  1986          61     0.01195  0.01188  0.50   85321    1014   84814  1610394  18.87
  1986          62     0.01279  0.01271  0.50   84307    1072   83771  1525580  18.10
  1986          63     0.01366  0.01357  0.50   83235    1130   82670  1441809  17.32
  1986          64     0.01470  0.01459  0.50   82106    1198   81506  1359139  16.55
  1986          65     0.01603  0.01591  0.50   80907    1287   80264  1277632  15.79
  1986          66     0.01768  0.01753  0.50   79620    1396   78923  1197368  15.04
  1986          67     0.01976  0.01957  0.50   78225    1531   77459  1118446  14.30
  1986          68     0.02239  0.02215  0.50   76694    1699   75845  1040986  13.57
  1986          69     0.02552  0.02520  0.50   74995    1890   74051   965142  12.87
  1986          70     0.02906  0.02864  0.50   73106    2094   72059   891091  12.19
  1986          71     0.03297  0.03244  0.50   71012    2303   69860   819032  11.53
  1986          72     0.03720  0.03652  0.50   68708    2509   67454   749172  10.90
  1986          73     0.04168  0.04083  0.50   66199    2703   64848   681718  10.30
  1986          74     0.04641  0.04536  0.50   63496    2880   62056   616871   9.72
  1986          75     0.05144  0.05015  0.50   60616    3040   59096   554814   9.15
  1986          76     0.05704  0.05545  0.50   57576    3193   55980   495718   8.61
  1986          77     0.06343  0.06148  0.50   54383    3343   52712   439738   8.09
  1986          78     0.07086  0.06843  0.50   51040    3493   49293   387026   7.58
  1986          79     0.07957  0.07652  0.50   47547    3639   45728   337733   7.10
  1986          80     0.08966  0.08582  0.50   43909    3768   42024   292005   6.65
  1986          81     0.10068  0.09586  0.50   40140    3848   38217   249981   6.23
  1986          82     0.11216  0.10620  0.50   36293    3854   34365   211764   5.83
  1986          83     0.12414  0.11688  0.50   32438    3791   30543   177399   5.47
  1986          84     0.13677  0.12802  0.50   28647    3667   26813   146856   5.13
  1986          85     0.15021  0.13971  0.50   24979    3490   23234   120043   4.81
  1986          86     0.16457  0.15206  0.50   21489    3268   19856    96809   4.50
  1986          87     0.17999  0.16513  0.50   18222    3009   16717    76953   4.22
  1986          88     0.19652  0.17894  0.50   15213    2722   13852    60236   3.96
  1986          89     0.21419  0.19347  0.50   12491    2417   11282    46384   3.71
  1986          90     0.23302  0.20870  0.50   10074    2102    9023    35102   3.48
  1986          91     0.25298  0.22457  0.50    7971    1790    7076    26079   3.27
  1986          92     0.27405  0.24102  0.50    6181    1490    5436    19003   3.07
  1986          93     0.29618  0.25797  0.50    4691    1210    4086    13566   2.89
  1986          94     0.31931  0.27535  0.50    3481     959    3002     9480   2.72
  1986          95     0.34336  0.29305  0.50    2523     739    2153     6478   2.57
  1986          96     0.36824  0.31098  0.50    1783     555    1506     4325   2.43
  1986          97     0.39384  0.32905  0.50    1229     404    1027     2819   2.29
  1986          98     0.42004  0.34713  0.50     824     286     681     1792   2.17
  1986          99     0.44669  0.36514  0.50     538     197     440     1111   2.06
  1986         100     0.47365  0.38296  0.50     342     131     276      671   1.96
  1986         101     0.50075  0.40048  0.50     211      84     169      395   1.87
  1986         102     0.52782  0.41761  0.50     126      53     100      226   1.79
  1986         103     0.55470  0.43426  0.50      74      32      58      126   1.71
  1986         104     0.58121  0.45034  0.50      42      19      32       68   1.64
  1986         105     0.60722  0.46580  0.50      23      11      18       36   1.58
  1986         106     0.63262  0.48060  0.50      12       6       9       19   1.52
  1986         107     0.65737  0.49475  0.50       6       3       5        9   1.47
  1986         108     0.68152  0.50831  0.50       3       2       2        5   1.43
  1986         109     0.70523  0.52138  0.50       2       1       1        2   1.38
  1986         110+    0.74334  1.00000  1.35       1       1       1        1   1.35
  1987           0     0.00527  0.00524  0.18  100000     524   99571  7514700  75.15
  1987           1     0.00078  0.00078  0.50   99476      78   99437  7415129  74.54
  1987           2     0.00070  0.00070  0.50   99398      70   99363  7315692  73.60
  1987           3     0.00061  0.00061  0.50   99328      61   99298  7216329  72.65
  1987           4     0.00052  0.00052  0.50   99267      52   99241  7117031  71.70
  1987           5     0.00045  0.00045  0.50   99215      44   99193  7017790  70.73
  1987           6     0.00037  0.00037  0.50   99171      37   99153  6918597  69.76
  1987           7     0.00029  0.00029  0.50   99135      28   99120  6819444  68.79
  1987           8     0.00020  0.00020  0.50   99106      19   99096  6720323  67.81
  1987           9     0.00013  0.00013  0.50   99087      13   99080  6621227  66.82
  1987          10     0.00012  0.00012  0.50   99074      12   99068  6522147  65.83
  1987          11     0.00015  0.00015  0.50   99062      15   99054  6423079  64.84
  1987          12     0.00019  0.00019  0.50   99047      18   99038  6324024  63.85
  1987          13     0.00023  0.00023  0.50   99029      23   99017  6224986  62.86
  1987          14     0.00032  0.00032  0.50   99006      32   98990  6125969  61.87
  1987          15     0.00050  0.00050  0.50   98974      50   98949  6026979  60.89
  1987          16     0.00074  0.00074  0.50   98924      73   98888  5928029  59.92
  1987          17     0.00098  0.00098  0.50   98851      97   98803  5829142  58.97
  1987          18     0.00112  0.00112  0.50   98754     110   98699  5730339  58.03
  1987          19     0.00111  0.00110  0.50   98644     109   98590  5631640  57.09
  1987          20     0.00106  0.00106  0.50   98535     105   98483  5533050  56.15
  1987          21     0.00105  0.00105  0.50   98430     103   98379  5434567  55.21
  1987          22     0.00107  0.00107  0.50   98327     105   98275  5336188  54.27
  1987          23     0.00108  0.00107  0.50   98222     106   98169  5237914  53.33
  1987          24     0.00103  0.00103  0.50   98117     101   98066  5139744  52.38
  1987          25     0.00101  0.00101  0.50   98016      99   97966  5041678  51.44
  1987          26     0.00101  0.00101  0.50   97917      99   97868  4943712  50.49
  1987          27     0.00099  0.00099  0.50   97818      97   97770  4845844  49.54
  1987          28     0.00097  0.00097  0.50   97721      95   97674  4748074  48.59
  1987          29     0.00095  0.00095  0.50   97627      92   97580  4650400  47.63
  1987          30     0.00094  0.00094  0.50   97534      91   97488  4552820  46.68
  1987          31     0.00095  0.00095  0.50   97443      92   97397  4455331  45.72
  1987          32     0.00099  0.00099  0.50   97350      96   97302  4357935  44.77
  1987          33     0.00104  0.00104  0.50   97254     101   97204  4260632  43.81
  1987          34     0.00109  0.00109  0.50   97153     106   97100  4163429  42.85
  1987          35     0.00114  0.00114  0.50   97047     110   96992  4066329  41.90
  1987          36     0.00120  0.00120  0.50   96937     116   96879  3969338  40.95
  1987          37     0.00132  0.00132  0.50   96821     127   96757  3872459  40.00
  1987          38     0.00147  0.00147  0.50   96693     142   96622  3775702  39.05
  1987          39     0.00162  0.00162  0.50   96551     156   96473  3679080  38.11
  1987          40     0.00177  0.00177  0.50   96395     171   96310  3582607  37.17
  1987          41     0.00194  0.00193  0.50   96224     186   96131  3486297  36.23
  1987          42     0.00209  0.00209  0.50   96038     201   95938  3390166  35.30
  1987          43     0.00225  0.00224  0.50   95838     215   95730  3294228  34.37
  1987          44     0.00240  0.00240  0.50   95623     229   95508  3198498  33.45
  1987          45     0.00253  0.00253  0.50   95393     241   95273  3102990  32.53
  1987          46     0.00266  0.00265  0.50   95152     252   95026  3007717  31.61
  1987          47     0.00287  0.00287  0.50   94900     272   94764  2912692  30.69
  1987          48     0.00324  0.00324  0.50   94627     306   94474  2817928  29.78
  1987          49     0.00378  0.00377  0.50   94321     356   94143  2723454  28.87
  1987          50     0.00440  0.00439  0.50   93965     412   93759  2629311  27.98
  1987          51     0.00500  0.00499  0.50   93553     467   93320  2535552  27.10
  1987          52     0.00568  0.00567  0.50   93086     528   92822  2442232  26.24
  1987          53     0.00648  0.00646  0.50   92559     598   92260  2349410  25.38
  1987          54     0.00722  0.00719  0.50   91961     661   91630  2257150  24.54
  1987          55     0.00786  0.00783  0.50   91299     715   90942  2165520  23.72
  1987          56     0.00846  0.00843  0.50   90585     763   90203  2074578  22.90
  1987          57     0.00910  0.00906  0.50   89821     814   89415  1984376  22.09
  1987          58     0.00983  0.00979  0.50   89008     871   88572  1894961  21.29
  1987          59     0.01063  0.01058  0.50   88137     932   87671  1806389  20.50
  1987          60     0.01153  0.01146  0.50   87204     999   86705  1718718  19.71
  1987          61     0.01255  0.01247  0.50   86205    1075   85667  1632014  18.93
  1987          62     0.01365  0.01356  0.50   85130    1155   84553  1546346  18.16
  1987          63     0.01479  0.01468  0.50   83975    1233   83359  1461794  17.41
  1987          64     0.01590  0.01577  0.50   82743    1305   82090  1378435  16.66
  1987          65     0.01701  0.01686  0.50   81438    1373   80751  1296344  15.92
  1987          66     0.01839  0.01822  0.50   80064    1459   79335  1215593  15.18
  1987          67     0.02016  0.01996  0.50   78606    1569   77821  1136258  14.46
  1987          68     0.02238  0.02213  0.50   77037    1705   76184  1058437  13.74
  1987          69     0.02506  0.02475  0.50   75332    1865   74399   982253  13.04
  1987          70     0.02821  0.02782  0.50   73467    2044   72445   907854  12.36
  1987          71     0.03172  0.03122  0.50   71423    2230   70308   835408  11.70
  1987          72     0.03554  0.03491  0.50   69193    2416   67986   765100  11.06
  1987          73     0.03966  0.03889  0.50   66778    2597   65479   697114  10.44
  1987          74     0.04421  0.04325  0.50   64181    2776   62793   631635   9.84
  1987          75     0.04928  0.04809  0.50   61405    2953   59928   568842   9.26
  1987          76     0.05473  0.05327  0.50   58452    3114   56895   508914   8.71
  1987          77     0.06087  0.05907  0.50   55338    3269   53703   452020   8.17
  1987          78     0.06811  0.06587  0.50   52069    3430   50354   398316   7.65
  1987          79     0.07679  0.07395  0.50   48639    3597   46840   347963   7.15
  1987          80     0.08704  0.08341  0.50   45042    3757   43163   301123   6.69
  1987          81     0.09822  0.09362  0.50   41285    3865   39352   257959   6.25
  1987          82     0.10974  0.10403  0.50   37420    3893   35474   218607   5.84
  1987          83     0.12185  0.11485  0.50   33527    3851   31602   183133   5.46
  1987          84     0.13482  0.12630  0.50   29676    3748   27802   151531   5.11
  1987          85     0.14882  0.13852  0.50   25928    3591   24132   123729   4.77
  1987          86     0.16399  0.15156  0.50   22337    3385   20644    99597   4.46
  1987          87     0.18041  0.16548  0.50   18951    3136   17383    78953   4.17
  1987          88     0.19812  0.18026  0.50   15815    2851   14390    61570   3.89
  1987          89     0.21712  0.19585  0.50   12964    2539   11695    47180   3.64
  1987          90     0.23740  0.21221  0.50   10425    2212    9319    35485   3.40
  1987          91     0.25896  0.22927  0.50    8213    1883    7271    26166   3.19
  1987          92     0.28175  0.24696  0.50    6330    1563    5548    18895   2.99
  1987          93     0.30572  0.26518  0.50    4767    1264    4135    13347   2.80
  1987          94     0.33078  0.28383  0.50    3503     994    3006     9212   2.63
  1987          95     0.35684  0.30281  0.50    2508     760    2129     6207   2.47
  1987          96     0.38377  0.32198  0.50    1749     563    1467     4078   2.33
  1987          97     0.41143  0.34123  0.50    1186     405     983     2611   2.20
  1987          98     0.43967  0.36043  0.50     781     282     640     1627   2.08
  1987          99     0.46830  0.37945  0.50     500     190     405      987   1.98
  1987         100     0.49714  0.39817  0.50     310     123     248      582   1.88
  1987         101     0.52600  0.41647  0.50     187      78     148      334   1.79
  1987         102     0.55469  0.43425  0.50     109      47      85      186   1.71
  1987         103     0.58301  0.45142  0.50      62      28      48      101   1.64
  1987         104     0.61077  0.46789  0.50      34      16      26       53   1.57
  1987         105     0.63778  0.48358  0.50      18       9      14       27   1.51
  1987         106     0.66390  0.49844  0.50       9       5       7       14   1.46
  1987         107     0.68901  0.51246  0.50       5       2       3        7   1.41
  1987         108     0.71317  0.52571  0.50       2       1       2        3   1.37
  1987         109     0.73654  0.53830  0.50       1       1       1        1   1.33
  1987         110+    0.77330  1.00000  1.29       0       0       1        1   1.29
  1988           0     0.00631  0.00628  0.17  100000     628   99479  7484254  74.84
  1988           1     0.00076  0.00076  0.50   99372      75   99334  7384775  74.31
  1988           2     0.00064  0.00064  0.50   99297      63   99265  7285440  73.37
  1988           3     0.00053  0.00053  0.50   99234      53   99207  7186175  72.42
  1988           4     0.00045  0.00045  0.50   99181      45   99159  7086968  71.45
  1988           5     0.00039  0.00039  0.50   99136      38   99117  6987809  70.49
  1988           6     0.00034  0.00034  0.50   99098      33   99081  6888692  69.51
  1988           7     0.00029  0.00029  0.50   99065      29   99050  6789611  68.54
  1988           8     0.00026  0.00026  0.50   99036      26   99022  6690561  67.56
  1988           9     0.00024  0.00024  0.50   99009      24   98997  6591538  66.57
  1988          10     0.00024  0.00024  0.50   98985      23   98974  6492541  65.59
  1988          11     0.00025  0.00025  0.50   98962      25   98950  6393567  64.61
  1988          12     0.00029  0.00029  0.50   98937      29   98923  6294617  63.62
  1988          13     0.00038  0.00038  0.50   98909      37   98890  6195694  62.64
  1988          14     0.00051  0.00051  0.50   98871      51   98846  6096804  61.66
  1988          15     0.00070  0.00070  0.50   98820      69   98786  5997959  60.70
  1988          16     0.00089  0.00089  0.50   98751      87   98707  5899173  59.74
  1988          17     0.00103  0.00103  0.50   98664     101   98613  5800466  58.79
  1988          18     0.00111  0.00111  0.50   98563     110   98508  5701853  57.85
  1988          19     0.00116  0.00115  0.50   98453     114   98396  5603345  56.91
  1988          20     0.00118  0.00118  0.50   98339     116   98281  5504949  55.98
  1988          21     0.00119  0.00119  0.50   98223     117   98165  5406668  55.04
  1988          22     0.00119  0.00119  0.50   98107     117   98048  5308503  54.11
  1988          23     0.00118  0.00118  0.50   97990     115   97932  5210455  53.17
  1988          24     0.00114  0.00114  0.50   97874     111   97818  5112523  52.24
  1988          25     0.00108  0.00108  0.50   97763     106   97710  5014704  51.29
  1988          26     0.00103  0.00103  0.50   97657     100   97607  4916995  50.35
  1988          27     0.00097  0.00097  0.50   97556      95   97509  4819388  49.40
  1988          28     0.00093  0.00092  0.50   97462      90   97416  4721879  48.45
  1988          29     0.00089  0.00089  0.50   97371      87   97328  4624462  47.49
  1988          30     0.00087  0.00087  0.50   97285      85   97242  4527134  46.53
  1988          31     0.00088  0.00088  0.50   97200      86   97157  4429892  45.58
  1988          32     0.00092  0.00092  0.50   97114      89   97070  4332735  44.61
  1988          33     0.00099  0.00099  0.50   97025      96   96977  4235665  43.66
  1988          34     0.00108  0.00108  0.50   96929     105   96877  4138688  42.70
  1988          35     0.00120  0.00120  0.50   96824     116   96767  4041811  41.74
  1988          36     0.00131  0.00131  0.50   96709     126   96645  3945044  40.79
  1988          37     0.00142  0.00141  0.50   96582     137   96514  3848399  39.85
  1988          38     0.00153  0.00153  0.50   96446     147   96372  3751885  38.90
  1988          39     0.00165  0.00165  0.50   96298     159   96219  3655513  37.96
  1988          40     0.00179  0.00179  0.50   96139     172   96053  3559294  37.02
  1988          41     0.00194  0.00194  0.50   95967     186   95874  3463241  36.09
  1988          42     0.00210  0.00209  0.50   95781     201   95680  3367367  35.16
  1988          43     0.00226  0.00226  0.50   95580     216   95472  3271687  34.23
  1988          44     0.00246  0.00245  0.50   95364     234   95247  3176215  33.31
  1988          45     0.00267  0.00266  0.50   95130     253   95003  3080968  32.39
  1988          46     0.00289  0.00288  0.50   94877     273   94740  2985965  31.47
  1988          47     0.00314  0.00314  0.50   94603     297   94455  2891225  30.56
  1988          48     0.00347  0.00346  0.50   94306     326   94143  2796770  29.66
  1988          49     0.00388  0.00387  0.50   93980     364   93798  2702627  28.76
  1988          50     0.00443  0.00442  0.50   93616     413   93409  2608829  27.87
  1988          51     0.00512  0.00511  0.50   93203     476   92965  2515420  26.99
  1988          52     0.00597  0.00595  0.50   92727     552   92451  2422455  26.12
  1988          53     0.00691  0.00689  0.50   92175     635   91858  2330004  25.28
  1988          54     0.00779  0.00776  0.50   91540     710   91185  2238147  24.45
  1988          55     0.00855  0.00852  0.50   90830     774   90443  2146962  23.64
  1988          56     0.00920  0.00916  0.50   90056     825   89644  2056518  22.84
  1988          57     0.00977  0.00972  0.50   89232     867   88798  1966874  22.04
  1988          58     0.01031  0.01026  0.50   88364     906   87911  1878077  21.25
  1988          59     0.01088  0.01082  0.50   87458     946   86985  1790165  20.47
  1988          60     0.01153  0.01146  0.50   86512     992   86016  1703180  19.69
  1988          61     0.01231  0.01223  0.50   85520    1046   84997  1617164  18.91
  1988          62     0.01322  0.01313  0.50   84474    1109   83919  1532167  18.14
  1988          63     0.01426  0.01415  0.50   83365    1180   82775  1448248  17.37
  1988          64     0.01546  0.01534  0.50   82185    1260   81554  1365474  16.61
  1988          65     0.01687  0.01673  0.50   80924    1354   80247  1283919  15.87
  1988          66     0.01861  0.01844  0.50   79570    1467   78837  1203672  15.13
  1988          67     0.02064  0.02043  0.50   78103    1596   77305  1124836  14.40
  1988          68     0.02292  0.02266  0.50   76507    1734   75641  1047530  13.69
  1988          69     0.02538  0.02506  0.50   74774    1874   73837   971890  13.00
  1988          70     0.02798  0.02760  0.50   72900    2012   71894   898053  12.32
  1988          71     0.03087  0.03040  0.50   70888    2155   69810   826159  11.65
  1988          72     0.03425  0.03368  0.50   68733    2315   67575   756349  11.00
  1988          73     0.03831  0.03759  0.50   66418    2497   65170   688774  10.37
  1988          74     0.04324  0.04233  0.50   63921    2705   62568   623604   9.76
  1988          75     0.04915  0.04797  0.50   61216    2936   59747   561036   9.16
  1988          76     0.05589  0.05437  0.50   58279    3169   56695   501288   8.60
  1988          77     0.06339  0.06144  0.50   55110    3386   53417   444593   8.07
  1988          78     0.07159  0.06912  0.50   51724    3575   49937   391176   7.56
  1988          79     0.08057  0.07745  0.50   48149    3729   46285   341239   7.09
  1988          80     0.09039  0.08648  0.50   44420    3841   42500   294954   6.64
  1988          81     0.10091  0.09606  0.50   40579    3898   38630   252455   6.22
  1988          82     0.11202  0.10608  0.50   36681    3891   34735   213825   5.83
  1988          83     0.12382  0.11660  0.50   32790    3823   30878   179090   5.46
  1988          84     0.13645  0.12774  0.50   28966    3700   27116   148212   5.12
  1988          85     0.15002  0.13955  0.50   25266    3526   23503   121095   4.79
  1988          86     0.16461  0.15209  0.50   21740    3307   20087    97592   4.49
  1988          87     0.18032  0.16540  0.50   18434    3049   16909    77505   4.20
  1988          88     0.19717  0.17948  0.50   15385    2761   14004    60595   3.94
  1988          89     0.21521  0.19430  0.50   12624    2453   11397    46591   3.69
  1988          90     0.23442  0.20983  0.50   10171    2134    9104    35194   3.46
  1988          91     0.25480  0.22601  0.50    8037    1816    7129    26090   3.25
  1988          92     0.27632  0.24278  0.50    6220    1510    5465    18962   3.05
  1988          93     0.29893  0.26006  0.50    4710    1225    4098    13496   2.87
  1988          94     0.32255  0.27776  0.50    3485     968    3001     9399   2.70
  1988          95     0.34713  0.29579  0.50    2517     745    2145     6397   2.54
  1988          96     0.37253  0.31404  0.50    1773     557    1494     4252   2.40
  1988          97     0.39866  0.33241  0.50    1216     404    1014     2758   2.27
  1988          98     0.42538  0.35077  0.50     812     285     669     1744   2.15
  1988          99     0.45254  0.36904  0.50     527     194     430     1075   2.04
  1988         100     0.47997  0.38707  0.50     333     129     268      645   1.94
  1988         101     0.50750  0.40478  0.50     204      83     163      377   1.85
  1988         102     0.53495  0.42206  0.50     121      51      96      214   1.77
  1988         103     0.56216  0.43882  0.50      70      31      55      119   1.69
  1988         104     0.58894  0.45497  0.50      39      18      30       64   1.62
  1988         105     0.61517  0.47046  0.50      21      10      16       34   1.56
  1988         106     0.64075  0.48528  0.50      11       6       9       17   1.51
  1988         107     0.66565  0.49943  0.50       6       3       4        9   1.46
  1988         108     0.68996  0.51299  0.50       3       2       2        4   1.41
  1988         109     0.71383  0.52607  0.50       1       1       1        2   1.37
  1988         110+    0.75133  1.00000  1.33       1       1       1        1   1.33
  1989           0     0.00498  0.00496  0.19  100000     496   99596  7567804  75.68
  1989           1     0.00091  0.00091  0.50   99504      91   99459  7468208  75.05
  1989           2     0.00068  0.00068  0.50   99413      68   99380  7368749  74.12
  1989           3     0.00045  0.00045  0.50   99346      44   99323  7269370  73.17
  1989           4     0.00026  0.00026  0.50   99301      26   99288  7170046  72.20
  1989           5     0.00017  0.00017  0.50   99275      17   99267  7070758  71.22
  1989           6     0.00015  0.00015  0.50   99258      15   99250  6971492  70.24
  1989           7     0.00016  0.00016  0.50   99243      16   99235  6872241  69.25
  1989           8     0.00014  0.00014  0.50   99227      14   99220  6773006  68.26
  1989           9     0.00012  0.00012  0.50   99213      11   99207  6673786  67.27
  1989          10     0.00012  0.00012  0.50   99202      11   99196  6574579  66.27
  1989          11     0.00013  0.00013  0.50   99190      13   99184  6475383  65.28
  1989          12     0.00014  0.00014  0.50   99177      14   99170  6376199  64.29
  1989          13     0.00020  0.00020  0.50   99163      20   99154  6277029  63.30
  1989          14     0.00035  0.00035  0.50   99144      35   99126  6177875  62.31
  1989          15     0.00065  0.00065  0.50   99109      64   99076  6078749  61.33
  1989          16     0.00098  0.00098  0.50   99044      97   98996  5979673  60.37
  1989          17     0.00125  0.00125  0.50   98947     124   98885  5880677  59.43
  1989          18     0.00140  0.00140  0.50   98823     138   98754  5781792  58.51
  1989          19     0.00143  0.00143  0.50   98685     141   98614  5683038  57.59
  1989          20     0.00141  0.00141  0.50   98544     139   98474  5584423  56.67
  1989          21     0.00137  0.00137  0.50   98405     135   98337  5485949  55.75
  1989          22     0.00129  0.00129  0.50   98270     126   98207  5387612  54.82
  1989          23     0.00117  0.00117  0.50   98143     114   98086  5289405  53.89
  1989          24     0.00103  0.00103  0.50   98029     101   97978  5191319  52.96
  1989          25     0.00093  0.00093  0.50   97928      91   97882  5093341  52.01
  1989          26     0.00085  0.00085  0.50   97837      83   97796  4995458  51.06
  1989          27     0.00079  0.00079  0.50   97754      78   97715  4897663  50.10
  1989          28     0.00076  0.00076  0.50   97676      74   97639  4799948  49.14
  1989          29     0.00075  0.00075  0.50   97602      73   97566  4702308  48.18
  1989          30     0.00078  0.00078  0.50   97529      76   97491  4604743  47.21
  1989          31     0.00084  0.00084  0.50   97452      82   97411  4507252  46.25
  1989          32     0.00089  0.00089  0.50   97370      87   97327  4409841  45.29
  1989          33     0.00092  0.00092  0.50   97284      89   97239  4312514  44.33
  1989          34     0.00092  0.00092  0.50   97194      89   97150  4215275  43.37
  1989          35     0.00092  0.00092  0.50   97105      89   97060  4118125  42.41
  1989          36     0.00095  0.00095  0.50   97016      92   96970  4021065  41.45
  1989          37     0.00102  0.00102  0.50   96924      99   96874  3924095  40.49
  1989          38     0.00112  0.00112  0.50   96825     108   96771  3827220  39.53
  1989          39     0.00120  0.00120  0.50   96717     116   96659  3730450  38.57
  1989          40     0.00128  0.00128  0.50   96601     124   96539  3633791  37.62
  1989          41     0.00140  0.00140  0.50   96477     135   96410  3537251  36.66
  1989          42     0.00157  0.00157  0.50   96343     152   96267  3440841  35.71
  1989          43     0.00179  0.00179  0.50   96191     172   96105  3344575  34.77
  1989          44     0.00202  0.00202  0.50   96019     194   95922  3248469  33.83
  1989          45     0.00226  0.00225  0.50   95825     216   95717  3152547  32.90
  1989          46     0.00252  0.00251  0.50   95609     240   95489  3056830  31.97
  1989          47     0.00287  0.00286  0.50   95369     273   95233  2961341  31.05
  1989          48     0.00336  0.00336  0.50   95096     319   94936  2866108  30.14
  1989          49     0.00402  0.00401  0.50   94777     380   94586  2771172  29.24
  1989          50     0.00468  0.00467  0.50   94396     441   94176  2676586  28.35
  1989          51     0.00520  0.00519  0.50   93955     487   93712  2582410  27.49
  1989          52     0.00549  0.00547  0.50   93468     512   93212  2488698  26.63
  1989          53     0.00565  0.00564  0.50   92956     524   92694  2395486  25.77
  1989          54     0.00625  0.00623  0.50   92432     576   92144  2302792  24.91
  1989          55     0.00721  0.00718  0.50   91856     660   91527  2210647  24.07
  1989          56     0.00827  0.00824  0.50   91197     751   90821  2119121  23.24
  1989          57     0.00924  0.00920  0.50   90446     832   90029  2028299  22.43
  1989          58     0.00996  0.00991  0.50   89613     888   89169  1938270  21.63
  1989          59     0.01038  0.01033  0.50   88725     917   88267  1849101  20.84
  1989          60     0.01088  0.01082  0.50   87809     950   87334  1760834  20.05
  1989          61     0.01175  0.01168  0.50   86859    1015   86351  1673500  19.27
  1989          62     0.01278  0.01270  0.50   85844    1090   85299  1587148  18.49
  1989          63     0.01370  0.01361  0.50   84754    1154   84177  1501849  17.72
  1989          64     0.01470  0.01459  0.50   83601    1220   82991  1417672  16.96
  1989          65     0.01605  0.01592  0.50   82381    1312   81725  1334681  16.20
  1989          66     0.01798  0.01782  0.50   81069    1444   80347  1252956  15.46
  1989          67     0.02008  0.01988  0.50   79625    1583   78833  1172609  14.73
  1989          68     0.02198  0.02174  0.50   78041    1697   77193  1093777  14.02
  1989          69     0.02392  0.02364  0.50   76345    1805   75442  1016584  13.32
  1989          70     0.02627  0.02593  0.50   74540    1933   73574   941141  12.63
  1989          71     0.02919  0.02877  0.50   72607    2089   71562   867568  11.95
  1989          72     0.03250  0.03198  0.50   70518    2255   69390   796005  11.29
  1989          73     0.03615  0.03551  0.50   68262    2424   67050   726615  10.64
  1989          74     0.04087  0.04005  0.50   65839    2637   64520   659565  10.02
  1989          75     0.04728  0.04619  0.50   63202    2919   61742   595044   9.41
  1989          76     0.05475  0.05329  0.50   60282    3212   58676   533302   8.85
  1989          77     0.06229  0.06041  0.50   57070    3448   55346   474626   8.32
  1989          78     0.06926  0.06694  0.50   53622    3590   51827   419280   7.82
  1989          79     0.07625  0.07345  0.50   50033    3675   48195   367453   7.34
  1989          80     0.08406  0.08067  0.50   46358    3740   44488   319257   6.89
  1989          81     0.09310  0.08896  0.50   42618    3791   40722   274769   6.45
  1989          82     0.10352  0.09842  0.50   38827    3821   36916   234047   6.03
  1989          83     0.11509  0.10883  0.50   35005    3810   33101   197131   5.63
  1989          84     0.12778  0.12011  0.50   31196    3747   29322   164030   5.26
  1989          85     0.14161  0.13225  0.50   27449    3630   25634   134708   4.91
  1989          86     0.15665  0.14527  0.50   23819    3460   22089   109074   4.58
  1989          87     0.17295  0.15918  0.50   20359    3241   18738    86985   4.27
  1989          88     0.19055  0.17398  0.50   17118    2978   15629    68247   3.99
  1989          89     0.20949  0.18963  0.50   14140    2681   12799    52618   3.72
  1989          90     0.22979  0.20611  0.50   11458    2362   10278    39819   3.48
  1989          91     0.25142  0.22334  0.50    9097    2032    8081    29541   3.25
  1989          92     0.27436  0.24127  0.50    7065    1705    6213    21460   3.04
  1989          93     0.29857  0.25979  0.50    5361    1393    4664    15247   2.84
  1989          94     0.32395  0.27879  0.50    3968    1106    3415    10583   2.67
  1989          95     0.35041  0.29817  0.50    2862     853    2435     7168   2.50
  1989          96     0.37783  0.31779  0.50    2008     638    1689     4733   2.36
  1989          97     0.40604  0.33752  0.50    1370     462    1139     3044   2.22
  1989          98     0.43489  0.35722  0.50     908     324     746     1905   2.10
  1989          99     0.46419  0.37675  0.50     583     220     474     1159   1.99
  1989         100     0.49374  0.39598  0.50     364     144     292      686   1.89
  1989         101     0.52333  0.41479  0.50     220      91     174      394   1.79
  1989         102     0.55276  0.43307  0.50     129      56     101      220   1.71
  1989         103     0.58183  0.45071  0.50      73      33      56      119   1.64
  1989         104     0.61034  0.46763  0.50      40      19      31       63   1.57
  1989         105     0.63809  0.48375  0.50      21      10      16       32   1.51
  1989         106     0.66490  0.49900  0.50      11       5       8       16   1.46
  1989         107     0.69061  0.51335  0.50       6       3       4        8   1.41
  1989         108     0.71523  0.52683  0.50       3       1       2        4   1.36
  1989         109     0.73887  0.53955  0.50       1       1       1        2   1.32
  1989         110+    0.77626  1.00000  1.29       1       1       1        1   1.29
  1990           0     0.00476  0.00474  0.19  100000     474   99614  7554159  75.54
  1990           1     0.00103  0.00103  0.50   99526     103   99474  7454545  74.90
  1990           2     0.00071  0.00071  0.50   99423      70   99388  7355071  73.98
  1990           3     0.00047  0.00047  0.50   99352      46   99329  7255683  73.03
  1990           4     0.00032  0.00032  0.50   99306      31   99290  7156354  72.06
  1990           5     0.00023  0.00023  0.50   99275      23   99263  7057064  71.09
  1990           6     0.00019  0.00019  0.50   99252      18   99243  6957801  70.10
  1990           7     0.00015  0.00015  0.50   99233      15   99226  6858558  69.12
  1990           8     0.00013  0.00013  0.50   99218      13   99211  6759332  68.13
  1990           9     0.00013  0.00013  0.50   99205      13   99198  6660121  67.14
  1990          10     0.00014  0.00014  0.50   99192      14   99185  6560923  66.14
  1990          11     0.00018  0.00018  0.50   99178      18   99169  6461738  65.15
  1990          12     0.00024  0.00024  0.50   99160      24   99148  6362569  64.16
  1990          13     0.00033  0.00033  0.50   99136      33   99119  6263422  63.18
  1990          14     0.00049  0.00049  0.50   99103      48   99078  6164303  62.20
  1990          15     0.00071  0.00071  0.50   99054      70   99019  6065224  61.23
  1990          16     0.00095  0.00095  0.50   98984      94   98937  5966205  60.27
  1990          17     0.00114  0.00114  0.50   98890     113   98834  5867268  59.33
  1990          18     0.00124  0.00124  0.50   98778     123   98716  5768434  58.40
  1990          19     0.00125  0.00125  0.50   98655     123   98593  5669718  57.47
  1990          20     0.00121  0.00121  0.50   98532     119   98472  5571125  56.54
  1990          21     0.00117  0.00117  0.50   98412     115   98355  5472653  55.61
  1990          22     0.00113  0.00113  0.50   98297     111   98241  5374298  54.67
  1990          23     0.00108  0.00108  0.50   98186     106   98133  5276057  53.74
  1990          24     0.00100  0.00100  0.50   98079      98   98030  5177924  52.79
  1990          25     0.00089  0.00089  0.50   97982      87   97938  5079894  51.85
  1990          26     0.00081  0.00081  0.50   97894      79   97855  4981956  50.89
  1990          27     0.00080  0.00080  0.50   97815      78   97776  4884101  49.93
  1990          28     0.00084  0.00084  0.50   97737      82   97696  4786325  48.97
  1990          29     0.00091  0.00091  0.50   97655      89   97610  4688629  48.01
  1990          30     0.00095  0.00095  0.50   97566      93   97520  4591019  47.06
  1990          31     0.00098  0.00098  0.50   97473      95   97426  4493499  46.10
  1990          32     0.00100  0.00100  0.50   97378      98   97329  4396074  45.14
  1990          33     0.00105  0.00105  0.50   97280     102   97230  4298744  44.19
  1990          34     0.00111  0.00111  0.50   97179     108   97125  4201515  43.23
  1990          35     0.00118  0.00118  0.50   97071     115   97013  4104390  42.28
  1990          36     0.00123  0.00123  0.50   96956     120   96896  4007377  41.33
  1990          37     0.00129  0.00129  0.50   96836     125   96774  3910481  40.38
  1990          38     0.00137  0.00137  0.50   96711     132   96645  3813707  39.43
  1990          39     0.00148  0.00148  0.50   96579     143   96508  3717062  38.49
  1990          40     0.00161  0.00161  0.50   96436     155   96359  3620554  37.54
  1990          41     0.00175  0.00175  0.50   96282     168   96197  3524195  36.60
  1990          42     0.00194  0.00194  0.50   96113     186   96020  3427997  35.67
  1990          43     0.00217  0.00216  0.50   95927     208   95823  3331977  34.73
  1990          44     0.00242  0.00241  0.50   95719     231   95604  3236154  33.81
  1990          45     0.00266  0.00266  0.50   95488     254   95362  3140550  32.89
  1990          46     0.00287  0.00287  0.50   95235     273   95098  3045189  31.98
  1990          47     0.00300  0.00300  0.50   94962     285   94819  2950090  31.07
  1990          48     0.00313  0.00313  0.50   94677     296   94529  2855271  30.16
  1990          49     0.00336  0.00335  0.50   94381     316   94223  2760742  29.25
  1990          50     0.00376  0.00376  0.50   94064     353   93888  2666520  28.35
  1990          51     0.00440  0.00439  0.50   93711     412   93505  2572632  27.45
  1990          52     0.00519  0.00518  0.50   93299     483   93058  2479127  26.57
  1990          53     0.00603  0.00601  0.50   92816     558   92537  2386070  25.71
  1990          54     0.00685  0.00683  0.50   92258     630   91943  2293532  24.86
  1990          55     0.00765  0.00762  0.50   91628     698   91279  2201589  24.03
  1990          56     0.00839  0.00836  0.50   90930     760   90550  2110310  23.21
  1990          57     0.00908  0.00904  0.50   90170     815   89763  2019760  22.40
  1990          58     0.00973  0.00968  0.50   89355     865   88922  1929997  21.60
  1990          59     0.01037  0.01032  0.50   88490     913   88034  1841075  20.81
  1990          60     0.01106  0.01100  0.50   87577     963   87096  1753041  20.02
  1990          61     0.01183  0.01176  0.50   86614    1018   86105  1665945  19.23
  1990          62     0.01268  0.01260  0.50   85596    1079   85056  1579840  18.46
  1990          63     0.01364  0.01355  0.50   84517    1145   83945  1494784  17.69
  1990          64     0.01481  0.01470  0.50   83372    1225   82759  1410839  16.92
  1990          65     0.01627  0.01614  0.50   82147    1326   81484  1328080  16.17
  1990          66     0.01799  0.01783  0.50   80821    1441   80100  1246596  15.42
  1990          67     0.01992  0.01973  0.50   79380    1566   78597  1166496  14.70
  1990          68     0.02205  0.02181  0.50   77814    1697   76965  1087899  13.98
  1990          69     0.02453  0.02424  0.50   76117    1845   75194  1010933  13.28
  1990          70     0.02749  0.02712  0.50   74272    2014   73265   935739  12.60
  1990          71     0.03084  0.03037  0.50   72257    2194   71160   862475  11.94
  1990          72     0.03436  0.03378  0.50   70063    2366   68880   791314  11.29
  1990          73     0.03790  0.03720  0.50   67697    2518   66438   722435  10.67
  1990          74     0.04165  0.04080  0.50   65179    2659   63849   655997  10.06
  1990          75     0.04594  0.04491  0.50   62519    2807   61115   592148   9.47
  1990          76     0.05127  0.04999  0.50   59712    2985   58219   531033   8.89
  1990          77     0.05785  0.05622  0.50   56727    3189   55132   472814   8.33
  1990          78     0.06573  0.06364  0.50   53538    3407   51834   417682   7.80
  1990          79     0.07483  0.07213  0.50   50130    3616   48322   365848   7.30
  1990          80     0.08493  0.08147  0.50   46514    3790   44620   317525   6.83
  1990          81     0.09566  0.09130  0.50   42725    3901   40774   272906   6.39
  1990          82     0.10672  0.10132  0.50   38824    3934   36857   232132   5.98
  1990          83     0.11834  0.11173  0.50   34890    3898   32941   195274   5.60
  1990          84     0.13075  0.12273  0.50   30992    3804   29090   162333   5.24
  1990          85     0.14413  0.13444  0.50   27188    3655   25361   133243   4.90
  1990          86     0.15860  0.14694  0.50   23533    3458   21804   107882   4.58
  1990          87     0.17424  0.16028  0.50   20075    3218   18466    86078   4.29
  1990          88     0.19112  0.17445  0.50   16857    2941   15387    67612   4.01
  1990          89     0.20923  0.18942  0.50   13917    2636   12599    52225   3.75
  1990          90     0.22860  0.20515  0.50   11281    2314   10124    39626   3.51
  1990          91     0.24919  0.22158  0.50    8966    1987    7973    29503   3.29
  1990          92     0.27099  0.23865  0.50    6980    1666    6147    21530   3.08
  1990          93     0.29394  0.25628  0.50    5314    1362    4633    15383   2.89
  1990          94     0.31799  0.27437  0.50    3952    1084    3410    10750   2.72
  1990          95     0.34304  0.29282  0.50    2868     840    2448     7340   2.56
  1990          96     0.36900  0.31152  0.50    2028     632    1712     4892   2.41
  1990          97     0.39574  0.33037  0.50    1396     461    1166     3180   2.28
  1990          98     0.42312  0.34923  0.50     935     327     772     2014   2.15
  1990          99     0.45097  0.36800  0.50     608     224     496     1242   2.04
  1990         100     0.47914  0.38654  0.50     385     149     310      746   1.94
  1990         101     0.50744  0.40475  0.50     236      95     188      436   1.85
  1990         102     0.53568  0.42251  0.50     140      59     111      247   1.76
  1990         103     0.56367  0.43973  0.50      81      36      63      137   1.69
  1990         104     0.59122  0.45632  0.50      45      21      35       73   1.62
  1990         105     0.61815  0.47220  0.50      25      12      19       38   1.55
  1990         106     0.64434  0.48733  0.50      13       6      10       20   1.50
  1990         107     0.66969  0.50170  0.50       7       3       5       10   1.45
  1990         108     0.69429  0.51538  0.50       3       2       2        5   1.40
  1990         109     0.71829  0.52848  0.50       2       1       1        2   1.36
  1990         110+    0.75649  1.00000  1.32       1       1       1        1   1.32
  1991           0     0.00510  0.00508  0.18  100000     508   99586  7579312  75.79
  1991           1     0.00058  0.00058  0.50   99492      58   99463  7479726  75.18
  1991           2     0.00045  0.00045  0.50   99435      45   99412  7380263  74.22
  1991           3     0.00036  0.00036  0.50   99390      36   99372  7280850  73.26
  1991           4     0.00030  0.00030  0.50   99354      30   99340  7181478  72.28
  1991           5     0.00027  0.00027  0.50   99325      27   99311  7082139  71.30
  1991           6     0.00024  0.00024  0.50   99298      24   99286  6982827  70.32
  1991           7     0.00021  0.00021  0.50   99274      21   99264  6883541  69.34
  1991           8     0.00017  0.00017  0.50   99254      17   99245  6784277  68.35
  1991           9     0.00013  0.00013  0.50   99237      13   99230  6685032  67.36
  1991          10     0.00009  0.00009  0.50   99223       9   99219  6585802  66.37
  1991          11     0.00007  0.00007  0.50   99214       7   99211  6486583  65.38
  1991          12     0.00009  0.00009  0.50   99208       9   99203  6387372  64.38
  1991          13     0.00018  0.00018  0.50   99199      18   99190  6288169  63.39
  1991          14     0.00039  0.00039  0.50   99181      38   99162  6188979  62.40
  1991          15     0.00070  0.00070  0.50   99143      69   99108  6089817  61.42
  1991          16     0.00102  0.00102  0.50   99073     101   99023  5990710  60.47
  1991          17     0.00124  0.00124  0.50   98972     122   98911  5891687  59.53
  1991          18     0.00131  0.00131  0.50   98850     130   98785  5792776  58.60
  1991          19     0.00126  0.00126  0.50   98720     124   98658  5693992  57.68
  1991          20     0.00115  0.00115  0.50   98596     113   98539  5595334  56.75
  1991          21     0.00106  0.00106  0.50   98482     105   98430  5496795  55.82
  1991          22     0.00104  0.00104  0.50   98377     102   98326  5398365  54.87
  1991          23     0.00103  0.00103  0.50   98275     101   98224  5300039  53.93
  1991          24     0.00098  0.00098  0.50   98174      96   98126  5201815  52.99
  1991          25     0.00092  0.00092  0.50   98078      90   98033  5103689  52.04
  1991          26     0.00088  0.00088  0.50   97988      86   97945  5005656  51.08
  1991          27     0.00086  0.00086  0.50   97902      84   97860  4907711  50.13
  1991          28     0.00085  0.00085  0.50   97818      83   97776  4809852  49.17
  1991          29     0.00083  0.00083  0.50   97734      81   97693  4712076  48.21
  1991          30     0.00081  0.00081  0.50   97653      79   97613  4614382  47.25
  1991          31     0.00080  0.00080  0.50   97573      78   97534  4516769  46.29
  1991          32     0.00080  0.00080  0.50   97495      78   97457  4419235  45.33
  1991          33     0.00082  0.00082  0.50   97418      80   97378  4321778  44.36
  1991          34     0.00088  0.00088  0.50   97338      86   97295  4224401  43.40
  1991          35     0.00098  0.00098  0.50   97252      95   97204  4127106  42.44
  1991          36     0.00111  0.00111  0.50   97157     108   97103  4029901  41.48
  1991          37     0.00122  0.00122  0.50   97049     119   96990  3932798  40.52
  1991          38     0.00136  0.00136  0.50   96931     132   96865  3835809  39.57
  1991          39     0.00154  0.00153  0.50   96799     148   96725  3738944  38.63
  1991          40     0.00170  0.00170  0.50   96651     164   96568  3642219  37.68
  1991          41     0.00182  0.00181  0.50   96486     175   96399  3545651  36.75
  1991          42     0.00197  0.00197  0.50   96311     190   96216  3449252  35.81
  1991          43     0.00217  0.00217  0.50   96122     208   96017  3353035  34.88
  1991          44     0.00238  0.00238  0.50   95913     228   95799  3257018  33.96
  1991          45     0.00262  0.00262  0.50   95685     250   95560  3161219  33.04
  1991          46     0.00289  0.00289  0.50   95434     275   95297  3065659  32.12
  1991          47     0.00318  0.00318  0.50   95159     303   95008  2970363  31.21
  1991          48     0.00351  0.00350  0.50   94857     332   94690  2875355  30.31
  1991          49     0.00387  0.00387  0.50   94524     365   94341  2780665  29.42
  1991          50     0.00425  0.00424  0.50   94159     399   93959  2686323  28.53
  1991          51     0.00462  0.00461  0.50   93759     433   93543  2592364  27.65
  1991          52     0.00501  0.00499  0.50   93327     466   93094  2498821  26.77
  1991          53     0.00546  0.00544  0.50   92861     505   92608  2405727  25.91
  1991          54     0.00617  0.00615  0.50   92355     568   92072  2313119  25.05
  1991          55     0.00709  0.00706  0.50   91788     648   91463  2221048  24.20
  1991          56     0.00810  0.00807  0.50   91139     735   90772  2129584  23.37
  1991          57     0.00909  0.00905  0.50   90404     818   89995  2038813  22.55
  1991          58     0.01000  0.00995  0.50   89586     892   89140  1948818  21.75
  1991          59     0.01089  0.01083  0.50   88694     961   88213  1859678  20.97
  1991          60     0.01181  0.01174  0.50   87733    1030   87218  1771465  20.19
  1991          61     0.01276  0.01268  0.50   86703    1100   86153  1684247  19.43
  1991          62     0.01369  0.01360  0.50   85603    1164   85021  1598094  18.67
  1991          63     0.01454  0.01444  0.50   84439    1219   83830  1513072  17.92
  1991          64     0.01539  0.01528  0.50   83220    1271   82584  1429243  17.17
  1991          65     0.01634  0.01621  0.50   81949    1328   81285  1346658  16.43
  1991          66     0.01746  0.01731  0.50   80621    1396   79923  1265374  15.70
  1991          67     0.01895  0.01877  0.50   79225    1487   78481  1185451  14.96
  1991          68     0.02098  0.02076  0.50   77738    1614   76931  1106969  14.24
  1991          69     0.02364  0.02336  0.50   76124    1779   75235  1030038  13.53
  1991          70     0.02686  0.02650  0.50   74345    1971   73360   954804  12.84
  1991          71     0.03010  0.02965  0.50   72375    2146   71302   881444  12.18
  1991          72     0.03334  0.03280  0.50   70229    2303   69077   810142  11.54
  1991          73     0.03677  0.03611  0.50   67926    2453   66700   741064  10.91
  1991          74     0.04055  0.03974  0.50   65473    2602   64172   674365  10.30
  1991          75     0.04486  0.04388  0.50   62871    2759   61492   610192   9.71
  1991          76     0.04986  0.04865  0.50   60113    2925   58650   548701   9.13
  1991          77     0.05553  0.05403  0.50   57188    3090   55643   490050   8.57
  1991          78     0.06186  0.06000  0.50   54098    3246   52475   434407   8.03
  1991          79     0.06930  0.06698  0.50   50852    3406   49149   381932   7.51
  1991          80     0.07821  0.07527  0.50   47446    3571   45661   332782   7.01
  1991          81     0.08830  0.08457  0.50   43875    3710   42020   287122   6.54
  1991          82     0.09923  0.09454  0.50   40165    3797   38266   245102   6.10
  1991          83     0.11109  0.10525  0.50   36368    3828   34454   206835   5.69
  1991          84     0.12405  0.11681  0.50   32540    3801   30640   172382   5.30
  1991          85     0.13822  0.12929  0.50   28739    3716   26881   141742   4.93
  1991          86     0.15370  0.14273  0.50   25024    3572   23238   114861   4.59
  1991          87     0.17059  0.15718  0.50   21452    3372   19766    91623   4.27
  1991          88     0.18893  0.17262  0.50   18080    3121   16520    71857   3.97
  1991          89     0.20874  0.18902  0.50   14959    2828   13545    55337   3.70
  1991          90     0.23006  0.20632  0.50   12132    2503   10880    41792   3.44
  1991          91     0.25284  0.22447  0.50    9629    2161    8548    30912   3.21
  1991          92     0.27708  0.24336  0.50    7467    1817    6559    22364   2.99
  1991          93     0.30269  0.26290  0.50    5650    1485    4907    15805   2.80
  1991          94     0.32959  0.28296  0.50    4165    1178    3575    10898   2.62
  1991          95     0.35765  0.30339  0.50    2986     906    2533     7323   2.45
  1991          96     0.38671  0.32405  0.50    2080     674    1743     4789   2.30
  1991          97     0.41661  0.34479  0.50    1406     485    1164     3046   2.17
  1991          98     0.44713  0.36543  0.50     921     337     753     1883   2.04
  1991          99     0.47805  0.38583  0.50     585     226     472     1130   1.93
  1991         100     0.50915  0.40583  0.50     359     146     286      658   1.83
  1991         101     0.54017  0.42530  0.50     213      91     168      372   1.74
  1991         102     0.57089  0.44412  0.50     123      54      95      204   1.66
  1991         103     0.60107  0.46217  0.50      68      31      52      108   1.59
  1991         104     0.63047  0.47936  0.50      37      18      28       56   1.52
  1991         105     0.65888  0.49561  0.50      19       9      14       28   1.46
  1991         106     0.68614  0.51087  0.50      10       5       7       14   1.41
  1991         107     0.71210  0.52513  0.50       5       2       3        6   1.37
  1991         108     0.73688  0.53848  0.50       2       1       2        3   1.33
  1991         109     0.76065  0.55107  0.50       1       1       1        1   1.29
  1991         110+    0.79668  1.00000  1.26       0       0       1        1   1.26
  1992           0     0.00400  0.00398  0.20  100000     398   99680  7565550  75.66
  1992           1     0.00077  0.00077  0.50   99602      77   99563  7465870  74.96
  1992           2     0.00060  0.00060  0.50   99525      60   99495  7366307  74.01
  1992           3     0.00045  0.00045  0.50   99465      44   99443  7266812  73.06
  1992           4     0.00033  0.00033  0.50   99421      32   99404  7167369  72.09
  1992           5     0.00026  0.00026  0.50   99388      25   99375  7067965  71.11
  1992           6     0.00023  0.00023  0.50   99363      23   99351  6968590  70.13
  1992           7     0.00023  0.00023  0.50   99340      23   99328  6869238  69.15
  1992           8     0.00024  0.00024  0.50   99316      24   99304  6769910  68.17
  1992           9     0.00025  0.00025  0.50   99292      25   99280  6670606  67.18
  1992          10     0.00024  0.00024  0.50   99267      24   99255  6571326  66.20
  1992          11     0.00024  0.00024  0.50   99243      24   99232  6472071  65.21
  1992          12     0.00027  0.00027  0.50   99220      26   99206  6372839  64.23
  1992          13     0.00034  0.00034  0.50   99193      34   99176  6273633  63.25
  1992          14     0.00049  0.00049  0.50   99159      49   99135  6174457  62.27
  1992          15     0.00071  0.00071  0.50   99110      71   99075  6075322  61.30
  1992          16     0.00095  0.00095  0.50   99040      94   98993  5976247  60.34
  1992          17     0.00115  0.00115  0.50   98946     114   98888  5877254  59.40
  1992          18     0.00128  0.00128  0.50   98831     126   98768  5778366  58.47
  1992          19     0.00130  0.00130  0.50   98705     128   98641  5679597  57.54
  1992          20     0.00125  0.00125  0.50   98577     123   98516  5580956  56.61
  1992          21     0.00117  0.00117  0.50   98454     115   98397  5482440  55.69
  1992          22     0.00109  0.00108  0.50   98339     107   98286  5384043  54.75
  1992          23     0.00101  0.00101  0.50   98233      99   98183  5285757  53.81
  1992          24     0.00095  0.00095  0.50   98134      93   98087  5187574  52.86
  1992          25     0.00092  0.00092  0.50   98041      90   97996  5089487  51.91
  1992          26     0.00091  0.00091  0.50   97951      89   97906  4991491  50.96
  1992          27     0.00092  0.00092  0.50   97861      90   97816  4893585  50.01
  1992          28     0.00094  0.00094  0.50   97771      92   97725  4795769  49.05
  1992          29     0.00096  0.00096  0.50   97679      93   97632  4698044  48.10
  1992          30     0.00096  0.00096  0.50   97586      94   97539  4600412  47.14
  1992          31     0.00097  0.00097  0.50   97492      94   97445  4502873  46.19
  1992          32     0.00098  0.00098  0.50   97397      96   97349  4405429  45.23
  1992          33     0.00100  0.00100  0.50   97302      98   97253  4308079  44.28
  1992          34     0.00103  0.00103  0.50   97204     100   97154  4210827  43.32
  1992          35     0.00106  0.00106  0.50   97104     103   97052  4113673  42.36
  1992          36     0.00113  0.00113  0.50   97001     109   96946  4016620  41.41
  1992          37     0.00122  0.00122  0.50   96892     118   96833  3919674  40.45
  1992          38     0.00133  0.00133  0.50   96774     129   96709  3822842  39.50
  1992          39     0.00147  0.00147  0.50   96645     142   96574  3726132  38.55
  1992          40     0.00162  0.00161  0.50   96503     156   96425  3629558  37.61
  1992          41     0.00178  0.00178  0.50   96347     171   96262  3533133  36.67
  1992          42     0.00197  0.00197  0.50   96176     189   96081  3436871  35.74
  1992          43     0.00221  0.00221  0.50   95987     212   95881  3340790  34.80
  1992          44     0.00251  0.00250  0.50   95775     240   95655  3244909  33.88
  1992          45     0.00283  0.00283  0.50   95535     270   95400  3149254  32.96
  1992          46     0.00315  0.00314  0.50   95265     300   95115  3053854  32.06
  1992          47     0.00341  0.00341  0.50   94965     324   94804  2958739  31.16
  1992          48     0.00363  0.00363  0.50   94642     343   94470  2863935  30.26
  1992          49     0.00384  0.00383  0.50   94298     362   94118  2769465  29.37
  1992          50     0.00409  0.00409  0.50   93937     384   93745  2675347  28.48
  1992          51     0.00445  0.00444  0.50   93553     415   93345  2581602  27.60
  1992          52     0.00493  0.00492  0.50   93138     458   92909  2488257  26.72
  1992          53     0.00553  0.00551  0.50   92680     511   92424  2395348  25.85
  1992          54     0.00622  0.00621  0.50   92169     572   91883  2302924  24.99
  1992          55     0.00700  0.00698  0.50   91597     639   91277  2211041  24.14
  1992          56     0.00785  0.00782  0.50   90958     711   90602  2119764  23.30
  1992          57     0.00874  0.00870  0.50   90247     785   89854  2029162  22.48
  1992          58     0.00965  0.00961  0.50   89461     859   89032  1939307  21.68
  1992          59     0.01056  0.01050  0.50   88602     930   88137  1850276  20.88
  1992          60     0.01143  0.01136  0.50   87672     996   87174  1762139  20.10
  1992          61     0.01228  0.01220  0.50   86675    1057   86147  1674965  19.32
  1992          62     0.01317  0.01309  0.50   85618    1121   85058  1588818  18.56
  1992          63     0.01422  0.01412  0.50   84497    1193   83901  1503761  17.80
  1992          64     0.01550  0.01539  0.50   83304    1282   82663  1419860  17.04
  1992          65     0.01706  0.01692  0.50   82022    1388   81329  1337197  16.30
  1992          66     0.01881  0.01864  0.50   80635    1503   79883  1255868  15.57
  1992          67     0.02067  0.02046  0.50   79132    1619   78323  1175985  14.86
  1992          68     0.02261  0.02236  0.50   77513    1733   76647  1097662  14.16
  1992          69     0.02473  0.02442  0.50   75780    1851   74855  1021016  13.47
  1992          70     0.02715  0.02678  0.50   73929    1980   72939   946161  12.80
  1992          71     0.03002  0.02958  0.50   71949    2128   70885   873222  12.14
  1992          72     0.03334  0.03280  0.50   69821    2290   68676   802337  11.49
  1992          73     0.03708  0.03640  0.50   67531    2458   66302   733661  10.86
  1992          74     0.04122  0.04039  0.50   65073    2628   63759   667359  10.26
  1992          75     0.04585  0.04483  0.50   62445    2799   61045   603600   9.67
  1992          76     0.05125  0.04997  0.50   59646    2980   58155   542555   9.10
  1992          77     0.05738  0.05578  0.50   56665    3161   55085   484399   8.55
  1992          78     0.06418  0.06219  0.50   53504    3327   51841   429314   8.02
  1992          79     0.07168  0.06920  0.50   50177    3472   48441   377474   7.52
  1992          80     0.07993  0.07686  0.50   46705    3590   44910   329033   7.04
  1992          81     0.08906  0.08527  0.50   43115    3676   41277   284123   6.59
  1992          82     0.09920  0.09451  0.50   39439    3727   37575   242846   6.16
  1992          83     0.11046  0.10468  0.50   35711    3738   33842   205271   5.75
  1992          84     0.12291  0.11579  0.50   31973    3702   30122   171429   5.36
  1992          85     0.13660  0.12787  0.50   28271    3615   26463   141307   5.00
  1992          86     0.15158  0.14090  0.50   24656    3474   22919   114843   4.66
  1992          87     0.16790  0.15490  0.50   21182    3281   19541    91924   4.34
  1992          88     0.18559  0.16983  0.50   17901    3040   16381    72383   4.04
  1992          89     0.20468  0.18568  0.50   14861    2759   13481    56002   3.77
  1992          90     0.22518  0.20239  0.50   12101    2449   10877    42521   3.51
  1992          91     0.24709  0.21992  0.50    9652    2123    8591    31644   3.28
  1992          92     0.27038  0.23818  0.50    7530    1793    6633    23053   3.06
  1992          93     0.29500  0.25708  0.50    5736    1475    4999    16420   2.86
  1992          94     0.32087  0.27651  0.50    4261    1178    3672    11421   2.68
  1992          95     0.34788  0.29633  0.50    3083     914    2626     7749   2.51
  1992          96     0.37590  0.31643  0.50    2170     686    1826     5123   2.36
  1992          97     0.40478  0.33665  0.50    1483     499    1233     3297   2.22
  1992          98     0.43433  0.35684  0.50     984     351     808     2063   2.10
  1992          99     0.46435  0.37685  0.50     633     238     514     1255   1.98
  1992         100     0.49462  0.39655  0.50     394     156     316      741   1.88
  1992         101     0.52492  0.41579  0.50     238      99     188      425   1.79
  1992         102     0.55500  0.43444  0.50     139      60     109      237   1.70
  1992         103     0.58465  0.45240  0.50      79      36      61      128   1.63
  1992         104     0.61363  0.46956  0.50      43      20      33       67   1.56
  1992         105     0.64176  0.48586  0.50      23      11      17       34   1.50
  1992         106     0.66895  0.50128  0.50      12       6       9       17   1.45
  1992         107     0.69513  0.51584  0.50       6       3       4        8   1.40
  1992         108     0.72045  0.52966  0.50       3       2       2        4   1.35
  1992         109     0.74511  0.54287  0.50       1       1       1        2   1.31
  1992         110+    0.78190  1.00000  1.28       1       1       1        1   1.28
  1993           0     0.00418  0.00416  0.19  100000     416   99665  7581579  75.82
  1993           1     0.00079  0.00079  0.50   99584      78   99545  7481914  75.13
  1993           2     0.00062  0.00062  0.50   99505      62   99474  7382370  74.19
  1993           3     0.00048  0.00048  0.50   99443      47   99420  7282895  73.24
  1993           4     0.00036  0.00036  0.50   99396      35   99378  7183476  72.27
  1993           5     0.00027  0.00027  0.50   99360      27   99347  7084098  71.30
  1993           6     0.00022  0.00022  0.50   99334      22   99323  6984751  70.32
  1993           7     0.00019  0.00019  0.50   99312      19   99303  6885428  69.33
  1993           8     0.00016  0.00016  0.50   99293      16   99285  6786125  68.34
  1993           9     0.00014  0.00014  0.50   99277      14   99270  6686840  67.36
  1993          10     0.00012  0.00012  0.50   99264      12   99257  6587569  66.36
  1993          11     0.00012  0.00012  0.50   99251      12   99245  6488312  65.37
  1993          12     0.00016  0.00016  0.50   99239      16   99231  6389067  64.38
  1993          13     0.00023  0.00023  0.50   99223      23   99212  6289836  63.39
  1993          14     0.00035  0.00035  0.50   99201      35   99183  6190624  62.41
  1993          15     0.00052  0.00052  0.50   99166      51   99140  6091440  61.43
  1993          16     0.00072  0.00072  0.50   99115      71   99079  5992300  60.46
  1993          17     0.00092  0.00092  0.50   99043      91   98998  5893221  59.50
  1993          18     0.00108  0.00108  0.50   98953     107   98899  5794223  58.56
  1993          19     0.00117  0.00117  0.50   98846     116   98788  5695324  57.62
  1993          20     0.00121  0.00120  0.50   98730     119   98670  5596536  56.69
  1993          21     0.00119  0.00119  0.50   98611     117   98552  5497866  55.75
  1993          22     0.00114  0.00114  0.50   98494     112   98438  5399314  54.82
  1993          23     0.00107  0.00107  0.50   98382     105   98329  5300876  53.88
  1993          24     0.00099  0.00099  0.50   98277      98   98228  5202547  52.94
  1993          25     0.00091  0.00091  0.50   98179      89   98135  5104319  51.99
  1993          26     0.00083  0.00083  0.50   98090      81   98049  5006184  51.04
  1993          27     0.00077  0.00077  0.50   98009      76   97971  4908135  50.08
  1993          28     0.00074  0.00074  0.50   97933      73   97896  4810164  49.12
  1993          29     0.00073  0.00073  0.50   97860      72   97824  4712268  48.15
  1993          30     0.00074  0.00073  0.50   97788      72   97753  4614443  47.19
  1993          31     0.00076  0.00076  0.50   97717      74   97679  4516691  46.22
  1993          32     0.00082  0.00082  0.50   97642      80   97602  4419011  45.26
  1993          33     0.00092  0.00092  0.50   97562      89   97517  4321409  44.29
  1993          34     0.00104  0.00104  0.50   97473     102   97422  4223892  43.33
  1993          35     0.00117  0.00117  0.50   97371     114   97314  4126470  42.38
  1993          36     0.00129  0.00129  0.50   97257     125   97194  4029156  41.43
  1993          37     0.00139  0.00139  0.50   97131     135   97064  3931962  40.48
  1993          38     0.00150  0.00150  0.50   96996     145   96924  3834898  39.54
  1993          39     0.00162  0.00162  0.50   96851     157   96773  3737975  38.59
  1993          40     0.00176  0.00176  0.50   96694     170   96609  3641202  37.66
  1993          41     0.00192  0.00192  0.50   96524     186   96431  3544593  36.72
  1993          42     0.00211  0.00211  0.50   96338     203   96237  3448162  35.79
  1993          43     0.00232  0.00232  0.50   96135     223   96024  3351925  34.87
  1993          44     0.00254  0.00254  0.50   95912     244   95791  3255901  33.95
  1993          45     0.00278  0.00277  0.50   95669     265   95536  3160111  33.03
  1993          46     0.00303  0.00302  0.50   95403     288   95259  3064575  32.12
  1993          47     0.00329  0.00329  0.50   95115     313   94959  2969315  31.22
  1993          48     0.00358  0.00358  0.50   94802     339   94633  2874357  30.32
  1993          49     0.00391  0.00390  0.50   94463     369   94279  2779724  29.43
  1993          50     0.00428  0.00427  0.50   94095     402   93894  2685445  28.54
  1993          51     0.00471  0.00470  0.50   93693     440   93473  2591551  27.66
  1993          52     0.00517  0.00516  0.50   93253     481   93012  2498078  26.79
  1993          53     0.00565  0.00564  0.50   92772     523   92510  2405066  25.92
  1993          54     0.00619  0.00617  0.50   92249     570   91964  2312556  25.07
  1993          55     0.00683  0.00680  0.50   91679     624   91367  2220592  24.22
  1993          56     0.00757  0.00754  0.50   91055     687   90712  2129225  23.38
  1993          57     0.00841  0.00838  0.50   90368     757   89990  2038514  22.56
  1993          58     0.00932  0.00928  0.50   89611     831   89196  1948524  21.74
  1993          59     0.01026  0.01021  0.50   88780     906   88327  1859328  20.94
  1993          60     0.01127  0.01121  0.50   87874     985   87381  1771001  20.15
  1993          61     0.01240  0.01232  0.50   86889    1071   86354  1683620  19.38
  1993          62     0.01361  0.01352  0.50   85818    1160   85238  1597267  18.61
  1993          63     0.01487  0.01476  0.50   84658    1249   84033  1512028  17.86
  1993          64     0.01610  0.01597  0.50   83409    1332   82743  1427995  17.12
  1993          65     0.01726  0.01711  0.50   82077    1404   81374  1345252  16.39
  1993          66     0.01839  0.01822  0.50   80672    1470   79937  1263878  15.67
  1993          67     0.01960  0.01941  0.50   79202    1537   78434  1183941  14.95
  1993          68     0.02104  0.02082  0.50   77665    1617   76857  1105507  14.23
  1993          69     0.02289  0.02263  0.50   76048    1721   75188  1028650  13.53
  1993          70     0.02532  0.02501  0.50   74327    1859   73398   953463  12.83
  1993          71     0.02848  0.02808  0.50   72469    2035   71451   880065  12.14
  1993          72     0.03233  0.03181  0.50   70434    2241   69313   808613  11.48
  1993          73     0.03678  0.03612  0.50   68193    2463   66961   739300  10.84
  1993          74     0.04175  0.04090  0.50   65730    2688   64386   672339  10.23
  1993          75     0.04715  0.04606  0.50   63042    2904   61590   607953   9.64
  1993          76     0.05306  0.05169  0.50   60138    3109   58584   546363   9.09
  1993          77     0.05953  0.05781  0.50   57029    3297   55381   487779   8.55
  1993          78     0.06661  0.06446  0.50   53732    3464   52000   432399   8.05
  1993          79     0.07437  0.07170  0.50   50268    3604   48466   380398   7.57
  1993          80     0.08285  0.07956  0.50   46664    3712   44808   331932   7.11
  1993          81     0.09199  0.08795  0.50   42952    3777   41063   287124   6.68
  1993          82     0.10171  0.09678  0.50   39174    3791   37279   246061   6.28
  1993          83     0.11206  0.10611  0.50   35383    3755   33506   208782   5.90
  1993          84     0.12314  0.11600  0.50   31628    3669   29794   175277   5.54
  1993          85     0.13505  0.12651  0.50   27960    3537   26191   145483   5.20
  1993          86     0.14788  0.13770  0.50   24422    3363   22741   119292   4.88
  1993          87     0.16168  0.14959  0.50   21059    3150   19484    96551   4.58
  1993          88     0.17652  0.16220  0.50   17909    2905   16457    77067   4.30
  1993          89     0.19241  0.17552  0.50   15004    2634   13687    60610   4.04
  1993          90     0.20938  0.18954  0.50   12371    2345   11198    46923   3.79
  1993          91     0.22743  0.20421  0.50   10026    2047    9002    35724   3.56
  1993          92     0.24655  0.21950  0.50    7979    1751    7103    26722   3.35
  1993          93     0.26673  0.23535  0.50    6227    1466    5494    19619   3.15
  1993          94     0.28793  0.25169  0.50    4762    1198    4162    14125   2.97
  1993          95     0.31010  0.26847  0.50    3563     957    3085     9962   2.80
  1993          96     0.33317  0.28559  0.50    2607     744    2234     6877   2.64
  1993          97     0.35707  0.30298  0.50    1862     564    1580     4643   2.49
  1993          98     0.38170  0.32052  0.50    1298     416    1090     3063   2.36
  1993          99     0.40695  0.33814  0.50     882     298     733     1973   2.24
  1993         100     0.43269  0.35573  0.50     584     208     480     1240   2.12
  1993         101     0.45879  0.37319  0.50     376     140     306      760   2.02
  1993         102     0.48510  0.39041  0.50     236      92     190      454   1.93
  1993         103     0.51146  0.40730  0.50     144      59     114      265   1.84
  1993         104     0.53772  0.42378  0.50      85      36      67      150   1.76
  1993         105     0.56373  0.43977  0.50      49      22      38       83   1.69
  1993         106     0.58939  0.45523  0.50      27      13      21       45   1.63
  1993         107     0.61462  0.47014  0.50      15       7      11       23   1.57
  1993         108     0.63946  0.48454  0.50       8       4       6       12   1.51
  1993         109     0.66397  0.49848  0.50       4       2       3        6   1.46
  1993         110+    0.70568  1.00000  1.42       2       2       3        3   1.42
  1994           0     0.00493  0.00491  0.19  100000     491   99600  7628412  76.28
  1994           1     0.00093  0.00093  0.50   99509      92   99463  7528812  75.66
  1994           2     0.00068  0.00068  0.50   99417      68   99383  7429349  74.73
  1994           3     0.00049  0.00049  0.50   99349      49   99325  7329965  73.78
  1994           4     0.00036  0.00036  0.50   99301      36   99283  7230640  72.82
  1994           5     0.00028  0.00028  0.50   99265      28   99251  7131357  71.84
  1994           6     0.00024  0.00024  0.50   99237      24   99225  7032106  70.86
  1994           7     0.00021  0.00021  0.50   99213      21   99203  6932881  69.88
  1994           8     0.00018  0.00018  0.50   99192      18   99183  6833678  68.89
  1994           9     0.00016  0.00016  0.50   99174      16   99166  6734495  67.91
  1994          10     0.00015  0.00015  0.50   99158      15   99151  6635329  66.92
  1994          11     0.00017  0.00017  0.50   99143      17   99135  6536179  65.93
  1994          12     0.00020  0.00020  0.50   99126      20   99116  6437044  64.94
  1994          13     0.00027  0.00027  0.50   99106      26   99093  6337928  63.95
  1994          14     0.00037  0.00037  0.50   99080      37   99062  6238834  62.97
  1994          15     0.00054  0.00054  0.50   99043      53   99016  6139773  61.99
  1994          16     0.00074  0.00074  0.50   98990      73   98953  6040756  61.02
  1994          17     0.00093  0.00093  0.50   98917      92   98871  5941803  60.07
  1994          18     0.00107  0.00107  0.50   98825     105   98772  5842932  59.12
  1994          19     0.00111  0.00111  0.50   98720     109   98665  5744160  58.19
  1994          20     0.00109  0.00109  0.50   98610     107   98556  5645495  57.25
  1994          21     0.00104  0.00104  0.50   98503     102   98452  5546939  56.31
  1994          22     0.00098  0.00098  0.50   98401      96   98353  5448487  55.37
  1994          23     0.00092  0.00092  0.50   98305      91   98259  5350134  54.42
  1994          24     0.00089  0.00089  0.50   98214      87   98171  5251875  53.47
  1994          25     0.00088  0.00088  0.50   98127      87   98084  5153704  52.52
  1994          26     0.00090  0.00090  0.50   98040      88   97996  5055621  51.57
  1994          27     0.00091  0.00091  0.50   97952      89   97908  4957624  50.61
  1994          28     0.00091  0.00091  0.50   97863      89   97818  4859717  49.66
  1994          29     0.00089  0.00089  0.50   97774      87   97730  4761898  48.70
  1994          30     0.00085  0.00085  0.50   97687      83   97645  4664168  47.75
  1994          31     0.00083  0.00083  0.50   97604      81   97563  4566523  46.79
  1994          32     0.00085  0.00084  0.50   97523      82   97482  4468960  45.82
  1994          33     0.00090  0.00090  0.50   97440      87   97397  4371478  44.86
  1994          34     0.00096  0.00096  0.50   97353      94   97306  4274082  43.90
  1994          35     0.00102  0.00102  0.50   97259      99   97210  4176775  42.94
  1994          36     0.00106  0.00106  0.50   97160     103   97109  4079566  41.99
  1994          37     0.00110  0.00110  0.50   97057     107   97004  3982457  41.03
  1994          38     0.00117  0.00117  0.50   96950     114   96893  3885453  40.08
  1994          39     0.00128  0.00128  0.50   96837     124   96775  3788560  39.12
  1994          40     0.00143  0.00143  0.50   96713     138   96644  3691785  38.17
  1994          41     0.00163  0.00163  0.50   96575     157   96496  3595141  37.23
  1994          42     0.00185  0.00185  0.50   96418     178   96329  3498644  36.29
  1994          43     0.00208  0.00207  0.50   96240     200   96140  3402315  35.35
  1994          44     0.00231  0.00230  0.50   96040     221   95929  3306175  34.42
  1994          45     0.00255  0.00255  0.50   95819     244   95697  3210246  33.50
  1994          46     0.00282  0.00281  0.50   95575     269   95441  3114549  32.59
  1994          47     0.00310  0.00310  0.50   95306     295   95158  3019108  31.68
  1994          48     0.00340  0.00340  0.50   95011     323   94849  2923950  30.77
  1994          49     0.00373  0.00372  0.50   94688     352   94512  2829100  29.88
  1994          50     0.00406  0.00406  0.50   94336     383   94145  2734588  28.99
  1994          51     0.00440  0.00439  0.50   93953     413   93747  2640444  28.10
  1994          52     0.00474  0.00473  0.50   93540     442   93319  2546697  27.23
  1994          53     0.00507  0.00506  0.50   93098     471   92863  2453378  26.35
  1994          54     0.00548  0.00546  0.50   92628     506   92375  2360515  25.48
  1994          55     0.00602  0.00600  0.50   92122     553   91845  2268140  24.62
  1994          56     0.00674  0.00671  0.50   91569     615   91262  2176295  23.77
  1994          57     0.00764  0.00761  0.50   90954     692   90608  2085033  22.92
  1994          58     0.00868  0.00864  0.50   90262     780   89872  1994425  22.10
  1994          59     0.00973  0.00968  0.50   89482     866   89049  1904552  21.28
  1994          60     0.01080  0.01074  0.50   88616     952   88140  1815503  20.49
  1994          61     0.01195  0.01188  0.50   87664    1041   87144  1727363  19.70
  1994          62     0.01316  0.01307  0.50   86623    1132   86057  1640219  18.94
  1994          63     0.01440  0.01430  0.50   85491    1222   84880  1554162  18.18
  1994          64     0.01567  0.01555  0.50   84268    1310   83613  1469283  17.44
  1994          65     0.01697  0.01682  0.50   82958    1396   82260  1385669  16.70
  1994          66     0.01830  0.01814  0.50   81562    1479   80823  1303409  15.98
  1994          67     0.01976  0.01957  0.50   80083    1567   79300  1222587  15.27
  1994          68     0.02143  0.02121  0.50   78516    1665   77683  1143287  14.56
  1994          69     0.02338  0.02311  0.50   76851    1776   75963  1065604  13.87
  1994          70     0.02570  0.02537  0.50   75075    1905   74122   989641  13.18
  1994          71     0.02858  0.02818  0.50   73170    2062   72139   915518  12.51
  1994          72     0.03192  0.03142  0.50   71108    2234   69991   843379  11.86
  1994          73     0.03552  0.03490  0.50   68874    2403   67672   773388  11.23
  1994          74     0.03928  0.03852  0.50   66471    2561   65190   705716  10.62
  1994          75     0.04326  0.04234  0.50   63910    2706   62557   640526  10.02
  1994          76     0.04789  0.04677  0.50   61204    2863   59773   577969   9.44
  1994          77     0.05318  0.05180  0.50   58341    3022   56830   518196   8.88
  1994          78     0.05906  0.05737  0.50   55319    3174   53732   461365   8.34
  1994          79     0.06582  0.06372  0.50   52145    3323   50484   407633   7.82
  1994          80     0.07373  0.07111  0.50   48823    3472   47087   357149   7.32
  1994          81     0.08275  0.07946  0.50   45351    3604   43549   310062   6.84
  1994          82     0.09277  0.08866  0.50   41748    3701   39897   266513   6.38
  1994          83     0.10381  0.09869  0.50   38046    3755   36169   226616   5.96
  1994          84     0.11591  0.10956  0.50   34291    3757   32413   190447   5.55
  1994          85     0.12916  0.12132  0.50   30534    3705   28682   158034   5.18
  1994          86     0.14363  0.13401  0.50   26830    3595   25032   129352   4.82
  1994          87     0.15941  0.14764  0.50   23234    3430   21519   104320   4.49
  1994          88     0.17656  0.16224  0.50   19804    3213   18198    82801   4.18
  1994          89     0.19512  0.17778  0.50   16591    2950   15116    64603   3.89
  1994          90     0.21513  0.19424  0.50   13642    2650   12317    49487   3.63
  1994          91     0.23658  0.21156  0.50   10992    2325    9829    37170   3.38
  1994          92     0.25947  0.22967  0.50    8667    1990    7671    27341   3.15
  1994          93     0.28374  0.24849  0.50    6676    1659    5847    19669   2.95
  1994          94     0.30933  0.26789  0.50    5017    1344    4345    13823   2.76
  1994          95     0.33614  0.28777  0.50    3673    1057    3145     9478   2.58
  1994          96     0.36405  0.30799  0.50    2616     806    2213     6333   2.42
  1994          97     0.39290  0.32839  0.50    1810     594    1513     4120   2.28
  1994          98     0.42251  0.34882  0.50    1216     424    1004     2607   2.14
  1994          99     0.45269  0.36914  0.50     792     292     646     1603   2.02
  1994         100     0.48322  0.38919  0.50     499     194     402      957   1.92
  1994         101     0.51387  0.40883  0.50     305     125     243      555   1.82
  1994         102     0.54440  0.42792  0.50     180      77     142      312   1.73
  1994         103     0.57456  0.44634  0.50     103      46      80      171   1.65
  1994         104     0.60413  0.46398  0.50      57      27      44       90   1.58
  1994         105     0.63288  0.48075  0.50      31      15      23       47   1.52
  1994         106     0.66068  0.49663  0.50      16       8      12       23   1.46
  1994         107     0.68745  0.51160  0.50       8       4       6       11   1.41
  1994         108     0.71330  0.52578  0.50       4       2       3        5   1.36
  1994         109     0.73843  0.53931  0.50       2       1       1        2   1.32
  1994         110+    0.77661  1.00000  1.29       1       1       1        1   1.29
  1995           0     0.00556  0.00554  0.18  100000     554   99545  7599274  75.99
  1995           1     0.00062  0.00062  0.50   99446      61   99416  7499729  75.41
  1995           2     0.00044  0.00044  0.50   99385      44   99363  7400313  74.46
  1995           3     0.00032  0.00032  0.50   99341      32   99325  7300950  73.49
  1995           4     0.00028  0.00028  0.50   99309      27   99295  7201625  72.52
  1995           5     0.00028  0.00028  0.50   99282      28   99268  7102329  71.54
  1995           6     0.00031  0.00031  0.50   99253      30   99238  7003062  70.56
  1995           7     0.00030  0.00030  0.50   99223      30   99208  6903823  69.58
  1995           8     0.00024  0.00024  0.50   99193      24   99182  6804615  68.60
  1995           9     0.00017  0.00017  0.50   99170      17   99161  6705434  67.62
  1995          10     0.00013  0.00013  0.50   99153      13   99147  6606272  66.63
  1995          11     0.00012  0.00012  0.50   99140      12   99134  6507126  65.64
  1995          12     0.00015  0.00015  0.50   99128      14   99121  6407991  64.64
  1995          13     0.00021  0.00021  0.50   99114      20   99104  6308871  63.65
  1995          14     0.00033  0.00033  0.50   99093      32   99077  6209767  62.67
  1995          15     0.00053  0.00053  0.50   99061      52   99035  6110690  61.69
  1995          16     0.00075  0.00075  0.50   99009      74   98971  6011655  60.72
  1995          17     0.00094  0.00093  0.50   98934      93   98888  5912684  59.76
  1995          18     0.00101  0.00101  0.50   98842     100   98792  5813796  58.82
  1995          19     0.00094  0.00094  0.50   98742      93   98696  5715004  57.88
  1995          20     0.00084  0.00084  0.50   98649      83   98607  5616308  56.93
  1995          21     0.00075  0.00075  0.50   98566      74   98529  5517701  55.98
  1995          22     0.00071  0.00071  0.50   98492      70   98457  5419172  55.02
  1995          23     0.00073  0.00073  0.50   98422      71   98386  5320715  54.06
  1995          24     0.00080  0.00080  0.50   98351      78   98311  5222329  53.10
  1995          25     0.00080  0.00080  0.50   98272      79   98233  5124018  52.14
  1995          26     0.00076  0.00076  0.50   98193      75   98156  5025785  51.18
  1995          27     0.00073  0.00073  0.50   98119      71   98083  4927629  50.22
  1995          28     0.00073  0.00073  0.50   98047      72   98011  4829546  49.26
  1995          29     0.00079  0.00079  0.50   97975      77   97937  4731535  48.29
  1995          30     0.00087  0.00087  0.50   97898      85   97856  4633598  47.33
  1995          31     0.00095  0.00095  0.50   97813      93   97767  4535742  46.37
  1995          32     0.00102  0.00102  0.50   97721     100   97671  4437976  45.41
  1995          33     0.00107  0.00107  0.50   97621     105   97569  4340305  44.46
  1995          34     0.00110  0.00110  0.50   97516     108   97462  4242736  43.51
  1995          35     0.00114  0.00114  0.50   97409     111   97353  4145274  42.56
  1995          36     0.00122  0.00122  0.50   97297     119   97238  4047921  41.60
  1995          37     0.00134  0.00134  0.50   97178     131   97113  3950683  40.65
  1995          38     0.00141  0.00141  0.50   97048     137   96979  3853570  39.71
  1995          39     0.00137  0.00137  0.50   96911     133   96844  3756591  38.76
  1995          40     0.00137  0.00137  0.50   96778     132   96711  3659746  37.82
  1995          41     0.00153  0.00153  0.50   96645     148   96571  3563035  36.87
  1995          42     0.00179  0.00178  0.50   96497     172   96411  3466464  35.92
  1995          43     0.00205  0.00205  0.50   96325     197   96227  3370052  34.99
  1995          44     0.00229  0.00229  0.50   96128     220   96018  3273826  34.06
  1995          45     0.00257  0.00257  0.50   95908     247   95785  3177808  33.13
  1995          46     0.00294  0.00293  0.50   95662     281   95521  3082023  32.22
  1995          47     0.00323  0.00322  0.50   95381     307   95227  2986502  31.31
  1995          48     0.00343  0.00343  0.50   95074     326   94911  2891274  30.41
  1995          49     0.00363  0.00362  0.50   94748     343   94576  2796364  29.51
  1995          50     0.00392  0.00391  0.50   94405     369   94220  2701788  28.62
  1995          51     0.00439  0.00439  0.50   94035     412   93829  2607568  27.73
  1995          52     0.00492  0.00491  0.50   93623     460   93393  2513739  26.85
  1995          53     0.00541  0.00539  0.50   93163     502   92912  2420346  25.98
  1995          54     0.00596  0.00594  0.50   92661     551   92385  2327434  25.12
  1995          55     0.00655  0.00652  0.50   92110     601   91809  2235049  24.27
  1995          56     0.00710  0.00707  0.50   91509     647   91185  2143239  23.42
  1995          57     0.00775  0.00772  0.50   90862     701   90511  2052054  22.58
  1995          58     0.00863  0.00859  0.50   90161     775   89774  1961542  21.76
  1995          59     0.00973  0.00969  0.50   89386     866   88953  1871769  20.94
  1995          60     0.01103  0.01097  0.50   88520     971   88035  1782816  20.14
  1995          61     0.01249  0.01241  0.50   87549    1087   87006  1694781  19.36
  1995          62     0.01402  0.01392  0.50   86463    1204   85861  1607775  18.60
  1995          63     0.01552  0.01540  0.50   85259    1313   84602  1521914  17.85
  1995          64     0.01697  0.01683  0.50   83946    1412   83239  1437312  17.12
  1995          65     0.01832  0.01815  0.50   82533    1498   81784  1354073  16.41
  1995          66     0.01954  0.01935  0.50   81035    1568   80251  1272288  15.70
  1995          67     0.02074  0.02053  0.50   79467    1631   78652  1192037  15.00
  1995          68     0.02213  0.02188  0.50   77836    1703   76985  1113385  14.30
  1995          69     0.02410  0.02382  0.50   76133    1813   75226  1036401  13.61
  1995          70     0.02702  0.02666  0.50   74320    1981   73329   961174  12.93
  1995          71     0.03069  0.03023  0.50   72338    2187   71245   887845  12.27
  1995          72     0.03451  0.03392  0.50   70152    2380   68962   816600  11.64
  1995          73     0.03790  0.03719  0.50   67772    2521   66512   747639  11.03
  1995          74     0.04084  0.04002  0.50   65251    2611   63946   681127  10.44
  1995          75     0.04371  0.04278  0.50   62640    2680   61300   617182   9.85
  1995          76     0.04769  0.04658  0.50   59960    2793   58564   555881   9.27
  1995          77     0.05276  0.05141  0.50   57167    2939   55698   497318   8.70
  1995          78     0.05872  0.05704  0.50   54229    3093   52682   441620   8.14
  1995          79     0.06593  0.06383  0.50   51135    3264   49503   388938   7.61
  1995          80     0.07474  0.07205  0.50   47871    3449   46147   339434   7.09
  1995          81     0.08484  0.08139  0.50   44422    3615   42615   293288   6.60
  1995          82     0.09587  0.09148  0.50   40807    3733   38940   250673   6.14
  1995          83     0.10795  0.10242  0.50   37074    3797   35175   211732   5.71
  1995          84     0.12125  0.11432  0.50   33277    3804   31374   176557   5.31
  1995          85     0.13591  0.12726  0.50   29472    3751   27597   145183   4.93
  1995          86     0.15203  0.14129  0.50   25722    3634   23905   117586   4.57
  1995          87     0.16969  0.15642  0.50   22088    3455   20360    93681   4.24
  1995          88     0.18896  0.17265  0.50   18633    3217   17024    73321   3.94
  1995          89     0.20987  0.18994  0.50   15416    2928   13952    56297   3.65
  1995          90     0.23243  0.20823  0.50   12488    2600   11188    42345   3.39
  1995          91     0.25662  0.22743  0.50    9887    2249    8763    31157   3.15
  1995          92     0.28240  0.24746  0.50    7639    1890    6694    22394   2.93
  1995          93     0.30969  0.26816  0.50    5748    1542    4978    15701   2.73
  1995          94     0.33837  0.28941  0.50    4207    1218    3598    10723   2.55
  1995          95     0.36829  0.31102  0.50    2989     930    2525     7125   2.38
  1995          96     0.39925  0.33282  0.50    2060     685    1717     4600   2.23
  1995          97     0.43105  0.35462  0.50    1374     487    1131     2883   2.10
  1995          98     0.46342  0.37624  0.50     887     334     720     1753   1.98
  1995          99     0.49610  0.39750  0.50     553     220     443     1033   1.87
  1995         100     0.52881  0.41823  0.50     333     139     264      590   1.77
  1995         101     0.56128  0.43828  0.50     194      85     151      326   1.68
  1995         102     0.59324  0.45753  0.50     109      50      84      175   1.60
  1995         103     0.62444  0.47586  0.50      59      28      45       91   1.53
  1995         104     0.65462  0.49319  0.50      31      15      23       46   1.47
  1995         105     0.68358  0.50945  0.50      16       8      12       22   1.42
  1995         106     0.71112  0.52460  0.50       8       4       6       11   1.37
  1995         107     0.73710  0.53860  0.50       4       2       3        5   1.32
  1995         108     0.76157  0.55155  0.50       2       1       1        2   1.29
  1995         109     0.78473  0.56360  0.50       1       0       1        1   1.25
  1995         110+    0.81914  1.00000  1.22       0       0       0        0   1.22
  1996           0     0.00478  0.00476  0.19  100000     476   99613  7669979  76.70
  1996           1     0.00068  0.00068  0.50   99524      68   99490  7570366  76.07
  1996           2     0.00057  0.00057  0.50   99455      57   99427  7470877  75.12
  1996           3     0.00047  0.00047  0.50   99399      47   99375  7371450  74.16
  1996           4     0.00039  0.00039  0.50   99351      39   99332  7272075  73.20
  1996           5     0.00032  0.00032  0.50   99313      32   99297  7172743  72.22
  1996           6     0.00026  0.00026  0.50   99281      26   99268  7073446  71.25
  1996           7     0.00021  0.00021  0.50   99255      21   99245  6974178  70.27
  1996           8     0.00017  0.00017  0.50   99234      17   99226  6874933  69.28
  1996           9     0.00014  0.00014  0.50   99218      14   99211  6775707  68.29
  1996          10     0.00013  0.00013  0.50   99203      13   99197  6676497  67.30
  1996          11     0.00015  0.00015  0.50   99190      14   99183  6577300  66.31
  1996          12     0.00019  0.00019  0.50   99176      19   99167  6478117  65.32
  1996          13     0.00025  0.00025  0.50   99157      25   99145  6378950  64.33
  1996          14     0.00035  0.00035  0.50   99132      34   99115  6279806  63.35
  1996          15     0.00046  0.00046  0.50   99098      46   99075  6180691  62.37
  1996          16     0.00058  0.00058  0.50   99052      57   99023  6081616  61.40
  1996          17     0.00068  0.00068  0.50   98995      67   98961  5982593  60.43
  1996          18     0.00076  0.00076  0.50   98927      75   98890  5883632  59.47
  1996          19     0.00081  0.00081  0.50   98852      80   98812  5784742  58.52
  1996          20     0.00085  0.00085  0.50   98772      84   98730  5685930  57.57
  1996          21     0.00087  0.00087  0.50   98688      86   98645  5587200  56.61
  1996          22     0.00088  0.00088  0.50   98602      87   98559  5488555  55.66
  1996          23     0.00087  0.00087  0.50   98516      85   98473  5389996  54.71
  1996          24     0.00083  0.00083  0.50   98430      82   98389  5291523  53.76
  1996          25     0.00079  0.00079  0.50   98348      77   98309  5193134  52.80
  1996          26     0.00075  0.00075  0.50   98271      73   98234  5094825  51.84
  1996          27     0.00073  0.00073  0.50   98197      71   98162  4996591  50.88
  1996          28     0.00073  0.00073  0.50   98126      72   98090  4898429  49.92
  1996          29     0.00075  0.00075  0.50   98054      74   98017  4800339  48.96
  1996          30     0.00079  0.00079  0.50   97980      77   97942  4702322  47.99
  1996          31     0.00083  0.00083  0.50   97903      81   97863  4604380  47.03
  1996          32     0.00088  0.00088  0.50   97822      86   97779  4506518  46.07
  1996          33     0.00093  0.00093  0.50   97736      91   97691  4408739  45.11
  1996          34     0.00096  0.00096  0.50   97645      94   97598  4311048  44.15
  1996          35     0.00099  0.00099  0.50   97551      97   97503  4213450  43.19
  1996          36     0.00104  0.00104  0.50   97454     101   97404  4115947  42.23
  1996          37     0.00111  0.00111  0.50   97353     108   97299  4018543  41.28
  1996          38     0.00121  0.00121  0.50   97245     118   97186  3921244  40.32
  1996          39     0.00134  0.00134  0.50   97127     130   97062  3824058  39.37
  1996          40     0.00148  0.00148  0.50   96997     143   96925  3726995  38.42
  1996          41     0.00161  0.00161  0.50   96854     156   96775  3630070  37.48
  1996          42     0.00176  0.00176  0.50   96697     170   96612  3533295  36.54
  1996          43     0.00194  0.00194  0.50   96527     187   96433  3436683  35.60
  1996          44     0.00217  0.00216  0.50   96340     209   96236  3340249  34.67
  1996          45     0.00243  0.00243  0.50   96131     234   96014  3244014  33.75
  1996          46     0.00273  0.00272  0.50   95898     261   95767  3147999  32.83
  1996          47     0.00305  0.00304  0.50   95637     291   95491  3052232  31.91
  1996          48     0.00340  0.00339  0.50   95345     323   95184  2956741  31.01
  1996          49     0.00377  0.00376  0.50   95022     357   94844  2861557  30.11
  1996          50     0.00415  0.00414  0.50   94665     392   94469  2766714  29.23
  1996          51     0.00451  0.00450  0.50   94273     424   94061  2672245  28.35
  1996          52     0.00488  0.00487  0.50   93849     457   93620  2578184  27.47
  1996          53     0.00527  0.00526  0.50   93392     491   93146  2484563  26.60
  1996          54     0.00573  0.00571  0.50   92901     530   92636  2391417  25.74
  1996          55     0.00626  0.00624  0.50   92370     576   92082  2298782  24.89
  1996          56     0.00687  0.00685  0.50   91794     629   91480  2206699  24.04
  1996          57     0.00759  0.00756  0.50   91165     690   90821  2115219  23.20
  1996          58     0.00843  0.00839  0.50   90476     760   90096  2024399  22.38
  1996          59     0.00939  0.00935  0.50   89716     839   89297  1934303  21.56
  1996          60     0.01046  0.01040  0.50   88878     925   88415  1845006  20.76
  1996          61     0.01160  0.01153  0.50   87953    1014   87446  1756590  19.97
  1996          62     0.01282  0.01274  0.50   86939    1108   86385  1669145  19.20
  1996          63     0.01412  0.01402  0.50   85831    1204   85229  1582760  18.44
  1996          64     0.01546  0.01534  0.50   84627    1298   83978  1497531  17.70
  1996          65     0.01681  0.01667  0.50   83329    1389   82635  1413552  16.96
  1996          66     0.01821  0.01805  0.50   81940    1479   81201  1330918  16.24
  1996          67     0.01981  0.01962  0.50   80461    1578   79672  1249717  15.53
  1996          68     0.02171  0.02148  0.50   78883    1694   78036  1170045  14.83
  1996          69     0.02390  0.02362  0.50   77189    1823   76277  1092009  14.15
  1996          70     0.02635  0.02601  0.50   75366    1960   74385  1015732  13.48
  1996          71     0.02901  0.02860  0.50   73405    2099   72356   941346  12.82
  1996          72     0.03187  0.03137  0.50   71306    2237   70188   868990  12.19
  1996          73     0.03497  0.03437  0.50   69069    2374   67882   798803  11.57
  1996          74     0.03842  0.03770  0.50   66696    2514   65439   730920  10.96
  1996          75     0.04236  0.04148  0.50   64181    2662   62850   665482  10.37
  1996          76     0.04680  0.04573  0.50   61519    2813   60112   602631   9.80
  1996          77     0.05188  0.05057  0.50   58706    2969   57221   542519   9.24
  1996          78     0.05772  0.05610  0.50   55737    3127   54173   485297   8.71
  1996          79     0.06429  0.06229  0.50   52610    3277   50971   431124   8.19
  1996          80     0.07155  0.06908  0.50   49333    3408   47629   380153   7.71
  1996          81     0.07949  0.07645  0.50   45925    3511   44169   332524   7.24
  1996          82     0.08814  0.08442  0.50   42414    3580   40624   288354   6.80
  1996          83     0.09755  0.09301  0.50   38833    3612   37027   247731   6.38
  1996          84     0.10780  0.10229  0.50   35221    3603   33420   210703   5.98
  1996          85     0.11896  0.11228  0.50   31619    3550   29844   177283   5.61
  1996          86     0.13108  0.12302  0.50   28069    3453   26342   147440   5.25
  1996          87     0.14423  0.13453  0.50   24616    3312   22960   121098   4.92
  1996          88     0.15846  0.14683  0.50   21304    3128   19740    98138   4.61
  1996          89     0.17381  0.15991  0.50   18176    2907   16723    78398   4.31
  1996          90     0.19031  0.17377  0.50   15270    2653   13943    61675   4.04
  1996          91     0.20798  0.18839  0.50   12616    2377   11428    47732   3.78
  1996          92     0.22683  0.20372  0.50   10239    2086    9196    36304   3.55
  1996          93     0.24685  0.21973  0.50    8153    1792    7258    27108   3.32
  1996          94     0.26803  0.23636  0.50    6362    1504    5610    19850   3.12
  1996          95     0.29032  0.25352  0.50    4858    1232    4242    14240   2.93
  1996          96     0.31366  0.27114  0.50    3627     983    3135     9998   2.76
  1996          97     0.33798  0.28912  0.50    2643     764    2261     6863   2.60
  1996          98     0.36317  0.30736  0.50    1879     578    1590     4602   2.45
  1996          99     0.38913  0.32575  0.50    1301     424    1090     3012   2.31
  1996         100     0.41571  0.34417  0.50     878     302     727     1922   2.19
  1996         101     0.44275  0.36250  0.50     576     209     471     1196   2.08
  1996         102     0.47011  0.38064  0.50     367     140     297      724   1.97
  1996         103     0.49760  0.39846  0.50     227      91     182      427   1.88
  1996         104     0.52506  0.41588  0.50     137      57     108      245   1.80
  1996         105     0.55235  0.43282  0.50      80      35      63      137   1.72
  1996         106     0.57936  0.44923  0.50      45      20      35       75   1.65
  1996         107     0.60604  0.46510  0.50      25      12      19       39   1.58
  1996         108     0.63239  0.48047  0.50      13       6      10       20   1.52
  1996         109     0.65850  0.49539  0.50       7       3       5       10   1.47
  1996         110+    0.70229  1.00000  1.42       3       3       5        5   1.42
  1997           0     0.00389  0.00388  0.20  100000     388   99688  7659059  76.59
  1997           1     0.00082  0.00082  0.50   99612      82   99571  7559370  75.89
  1997           2     0.00056  0.00056  0.50   99530      55   99502  7459800  74.95
  1997           3     0.00035  0.00035  0.50   99474      35   99457  7360297  73.99
  1997           4     0.00022  0.00022  0.50   99439      22   99429  7260841  73.02
  1997           5     0.00015  0.00015  0.50   99418      15   99411  7161412  72.03
  1997           6     0.00012  0.00012  0.50   99403      12   99397  7062001  71.04
  1997           7     0.00013  0.00013  0.50   99391      13   99384  6962604  70.05
  1997           8     0.00015  0.00015  0.50   99378      15   99370  6863220  69.06
  1997           9     0.00018  0.00018  0.50   99363      18   99354  6763850  68.07
  1997          10     0.00021  0.00021  0.50   99345      20   99335  6664496  67.08
  1997          11     0.00023  0.00023  0.50   99325      23   99313  6565161  66.10
  1997          12     0.00026  0.00026  0.50   99302      26   99289  6465847  65.11
  1997          13     0.00029  0.00029  0.50   99276      29   99261  6366559  64.13
  1997          14     0.00035  0.00035  0.50   99247      35   99229  6267297  63.15
  1997          15     0.00045  0.00045  0.50   99212      45   99190  6168068  62.17
  1997          16     0.00058  0.00058  0.50   99167      57   99139  6068878  61.20
  1997          17     0.00072  0.00072  0.50   99110      71   99075  5969740  60.23
  1997          18     0.00084  0.00084  0.50   99039      83   98998  5870665  59.28
  1997          19     0.00090  0.00090  0.50   98956      89   98912  5771667  58.33
  1997          20     0.00090  0.00090  0.50   98867      89   98823  5672756  57.38
  1997          21     0.00085  0.00085  0.50   98779      84   98737  5573932  56.43
  1997          22     0.00080  0.00080  0.50   98694      79   98655  5475196  55.48
  1997          23     0.00076  0.00076  0.50   98615      75   98578  5376541  54.52
  1997          24     0.00073  0.00073  0.50   98540      72   98504  5277963  53.56
  1997          25     0.00074  0.00074  0.50   98468      73   98432  5179459  52.60
  1997          26     0.00077  0.00077  0.50   98395      76   98358  5081027  51.64
  1997          27     0.00080  0.00080  0.50   98320      79   98280  4982669  50.68
  1997          28     0.00084  0.00084  0.50   98241      82   98200  4884389  49.72
  1997          29     0.00088  0.00088  0.50   98158      86   98115  4786189  48.76
  1997          30     0.00092  0.00092  0.50   98072      91   98027  4688074  47.80
  1997          31     0.00097  0.00097  0.50   97982      95   97934  4590047  46.85
  1997          32     0.00099  0.00099  0.50   97887      97   97838  4492113  45.89
  1997          33     0.00102  0.00102  0.50   97790      99   97740  4394275  44.94
  1997          34     0.00105  0.00105  0.50   97690     103   97639  4296535  43.98
  1997          35     0.00112  0.00112  0.50   97587     109   97533  4198897  43.03
  1997          36     0.00123  0.00123  0.50   97478     120   97419  4101364  42.07
  1997          37     0.00136  0.00136  0.50   97359     132   97293  4003945  41.13
  1997          38     0.00149  0.00149  0.50   97227     144   97154  3906652  40.18
  1997          39     0.00160  0.00160  0.50   97082     155   97004  3809498  39.24
  1997          40     0.00172  0.00171  0.50   96927     166   96844  3712494  38.30
  1997          41     0.00184  0.00184  0.50   96761     178   96671  3615650  37.37
  1997          42     0.00200  0.00199  0.50   96582     193   96486  3518979  36.44
  1997          43     0.00217  0.00217  0.50   96390     209   96285  3422492  35.51
  1997          44     0.00236  0.00236  0.50   96181     227   96068  3326207  34.58
  1997          45     0.00256  0.00256  0.50   95954     245   95832  3230140  33.66
  1997          46     0.00275  0.00275  0.50   95709     263   95577  3134308  32.75
  1997          47     0.00292  0.00292  0.50   95446     278   95307  3038730  31.84
  1997          48     0.00310  0.00310  0.50   95168     295   95020  2943424  30.93
  1997          49     0.00335  0.00334  0.50   94873     317   94714  2848404  30.02
  1997          50     0.00370  0.00369  0.50   94556     349   94381  2753689  29.12
  1997          51     0.00417  0.00416  0.50   94206     392   94010  2659309  28.23
  1997          52     0.00471  0.00470  0.50   93814     441   93593  2565298  27.34
  1997          53     0.00525  0.00523  0.50   93373     489   93129  2471705  26.47
  1997          54     0.00577  0.00575  0.50   92884     534   92617  2378576  25.61
  1997          55     0.00631  0.00629  0.50   92350     581   92060  2285959  24.75
  1997          56     0.00690  0.00688  0.50   91770     631   91454  2193899  23.91
  1997          57     0.00760  0.00757  0.50   91139     690   90794  2102445  23.07
  1997          58     0.00844  0.00840  0.50   90449     760   90069  2011651  22.24
  1997          59     0.00942  0.00938  0.50   89689     841   89269  1921582  21.42
  1997          60     0.01054  0.01048  0.50   88848     931   88382  1832313  20.62
  1997          61     0.01177  0.01170  0.50   87917    1029   87402  1743931  19.84
  1997          62     0.01304  0.01295  0.50   86888    1125   86325  1656528  19.07
  1997          63     0.01428  0.01418  0.50   85763    1216   85155  1570203  18.31
  1997          64     0.01554  0.01542  0.50   84546    1304   83895  1485048  17.56
  1997          65     0.01685  0.01671  0.50   83243    1391   82547  1401154  16.83
  1997          66     0.01826  0.01809  0.50   81851    1481   81111  1318607  16.11
  1997          67     0.01980  0.01960  0.50   80371    1575   79583  1237496  15.40
  1997          68     0.02152  0.02129  0.50   78795    1677   77956  1157913  14.70
  1997          69     0.02348  0.02321  0.50   77118    1790   76223  1079956  14.00
  1997          70     0.02579  0.02546  0.50   75328    1918   74369  1003734  13.32
  1997          71     0.02860  0.02820  0.50   73410    2070   72375   929365  12.66
  1997          72     0.03181  0.03132  0.50   71340    2234   70223   856990  12.01
  1997          73     0.03529  0.03468  0.50   69106    2397   67907   786768  11.39
  1997          74     0.03907  0.03833  0.50   66709    2557   65431   718860  10.78
  1997          75     0.04324  0.04232  0.50   64152    2715   62795   653430  10.19
  1997          76     0.04787  0.04675  0.50   61437    2872   60001   590635   9.61
  1997          77     0.05306  0.05169  0.50   58565    3027   57052   530634   9.06
  1997          78     0.05892  0.05723  0.50   55538    3179   53949   473582   8.53
  1997          79     0.06546  0.06338  0.50   52359    3319   50700   419633   8.01
  1997          80     0.07269  0.07014  0.50   49041    3440   47321   368933   7.52
  1997          81     0.08075  0.07762  0.50   45601    3539   43831   321613   7.05
  1997          82     0.08976  0.08591  0.50   42061    3613   40255   277781   6.60
  1997          83     0.09979  0.09505  0.50   38448    3655   36621   237527   6.18
  1997          84     0.11088  0.10506  0.50   34794    3655   32966   200906   5.77
  1997          85     0.12308  0.11595  0.50   31138    3610   29333   167940   5.39
  1997          86     0.13644  0.12772  0.50   27528    3516   25770   138607   5.04
  1997          87     0.15099  0.14039  0.50   24012    3371   22326   112837   4.70
  1997          88     0.16679  0.15395  0.50   20641    3178   19052    90511   4.39
  1997          89     0.18388  0.16840  0.50   17463    2941   15993    71459   4.09
  1997          90     0.20229  0.18371  0.50   14522    2668   13188    55466   3.82
  1997          91     0.22204  0.19985  0.50   11854    2369   10670    42278   3.57
  1997          92     0.24312  0.21677  0.50    9485    2056    8457    31608   3.33
  1997          93     0.26552  0.23440  0.50    7429    1741    6558    23151   3.12
  1997          94     0.28918  0.25265  0.50    5688    1437    4969    16593   2.92
  1997          95     0.31405  0.27143  0.50    4251    1154    3674    11624   2.73
  1997          96     0.34003  0.29062  0.50    3097     900    2647     7950   2.57
  1997          97     0.36701  0.31010  0.50    2197     681    1856     5303   2.41
  1997          98     0.39484  0.32974  0.50    1516     500    1266     3447   2.27
  1997          99     0.42337  0.34941  0.50    1016     355     838     2181   2.15
  1997         100     0.45242  0.36896  0.50     661     244     539     1342   2.03
  1997         101     0.48177  0.38825  0.50     417     162     336      803   1.93
  1997         102     0.51123  0.40716  0.50     255     104     203      467   1.83
  1997         103     0.54058  0.42556  0.50     151      64     119      264   1.75
  1997         104     0.56959  0.44333  0.50      87      39      68      145   1.67
  1997         105     0.59808  0.46040  0.50      48      22      37       77   1.60
  1997         106     0.62590  0.47671  0.50      26      12      20       40   1.54
  1997         107     0.65297  0.49226  0.50      14       7      10       20   1.48
  1997         108     0.67936  0.50711  0.50       7       4       5       10   1.43
  1997         109     0.70522  0.52138  0.50       3       2       3        5   1.38
  1997         110+    0.74620  1.00000  1.34       2       2       2        2   1.34
  1998           0     0.00331  0.00330  0.20  100000     330   99738  7686129  76.86
  1998           1     0.00068  0.00068  0.50   99670      68   99636  7586392  76.11
  1998           2     0.00051  0.00051  0.50   99602      51   99577  7486755  75.17
  1998           3     0.00038  0.00038  0.50   99551      37   99533  7387178  74.20
  1998           4     0.00028  0.00028  0.50   99514      28   99500  7287646  73.23
  1998           5     0.00021  0.00021  0.50   99486      21   99476  7188146  72.25
  1998           6     0.00016  0.00016  0.50   99465      16   99457  7088670  71.27
  1998           7     0.00012  0.00012  0.50   99449      12   99443  6989213  70.28
  1998           8     0.00010  0.00010  0.50   99437      10   99432  6889770  69.29
  1998           9     0.00010  0.00010  0.50   99428      10   99423  6790338  68.29
  1998          10     0.00012  0.00012  0.50   99418      12   99412  6690915  67.30
  1998          11     0.00017  0.00017  0.50   99406      17   99398  6591503  66.31
  1998          12     0.00023  0.00023  0.50   99389      23   99378  6492105  65.32
  1998          13     0.00032  0.00032  0.50   99366      32   99350  6392728  64.34
  1998          14     0.00041  0.00041  0.50   99334      41   99314  6293378  63.36
  1998          15     0.00050  0.00050  0.50   99294      50   99269  6194063  62.38
  1998          16     0.00060  0.00060  0.50   99244      59   99214  6094795  61.41
  1998          17     0.00068  0.00068  0.50   99185      68   99151  5995581  60.45
  1998          18     0.00076  0.00076  0.50   99117      75   99079  5896430  59.49
  1998          19     0.00081  0.00081  0.50   99041      80   99001  5797351  58.53
  1998          20     0.00083  0.00083  0.50   98961      82   98921  5698349  57.58
  1998          21     0.00083  0.00083  0.50   98880      82   98839  5599429  56.63
  1998          22     0.00083  0.00083  0.50   98798      82   98757  5500590  55.68
  1998          23     0.00083  0.00083  0.50   98715      82   98675  5401833  54.72
  1998          24     0.00080  0.00080  0.50   98634      79   98594  5303159  53.77
  1998          25     0.00076  0.00076  0.50   98555      75   98517  5204565  52.81
  1998          26     0.00073  0.00073  0.50   98480      72   98444  5106047  51.85
  1998          27     0.00073  0.00073  0.50   98408      72   98372  5007603  50.89
  1998          28     0.00077  0.00077  0.50   98336      76   98298  4909231  49.92
  1998          29     0.00083  0.00083  0.50   98261      81   98220  4810932  48.96
  1998          30     0.00091  0.00091  0.50   98179      89   98135  4712713  48.00
  1998          31     0.00098  0.00098  0.50   98090      96   98042  4614578  47.04
  1998          32     0.00101  0.00101  0.50   97994      99   97945  4516536  46.09
  1998          33     0.00102  0.00102  0.50   97895     100   97845  4418591  45.14
  1998          34     0.00102  0.00102  0.50   97795     100   97745  4320746  44.18
  1998          35     0.00102  0.00102  0.50   97696     100   97646  4223001  43.23
  1998          36     0.00105  0.00105  0.50   97596     102   97545  4125355  42.27
  1998          37     0.00113  0.00113  0.50   97494     110   97439  4027810  41.31
  1998          38     0.00127  0.00127  0.50   97383     123   97322  3930371  40.36
  1998          39     0.00144  0.00144  0.50   97260     140   97190  3833050  39.41
  1998          40     0.00164  0.00164  0.50   97120     159   97041  3735860  38.47
  1998          41     0.00185  0.00184  0.50   96961     179   96872  3638819  37.53
  1998          42     0.00205  0.00204  0.50   96782     198   96683  3541947  36.60
  1998          43     0.00223  0.00223  0.50   96585     216   96477  3445264  35.67
  1998          44     0.00241  0.00241  0.50   96369     232   96253  3348787  34.75
  1998          45     0.00259  0.00258  0.50   96137     248   96013  3252534  33.83
  1998          46     0.00276  0.00276  0.50   95889     264   95756  3156522  32.92
  1998          47     0.00297  0.00297  0.50   95624     284   95482  3060765  32.01
  1998          48     0.00323  0.00323  0.50   95341     308   95187  2965283  31.10
  1998          49     0.00356  0.00355  0.50   95033     338   94864  2870096  30.20
  1998          50     0.00394  0.00393  0.50   94695     372   94509  2775232  29.31
  1998          51     0.00435  0.00434  0.50   94323     410   94119  2680722  28.42
  1998          52     0.00479  0.00477  0.50   93914     448   93690  2586604  27.54
  1998          53     0.00524  0.00523  0.50   93466     488   93221  2492914  26.67
  1998          54     0.00576  0.00574  0.50   92977     534   92710  2399692  25.81
  1998          55     0.00631  0.00629  0.50   92444     581   92153  2306982  24.96
  1998          56     0.00686  0.00684  0.50   91862     628   91548  2214829  24.11
  1998          57     0.00744  0.00741  0.50   91234     676   90896  2123281  23.27
  1998          58     0.00809  0.00806  0.50   90557     730   90193  2032386  22.44
  1998          59     0.00884  0.00880  0.50   89828     791   89433  1942193  21.62
  1998          60     0.00975  0.00970  0.50   89037     864   88605  1852760  20.81
  1998          61     0.01088  0.01082  0.50   88174     954   87697  1764155  20.01
  1998          62     0.01228  0.01221  0.50   87220    1065   86687  1676459  19.22
  1998          63     0.01397  0.01387  0.50   86155    1195   85557  1589771  18.45
  1998          64     0.01572  0.01560  0.50   84959    1325   84297  1504214  17.71
  1998          65     0.01732  0.01717  0.50   83634    1436   82916  1419918  16.98
  1998          66     0.01871  0.01853  0.50   82198    1523   81436  1337002  16.27
  1998          67     0.02004  0.01984  0.50   80675    1601   79874  1255565  15.56
  1998          68     0.02148  0.02125  0.50   79074    1681   78234  1175691  14.87
  1998          69     0.02318  0.02291  0.50   77393    1773   76507  1097457  14.18
  1998          70     0.02520  0.02489  0.50   75620    1882   74679  1020951  13.50
  1998          71     0.02747  0.02710  0.50   73738    1998   72739   946272  12.83
  1998          72     0.03007  0.02963  0.50   71739    2125   70677   873533  12.18
  1998          73     0.03311  0.03257  0.50   69614    2267   68480   802856  11.53
  1998          74     0.03662  0.03596  0.50   67347    2422   66136   734376  10.90
  1998          75     0.04061  0.03980  0.50   64925    2584   63633   668240  10.29
  1998          76     0.04513  0.04413  0.50   62340    2751   60965   604608   9.70
  1998          77     0.05033  0.04909  0.50   59589    2925   58127   543643   9.12
  1998          78     0.05636  0.05482  0.50   56664    3106   55111   485516   8.57
  1998          79     0.06325  0.06131  0.50   53558    3284   51916   430405   8.04
  1998          80     0.07097  0.06853  0.50   50274    3445   48551   378490   7.53
  1998          81     0.07950  0.07646  0.50   46829    3581   45038   329938   7.05
  1998          82     0.08888  0.08510  0.50   43248    3680   41408   284900   6.59
  1998          83     0.09921  0.09452  0.50   39568    3740   37698   243492   6.15
  1998          84     0.11059  0.10480  0.50   35828    3755   33950   205794   5.74
  1998          85     0.12310  0.11596  0.50   32073    3719   30213   171844   5.36
  1998          86     0.13681  0.12805  0.50   28354    3631   26538   141631   5.00
  1998          87     0.15179  0.14108  0.50   24723    3488   22979   115093   4.66
  1998          88     0.16809  0.15506  0.50   21235    3293   19589    92114   4.34
  1998          89     0.18575  0.16997  0.50   17942    3050   16418    72525   4.04
  1998          90     0.20482  0.18579  0.50   14893    2767   13509    56108   3.77
  1998          91     0.22530  0.20249  0.50   12126    2455   10898    42598   3.51
  1998          92     0.24718  0.21999  0.50    9670    2127    8607    31700   3.28
  1998          93     0.27045  0.23823  0.50    7543    1797    6644    23094   3.06
  1998          94     0.29504  0.25711  0.50    5746    1477    5007    16449   2.86
  1998          95     0.32088  0.27651  0.50    4269    1180    3678    11442   2.68
  1998          96     0.34786  0.29632  0.50    3088     915    2631     7763   2.51
  1998          97     0.37585  0.31639  0.50    2173     688    1829     5133   2.36
  1998          98     0.40469  0.33659  0.50    1486     500    1236     3303   2.22
  1998          99     0.43421  0.35675  0.50     986     352     810     2068   2.10
  1998         100     0.46419  0.37675  0.50     634     239     515     1258   1.98
  1998         101     0.49442  0.39642  0.50     395     157     317      743   1.88
  1998         102     0.52466  0.41563  0.50     238      99     189      427   1.79
  1998         103     0.55469  0.43425  0.50     139      61     109      238   1.70
  1998         104     0.58426  0.45217  0.50      79      36      61      128   1.63
  1998         105     0.61318  0.46930  0.50      43      20      33       67   1.56
  1998         106     0.64130  0.48559  0.50      23      11      17       34   1.50
  1998         107     0.66854  0.50105  0.50      12       6       9       17   1.45
  1998         108     0.69499  0.51577  0.50       6       3       4        8   1.40
  1998         109     0.72083  0.52986  0.50       3       2       2        4   1.35
  1998         110+    0.76081  1.00000  1.31       1       1       2        2   1.31
  1999           0     0.00345  0.00344  0.20  100000     344   99726  7663847  76.64
  1999           1     0.00024  0.00024  0.50   99656      24   99644  7564121  75.90
  1999           2     0.00024  0.00024  0.50   99632      24   99620  7464477  74.92
  1999           3     0.00024  0.00024  0.50   99608      24   99596  7364857  73.94
  1999           4     0.00025  0.00025  0.50   99583      25   99571  7265261  72.96
  1999           5     0.00025  0.00025  0.50   99559      25   99546  7165690  71.97
  1999           6     0.00025  0.00025  0.50   99534      24   99521  7066144  70.99
  1999           7     0.00023  0.00023  0.50   99509      23   99498  6966623  70.01
  1999           8     0.00022  0.00022  0.50   99486      22   99475  6867125  69.03
  1999           9     0.00021  0.00021  0.50   99465      21   99454  6767650  68.04
  1999          10     0.00020  0.00020  0.50   99444      20   99434  6668195  67.05
  1999          11     0.00020  0.00020  0.50   99424      19   99414  6568761  66.07
  1999          12     0.00021  0.00021  0.50   99405      20   99394  6469347  65.08
  1999          13     0.00025  0.00025  0.50   99384      25   99372  6369952  64.09
  1999          14     0.00034  0.00034  0.50   99359      33   99343  6270581  63.11
  1999          15     0.00046  0.00046  0.50   99326      45   99303  6171238  62.13
  1999          16     0.00059  0.00059  0.50   99281      58   99252  6071935  61.16
  1999          17     0.00071  0.00071  0.50   99222      70   99187  5972683  60.19
  1999          18     0.00080  0.00080  0.50   99152      79   99113  5873496  59.24
  1999          19     0.00084  0.00084  0.50   99073      83   99032  5774383  58.28
  1999          20     0.00086  0.00086  0.50   98990      85   98948  5675352  57.33
  1999          21     0.00086  0.00086  0.50   98905      85   98863  5576404  56.38
  1999          22     0.00086  0.00086  0.50   98820      85   98778  5477541  55.43
  1999          23     0.00086  0.00086  0.50   98736      85   98693  5378763  54.48
  1999          24     0.00085  0.00085  0.50   98651      84   98609  5280070  53.52
  1999          25     0.00085  0.00085  0.50   98567      84   98525  5181461  52.57
  1999          26     0.00085  0.00085  0.50   98483      84   98441  5082936  51.61
  1999          27     0.00086  0.00086  0.50   98399      85   98357  4984495  50.66
  1999          28     0.00088  0.00088  0.50   98315      86   98272  4886138  49.70
  1999          29     0.00090  0.00090  0.50   98228      89   98184  4787866  48.74
  1999          30     0.00093  0.00093  0.50   98140      92   98094  4689682  47.79
  1999          31     0.00098  0.00098  0.50   98048      96   98000  4591588  46.83
  1999          32     0.00102  0.00102  0.50   97953     100   97902  4493588  45.88
  1999          33     0.00109  0.00109  0.50   97852     107   97799  4395685  44.92
  1999          34     0.00117  0.00117  0.50   97746     115   97688  4297886  43.97
  1999          35     0.00127  0.00127  0.50   97631     124   97569  4200198  43.02
  1999          36     0.00137  0.00137  0.50   97507     133   97441  4102629  42.08
  1999          37     0.00146  0.00146  0.50   97374     143   97303  4005188  41.13
  1999          38     0.00158  0.00157  0.50   97232     153   97155  3907885  40.19
  1999          39     0.00171  0.00171  0.50   97079     166   96996  3810730  39.25
  1999          40     0.00184  0.00184  0.50   96913     179   96824  3713734  38.32
  1999          41     0.00197  0.00197  0.50   96734     191   96639  3616911  37.39
  1999          42     0.00212  0.00212  0.50   96544     205   96441  3520272  36.46
  1999          43     0.00231  0.00231  0.50   96339     222   96228  3423830  35.54
  1999          44     0.00252  0.00252  0.50   96117     242   95996  3327603  34.62
  1999          45     0.00274  0.00274  0.50   95875     262   95743  3231607  33.71
  1999          46     0.00295  0.00295  0.50   95612     282   95471  3135863  32.80
  1999          47     0.00316  0.00316  0.50   95331     301   95180  3040392  31.89
  1999          48     0.00340  0.00340  0.50   95030     323   94868  2945212  30.99
  1999          49     0.00368  0.00368  0.50   94707     348   94533  2850344  30.10
  1999          50     0.00400  0.00399  0.50   94359     377   94170  2755811  29.21
  1999          51     0.00436  0.00435  0.50   93982     409   93777  2661641  28.32
  1999          52     0.00476  0.00474  0.50   93573     444   93351  2567864  27.44
  1999          53     0.00520  0.00519  0.50   93129     483   92887  2474513  26.57
  1999          54     0.00572  0.00570  0.50   92646     528   92381  2381625  25.71
  1999          55     0.00625  0.00623  0.50   92117     574   91830  2289244  24.85
  1999          56     0.00677  0.00674  0.50   91543     617   91235  2197414  24.00
  1999          57     0.00729  0.00727  0.50   90926     661   90595  2106179  23.16
  1999          58     0.00792  0.00789  0.50   90265     712   89909  2015584  22.33
  1999          59     0.00879  0.00875  0.50   89553     783   89161  1925675  21.50
  1999          60     0.00987  0.00983  0.50   88770     872   88334  1836513  20.69
  1999          61     0.01111  0.01105  0.50   87898     971   87412  1748179  19.89
  1999          62     0.01243  0.01235  0.50   86926    1074   86389  1660768  19.11
  1999          63     0.01378  0.01369  0.50   85853    1175   85265  1574378  18.34
  1999          64     0.01517  0.01506  0.50   84678    1275   84040  1489113  17.59
  1999          65     0.01662  0.01648  0.50   83403    1375   82715  1405073  16.85
  1999          66     0.01821  0.01804  0.50   82028    1480   81288  1322358  16.12
  1999          67     0.01995  0.01976  0.50   80548    1591   79752  1241070  15.41
  1999          68     0.02188  0.02164  0.50   78957    1709   78102  1161317  14.71
  1999          69     0.02400  0.02371  0.50   77248    1832   76332  1083215  14.02
  1999          70     0.02628  0.02594  0.50   75416    1956   74438  1006883  13.35
  1999          71     0.02865  0.02825  0.50   73459    2075   72422   932446  12.69
  1999          72     0.03125  0.03077  0.50   71384    2196   70286   860024  12.05
  1999          73     0.03425  0.03367  0.50   69188    2330   68023   789738  11.41
  1999          74     0.03779  0.03709  0.50   66858    2480   65618   721715  10.79
  1999          75     0.04198  0.04112  0.50   64379    2647   63055   656096  10.19
  1999          76     0.04691  0.04584  0.50   61732    2830   60317   593041   9.61
  1999          77     0.05260  0.05125  0.50   58902    3019   57392   532725   9.04
  1999          78     0.05898  0.05729  0.50   55883    3201   54282   475332   8.51
  1999          79     0.06590  0.06380  0.50   52682    3361   51001   421050   7.99
  1999          80     0.07326  0.07067  0.50   49321    3485   47578   370049   7.50
  1999          81     0.08126  0.07809  0.50   45835    3579   44046   322471   7.04
  1999          82     0.09016  0.08627  0.50   42256    3646   40433   278425   6.59
  1999          83     0.10011  0.09534  0.50   38611    3681   36770   237991   6.16
  1999          84     0.11117  0.10532  0.50   34929    3679   33090   201221   5.76
  1999          85     0.12339  0.11622  0.50   31251    3632   29435   168131   5.38
  1999          86     0.13680  0.12804  0.50   27619    3536   25851   138697   5.02
  1999          87     0.15144  0.14078  0.50   24082    3390   22387   112846   4.69
  1999          88     0.16734  0.15442  0.50   20692    3195   19094    90459   4.37
  1999          89     0.18455  0.16896  0.50   17497    2956   16019    71364   4.08
  1999          90     0.20308  0.18436  0.50   14541    2681   13200    55346   3.81
  1999          91     0.22295  0.20059  0.50   11860    2379   10670    42145   3.55
  1999          92     0.24417  0.21760  0.50    9481    2063    8449    31475   3.32
  1999          93     0.26671  0.23533  0.50    7418    1746    6545    23026   3.10
  1999          94     0.29052  0.25367  0.50    5672    1439    4953    16481   2.91
  1999          95     0.31555  0.27255  0.50    4233    1154    3656    11528   2.72
  1999          96     0.34168  0.29183  0.50    3080     899    2630     7871   2.56
  1999          97     0.36882  0.31139  0.50    2181     679    1841     5241   2.40
  1999          98     0.39680  0.33111  0.50    1502     497    1253     3400   2.26
  1999          99     0.42548  0.35084  0.50    1005     352     828     2147   2.14
  1999         100     0.45466  0.37044  0.50     652     242     531     1319   2.02
  1999         101     0.48414  0.38979  0.50     411     160     331      787   1.92
  1999         102     0.51371  0.40873  0.50     251     102     199      457   1.82
  1999         103     0.54315  0.42715  0.50     148      63     116      257   1.74
  1999         104     0.57224  0.44494  0.50      85      38      66      141   1.66
  1999         105     0.60078  0.46200  0.50      47      22      36       75   1.59
  1999         106     0.62863  0.47830  0.50      25      12      19       39   1.53
  1999         107     0.65570  0.49381  0.50      13       7      10       19   1.47
  1999         108     0.68206  0.50861  0.50       7       3       5       10   1.42
  1999         109     0.70786  0.52282  0.50       3       2       2        5   1.38
  1999         110+    0.74867  1.00000  1.34       2       2       2        2   1.34
  2000           0     0.00358  0.00357  0.20  100000     357   99715  7723383  77.23
  2000           1     0.00083  0.00083  0.50   99643      83   99602  7623668  76.51
  2000           2     0.00054  0.00054  0.50   99561      54   99534  7524066  75.57
  2000           3     0.00034  0.00034  0.50   99507      33   99490  7424533  74.61
  2000           4     0.00022  0.00022  0.50   99473      22   99462  7325043  73.64
  2000           5     0.00017  0.00017  0.50   99452      17   99443  7225580  72.65
  2000           6     0.00016  0.00016  0.50   99435      16   99427  7126137  71.67
  2000           7     0.00015  0.00015  0.50   99419      15   99411  7026711  70.68
  2000           8     0.00012  0.00012  0.50   99403      12   99397  6927300  69.69
  2000           9     0.00010  0.00010  0.50   99391      10   99386  6827902  68.70
  2000          10     0.00011  0.00011  0.50   99381      10   99376  6728516  67.70
  2000          11     0.00014  0.00014  0.50   99371      13   99364  6629140  66.71
  2000          12     0.00017  0.00017  0.50   99357      17   99349  6529776  65.72
  2000          13     0.00021  0.00021  0.50   99341      20   99330  6430427  64.73
  2000          14     0.00026  0.00026  0.50   99320      26   99307  6331097  63.74
  2000          15     0.00035  0.00035  0.50   99294      35   99277  6231789  62.76
  2000          16     0.00047  0.00047  0.50   99260      46   99237  6132512  61.78
  2000          17     0.00059  0.00059  0.50   99214      59   99184  6033276  60.81
  2000          18     0.00068  0.00068  0.50   99155      68   99121  5934091  59.85
  2000          19     0.00071  0.00071  0.50   99087      70   99052  5834971  58.89
  2000          20     0.00074  0.00074  0.50   99017      73   98980  5735919  57.93
  2000          21     0.00077  0.00077  0.50   98944      76   98906  5636938  56.97
  2000          22     0.00079  0.00079  0.50   98868      78   98829  5538032  56.01
  2000          23     0.00079  0.00079  0.50   98790      78   98751  5439203  55.06
  2000          24     0.00078  0.00078  0.50   98712      77   98674  5340452  54.10
  2000          25     0.00078  0.00078  0.50   98635      77   98597  5241778  53.14
  2000          26     0.00082  0.00082  0.50   98558      81   98518  5143181  52.18
  2000          27     0.00087  0.00087  0.50   98477      86   98435  5044663  51.23
  2000          28     0.00090  0.00090  0.50   98392      89   98347  4946229  50.27
  2000          29     0.00090  0.00090  0.50   98303      89   98258  4847881  49.32
  2000          30     0.00092  0.00092  0.50   98214      90   98169  4749623  48.36
  2000          31     0.00095  0.00095  0.50   98124      94   98077  4651454  47.40
  2000          32     0.00100  0.00099  0.50   98030      97   97982  4553377  46.45
  2000          33     0.00101  0.00101  0.50   97933      99   97884  4455395  45.49
  2000          34     0.00097  0.00097  0.50   97834      95   97787  4357511  44.54
  2000          35     0.00093  0.00093  0.50   97739      91   97694  4259725  43.58
  2000          36     0.00095  0.00095  0.50   97648      93   97602  4162031  42.62
  2000          37     0.00110  0.00110  0.50   97556     108   97502  4064429  41.66
  2000          38     0.00136  0.00136  0.50   97448     132   97382  3966927  40.71
  2000          39     0.00165  0.00165  0.50   97316     160   97236  3869545  39.76
  2000          40     0.00188  0.00188  0.50   97155     182   97064  3772309  38.83
  2000          41     0.00198  0.00198  0.50   96973     192   96877  3675245  37.90
  2000          42     0.00207  0.00207  0.50   96781     200   96681  3578368  36.97
  2000          43     0.00218  0.00217  0.50   96581     210   96477  3481686  36.05
  2000          44     0.00231  0.00231  0.50   96372     222   96260  3385210  35.13
  2000          45     0.00246  0.00245  0.50   96149     236   96031  3288949  34.21
  2000          46     0.00261  0.00261  0.50   95913     250   95788  3192918  33.29
  2000          47     0.00280  0.00280  0.50   95663     267   95529  3097130  32.38
  2000          48     0.00303  0.00303  0.50   95395     289   95251  3001601  31.46
  2000          49     0.00333  0.00333  0.50   95107     316   94948  2906350  30.56
  2000          50     0.00372  0.00371  0.50   94790     351   94615  2811402  29.66
  2000          51     0.00420  0.00419  0.50   94439     396   94241  2716787  28.77
  2000          52     0.00480  0.00479  0.50   94043     450   93818  2622546  27.89
  2000          53     0.00548  0.00547  0.50   93593     512   93337  2528728  27.02
  2000          54     0.00607  0.00605  0.50   93081     564   92799  2435391  26.16
  2000          55     0.00650  0.00648  0.50   92518     600   92218  2342592  25.32
  2000          56     0.00677  0.00675  0.50   91918     620   91608  2250374  24.48
  2000          57     0.00700  0.00697  0.50   91298     637   90980  2158766  23.65
  2000          58     0.00736  0.00733  0.50   90661     664   90329  2067787  22.81
  2000          59     0.00803  0.00800  0.50   89997     720   89637  1977458  21.97
  2000          60     0.00908  0.00904  0.50   89277     807   88873  1887821  21.15
  2000          61     0.01045  0.01040  0.50   88470     920   88010  1798948  20.33
  2000          62     0.01191  0.01184  0.50   87550    1036   87032  1710938  19.54
  2000          63     0.01321  0.01313  0.50   86513    1136   85945  1623906  18.77
  2000          64     0.01433  0.01423  0.50   85378    1215   84770  1537961  18.01
  2000          65     0.01530  0.01518  0.50   84162    1278   83524  1453191  17.27
  2000          66     0.01623  0.01610  0.50   82885    1335   82217  1369667  16.52
  2000          67     0.01753  0.01738  0.50   81550    1417   80841  1287450  15.79
  2000          68     0.01953  0.01934  0.50   80133    1550   79358  1206608  15.06
  2000          69     0.02210  0.02185  0.50   78583    1717   77724  1127250  14.34
  2000          70     0.02499  0.02468  0.50   76866    1897   75917  1049526  13.65
  2000          71     0.02790  0.02751  0.50   74969    2063   73938   973609  12.99
  2000          72     0.03079  0.03032  0.50   72906    2211   71801   899671  12.34
  2000          73     0.03372  0.03316  0.50   70695    2344   69523   827870  11.71
  2000          74     0.03679  0.03613  0.50   68351    2469   67117   758347  11.09
  2000          75     0.04023  0.03944  0.50   65882    2598   64583   691230  10.49
  2000          76     0.04440  0.04343  0.50   63284    2748   61910   626647   9.90
  2000          77     0.04931  0.04813  0.50   60535    2913   59079   564738   9.33
  2000          78     0.05493  0.05347  0.50   57622    3081   56082   505659   8.78
  2000          79     0.06135  0.05952  0.50   54541    3246   52918   449578   8.24
  2000          80     0.06864  0.06637  0.50   51295    3404   49593   396660   7.73
  2000          81     0.07677  0.07394  0.50   47890    3541   46120   347067   7.25
  2000          82     0.08569  0.08217  0.50   44350    3644   42527   300947   6.79
  2000          83     0.09547  0.09112  0.50   40705    3709   38851   258420   6.35
  2000          84     0.10620  0.10085  0.50   36996    3731   35131   219569   5.93
  2000          85     0.11798  0.11140  0.50   33265    3706   31412   184438   5.54
  2000          86     0.13086  0.12282  0.50   29559    3631   27744   153026   5.18
  2000          87     0.14492  0.13513  0.50   25929    3504   24177   125282   4.83
  2000          88     0.16022  0.14834  0.50   22425    3326   20762   101105   4.51
  2000          89     0.17680  0.16244  0.50   19099    3102   17547    80343   4.21
  2000          90     0.19470  0.17743  0.50   15996    2838   14577    62796   3.93
  2000          91     0.21394  0.19326  0.50   13158    2543   11887    48218   3.66
  2000          92     0.23452  0.20991  0.50   10615    2228    9501    36332   3.42
  2000          93     0.25644  0.22730  0.50    8387    1906    7434    26831   3.20
  2000          94     0.27966  0.24535  0.50    6481    1590    5686    19397   2.99
  2000          95     0.30412  0.26398  0.50    4891    1291    4245    13712   2.80
  2000          96     0.32974  0.28307  0.50    3600    1019    3090     9467   2.63
  2000          97     0.35641  0.30250  0.50    2581     781    2190     6377   2.47
  2000          98     0.38400  0.32215  0.50    1800     580    1510     4186   2.33
  2000          99     0.41235  0.34187  0.50    1220     417    1012     2676   2.19
  2000         100     0.44130  0.36153  0.50     803     290     658     1665   2.07
  2000         101     0.47066  0.38100  0.50     513     195     415     1007   1.96
  2000         102     0.50022  0.40014  0.50     317     127     254      592   1.86
  2000         103     0.52978  0.41884  0.50     190      80     151      338   1.78
  2000         104     0.55912  0.43696  0.50     111      48      86      187   1.69
  2000         105     0.58803  0.45442  0.50      62      28      48      101   1.62
  2000         106     0.61629  0.47112  0.50      34      16      26       53   1.56
  2000         107     0.64373  0.48698  0.50      18       9      14       27   1.50
  2000         108     0.67030  0.50204  0.50       9       5       7       13   1.44
  2000         109     0.69609  0.51637  0.50       5       2       3        6   1.40
  2000         110+    0.73873  1.00000  1.35       2       2       3        3   1.35
  2001           0     0.00316  0.00315  0.21  100000     315   99749  7757419  77.57
  2001           1     0.00050  0.00050  0.50   99685      50   99660  7657670  76.82
  2001           2     0.00044  0.00044  0.50   99635      44   99613  7558010  75.86
  2001           3     0.00039  0.00039  0.50   99591      39   99571  7458397  74.89
  2001           4     0.00032  0.00032  0.50   99552      32   99536  7358826  73.92
  2001           5     0.00025  0.00025  0.50   99520      25   99508  7259290  72.94
  2001           6     0.00018  0.00018  0.50   99495      18   99486  7159782  71.96
  2001           7     0.00013  0.00013  0.50   99477      13   99470  7060296  70.97
  2001           8     0.00010  0.00010  0.50   99464      10   99459  6960825  69.98
  2001           9     0.00007  0.00007  0.50   99454       7   99450  6861367  68.99
  2001          10     0.00006  0.00006  0.50   99446       6   99443  6761917  68.00
  2001          11     0.00007  0.00007  0.50   99440       7   99437  6662473  67.00
  2001          12     0.00008  0.00008  0.50   99433       8   99430  6563037  66.00
  2001          13     0.00011  0.00011  0.50   99426      11   99420  6463607  65.01
  2001          14     0.00016  0.00016  0.50   99415      16   99407  6364187  64.02
  2001          15     0.00026  0.00026  0.50   99399      25   99386  6264780  63.03
  2001          16     0.00036  0.00036  0.50   99373      36   99355  6165394  62.04
  2001          17     0.00047  0.00047  0.50   99337      46   99314  6066039  61.07
  2001          18     0.00056  0.00056  0.50   99291      56   99263  5966725  60.09
  2001          19     0.00064  0.00064  0.50   99235      63   99204  5867462  59.13
  2001          20     0.00067  0.00067  0.50   99172      66   99139  5768258  58.16
  2001          21     0.00067  0.00067  0.50   99106      66   99072  5669120  57.20
  2001          22     0.00067  0.00067  0.50   99039      66   99006  5570047  56.24
  2001          23     0.00071  0.00071  0.50   98973      70   98938  5471041  55.28
  2001          24     0.00079  0.00079  0.50   98903      78   98864  5372103  54.32
  2001          25     0.00086  0.00086  0.50   98825      85   98782  5273239  53.36
  2001          26     0.00091  0.00091  0.50   98740      90   98695  5174457  52.41
  2001          27     0.00094  0.00094  0.50   98649      92   98603  5075762  51.45
  2001          28     0.00094  0.00094  0.50   98557      93   98511  4977159  50.50
  2001          29     0.00095  0.00095  0.50   98464      94   98417  4878648  49.55
  2001          30     0.00097  0.00097  0.50   98370      95   98323  4780231  48.59
  2001          31     0.00100  0.00100  0.50   98275      98   98226  4681908  47.64
  2001          32     0.00105  0.00105  0.50   98177     103   98126  4583682  46.69
  2001          33     0.00111  0.00111  0.50   98074     109   98020  4485557  45.74
  2001          34     0.00118  0.00118  0.50   97965     115   97908  4387537  44.79
  2001          35     0.00123  0.00123  0.50   97850     120   97790  4289630  43.84
  2001          36     0.00125  0.00125  0.50   97730     122   97669  4191840  42.89
  2001          37     0.00124  0.00124  0.50   97608     121   97547  4094171  41.95
  2001          38     0.00125  0.00125  0.50   97487     122   97426  3996623  41.00
  2001          39     0.00133  0.00133  0.50   97365     129   97300  3899197  40.05
  2001          40     0.00147  0.00147  0.50   97235     143   97164  3801897  39.10
  2001          41     0.00166  0.00166  0.50   97092     161   97012  3704734  38.16
  2001          42     0.00186  0.00185  0.50   96931     180   96841  3607722  37.22
  2001          43     0.00206  0.00206  0.50   96751     199   96652  3510881  36.29
  2001          44     0.00229  0.00229  0.50   96552     221   96441  3414229  35.36
  2001          45     0.00254  0.00254  0.50   96331     245   96209  3317787  34.44
  2001          46     0.00280  0.00279  0.50   96086     268   95952  3221579  33.53
  2001          47     0.00301  0.00301  0.50   95818     288   95674  3125627  32.62
  2001          48     0.00322  0.00321  0.50   95530     307   95376  3029953  31.72
  2001          49     0.00347  0.00346  0.50   95223     330   95058  2934576  30.82
  2001          50     0.00381  0.00380  0.50   94893     361   94713  2839518  29.92
  2001          51     0.00425  0.00424  0.50   94533     401   94332  2744805  29.04
  2001          52     0.00474  0.00473  0.50   94132     445   93909  2650473  28.16
  2001          53     0.00522  0.00521  0.50   93686     488   93442  2556564  27.29
  2001          54     0.00569  0.00568  0.50   93198     529   92934  2463122  26.43
  2001          55     0.00617  0.00615  0.50   92669     570   92384  2370188  25.58
  2001          56     0.00668  0.00666  0.50   92099     613   91792  2277804  24.73
  2001          57     0.00715  0.00713  0.50   91486     652   91160  2186011  23.89
  2001          58     0.00756  0.00753  0.50   90834     684   90492  2094852  23.06
  2001          59     0.00807  0.00804  0.50   90150     725   89787  2004360  22.23
  2001          60     0.00880  0.00876  0.50   89425     783   89033  1914573  21.41
  2001          61     0.00978  0.00974  0.50   88641     863   88210  1825540  20.59
  2001          62     0.01102  0.01096  0.50   87778     962   87297  1737330  19.79
  2001          63     0.01247  0.01239  0.50   86816    1076   86278  1650032  19.01
  2001          64     0.01404  0.01394  0.50   85740    1195   85143  1563754  18.24
  2001          65     0.01564  0.01551  0.50   84545    1312   83889  1478611  17.49
  2001          66     0.01720  0.01705  0.50   83234    1419   82524  1394722  16.76
  2001          67     0.01864  0.01847  0.50   81815    1511   81059  1312198  16.04
  2001          68     0.01997  0.01978  0.50   80303    1588   79509  1231139  15.33
  2001          69     0.02149  0.02126  0.50   78715    1674   77878  1151629  14.63
  2001          70     0.02349  0.02321  0.50   77042    1788   76147  1073751  13.94
  2001          71     0.02596  0.02562  0.50   75253    1928   74289   997604  13.26
  2001          72     0.02886  0.02845  0.50   73325    2086   72282   923315  12.59
  2001          73     0.03214  0.03164  0.50   71239    2254   70112   851033  11.95
  2001          74     0.03575  0.03512  0.50   68985    2423   67774   780921  11.32
  2001          75     0.03953  0.03877  0.50   66562    2580   65272   713147  10.71
  2001          76     0.04327  0.04236  0.50   63982    2710   62627   647875  10.13
  2001          77     0.04734  0.04625  0.50   61272    2834   59855   585248   9.55
  2001          78     0.05227  0.05094  0.50   58438    2977   56950   525393   8.99
  2001          79     0.05845  0.05679  0.50   55461    3150   53886   468444   8.45
  2001          80     0.06605  0.06394  0.50   52311    3345   50639   414558   7.92
  2001          81     0.07457  0.07189  0.50   48967    3520   47207   363919   7.43
  2001          82     0.08348  0.08013  0.50   45446    3642   43626   316712   6.97
  2001          83     0.09289  0.08877  0.50   41805    3711   39949   273087   6.53
  2001          84     0.10301  0.09796  0.50   38094    3732   36228   233137   6.12
  2001          85     0.11399  0.10784  0.50   34362    3706   32509   196909   5.73
  2001          86     0.12595  0.11849  0.50   30656    3632   28840   164400   5.36
  2001          87     0.13899  0.12996  0.50   27024    3512   25268   135560   5.02
  2001          88     0.15317  0.14228  0.50   23512    3345   21839   110292   4.69
  2001          89     0.16853  0.15543  0.50   20167    3134   18599    88453   4.39
  2001          90     0.18509  0.16941  0.50   17032    2885   15589    69853   4.10
  2001          91     0.20289  0.18420  0.50   14147    2606   12844    54264   3.84
  2001          92     0.22192  0.19976  0.50   11541    2305   10388    41420   3.59
  2001          93     0.24221  0.21604  0.50    9236    1995    8238    31032   3.36
  2001          94     0.26371  0.23299  0.50    7240    1687    6397    22794   3.15
  2001          95     0.28640  0.25053  0.50    5553    1391    4858    16397   2.95
  2001          96     0.31022  0.26856  0.50    4162    1118    3603    11539   2.77
  2001          97     0.33509  0.28700  0.50    3044     874    2607     7936   2.61
  2001          98     0.36091  0.30574  0.50    2171     664    1839     5329   2.46
  2001          99     0.38755  0.32464  0.50    1507     489    1262     3490   2.32
  2001         100     0.41489  0.34361  0.50    1018     350     843     2228   2.19
  2001         101     0.44276  0.36251  0.50     668     242     547     1385   2.07
  2001         102     0.47100  0.38122  0.50     426     162     345      838   1.97
  2001         103     0.49942  0.39963  0.50     264     105     211      493   1.87
  2001         104     0.52782  0.41761  0.50     158      66     125      282   1.78
  2001         105     0.55601  0.43506  0.50      92      40      72      157   1.71
  2001         106     0.58380  0.45189  0.50      52      24      40       85   1.63
  2001         107     0.61102  0.46803  0.50      29      13      22       45   1.57
  2001         108     0.63765  0.48350  0.50      15       7      12       23   1.51
  2001         109     0.66374  0.49835  0.50       8       4       6       11   1.46
  2001         110+    0.70857  1.00000  1.41       4       4       6        6   1.41
  2002           0     0.00327  0.00326  0.20  100000     326   99741  7764124  77.64
  2002           1     0.00055  0.00055  0.50   99674      55   99647  7664383  76.89
  2002           2     0.00038  0.00038  0.50   99619      38   99600  7564736  75.94
  2002           3     0.00024  0.00024  0.50   99582      24   99570  7465136  74.97
  2002           4     0.00015  0.00015  0.50   99558      14   99551  7365566  73.98
  2002           5     0.00011  0.00011  0.50   99543      11   99538  7266016  72.99
  2002           6     0.00011  0.00011  0.50   99532      11   99527  7166478  72.00
  2002           7     0.00012  0.00012  0.50   99521      12   99516  7066951  71.01
  2002           8     0.00011  0.00011  0.50   99510      11   99504  6967435  70.02
  2002           9     0.00009  0.00009  0.50   99498       9   99494  6867931  69.03
  2002          10     0.00006  0.00006  0.50   99490       6   99487  6768437  68.03
  2002          11     0.00004  0.00004  0.50   99484       4   99482  6668950  67.04
  2002          12     0.00006  0.00006  0.50   99479       6   99476  6569469  66.04
  2002          13     0.00013  0.00013  0.50   99473      13   99467  6469992  65.04
  2002          14     0.00026  0.00026  0.50   99460      25   99447  6370526  64.05
  2002          15     0.00041  0.00041  0.50   99434      41   99414  6271079  63.07
  2002          16     0.00055  0.00055  0.50   99394      54   99366  6171665  62.09
  2002          17     0.00063  0.00063  0.50   99339      62   99308  6072298  61.13
  2002          18     0.00067  0.00067  0.50   99277      67   99243  5972990  60.16
  2002          19     0.00072  0.00072  0.50   99210      71   99174  5873747  59.21
  2002          20     0.00074  0.00074  0.50   99139      74   99102  5774572  58.25
  2002          21     0.00075  0.00075  0.50   99065      75   99028  5675470  57.29
  2002          22     0.00076  0.00076  0.50   98990      75   98953  5576442  56.33
  2002          23     0.00077  0.00077  0.50   98916      76   98878  5477489  55.38
  2002          24     0.00079  0.00079  0.50   98840      78   98801  5378612  54.42
  2002          25     0.00080  0.00080  0.50   98762      79   98722  5279811  53.46
  2002          26     0.00080  0.00080  0.50   98682      79   98643  5181089  52.50
  2002          27     0.00080  0.00080  0.50   98603      79   98564  5082446  51.54
  2002          28     0.00080  0.00080  0.50   98524      78   98485  4983882  50.59
  2002          29     0.00080  0.00080  0.50   98446      78   98407  4885397  49.63
  2002          30     0.00080  0.00080  0.50   98368      79   98328  4786991  48.66
  2002          31     0.00082  0.00082  0.50   98289      81   98248  4688663  47.70
  2002          32     0.00085  0.00085  0.50   98208      84   98166  4590414  46.74
  2002          33     0.00091  0.00091  0.50   98124      89   98080  4492249  45.78
  2002          34     0.00101  0.00101  0.50   98035      99   97986  4394169  44.82
  2002          35     0.00116  0.00116  0.50   97936     113   97880  4296183  43.87
  2002          36     0.00134  0.00134  0.50   97823     131   97757  4198303  42.92
  2002          37     0.00148  0.00148  0.50   97692     144   97620  4100546  41.97
  2002          38     0.00156  0.00156  0.50   97548     152   97472  4002926  41.04
  2002          39     0.00159  0.00159  0.50   97396     155   97319  3905454  40.10
  2002          40     0.00164  0.00164  0.50   97241     159   97162  3808135  39.16
  2002          41     0.00174  0.00174  0.50   97082     169   96998  3710973  38.23
  2002          42     0.00185  0.00185  0.50   96914     179   96824  3613975  37.29
  2002          43     0.00199  0.00198  0.50   96735     192   96639  3517151  36.36
  2002          44     0.00216  0.00216  0.50   96543     208   96438  3420513  35.43
  2002          45     0.00235  0.00234  0.50   96334     226   96221  3324074  34.51
  2002          46     0.00252  0.00252  0.50   96108     242   95987  3227853  33.59
  2002          47     0.00277  0.00276  0.50   95866     265   95734  3131866  32.67
  2002          48     0.00312  0.00311  0.50   95602     297   95453  3036132  31.76
  2002          49     0.00358  0.00357  0.50   95304     341   95134  2940679  30.86
  2002          50     0.00412  0.00411  0.50   94964     390   94768  2845545  29.96
  2002          51     0.00468  0.00467  0.50   94573     442   94352  2750777  29.09
  2002          52     0.00522  0.00521  0.50   94132     490   93887  2656424  28.22
  2002          53     0.00570  0.00568  0.50   93642     532   93375  2562538  27.37
  2002          54     0.00608  0.00606  0.50   93109     564   92827  2469162  26.52
  2002          55     0.00643  0.00641  0.50   92545     593   92248  2376335  25.68
  2002          56     0.00684  0.00682  0.50   91952     627   91639  2284087  24.84
  2002          57     0.00740  0.00737  0.50   91325     673   90988  2192448  24.01
  2002          58     0.00810  0.00806  0.50   90652     731   90286  2101460  23.18
  2002          59     0.00869  0.00865  0.50   89921     778   89532  2011173  22.37
  2002          60     0.00921  0.00917  0.50   89143     817   88734  1921641  21.56
  2002          61     0.00979  0.00974  0.50   88326     860   87895  1832907  20.75
  2002          62     0.01056  0.01051  0.50   87465     919   87006  1745012  19.95
  2002          63     0.01165  0.01158  0.50   86546    1002   86045  1658006  19.16
  2002          64     0.01301  0.01292  0.50   85544    1106   84991  1571961  18.38
  2002          65     0.01456  0.01446  0.50   84438    1221   83828  1486971  17.61
  2002          66     0.01623  0.01610  0.50   83217    1339   82547  1403143  16.86
  2002          67     0.01806  0.01789  0.50   81878    1465   81145  1320596  16.13
  2002          68     0.02010  0.01990  0.50   80413    1601   79612  1239450  15.41
  2002          69     0.02230  0.02206  0.50   78812    1738   77943  1159838  14.72
  2002          70     0.02453  0.02424  0.50   77074    1868   76140  1081895  14.04
  2002          71     0.02668  0.02633  0.50   75206    1980   74215  1005756  13.37
  2002          72     0.02887  0.02846  0.50   73225    2084   72183   931540  12.72
  2002          73     0.03127  0.03079  0.50   71142    2190   70047   859357  12.08
  2002          74     0.03405  0.03348  0.50   68951    2309   67797   789310  11.45
  2002          75     0.03741  0.03672  0.50   66643    2447   65419   721513  10.83
  2002          76     0.04158  0.04073  0.50   64195    2615   62888   656094  10.22
  2002          77     0.04661  0.04555  0.50   61581    2805   60178   593206   9.63
  2002          78     0.05247  0.05113  0.50   58776    3005   57273   533028   9.07
  2002          79     0.05902  0.05733  0.50   55770    3197   54172   475755   8.53
  2002          80     0.06613  0.06401  0.50   52573    3365   50891   421583   8.02
  2002          81     0.07379  0.07117  0.50   49208    3502   47457   370692   7.53
  2002          82     0.08205  0.07882  0.50   45706    3602   43905   323235   7.07
  2002          83     0.09101  0.08705  0.50   42104    3665   40271   279330   6.63
  2002          84     0.10079  0.09595  0.50   38438    3688   36594   239059   6.22
  2002          85     0.11147  0.10559  0.50   34750    3669   32916   202465   5.83
  2002          86     0.12313  0.11599  0.50   31081    3605   29278   169549   5.46
  2002          87     0.13584  0.12720  0.50   27476    3495   25728   140271   5.11
  2002          88     0.14964  0.13922  0.50   23981    3339   22312   114542   4.78
  2002          89     0.16458  0.15207  0.50   20642    3139   19073    92231   4.47
  2002          90     0.18070  0.16572  0.50   17503    2901   16053    73158   4.18
  2002          91     0.19802  0.18018  0.50   14603    2631   13287    57105   3.91
  2002          92     0.21656  0.19540  0.50   11972    2339   10802    43818   3.66
  2002          93     0.23632  0.21135  0.50    9632    2036    8614    33016   3.43
  2002          94     0.25730  0.22797  0.50    7596    1732    6731    24402   3.21
  2002          95     0.27945  0.24519  0.50    5865    1438    5146    17671   3.01
  2002          96     0.30273  0.26293  0.50    4427    1164    3845    12525   2.83
  2002          97     0.32707  0.28110  0.50    3263     917    2804     8681   2.66
  2002          98     0.35237  0.29959  0.50    2346     703    1994     5876   2.51
  2002          99     0.37854  0.31829  0.50    1643     523    1381     3882   2.36
  2002         100     0.40543  0.33709  0.50    1120     378     931     2501   2.23
  2002         101     0.43289  0.35587  0.50     742     264     610     1570   2.11
  2002         102     0.46077  0.37449  0.50     478     179     389      959   2.01
  2002         103     0.48889  0.39286  0.50     299     118     240      570   1.91
  2002         104     0.51705  0.41084  0.50     182      75     144      330   1.82
  2002         105     0.54506  0.42833  0.50     107      46      84      186   1.74
  2002         106     0.57275  0.44524  0.50      61      27      48      102   1.66
  2002         107     0.59996  0.46152  0.50      34      16      26       54   1.60
  2002         108     0.62669  0.47717  0.50      18       9      14       28   1.54
  2002         109     0.65297  0.49226  0.50      10       5       7       14   1.48
  2002         110+    0.69859  1.00000  1.43       5       5       7        7   1.43
  2003           0     0.00314  0.00313  0.21  100000     313   99751  7780237  77.80
  2003           1     0.00046  0.00046  0.50   99687      46   99664  7680486  77.05
  2003           2     0.00036  0.00036  0.50   99641      36   99623  7580822  76.08
  2003           3     0.00028  0.00028  0.50   99605      28   99590  7481200  75.11
  2003           4     0.00024  0.00024  0.50   99576      23   99565  7381609  74.13
  2003           5     0.00021  0.00021  0.50   99553      21   99542  7282045  73.15
  2003           6     0.00019  0.00019  0.50   99532      19   99522  7182503  72.16
  2003           7     0.00014  0.00014  0.50   99513      14   99506  7082980  71.18
  2003           8     0.00011  0.00011  0.50   99499      11   99493  6983475  70.19
  2003           9     0.00009  0.00009  0.50   99488       8   99484  6883982  69.19
  2003          10     0.00008  0.00008  0.50   99479       8   99475  6784498  68.20
  2003          11     0.00009  0.00009  0.50   99471       9   99467  6685023  67.21
  2003          12     0.00011  0.00011  0.50   99462      11   99457  6585556  66.21
  2003          13     0.00015  0.00015  0.50   99451      15   99443  6486099  65.22
  2003          14     0.00021  0.00021  0.50   99436      21   99425  6386656  64.23
  2003          15     0.00030  0.00030  0.50   99414      30   99400  6287231  63.24
  2003          16     0.00039  0.00039  0.50   99385      39   99365  6187831  62.26
  2003          17     0.00048  0.00048  0.50   99346      48   99322  6088466  61.29
  2003          18     0.00054  0.00054  0.50   99298      53   99271  5989144  60.31
  2003          19     0.00056  0.00056  0.50   99245      55   99217  5889872  59.35
  2003          20     0.00058  0.00058  0.50   99189      58   99160  5790656  58.38
  2003          21     0.00061  0.00061  0.50   99131      60   99101  5691495  57.41
  2003          22     0.00064  0.00064  0.50   99071      63   99039  5592394  56.45
  2003          23     0.00066  0.00066  0.50   99008      66   98975  5493355  55.48
  2003          24     0.00070  0.00070  0.50   98942      69   98908  5394380  54.52
  2003          25     0.00075  0.00075  0.50   98873      74   98836  5295472  53.56
  2003          26     0.00079  0.00079  0.50   98799      78   98760  5196636  52.60
  2003          27     0.00082  0.00082  0.50   98721      81   98681  5097876  51.64
  2003          28     0.00083  0.00083  0.50   98640      82   98599  4999195  50.68
  2003          29     0.00086  0.00086  0.50   98558      85   98516  4900596  49.72
  2003          30     0.00095  0.00094  0.50   98473      93   98427  4802080  48.77
  2003          31     0.00104  0.00104  0.50   98380     102   98329  4703653  47.81
  2003          32     0.00110  0.00110  0.50   98278     108   98224  4605324  46.86
  2003          33     0.00112  0.00112  0.50   98170     110   98115  4507100  45.91
  2003          34     0.00114  0.00114  0.50   98060     112   98004  4408985  44.96
  2003          35     0.00119  0.00119  0.50   97948     117   97890  4310981  44.01
  2003          36     0.00128  0.00128  0.50   97832     126   97769  4213091  43.06
  2003          37     0.00140  0.00139  0.50   97706     136   97638  4115323  42.12
  2003          38     0.00150  0.00150  0.50   97570     147   97496  4017685  41.18
  2003          39     0.00161  0.00160  0.50   97423     156   97345  3920189  40.24
  2003          40     0.00172  0.00172  0.50   97267     167   97183  3822844  39.30
  2003          41     0.00186  0.00186  0.50   97099     181   97009  3725661  38.37
  2003          42     0.00201  0.00200  0.50   96919     194   96822  3628652  37.44
  2003          43     0.00216  0.00216  0.50   96725     208   96620  3531830  36.51
  2003          44     0.00232  0.00232  0.50   96516     224   96404  3435210  35.59
  2003          45     0.00249  0.00249  0.50   96292     240   96172  3338806  34.67
  2003          46     0.00267  0.00267  0.50   96052     256   95924  3242633  33.76
  2003          47     0.00289  0.00289  0.50   95796     277   95658  3146709  32.85
  2003          48     0.00317  0.00316  0.50   95519     302   95368  3051051  31.94
  2003          49     0.00348  0.00347  0.50   95217     330   95052  2955683  31.04
  2003          50     0.00384  0.00383  0.50   94887     364   94705  2860631  30.15
  2003          51     0.00428  0.00427  0.50   94523     404   94321  2765926  29.26
  2003          52     0.00478  0.00477  0.50   94120     449   93895  2671604  28.39
  2003          53     0.00531  0.00530  0.50   93671     496   93423  2577709  27.52
  2003          54     0.00584  0.00582  0.50   93175     543   92904  2484286  26.66
  2003          55     0.00638  0.00636  0.50   92632     589   92338  2391382  25.82
  2003          56     0.00696  0.00693  0.50   92043     638   91724  2299045  24.98
  2003          57     0.00754  0.00751  0.50   91405     687   91062  2207321  24.15
  2003          58     0.00808  0.00805  0.50   90718     730   90353  2116259  23.33
  2003          59     0.00849  0.00846  0.50   89988     761   89607  2025906  22.51
  2003          60     0.00890  0.00886  0.50   89227     791   88831  1936299  21.70
  2003          61     0.00947  0.00943  0.50   88436     834   88019  1847468  20.89
  2003          62     0.01021  0.01016  0.50   87602     890   87157  1759449  20.08
  2003          63     0.01113  0.01106  0.50   86712     959   86232  1672291  19.29
  2003          64     0.01220  0.01212  0.50   85753    1039   85233  1586059  18.50
  2003          65     0.01347  0.01338  0.50   84713    1133   84146  1500826  17.72
  2003          66     0.01511  0.01499  0.50   83580    1253   82953  1416680  16.95
  2003          67     0.01691  0.01677  0.50   82326    1381   81636  1333727  16.20
  2003          68     0.01867  0.01850  0.50   80946    1497   80197  1252091  15.47
  2003          69     0.02044  0.02024  0.50   79449    1608   78645  1171894  14.75
  2003          70     0.02244  0.02219  0.50   77841    1727   76977  1093249  14.04
  2003          71     0.02494  0.02463  0.50   76114    1875   75176  1016272  13.35
  2003          72     0.02785  0.02747  0.50   74239    2039   73220   941095  12.68
  2003          73     0.03102  0.03054  0.50   72200    2205   71097   867876  12.02
  2003          74     0.03455  0.03396  0.50   69995    2377   68806   796778  11.38
  2003          75     0.03854  0.03781  0.50   67618    2557   66339   727972  10.77
  2003          76     0.04280  0.04191  0.50   65061    2727   63698   661633  10.17
  2003          77     0.04729  0.04620  0.50   62334    2880   60895   597935   9.59
  2003          78     0.05206  0.05074  0.50   59455    3016   57946   537041   9.03
  2003          79     0.05740  0.05580  0.50   56438    3149   54864   479094   8.49
  2003          80     0.06363  0.06167  0.50   53289    3286   51646   424230   7.96
  2003          81     0.07093  0.06850  0.50   50003    3425   48290   372585   7.45
  2003          82     0.07940  0.07636  0.50   46578    3557   44799   324294   6.96
  2003          83     0.08904  0.08524  0.50   43021    3667   41187   279495   6.50
  2003          84     0.09985  0.09510  0.50   39354    3742   37482   238308   6.06
  2003          85     0.11184  0.10591  0.50   35611    3772   33725   200825   5.64
  2003          86     0.12506  0.11770  0.50   31840    3748   29966   167100   5.25
  2003          87     0.13958  0.13048  0.50   28092    3665   26259   137134   4.88
  2003          88     0.15548  0.14426  0.50   24427    3524   22665   110875   4.54
  2003          89     0.17280  0.15906  0.50   20903    3325   19240    88210   4.22
  2003          90     0.19162  0.17487  0.50   17578    3074   16041    68970   3.92
  2003          91     0.21196  0.19165  0.50   14504    2780   13114    52929   3.65
  2003          92     0.23383  0.20935  0.50   11724    2455   10497    39814   3.40
  2003          93     0.25721  0.22790  0.50    9270    2113    8214    29317   3.16
  2003          94     0.28208  0.24721  0.50    7157    1769    6273    21104   2.95
  2003          95     0.30834  0.26715  0.50    5388    1439    4668    14831   2.75
  2003          96     0.33590  0.28760  0.50    3949    1136    3381    10163   2.57
  2003          97     0.36463  0.30840  0.50    2813     868    2379     6782   2.41
  2003          98     0.39435  0.32940  0.50    1945     641    1625     4403   2.26
  2003          99     0.42487  0.35043  0.50    1305     457    1076     2778   2.13
  2003         100     0.45598  0.37132  0.50     847     315     690     1702   2.01
  2003         101     0.48743  0.39191  0.50     533     209     428     1012   1.90
  2003         102     0.51898  0.41205  0.50     324     133     257      584   1.80
  2003         103     0.55035  0.43159  0.50     190      82     149      326   1.71
  2003         104     0.58130  0.45039  0.50     108      49      84      177   1.63
  2003         105     0.61156  0.46835  0.50      60      28      46       93   1.56
  2003         106     0.64092  0.48537  0.50      32      15      24       47   1.50
  2003         107     0.66923  0.50144  0.50      16       8      12       24   1.44
  2003         108     0.69655  0.51662  0.50       8       4       6       11   1.39
  2003         109     0.72303  0.53105  0.50       4       2       3        5   1.35
  2003         110+    0.76445  1.00000  1.31       2       2       2        2   1.31
  2004           0     0.00247  0.00247  0.21  100000     247   99806  7834305  78.34
  2004           1     0.00047  0.00047  0.50   99753      47   99730  7734499  77.54
  2004           2     0.00037  0.00037  0.50   99706      37   99688  7634769  76.57
  2004           3     0.00027  0.00027  0.50   99669      27   99656  7535082  75.60
  2004           4     0.00019  0.00019  0.50   99642      19   99632  7435426  74.62
  2004           5     0.00013  0.00013  0.50   99623      13   99617  7335794  73.64
  2004           6     0.00008  0.00008  0.50   99610       8   99606  7236177  72.64
  2004           7     0.00005  0.00005  0.50   99602       5   99599  7136571  71.65
  2004           8     0.00004  0.00004  0.50   99597       4   99594  7036972  70.65
  2004           9     0.00004  0.00004  0.50   99592       4   99590  6937377  69.66
  2004          10     0.00004  0.00004  0.50   99588       4   99586  6837787  68.66
  2004          11     0.00005  0.00005  0.50   99584       5   99582  6738201  67.66
  2004          12     0.00007  0.00007  0.50   99579       7   99576  6638619  66.67
  2004          13     0.00010  0.00010  0.50   99573      10   99568  6539043  65.67
  2004          14     0.00016  0.00016  0.50   99562      16   99554  6439475  64.68
  2004          15     0.00024  0.00024  0.50   99546      24   99534  6339921  63.69
  2004          16     0.00034  0.00034  0.50   99522      33   99506  6240386  62.70
  2004          17     0.00044  0.00044  0.50   99489      44   99467  6140881  61.72
  2004          18     0.00054  0.00054  0.50   99445      54   99419  6041413  60.75
  2004          19     0.00063  0.00063  0.50   99392      62   99361  5941995  59.78
  2004          20     0.00070  0.00070  0.50   99329      70   99294  5842634  58.82
  2004          21     0.00075  0.00075  0.50   99259      74   99222  5743340  57.86
  2004          22     0.00075  0.00075  0.50   99185      74   99148  5644118  56.90
  2004          23     0.00072  0.00072  0.50   99111      71   99075  5544970  55.95
  2004          24     0.00068  0.00068  0.50   99040      67   99006  5445895  54.99
  2004          25     0.00065  0.00065  0.50   98973      65   98940  5346888  54.02
  2004          26     0.00066  0.00066  0.50   98908      66   98875  5247948  53.06
  2004          27     0.00071  0.00071  0.50   98842      71   98807  5149073  52.09
  2004          28     0.00078  0.00078  0.50   98772      77   98733  5050266  51.13
  2004          29     0.00084  0.00084  0.50   98695      82   98653  4951533  50.17
  2004          30     0.00088  0.00088  0.50   98612      87   98569  4852879  49.21
  2004          31     0.00094  0.00094  0.50   98525      93   98479  4754311  48.25
  2004          32     0.00102  0.00102  0.50   98433     101   98382  4655832  47.30
  2004          33     0.00112  0.00112  0.50   98332     110   98277  4557450  46.35
  2004          34     0.00122  0.00122  0.50   98222     120   98162  4459173  45.40
  2004          35     0.00131  0.00131  0.50   98102     128   98038  4361011  44.45
  2004          36     0.00138  0.00138  0.50   97974     135   97906  4262973  43.51
  2004          37     0.00145  0.00145  0.50   97839     142   97768  4165066  42.57
  2004          38     0.00151  0.00151  0.50   97697     148   97623  4067299  41.63
  2004          39     0.00156  0.00156  0.50   97549     152   97473  3969676  40.69
  2004          40     0.00162  0.00162  0.50   97397     157   97318  3872203  39.76
  2004          41     0.00172  0.00171  0.50   97240     167   97156  3774885  38.82
  2004          42     0.00184  0.00184  0.50   97073     179   96983  3677729  37.89
  2004          43     0.00199  0.00198  0.50   96894     192   96798  3580746  36.96
  2004          44     0.00214  0.00214  0.50   96702     207   96598  3483948  36.03
  2004          45     0.00232  0.00232  0.50   96495     224   96383  3387349  35.10
  2004          46     0.00254  0.00253  0.50   96271     244   96149  3290966  34.18
  2004          47     0.00277  0.00277  0.50   96027     266   95894  3194817  33.27
  2004          48     0.00302  0.00302  0.50   95761     289   95617  3098923  32.36
  2004          49     0.00330  0.00329  0.50   95472     314   95315  3003306  31.46
  2004          50     0.00358  0.00358  0.50   95158     340   94988  2907991  30.56
  2004          51     0.00389  0.00388  0.50   94818     368   94634  2813003  29.67
  2004          52     0.00421  0.00421  0.50   94450     397   94251  2718370  28.78
  2004          53     0.00458  0.00457  0.50   94052     429   93838  2624119  27.90
  2004          54     0.00499  0.00498  0.50   93623     466   93390  2530281  27.03
  2004          55     0.00549  0.00547  0.50   93157     510   92902  2436891  26.16
  2004          56     0.00609  0.00607  0.50   92648     562   92366  2343989  25.30
  2004          57     0.00675  0.00672  0.50   92085     619   91776  2251622  24.45
  2004          58     0.00740  0.00737  0.50   91466     674   91129  2159847  23.61
  2004          59     0.00795  0.00792  0.50   90792     719   90433  2068717  22.79
  2004          60     0.00845  0.00841  0.50   90073     758   89694  1978284  21.96
  2004          61     0.00896  0.00892  0.50   89315     797   88917  1888590  21.15
  2004          62     0.00958  0.00953  0.50   88519     844   88097  1799673  20.33
  2004          63     0.01038  0.01033  0.50   87675     905   87222  1711576  19.52
  2004          64     0.01142  0.01136  0.50   86769     985   86277  1624354  18.72
  2004          65     0.01275  0.01267  0.50   85784    1087   85241  1538077  17.93
  2004          66     0.01438  0.01427  0.50   84697    1209   84093  1452837  17.15
  2004          67     0.01627  0.01613  0.50   83488    1347   82815  1368744  16.39
  2004          68     0.01835  0.01819  0.50   82141    1494   81394  1285929  15.66
  2004          69     0.02060  0.02039  0.50   80647    1644   79825  1204535  14.94
  2004          70     0.02293  0.02267  0.50   79003    1791   78108  1124709  14.24
  2004          71     0.02527  0.02495  0.50   77212    1926   76249  1046601  13.55
  2004          72     0.02771  0.02733  0.50   75286    2058   74257   970352  12.89
  2004          73     0.03042  0.02996  0.50   73228    2194   72131   896095  12.24
  2004          74     0.03353  0.03298  0.50   71034    2342   69863   823964  11.60
  2004          75     0.03715  0.03647  0.50   68692    2505   67439   754102  10.98
  2004          76     0.04128  0.04044  0.50   66186    2677   64848   686663  10.37
  2004          77     0.04593  0.04490  0.50   63510    2851   62084   621815   9.79
  2004          78     0.05113  0.04986  0.50   60658    3024   59146   559731   9.23
  2004          79     0.05702  0.05544  0.50   57634    3195   56036   500585   8.69
  2004          80     0.06368  0.06172  0.50   54439    3360   52759   444548   8.17
  2004          81     0.07110  0.06866  0.50   51079    3507   49325   391790   7.67
  2004          82     0.07920  0.07618  0.50   47572    3624   45760   342464   7.20
  2004          83     0.08804  0.08433  0.50   43948    3706   42095   296704   6.75
  2004          84     0.09768  0.09314  0.50   40242    3748   38368   254610   6.33
  2004          85     0.10822  0.10266  0.50   36494    3746   34621   216242   5.93
  2004          86     0.11971  0.11295  0.50   32747    3699   30898   181621   5.55
  2004          87     0.13223  0.12403  0.50   29049    3603   27247   150723   5.19
  2004          88     0.14585  0.13594  0.50   25446    3459   23716   123476   4.85
  2004          89     0.16062  0.14868  0.50   21987    3269   20352    99759   4.54
  2004          90     0.17658  0.16225  0.50   18718    3037   17199    79407   4.24
  2004          91     0.19375  0.17664  0.50   15681    2770   14296    62208   3.97
  2004          92     0.21217  0.19182  0.50   12911    2477   11673    47912   3.71
  2004          93     0.23183  0.20775  0.50   10434    2168    9350    36240   3.47
  2004          94     0.25273  0.22438  0.50    8267    1855    7339    26889   3.25
  2004          95     0.27484  0.24163  0.50    6412    1549    5637    19550   3.05
  2004          96     0.29810  0.25943  0.50    4862    1261    4232    13913   2.86
  2004          97     0.32246  0.27769  0.50    3601    1000    3101     9681   2.69
  2004          98     0.34782  0.29629  0.50    2601     771    2216     6580   2.53
  2004          99     0.37407  0.31513  0.50    1830     577    1542     4364   2.38
  2004         100     0.40108  0.33408  0.50    1254     419    1044     2822   2.25
  2004         101     0.42870  0.35303  0.50     835     295     687     1778   2.13
  2004         102     0.45675  0.37183  0.50     540     201     440     1091   2.02
  2004         103     0.48506  0.39038  0.50     339     132     273      651   1.92
  2004         104     0.51342  0.40854  0.50     207      84     165      378   1.83
  2004         105     0.54165  0.42622  0.50     122      52      96      213   1.75
  2004         106     0.56959  0.44333  0.50      70      31      55      117   1.67
  2004         107     0.59710  0.45982  0.50      39      18      30       63   1.60
  2004         108     0.62420  0.47572  0.50      21      10      16       33   1.54
  2004         109     0.65092  0.49109  0.50      11       5       8       16   1.48
  2004         110+    0.69701  1.00000  1.43       6       6       8        8   1.43
  2005           0     0.00291  0.00290  0.21  100000     290   99770  7815575  78.16
  2005           1     0.00047  0.00047  0.50   99710      47   99686  7715805  77.38
  2005           2     0.00040  0.00040  0.50   99663      40   99643  7616119  76.42
  2005           3     0.00033  0.00033  0.50   99623      33   99606  7516476  75.45
  2005           4     0.00026  0.00026  0.50   99590      26   99577  7416870  74.47
  2005           5     0.00019  0.00019  0.50   99564      19   99555  7317292  73.49
  2005           6     0.00014  0.00014  0.50   99545      14   99538  7217738  72.51
  2005           7     0.00010  0.00010  0.50   99531      10   99526  7118200  71.52
  2005           8     0.00008  0.00008  0.50   99521       8   99517  7018674  70.52
  2005           9     0.00007  0.00007  0.50   99513       7   99509  6919157  69.53
  2005          10     0.00005  0.00005  0.50   99506       5   99503  6819648  68.54
  2005          11     0.00005  0.00005  0.50   99501       5   99498  6720144  67.54
  2005          12     0.00007  0.00007  0.50   99496       7   99492  6620646  66.54
  2005          13     0.00012  0.00012  0.50   99489      12   99483  6521154  65.55
  2005          14     0.00021  0.00021  0.50   99477      21   99467  6421671  64.55
  2005          15     0.00032  0.00032  0.50   99456      32   99440  6322205  63.57
  2005          16     0.00044  0.00044  0.50   99424      43   99403  6222764  62.59
  2005          17     0.00053  0.00053  0.50   99381      53   99355  6123361  61.61
  2005          18     0.00061  0.00061  0.50   99328      61   99298  6024007  60.65
  2005          19     0.00066  0.00066  0.50   99267      65   99235  5924709  59.68
  2005          20     0.00066  0.00066  0.50   99202      65   99169  5825474  58.72
  2005          21     0.00064  0.00064  0.50   99137      63   99105  5726305  57.76
  2005          22     0.00065  0.00065  0.50   99074      65   99041  5627200  56.80
  2005          23     0.00070  0.00070  0.50   99009      69   98974  5528158  55.83
  2005          24     0.00074  0.00074  0.50   98940      73   98903  5429184  54.87
  2005          25     0.00075  0.00075  0.50   98867      75   98829  5330281  53.91
  2005          26     0.00073  0.00073  0.50   98792      72   98756  5231451  52.95
  2005          27     0.00070  0.00070  0.50   98720      69   98685  5132696  51.99
  2005          28     0.00067  0.00067  0.50   98651      66   98618  5034010  51.03
  2005          29     0.00065  0.00065  0.50   98585      64   98553  4935393  50.06
  2005          30     0.00067  0.00067  0.50   98521      66   98487  4836840  49.09
  2005          31     0.00072  0.00072  0.50   98454      71   98419  4738352  48.13
  2005          32     0.00080  0.00080  0.50   98383      79   98344  4639934  47.16
  2005          33     0.00089  0.00089  0.50   98304      88   98261  4541590  46.20
  2005          34     0.00098  0.00098  0.50   98217      97   98168  4443329  45.24
  2005          35     0.00108  0.00107  0.50   98120     105   98067  4345161  44.28
  2005          36     0.00116  0.00116  0.50   98015     114   97958  4247093  43.33
  2005          37     0.00125  0.00125  0.50   97901     122   97840  4149136  42.38
  2005          38     0.00132  0.00132  0.50   97779     129   97714  4051296  41.43
  2005          39     0.00138  0.00138  0.50   97650     135   97582  3953582  40.49
  2005          40     0.00147  0.00147  0.50   97514     143   97443  3856000  39.54
  2005          41     0.00161  0.00160  0.50   97371     156   97293  3758557  38.60
  2005          42     0.00180  0.00180  0.50   97215     175   97128  3661264  37.66
  2005          43     0.00201  0.00201  0.50   97041     195   96943  3564136  36.73
  2005          44     0.00222  0.00222  0.50   96845     215   96738  3467193  35.80
  2005          45     0.00240  0.00239  0.50   96631     231   96515  3370455  34.88
  2005          46     0.00254  0.00254  0.50   96400     245   96277  3273940  33.96
  2005          47     0.00271  0.00271  0.50   96155     261   96024  3177663  33.05
  2005          48     0.00291  0.00291  0.50   95894     279   95755  3081638  32.14
  2005          49     0.00314  0.00313  0.50   95615     300   95466  2985884  31.23
  2005          50     0.00343  0.00342  0.50   95316     326   95153  2890418  30.32
  2005          51     0.00380  0.00379  0.50   94990     360   94810  2795265  29.43
  2005          52     0.00424  0.00423  0.50   94630     401   94429  2700456  28.54
  2005          53     0.00475  0.00474  0.50   94229     446   94006  2606026  27.66
  2005          54     0.00528  0.00526  0.50   93783     494   93536  2512021  26.79
  2005          55     0.00582  0.00580  0.50   93289     541   93018  2418485  25.92
  2005          56     0.00637  0.00635  0.50   92747     589   92453  2325467  25.07
  2005          57     0.00690  0.00688  0.50   92159     634   91842  2233014  24.23
  2005          58     0.00746  0.00743  0.50   91525     680   91185  2141172  23.39
  2005          59     0.00814  0.00811  0.50   90845     736   90476  2049987  22.57
  2005          60     0.00886  0.00882  0.50   90108     795   89711  1959511  21.75
  2005          61     0.00952  0.00948  0.50   89313     846   88890  1869800  20.94
  2005          62     0.01019  0.01014  0.50   88467     897   88018  1780911  20.13
  2005          63     0.01097  0.01091  0.50   87570     955   87092  1692892  19.33
  2005          64     0.01190  0.01183  0.50   86615    1025   86102  1605800  18.54
  2005          65     0.01301  0.01293  0.50   85590    1107   85037  1519697  17.76
  2005          66     0.01435  0.01425  0.50   84484    1204   83882  1434660  16.98
  2005          67     0.01598  0.01585  0.50   83280    1320   82620  1350779  16.22
  2005          68     0.01798  0.01782  0.50   81960    1460   81229  1268159  15.47
  2005          69     0.02036  0.02015  0.50   80499    1622   79688  1186930  14.74
  2005          70     0.02310  0.02284  0.50   78877    1801   77976  1107242  14.04
  2005          71     0.02610  0.02577  0.50   77075    1986   76082  1029265  13.35
  2005          72     0.02917  0.02875  0.50   75089    2159   74010   953183  12.69
  2005          73     0.03214  0.03163  0.50   72931    2307   71777   879173  12.05
  2005          74     0.03508  0.03447  0.50   70624    2435   69406   807396  11.43
  2005          75     0.03820  0.03749  0.50   68189    2556   66911   737990  10.82
  2005          76     0.04204  0.04117  0.50   65633    2702   64281   671079  10.22
  2005          77     0.04651  0.04545  0.50   62930    2860   61500   606797   9.64
  2005          78     0.05145  0.05016  0.50   60070    3013   58564   545297   9.08
  2005          79     0.05706  0.05548  0.50   57057    3165   55474   486734   8.53
  2005          80     0.06358  0.06162  0.50   53891    3321   52231   431259   8.00
  2005          81     0.07109  0.06865  0.50   50571    3472   48835   379028   7.50
  2005          82     0.07963  0.07658  0.50   47099    3607   45296   330193   7.01
  2005          83     0.08915  0.08535  0.50   43492    3712   41636   284898   6.55
  2005          84     0.09969  0.09496  0.50   39780    3777   37892   243261   6.12
  2005          85     0.11130  0.10543  0.50   36003    3796   34105   205370   5.70
  2005          86     0.12405  0.11680  0.50   32207    3762   30326   171265   5.32
  2005          87     0.13801  0.12910  0.50   28445    3672   26609   140939   4.95
  2005          88     0.15325  0.14235  0.50   24773    3526   23010   114330   4.62
  2005          89     0.16984  0.15655  0.50   21247    3326   19584    91320   4.30
  2005          90     0.18783  0.17170  0.50   17920    3077   16382    71736   4.00
  2005          91     0.20724  0.18778  0.50   14843    2787   13450    55354   3.73
  2005          92     0.22809  0.20474  0.50   12056    2468   10822    41905   3.48
  2005          93     0.25038  0.22252  0.50    9588    2133    8521    31083   3.24
  2005          94     0.27407  0.24104  0.50    7454    1797    6556    22562   3.03
  2005          95     0.29910  0.26019  0.50    5658    1472    4922    16006   2.83
  2005          96     0.32538  0.27985  0.50    4186    1171    3600    11084   2.65
  2005          97     0.35282  0.29991  0.50    3014     904    2562     7484   2.48
  2005          98     0.38125  0.32021  0.50    2110     676    1772     4922   2.33
  2005          99     0.41052  0.34061  0.50    1434     489    1190     3150   2.20
  2005         100     0.44044  0.36095  0.50     946     341     775     1960   2.07
  2005         101     0.47079  0.38108  0.50     604     230     489     1184   1.96
  2005         102     0.50133  0.40085  0.50     374     150     299      695   1.86
  2005         103     0.53183  0.42012  0.50     224      94     177      396   1.77
  2005         104     0.56205  0.43875  0.50     130      57     101      219   1.68
  2005         105     0.59175  0.45664  0.50      73      33      56      118   1.61
  2005         106     0.62076  0.47372  0.50      40      19      30       61   1.54
  2005         107     0.64895  0.48997  0.50      21      10      16       31   1.48
  2005         108     0.67639  0.50545  0.50      11       5       8       15   1.43
  2005         109     0.70322  0.52028  0.50       5       3       4        7   1.38
  2005         110+    0.74589  1.00000  1.34       3       3       3        3   1.34
  2006           0     0.00240  0.00240  0.21  100000     240   99812  7835112  78.35
  2006           1     0.00050  0.00050  0.50   99760      50   99735  7735301  77.54
  2006           2     0.00025  0.00025  0.50   99710      25   99698  7635565  76.58
  2006           3     0.00017  0.00017  0.50   99685      17   99677  7535867  75.60
  2006           4     0.00017  0.00017  0.50   99668      17   99660  7436191  74.61
  2006           5     0.00017  0.00017  0.50   99651      17   99643  7336531  73.62
  2006           6     0.00014  0.00014  0.50   99635      14   99628  7236888  72.63
  2006           7     0.00013  0.00013  0.50   99620      13   99614  7137260  71.64
  2006           8     0.00014  0.00014  0.50   99608      14   99601  7037646  70.65
  2006           9     0.00016  0.00016  0.50   99594      16   99586  6938046  69.66
  2006          10     0.00017  0.00017  0.50   99578      17   99570  6838460  68.67
  2006          11     0.00014  0.00014  0.50   99561      14   99555  6738890  67.69
  2006          12     0.00007  0.00007  0.50   99548       7   99544  6639336  66.69
  2006          13     0.00010  0.00010  0.50   99541      10   99536  6539791  65.70
  2006          14     0.00018  0.00018  0.50   99531      18   99522  6440255  64.71
  2006          15     0.00025  0.00025  0.50   99513      25   99501  6340732  63.72
  2006          16     0.00033  0.00033  0.50   99488      33   99472  6241232  62.73
  2006          17     0.00044  0.00044  0.50   99455      44   99433  6141760  61.75
  2006          18     0.00065  0.00065  0.50   99411      65   99379  6042327  60.78
  2006          19     0.00092  0.00092  0.50   99346      91   99301  5942948  59.82
  2006          20     0.00093  0.00093  0.50   99255      92   99209  5843648  58.88
  2006          21     0.00080  0.00080  0.50   99163      79   99123  5744439  57.93
  2006          22     0.00075  0.00075  0.50   99084      75   99046  5645315  56.98
  2006          23     0.00086  0.00086  0.50   99009      85   98966  5546269  56.02
  2006          24     0.00105  0.00105  0.50   98924     104   98872  5447303  55.07
  2006          25     0.00096  0.00096  0.50   98820      95   98773  5348431  54.12
  2006          26     0.00078  0.00078  0.50   98725      77   98687  5249658  53.17
  2006          27     0.00077  0.00077  0.50   98648      76   98610  5150971  52.22
  2006          28     0.00080  0.00080  0.50   98572      79   98533  5052361  51.26
  2006          29     0.00073  0.00073  0.50   98493      72   98457  4953829  50.30
  2006          30     0.00077  0.00077  0.50   98421      76   98383  4855371  49.33
  2006          31     0.00088  0.00088  0.50   98345      86   98302  4756988  48.37
  2006          32     0.00096  0.00096  0.50   98259      94   98212  4658686  47.41
  2006          33     0.00102  0.00102  0.50   98165     100   98115  4560474  46.46
  2006          34     0.00107  0.00107  0.50   98065     105   98012  4462360  45.50
  2006          35     0.00108  0.00107  0.50   97960     105   97907  4364347  44.55
  2006          36     0.00104  0.00104  0.50   97854     102   97803  4266440  43.60
  2006          37     0.00114  0.00114  0.50   97752     112   97697  4168637  42.64
  2006          38     0.00131  0.00131  0.50   97641     128   97577  4070940  41.69
  2006          39     0.00145  0.00145  0.50   97513     141   97442  3973363  40.75
  2006          40     0.00152  0.00152  0.50   97371     148   97297  3875921  39.81
  2006          41     0.00157  0.00157  0.50   97223     152   97147  3778624  38.87
  2006          42     0.00170  0.00170  0.50   97071     165   96988  3681477  37.93
  2006          43     0.00182  0.00182  0.50   96905     176   96817  3584489  36.99
  2006          44     0.00182  0.00182  0.50   96729     176   96641  3487672  36.06
  2006          45     0.00199  0.00199  0.50   96554     192   96458  3391030  35.12
  2006          46     0.00256  0.00255  0.50   96362     246   96239  3294572  34.19
  2006          47     0.00326  0.00325  0.50   96116     313   95959  3198334  33.28
  2006          48     0.00382  0.00381  0.50   95803     365   95620  3102374  32.38
  2006          49     0.00410  0.00409  0.50   95438     390   95243  3006754  31.50
  2006          50     0.00427  0.00426  0.50   95048     405   94845  2911511  30.63
  2006          51     0.00450  0.00449  0.50   94642     425   94430  2816666  29.76
  2006          52     0.00440  0.00439  0.50   94217     413   94010  2722237  28.89
  2006          53     0.00395  0.00394  0.50   93804     369   93619  2628226  28.02
  2006          54     0.00458  0.00457  0.50   93434     427   93221  2534607  27.13
  2006          55     0.00570  0.00568  0.50   93007     529   92743  2441387  26.25
  2006          56     0.00631  0.00630  0.50   92478     582   92187  2348644  25.40
  2006          57     0.00654  0.00652  0.50   91896     599   91597  2256457  24.55
  2006          58     0.00687  0.00685  0.50   91298     625   90985  2164860  23.71
  2006          59     0.00797  0.00794  0.50   90673     720   90312  2073875  22.87
  2006          60     0.00920  0.00916  0.50   89952     824   89541  1983562  22.05
  2006          61     0.00982  0.00977  0.50   89129     871   88693  1894022  21.25
  2006          62     0.01022  0.01017  0.50   88257     897   87809  1805329  20.46
  2006          63     0.01087  0.01081  0.50   87360     945   86888  1717520  19.66
  2006          64     0.01152  0.01145  0.50   86415     989   85921  1630632  18.87
  2006          65     0.01200  0.01193  0.50   85426    1019   84917  1544712  18.08
  2006          66     0.01311  0.01302  0.50   84407    1099   83857  1459795  17.29
  2006          67     0.01503  0.01492  0.50   83308    1243   82686  1375938  16.52
  2006          68     0.01759  0.01743  0.50   82065    1431   81349  1293251  15.76
  2006          69     0.02002  0.01982  0.50   80634    1599   79835  1211902  15.03
  2006          70     0.02174  0.02151  0.50   79036    1700   78186  1132067  14.32
  2006          71     0.02329  0.02302  0.50   77336    1780   76446  1053881  13.63
  2006          72     0.02563  0.02531  0.50   75555    1912   74599   977436  12.94
  2006          73     0.02939  0.02896  0.50   73643    2133   72577   902836  12.26
  2006          74     0.03371  0.03315  0.50   71510    2370   70325   830260  11.61
  2006          75     0.03752  0.03683  0.50   69140    2547   67867   759935  10.99
  2006          76     0.04066  0.03985  0.50   66593    2654   65266   692068  10.39
  2006          77     0.04430  0.04334  0.50   63939    2771   62554   626802   9.80
  2006          78     0.04955  0.04836  0.50   61168    2958   59689   564248   9.22
  2006          79     0.05599  0.05447  0.50   58210    3170   56625   504559   8.67
  2006          80     0.06296  0.06104  0.50   55040    3360   53360   447934   8.14
  2006          81     0.07043  0.06804  0.50   51680    3516   49922   394574   7.63
  2006          82     0.07856  0.07559  0.50   48164    3641   46344   344652   7.16
  2006          83     0.08755  0.08388  0.50   44523    3734   42656   298308   6.70
  2006          84     0.09747  0.09294  0.50   40789    3791   38893   255652   6.27
  2006          85     0.10839  0.10282  0.50   36998    3804   35096   216759   5.86
  2006          86     0.12036  0.11353  0.50   33194    3769   31310   181663   5.47
  2006          87     0.13347  0.12512  0.50   29425    3682   27584   150354   5.11
  2006          88     0.14775  0.13759  0.50   25744    3542   23973   122769   4.77
  2006          89     0.16328  0.15096  0.50   22202    3352   20526    98796   4.45
  2006          90     0.18010  0.16522  0.50   18850    3114   17293    78271   4.15
  2006          91     0.19824  0.18036  0.50   15736    2838   14317    60978   3.88
  2006          92     0.21772  0.19634  0.50   12898    2532   11631    46661   3.62
  2006          93     0.23854  0.21312  0.50   10365    2209    9261    35030   3.38
  2006          94     0.26069  0.23063  0.50    8156    1881    7216    25769   3.16
  2006          95     0.28414  0.24879  0.50    6275    1561    5494    18554   2.96
  2006          96     0.30880  0.26750  0.50    4714    1261    4083    13059   2.77
  2006          97     0.33461  0.28666  0.50    3453     990    2958     8976   2.60
  2006          98     0.36145  0.30613  0.50    2463     754    2086     6018   2.44
  2006          99     0.38918  0.32579  0.50    1709     557    1431     3932   2.30
  2006         100     0.41765  0.34550  0.50    1152     398     953     2501   2.17
  2006         101     0.44668  0.36513  0.50     754     275     616     1548   2.05
  2006         102     0.47607  0.38454  0.50     479     184     387      931   1.95
  2006         103     0.50563  0.40360  0.50     295     119     235      545   1.85
  2006         104     0.53516  0.42219  0.50     176      74     139      309   1.76
  2006         105     0.56443  0.44020  0.50     102      45      79      171   1.68
  2006         106     0.59327  0.45755  0.50      57      26      44       91   1.61
  2006         107     0.62148  0.47414  0.50      31      15      24       48   1.54
  2006         108     0.64883  0.48990  0.50      16       8      12       24   1.49
  2006         109     0.67520  0.50479  0.50       8       4       6       12   1.44
  2006         110+    0.72030  1.00000  1.39       4       4       6        6   1.39
  2007           0     0.00306  0.00305  0.21  100000     305   99758  7856826  78.57
  2007           1     0.00043  0.00043  0.50   99695      43   99674  7757068  77.81
  2007           2     0.00029  0.00029  0.50   99652      29   99638  7657394  76.84
  2007           3     0.00019  0.00019  0.50   99623      19   99614  7557756  75.86
  2007           4     0.00011  0.00011  0.50   99605      11   99599  7458142  74.88
  2007           5     0.00007  0.00007  0.50   99593       7   99590  7358543  73.89
  2007           6     0.00004  0.00004  0.50   99587       4   99585  7258953  72.89
  2007           7     0.00003  0.00003  0.50   99582       3   99581  7159369  71.89
  2007           8     0.00002  0.00002  0.50   99580       2   99578  7059788  70.90
  2007           9     0.00002  0.00002  0.50   99577       2   99576  6960209  69.90
  2007          10     0.00002  0.00002  0.50   99575       2   99574  6860633  68.90
  2007          11     0.00003  0.00003  0.50   99572       3   99571  6761060  67.90
  2007          12     0.00005  0.00005  0.50   99569       5   99567  6661489  66.90
  2007          13     0.00009  0.00009  0.50   99564       9   99560  6561922  65.91
  2007          14     0.00017  0.00017  0.50   99555      17   99547  6462363  64.91
  2007          15     0.00028  0.00028  0.50   99539      28   99524  6362816  63.92
  2007          16     0.00043  0.00043  0.50   99510      43   99489  6263291  62.94
  2007          17     0.00057  0.00057  0.50   99468      57   99439  6163802  61.97
  2007          18     0.00070  0.00070  0.50   99410      69   99376  6064363  61.00
  2007          19     0.00078  0.00078  0.50   99341      77   99303  5964988  60.05
  2007          20     0.00084  0.00084  0.50   99264      83   99222  5865685  59.09
  2007          21     0.00086  0.00086  0.50   99181      86   99138  5766463  58.14
  2007          22     0.00083  0.00083  0.50   99095      82   99054  5667325  57.19
  2007          23     0.00076  0.00076  0.50   99013      75   98976  5568270  56.24
  2007          24     0.00068  0.00068  0.50   98938      68   98904  5469295  55.28
  2007          25     0.00065  0.00065  0.50   98870      64   98838  5370391  54.32
  2007          26     0.00066  0.00066  0.50   98806      65   98774  5271552  53.35
  2007          27     0.00070  0.00070  0.50   98741      69   98707  5172778  52.39
  2007          28     0.00076  0.00076  0.50   98673      75   98635  5074071  51.42
  2007          29     0.00084  0.00084  0.50   98598      83   98556  4975436  50.46
  2007          30     0.00090  0.00090  0.50   98515      89   98470  4876880  49.50
  2007          31     0.00095  0.00095  0.50   98426      94   98379  4778410  48.55
  2007          32     0.00100  0.00100  0.50   98332      98   98283  4680030  47.59
  2007          33     0.00104  0.00104  0.50   98235     102   98183  4581747  46.64
  2007          34     0.00110  0.00110  0.50   98132     107   98078  4483564  45.69
  2007          35     0.00116  0.00116  0.50   98025     114   97968  4385485  44.74
  2007          36     0.00124  0.00124  0.50   97911     121   97850  4287517  43.79
  2007          37     0.00132  0.00132  0.50   97790     129   97725  4189667  42.84
  2007          38     0.00139  0.00139  0.50   97661     136   97593  4091942  41.90
  2007          39     0.00146  0.00146  0.50   97525     142   97454  3994349  40.96
  2007          40     0.00152  0.00152  0.50   97383     148   97309  3896895  40.02
  2007          41     0.00159  0.00159  0.50   97234     155   97157  3799587  39.08
  2007          42     0.00169  0.00169  0.50   97080     164   96998  3702430  38.14
  2007          43     0.00184  0.00184  0.50   96915     178   96826  3605432  37.20
  2007          44     0.00202  0.00202  0.50   96737     196   96640  3508606  36.27
  2007          45     0.00225  0.00225  0.50   96542     217   96433  3411966  35.34
  2007          46     0.00250  0.00250  0.50   96325     241   96204  3315533  34.42
  2007          47     0.00278  0.00277  0.50   96084     266   95951  3219328  33.51
  2007          48     0.00308  0.00307  0.50   95818     295   95670  3123377  32.60
  2007          49     0.00341  0.00341  0.50   95523     325   95360  3027707  31.70
  2007          50     0.00375  0.00374  0.50   95198     356   95019  2932347  30.80
  2007          51     0.00407  0.00406  0.50   94841     385   94649  2837327  29.92
  2007          52     0.00437  0.00436  0.50   94456     412   94250  2742679  29.04
  2007          53     0.00467  0.00466  0.50   94044     439   93825  2648428  28.16
  2007          54     0.00502  0.00501  0.50   93606     469   93371  2554603  27.29
  2007          55     0.00545  0.00543  0.50   93137     506   92884  2461232  26.43
  2007          56     0.00597  0.00595  0.50   92631     551   92355  2368349  25.57
  2007          57     0.00657  0.00655  0.50   92080     603   91778  2275993  24.72
  2007          58     0.00726  0.00723  0.50   91476     661   91146  2184215  23.88
  2007          59     0.00802  0.00799  0.50   90815     725   90452  2093070  23.05
  2007          60     0.00882  0.00878  0.50   90090     791   89694  2002617  22.23
  2007          61     0.00960  0.00955  0.50   89299     853   88872  1912923  21.42
  2007          62     0.01035  0.01030  0.50   88446     911   87990  1824051  20.62
  2007          63     0.01107  0.01101  0.50   87535     964   87053  1736060  19.83
  2007          64     0.01184  0.01177  0.50   86571    1019   86062  1649007  19.05
  2007          65     0.01277  0.01269  0.50   85552    1085   85009  1562945  18.27
  2007          66     0.01397  0.01387  0.50   84467    1172   83881  1477936  17.50
  2007          67     0.01544  0.01533  0.50   83295    1277   82657  1394055  16.74
  2007          68     0.01718  0.01704  0.50   82019    1397   81320  1311398  15.99
  2007          69     0.01922  0.01904  0.50   80621    1535   79854  1230078  15.26
  2007          70     0.02158  0.02135  0.50   79086    1688   78242  1150225  14.54
  2007          71     0.02413  0.02385  0.50   77398    1846   76475  1071983  13.85
  2007          72     0.02690  0.02654  0.50   75552    2005   74550   995508  13.18
  2007          73     0.02990  0.02946  0.50   73547    2167   72463   920958  12.52
  2007          74     0.03310  0.03256  0.50   71380    2324   70218   848495  11.89
  2007          75     0.03650  0.03585  0.50   69055    2475   67818   778277  11.27
  2007          76     0.04029  0.03949  0.50   66580    2630   65265   710459  10.67
  2007          77     0.04449  0.04352  0.50   63951    2783   62559   645194  10.09
  2007          78     0.04907  0.04789  0.50   61167    2929   59703   582635   9.53
  2007          79     0.05407  0.05265  0.50   58238    3066   56705   522932   8.98
  2007          80     0.05960  0.05788  0.50   55172    3193   53575   466227   8.45
  2007          81     0.06591  0.06380  0.50   51979    3317   50320   412652   7.94
  2007          82     0.07322  0.07063  0.50   48662    3437   46944   362332   7.45
  2007          83     0.08155  0.07835  0.50   45225    3544   43453   315388   6.97
  2007          84     0.09090  0.08695  0.50   41681    3624   39869   271935   6.52
  2007          85     0.10128  0.09640  0.50   38057    3669   36223   232065   6.10
  2007          86     0.11273  0.10672  0.50   34389    3670   32554   195842   5.69
  2007          87     0.12529  0.11791  0.50   30719    3622   28908   163288   5.32
  2007          88     0.13902  0.12999  0.50   27097    3522   25336   134380   4.96
  2007          89     0.15397  0.14297  0.50   23575    3370   21889   109045   4.63
  2007          90     0.17020  0.15685  0.50   20204    3169   18620    87155   4.31
  2007          91     0.18775  0.17164  0.50   17035    2924   15573    68535   4.02
  2007          92     0.20666  0.18731  0.50   14111    2643   12790    52962   3.75
  2007          93     0.22694  0.20381  0.50   11468    2337   10299    40173   3.50
  2007          94     0.24857  0.22110  0.50    9131    2019    8121    29873   3.27
  2007          95     0.27155  0.23909  0.50    7112    1700    6262    21752   3.06
  2007          96     0.29581  0.25769  0.50    5412    1395    4714    15490   2.86
  2007          97     0.32128  0.27681  0.50    4017    1112    3461    10776   2.68
  2007          98     0.34785  0.29631  0.50    2905     861    2475     7315   2.52
  2007          99     0.37540  0.31608  0.50    2044     646    1721     4840   2.37
  2007         100     0.40378  0.33596  0.50    1398     470    1163     3119   2.23
  2007         101     0.43281  0.35581  0.50     928     330     763     1955   2.11
  2007         102     0.46228  0.37549  0.50     598     225     486     1192   1.99
  2007         103     0.49199  0.39486  0.50     374     147     300      706   1.89
  2007         104     0.52170  0.41377  0.50     226      94     179      407   1.80
  2007         105     0.55121  0.43212  0.50     133      57     104      227   1.72
  2007         106     0.58034  0.44982  0.50      75      34      58      123   1.64
  2007         107     0.60895  0.46682  0.50      41      19      32       65   1.57
  2007         108     0.63706  0.48316  0.50      22      11      17       33   1.51
  2007         109     0.66473  0.49891  0.50      11       6       9       17   1.46
  2007         110+    0.71111  1.00000  1.41       6       6       8        8   1.41
  2008           0     0.00253  0.00252  0.21  100000     252   99802  7855785  78.56
  2008           1     0.00057  0.00057  0.50   99748      57   99719  7755983  77.76
  2008           2     0.00046  0.00046  0.50   99691      46   99668  7656264  76.80
  2008           3     0.00034  0.00034  0.50   99645      34   99628  7556596  75.84
  2008           4     0.00024  0.00024  0.50   99611      24   99599  7456968  74.86
  2008           5     0.00017  0.00017  0.50   99587      17   99579  7357368  73.88
  2008           6     0.00013  0.00013  0.50   99570      13   99564  7257790  72.89
  2008           7     0.00011  0.00011  0.50   99558      11   99552  7158226  71.90
  2008           8     0.00007  0.00007  0.50   99547       7   99543  7058674  70.91
  2008           9     0.00004  0.00004  0.50   99540       4   99538  6959130  69.91
  2008          10     0.00001  0.00001  0.50   99536       1   99535  6859593  68.92
  2008          11     0.00000  0.00000  0.50   99534       0   99534  6760058  67.92
  2008          12     0.00001  0.00001  0.50   99534       1   99534  6660523  66.92
  2008          13     0.00005  0.00005  0.50   99533       5   99531  6560990  65.92
  2008          14     0.00013  0.00013  0.50   99528      13   99522  6461459  64.92
  2008          15     0.00027  0.00027  0.50   99515      27   99502  6361938  63.93
  2008          16     0.00042  0.00042  0.50   99488      42   99468  6262436  62.95
  2008          17     0.00055  0.00055  0.50   99447      55   99419  6162968  61.97
  2008          18     0.00065  0.00065  0.50   99392      65   99359  6063549  61.01
  2008          19     0.00074  0.00074  0.50   99327      73   99290  5964190  60.05
  2008          20     0.00082  0.00082  0.50   99254      82   99213  5864899  59.09
  2008          21     0.00088  0.00088  0.50   99172      88   99129  5765686  58.14
  2008          22     0.00089  0.00089  0.50   99085      88   99041  5666557  57.19
  2008          23     0.00086  0.00086  0.50   98996      85   98954  5567517  56.24
  2008          24     0.00082  0.00082  0.50   98911      81   98870  5468563  55.29
  2008          25     0.00077  0.00077  0.50   98830      76   98792  5369693  54.33
  2008          26     0.00074  0.00074  0.50   98753      73   98717  5270901  53.37
  2008          27     0.00074  0.00074  0.50   98680      73   98644  5172184  52.41
  2008          28     0.00073  0.00073  0.50   98607      72   98572  5073541  51.45
  2008          29     0.00070  0.00070  0.50   98536      69   98501  4974969  50.49
  2008          30     0.00072  0.00072  0.50   98467      71   98431  4876468  49.52
  2008          31     0.00077  0.00077  0.50   98396      75   98358  4778036  48.56
  2008          32     0.00083  0.00083  0.50   98321      81   98280  4679678  47.60
  2008          33     0.00089  0.00089  0.50   98240      87   98196  4581398  46.63
  2008          34     0.00094  0.00094  0.50   98153      93   98106  4483202  45.68
  2008          35     0.00100  0.00100  0.50   98060      98   98011  4385096  44.72
  2008          36     0.00107  0.00107  0.50   97962     105   97909  4287085  43.76
  2008          37     0.00116  0.00116  0.50   97857     113   97801  4189175  42.81
  2008          38     0.00128  0.00128  0.50   97744     125   97681  4091375  41.86
  2008          39     0.00145  0.00145  0.50   97619     142   97548  3993693  40.91
  2008          40     0.00163  0.00163  0.50   97477     159   97397  3896146  39.97
  2008          41     0.00177  0.00177  0.50   97318     172   97231  3798748  39.03
  2008          42     0.00183  0.00183  0.50   97145     178   97056  3701517  38.10
  2008          43     0.00187  0.00187  0.50   96967     181   96877  3604461  37.17
  2008          44     0.00196  0.00196  0.50   96786     189   96691  3507584  36.24
  2008          45     0.00216  0.00216  0.50   96597     208   96493  3410893  35.31
  2008          46     0.00249  0.00249  0.50   96389     240   96269  3314400  34.39
  2008          47     0.00287  0.00287  0.50   96149     276   96011  3218131  33.47
  2008          48     0.00323  0.00322  0.50   95873     309   95719  3122121  32.57
  2008          49     0.00352  0.00351  0.50   95564     336   95396  3026402  31.67
  2008          50     0.00375  0.00374  0.50   95229     357   95050  2931006  30.78
  2008          51     0.00395  0.00394  0.50   94872     374   94685  2835955  29.89
  2008          52     0.00421  0.00420  0.50   94498     397   94299  2741270  29.01
  2008          53     0.00460  0.00459  0.50   94101     432   93885  2646971  28.13
  2008          54     0.00509  0.00507  0.50   93669     475   93431  2553086  27.26
  2008          55     0.00562  0.00561  0.50   93194     523   92932  2459655  26.39
  2008          56     0.00618  0.00616  0.50   92671     571   92386  2366722  25.54
  2008          57     0.00672  0.00670  0.50   92100     617   91792  2274337  24.69
  2008          58     0.00724  0.00721  0.50   91483     660   91153  2182545  23.86
  2008          59     0.00777  0.00774  0.50   90823     703   90472  2091391  23.03
  2008          60     0.00836  0.00833  0.50   90120     751   89745  2000919  22.20
  2008          61     0.00906  0.00902  0.50   89370     806   88967  1911174  21.39
  2008          62     0.00983  0.00978  0.50   88563     866   88130  1822208  20.58
  2008          63     0.01062  0.01056  0.50   87697     926   87234  1734077  19.77
  2008          64     0.01145  0.01138  0.50   86771     988   86277  1646844  18.98
  2008          65     0.01234  0.01226  0.50   85783    1052   85257  1560567  18.19
  2008          66     0.01328  0.01319  0.50   84731    1118   84172  1475310  17.41
  2008          67     0.01443  0.01432  0.50   83613    1198   83014  1391138  16.64
  2008          68     0.01595  0.01582  0.50   82416    1304   81764  1308123  15.87
  2008          69     0.01788  0.01772  0.50   81112    1437   80393  1226360  15.12
  2008          70     0.02022  0.02002  0.50   79674    1595   78877  1145967  14.38
  2008          71     0.02298  0.02272  0.50   78079    1774   77192  1067090  13.67
  2008          72     0.02609  0.02576  0.50   76306    1965   75323   989898  12.97
  2008          73     0.02949  0.02906  0.50   74340    2161   73260   914575  12.30
  2008          74     0.03312  0.03258  0.50   72180    2351   71004   841315  11.66
  2008          75     0.03696  0.03629  0.50   69828    2534   68561   770311  11.03
  2008          76     0.04115  0.04032  0.50   67294    2713   65938   701750  10.43
  2008          77     0.04566  0.04464  0.50   64581    2883   63139   635813   9.85
  2008          78     0.05046  0.04922  0.50   61698    3037   60179   572673   9.28
  2008          79     0.05560  0.05410  0.50   58661    3173   57074   512494   8.74
  2008          80     0.06122  0.05940  0.50   55488    3296   53840   455419   8.21
  2008          81     0.06771  0.06550  0.50   52192    3418   50483   401580   7.69
  2008          82     0.07547  0.07272  0.50   48773    3547   47000   351097   7.20
  2008          83     0.08446  0.08103  0.50   45226    3665   43394   304097   6.72
  2008          84     0.09463  0.09036  0.50   41562    3755   39684   260703   6.27
  2008          85     0.10598  0.10065  0.50   37806    3805   35904   221019   5.85
  2008          86     0.11852  0.11189  0.50   34001    3805   32099   185116   5.44
  2008          87     0.13231  0.12410  0.50   30197    3747   28323   153017   5.07
  2008          88     0.14741  0.13729  0.50   26449    3631   24634   124694   4.71
  2008          89     0.16389  0.15147  0.50   22818    3456   21090   100060   4.39
  2008          90     0.18180  0.16665  0.50   19362    3227   17748    78971   4.08
  2008          91     0.20120  0.18281  0.50   16135    2950   14660    61222   3.79
  2008          92     0.22211  0.19991  0.50   13185    2636   11867    46562   3.53
  2008          93     0.24452  0.21788  0.50   10549    2299    9400    34695   3.29
  2008          94     0.26841  0.23665  0.50    8251    1953    7275    25295   3.07
  2008          95     0.29372  0.25611  0.50    6298    1613    5492    18020   2.86
  2008          96     0.32037  0.27614  0.50    4685    1294    4038    12528   2.67
  2008          97     0.34825  0.29660  0.50    3392    1006    2889     8490   2.50
  2008          98     0.37720  0.31735  0.50    2386     757    2007     5601   2.35
  2008          99     0.40706  0.33822  0.50    1629     551    1353     3594   2.21
  2008         100     0.43762  0.35905  0.50    1078     387     884     2241   2.08
  2008         101     0.46865  0.37968  0.50     691     262     560     1357   1.96
  2008         102     0.49993  0.39995  0.50     428     171     343      797   1.86
  2008         103     0.53119  0.41971  0.50     257     108     203      454   1.77
  2008         104     0.56216  0.43882  0.50     149      65     116      251   1.68
  2008         105     0.59260  0.45715  0.50      84      38      65      135   1.61
  2008         106     0.62229  0.47462  0.50      45      22      35       70   1.54
  2008         107     0.65106  0.49117  0.50      24      12      18       35   1.48
  2008         108     0.67895  0.50688  0.50      12       6       9       17   1.43
  2008         109     0.70609  0.52185  0.50       6       3       4        8   1.38
  2008         110+    0.74946  1.00000  1.33       3       3       4        4   1.33
  2009           0     0.00240  0.00240  0.21  100000     240   99811  7879882  78.80
  2009           1     0.00032  0.00032  0.50   99760      32   99744  7780070  77.99
  2009           2     0.00023  0.00023  0.50   99728      22   99717  7680326  77.01
  2009           3     0.00014  0.00014  0.50   99706      14   99699  7580609  76.03
  2009           4     0.00008  0.00008  0.50   99692       8   99688  7480911  75.04
  2009           5     0.00008  0.00008  0.50   99683       8   99679  7381223  74.05
  2009           6     0.00011  0.00011  0.50   99675      11   99670  7281544  73.05
  2009           7     0.00012  0.00012  0.50   99665      12   99659  7181874  72.06
  2009           8     0.00013  0.00013  0.50   99653      13   99646  7082215  71.07
  2009           9     0.00013  0.00013  0.50   99640      13   99633  6982569  70.08
  2009          10     0.00015  0.00015  0.50   99626      15   99619  6882936  69.09
  2009          11     0.00017  0.00017  0.50   99611      17   99602  6783317  68.10
  2009          12     0.00018  0.00018  0.50   99594      18   99585  6683715  67.11
  2009          13     0.00018  0.00018  0.50   99576      17   99567  6584130  66.12
  2009          14     0.00020  0.00020  0.50   99558      20   99549  6484563  65.13
  2009          15     0.00028  0.00028  0.50   99539      28   99525  6385014  64.15
  2009          16     0.00042  0.00042  0.50   99510      42   99489  6285490  63.16
  2009          17     0.00059  0.00059  0.50   99468      59   99439  6186000  62.19
  2009          18     0.00074  0.00074  0.50   99409      73   99373  6086561  61.23
  2009          19     0.00080  0.00080  0.50   99336      80   99296  5987189  60.27
  2009          20     0.00075  0.00075  0.50   99256      74   99219  5887892  59.32
  2009          21     0.00065  0.00065  0.50   99182      65   99150  5788673  58.36
  2009          22     0.00060  0.00060  0.50   99117      60   99087  5689523  57.40
  2009          23     0.00061  0.00061  0.50   99057      60   99027  5590436  56.44
  2009          24     0.00066  0.00066  0.50   98997      65   98964  5491409  55.47
  2009          25     0.00074  0.00073  0.50   98932      73   98895  5392444  54.51
  2009          26     0.00083  0.00083  0.50   98859      82   98818  5293549  53.55
  2009          27     0.00092  0.00092  0.50   98777      91   98732  5194731  52.59
  2009          28     0.00098  0.00098  0.50   98687      97   98638  5095999  51.64
  2009          29     0.00098  0.00098  0.50   98590      97   98542  4997361  50.69
  2009          30     0.00095  0.00095  0.50   98493      94   98446  4898819  49.74
  2009          31     0.00094  0.00094  0.50   98400      92   98354  4800373  48.78
  2009          32     0.00097  0.00097  0.50   98307      95   98260  4702019  47.83
  2009          33     0.00099  0.00099  0.50   98213      97   98164  4603759  46.88
  2009          34     0.00097  0.00097  0.50   98115      95   98068  4505595  45.92
  2009          35     0.00096  0.00096  0.50   98021      94   97974  4407527  44.97
  2009          36     0.00103  0.00103  0.50   97927     100   97877  4309553  44.01
  2009          37     0.00113  0.00113  0.50   97826     111   97771  4211677  43.05
  2009          38     0.00125  0.00125  0.50   97715     122   97654  4113906  42.10
  2009          39     0.00135  0.00135  0.50   97593     132   97528  4016251  41.15
  2009          40     0.00147  0.00147  0.50   97462     143   97390  3918724  40.21
  2009          41     0.00163  0.00163  0.50   97318     159   97239  3821334  39.27
  2009          42     0.00180  0.00180  0.50   97160     175   97072  3724095  38.33
  2009          43     0.00198  0.00198  0.50   96985     192   96889  3627023  37.40
  2009          44     0.00216  0.00216  0.50   96793     209   96688  3530134  36.47
  2009          45     0.00232  0.00232  0.50   96584     224   96472  3433446  35.55
  2009          46     0.00245  0.00244  0.50   96360     236   96242  3336974  34.63
  2009          47     0.00260  0.00259  0.50   96124     249   96000  3240732  33.71
  2009          48     0.00280  0.00280  0.50   95875     268   95741  3144732  32.80
  2009          49     0.00309  0.00308  0.50   95607     295   95459  3048991  31.89
  2009          50     0.00343  0.00343  0.50   95312     327   95149  2953532  30.99
  2009          51     0.00383  0.00382  0.50   94985     363   94804  2858383  30.09
  2009          52     0.00430  0.00429  0.50   94622     406   94419  2763580  29.21
  2009          53     0.00482  0.00481  0.50   94216     453   93990  2669160  28.33
  2009          54     0.00526  0.00524  0.50   93763     492   93517  2575171  27.46
  2009          55     0.00566  0.00565  0.50   93271     527   93008  2481653  26.61
  2009          56     0.00615  0.00613  0.50   92744     568   92460  2388646  25.76
  2009          57     0.00669  0.00667  0.50   92176     614   91869  2296185  24.91
  2009          58     0.00725  0.00722  0.50   91562     661   91231  2204316  24.07
  2009          59     0.00782  0.00779  0.50   90900     708   90547  2113085  23.25
  2009          60     0.00842  0.00838  0.50   90193     756   89815  2022538  22.42
  2009          61     0.00911  0.00906  0.50   89437     811   89032  1932724  21.61
  2009          62     0.01000  0.00995  0.50   88626     882   88185  1843692  20.80
  2009          63     0.01116  0.01110  0.50   87744     974   87257  1755507  20.01
  2009          64     0.01228  0.01221  0.50   86771    1059   86241  1668249  19.23
  2009          65     0.01310  0.01302  0.50   85711    1116   85153  1582009  18.46
  2009          66     0.01374  0.01365  0.50   84595    1155   84018  1496856  17.69
  2009          67     0.01456  0.01445  0.50   83441    1206   82838  1412838  16.93
  2009          68     0.01583  0.01570  0.50   82235    1291   81589  1330000  16.17
  2009          69     0.01738  0.01723  0.50   80943    1395   80246  1248411  15.42
  2009          70     0.01903  0.01885  0.50   79548    1499   78799  1168165  14.68
  2009          71     0.02091  0.02069  0.50   78049    1615   77242  1089366  13.96
  2009          72     0.02328  0.02301  0.50   76434    1759   75555  1012124  13.24
  2009          73     0.02635  0.02601  0.50   74675    1942   73704   936570  12.54
  2009          74     0.03009  0.02965  0.50   72733    2156   71655   862866  11.86
  2009          75     0.03424  0.03366  0.50   70577    2376   69389   791211  11.21
  2009          76     0.03812  0.03741  0.50   68201    2551   66925   721822  10.58
  2009          77     0.04215  0.04128  0.50   65650    2710   64295   654896   9.98
  2009          78     0.04694  0.04586  0.50   62940    2887   61497   590602   9.38
  2009          79     0.05269  0.05133  0.50   60053    3083   58512   529105   8.81
  2009          80     0.05943  0.05772  0.50   56970    3288   55326   470593   8.26
  2009          81     0.06704  0.06487  0.50   53682    3482   51941   415267   7.74
  2009          82     0.07538  0.07264  0.50   50200    3647   48377   363326   7.24
  2009          83     0.08451  0.08108  0.50   46553    3775   44666   314950   6.77
  2009          84     0.09454  0.09027  0.50   42779    3862   40848   270284   6.32
  2009          85     0.10560  0.10030  0.50   38917    3903   36965   229436   5.90
  2009          86     0.11777  0.11122  0.50   35014    3894   33066   192470   5.50
  2009          87     0.13115  0.12308  0.50   31119    3830   29204   159404   5.12
  2009          88     0.14580  0.13589  0.50   27289    3708   25435   130200   4.77
  2009          89     0.16179  0.14968  0.50   23581    3530   21816   104765   4.44
  2009          90     0.17916  0.16443  0.50   20051    3297   18403    82949   4.14
  2009          91     0.19796  0.18013  0.50   16754    3018   15245    64546   3.85
  2009          92     0.21821  0.19674  0.50   13736    2703   12385    49301   3.59
  2009          93     0.23991  0.21421  0.50   11034    2364    9852    36916   3.35
  2009          94     0.26303  0.23246  0.50    8670    2015    7662    27064   3.12
  2009          95     0.28755  0.25140  0.50    6655    1673    5818    19402   2.92
  2009          96     0.31337  0.27092  0.50    4982    1350    4307    13583   2.73
  2009          97     0.34040  0.29089  0.50    3632    1057    3104     9277   2.55
  2009          98     0.36851  0.31117  0.50    2576     801    2175     6173   2.40
  2009          99     0.39754  0.33162  0.50    1774     588    1480     3998   2.25
  2009         100     0.42731  0.35209  0.50    1186     417     977     2518   2.12
  2009         101     0.45762  0.37241  0.50     768     286     625     1541   2.01
  2009         102     0.48825  0.39244  0.50     482     189     388      916   1.90
  2009         103     0.51896  0.41204  0.50     293     121     233      528   1.80
  2009         104     0.54951  0.43107  0.50     172      74     135      296   1.72
  2009         105     0.57965  0.44940  0.50      98      44      76      161   1.64
  2009         106     0.60916  0.46694  0.50      54      25      41       85   1.57
  2009         107     0.63783  0.48360  0.50      29      14      22       43   1.51
  2009         108     0.66563  0.49941  0.50      15       7      11       22   1.45
  2009         109     0.69263  0.51447  0.50       7       4       6       10   1.40
  2009         110+    0.73698  1.00000  1.36       4       4       5        5   1.36
  2010           0     0.00305  0.00304  0.21  100000     304   99759  7904696  79.05
  2010           1     0.00070  0.00070  0.50   99696      70   99661  7804937  78.29
  2010           2     0.00048  0.00048  0.50   99626      48   99602  7705276  77.34
  2010           3     0.00030  0.00030  0.50   99578      30   99563  7605674  76.38
  2010           4     0.00020  0.00020  0.50   99548      20   99538  7506111  75.40
  2010           5     0.00018  0.00018  0.50   99528      18   99519  7406573  74.42
  2010           6     0.00018  0.00018  0.50   99510      18   99501  7307053  73.43
  2010           7     0.00013  0.00013  0.50   99492      13   99486  7207552  72.44
  2010           8     0.00009  0.00009  0.50   99480       8   99475  7108066  71.45
  2010           9     0.00006  0.00006  0.50   99471       6   99468  7008591  70.46
  2010          10     0.00003  0.00003  0.50   99466       3   99464  6909122  69.46
  2010          11     0.00002  0.00002  0.50   99463       2   99462  6809658  68.46
  2010          12     0.00004  0.00004  0.50   99461       4   99459  6710196  67.47
  2010          13     0.00007  0.00007  0.50   99457       7   99453  6610738  66.47
  2010          14     0.00011  0.00011  0.50   99450      11   99444  6511285  65.47
  2010          15     0.00016  0.00016  0.50   99439      16   99431  6411840  64.48
  2010          16     0.00024  0.00024  0.50   99423      24   99411  6312409  63.49
  2010          17     0.00037  0.00037  0.50   99399      37   99381  6212998  62.51
  2010          18     0.00050  0.00050  0.50   99362      49   99337  6113618  61.53
  2010          19     0.00059  0.00059  0.50   99313      58   99284  6014280  60.56
  2010          20     0.00063  0.00063  0.50   99254      63   99223  5914997  59.59
  2010          21     0.00068  0.00068  0.50   99191      68   99158  5815774  58.63
  2010          22     0.00076  0.00076  0.50   99124      75   99086  5716616  57.67
  2010          23     0.00080  0.00080  0.50   99048      79   99009  5617530  56.71
  2010          24     0.00075  0.00075  0.50   98969      74   98932  5518521  55.76
  2010          25     0.00071  0.00071  0.50   98895      70   98860  5419589  54.80
  2010          26     0.00072  0.00072  0.50   98825      71   98790  5320728  53.84
  2010          27     0.00075  0.00075  0.50   98754      74   98717  5221939  52.88
  2010          28     0.00083  0.00083  0.50   98680      82   98639  5123221  51.92
  2010          29     0.00092  0.00092  0.50   98598      91   98553  5024582  50.96
  2010          30     0.00095  0.00094  0.50   98508      93   98461  4926029  50.01
  2010          31     0.00090  0.00090  0.50   98415      89   98370  4827568  49.05
  2010          32     0.00083  0.00083  0.50   98326      82   98285  4729198  48.10
  2010          33     0.00083  0.00082  0.50   98244      81   98204  4630913  47.14
  2010          34     0.00094  0.00094  0.50   98163      93   98117  4532709  46.18
  2010          35     0.00105  0.00105  0.50   98071     103   98019  4434592  45.22
  2010          36     0.00102  0.00102  0.50   97967     100   97917  4336573  44.27
  2010          37     0.00093  0.00093  0.50   97867      91   97822  4238655  43.31
  2010          38     0.00096  0.00096  0.50   97776      94   97729  4140834  42.35
  2010          39     0.00120  0.00120  0.50   97682     118   97623  4043105  41.39
  2010          40     0.00144  0.00143  0.50   97564     140   97494  3945482  40.44
  2010          41     0.00148  0.00148  0.50   97424     144   97352  3847988  39.50
  2010          42     0.00163  0.00163  0.50   97280     158   97201  3750636  38.56
  2010          43     0.00185  0.00185  0.50   97122     179   97032  3653435  37.62
  2010          44     0.00204  0.00203  0.50   96942     197   96844  3556403  36.69
  2010          45     0.00222  0.00221  0.50   96745     214   96638  3459559  35.76
  2010          46     0.00244  0.00243  0.50   96531     235   96414  3362921  34.84
  2010          47     0.00270  0.00270  0.50   96296     260   96166  3266507  33.92
  2010          48     0.00298  0.00298  0.50   96036     286   95894  3170341  33.01
  2010          49     0.00323  0.00323  0.50   95751     309   95596  3074447  32.11
  2010          50     0.00339  0.00338  0.50   95441     323   95280  2978851  31.21
  2010          51     0.00342  0.00341  0.50   95119     324   94956  2883571  30.32
  2010          52     0.00348  0.00348  0.50   94794     330   94629  2788615  29.42
  2010          53     0.00378  0.00377  0.50   94464     356   94286  2693985  28.52
  2010          54     0.00436  0.00435  0.50   94108     409   93904  2599699  27.62
  2010          55     0.00511  0.00510  0.50   93699     478   93460  2505795  26.74
  2010          56     0.00591  0.00589  0.50   93221     549   92947  2412335  25.88
  2010          57     0.00665  0.00663  0.50   92672     614   92365  2319388  25.03
  2010          58     0.00724  0.00721  0.50   92058     664   91726  2227023  24.19
  2010          59     0.00764  0.00761  0.50   91394     696   91046  2135298  23.36
  2010          60     0.00817  0.00813  0.50   90698     738   90329  2044252  22.54
  2010          61     0.00907  0.00903  0.50   89960     812   89554  1953923  21.72
  2010          62     0.01002  0.00997  0.50   89148     888   88704  1864369  20.91
  2010          63     0.01068  0.01062  0.50   88259     938   87791  1775665  20.12
  2010          64     0.01145  0.01138  0.50   87322     994   86825  1687875  19.33
  2010          65     0.01258  0.01250  0.50   86328    1079   85788  1601050  18.55
  2010          66     0.01343  0.01334  0.50   85249    1138   84680  1515261  17.77
  2010          67     0.01419  0.01409  0.50   84111    1185   83519  1430581  17.01
  2010          68     0.01522  0.01510  0.50   82926    1252   82300  1347063  16.24
  2010          69     0.01659  0.01645  0.50   81674    1344   81002  1264762  15.49
  2010          70     0.01830  0.01813  0.50   80331    1456   79602  1183760  14.74
  2010          71     0.02037  0.02017  0.50   78874    1591   78079  1104157  14.00
  2010          72     0.02288  0.02262  0.50   77284    1748   76409  1026079  13.28
  2010          73     0.02587  0.02554  0.50   75535    1929   74571   949669  12.57
  2010          74     0.02928  0.02886  0.50   73606    2124   72544   875099  11.89
  2010          75     0.03322  0.03267  0.50   71482    2336   70314   802554  11.23
  2010          76     0.03813  0.03742  0.50   69147    2587   67853   732240  10.59
  2010          77     0.04322  0.04230  0.50   66559    2816   65151   664387   9.98
  2010          78     0.04766  0.04655  0.50   63744    2967   62260   599236   9.40
  2010          79     0.05211  0.05079  0.50   60776    3087   59233   536976   8.84
  2010          80     0.05747  0.05586  0.50   57690    3223   56078   477743   8.28
  2010          81     0.06418  0.06218  0.50   54467    3387   52774   421665   7.74
  2010          82     0.07243  0.06990  0.50   51080    3571   49295   368891   7.22
  2010          83     0.08190  0.07868  0.50   47510    3738   45641   319596   6.73
  2010          84     0.09251  0.08842  0.50   43772    3870   41836   273955   6.26
  2010          85     0.10428  0.09912  0.50   39901    3955   37924   232119   5.82
  2010          86     0.11733  0.11083  0.50   35946    3984   33954   194195   5.40
  2010          87     0.13176  0.12361  0.50   31963    3951   29987   160241   5.01
  2010          88     0.14766  0.13751  0.50   28012    3852   26086   130254   4.65
  2010          89     0.16512  0.15253  0.50   24160    3685   22317   104168   4.31
  2010          90     0.18420  0.16867  0.50   20475    3453   18748    81851   4.00
  2010          91     0.20495  0.18590  0.50   17021    3164   15439    63103   3.71
  2010          92     0.22738  0.20416  0.50   13857    2829   12442    47664   3.44
  2010          93     0.25148  0.22339  0.50   11028    2464    9796    35221   3.19
  2010          94     0.27723  0.24348  0.50    8564    2085    7522    25425   2.97
  2010          95     0.30453  0.26429  0.50    6479    1712    5623    17903   2.76
  2010          96     0.33329  0.28568  0.50    4767    1362    4086    12280   2.58
  2010          97     0.36334  0.30748  0.50    3405    1047    2882     8194   2.41
  2010          98     0.39449  0.32950  0.50    2358     777    1970     5313   2.25
  2010          99     0.42653  0.35155  0.50    1581     556    1303     3343   2.11
  2010         100     0.45919  0.37345  0.50    1025     383     834     2040   1.99
  2010         101     0.49221  0.39500  0.50     642     254     515     1206   1.88
  2010         102     0.52530  0.41603  0.50     389     162     308      691   1.78
  2010         103     0.55817  0.43638  0.50     227      99     177      383   1.69
  2010         104     0.59054  0.45592  0.50     128      58      99      206   1.61
  2010         105     0.62214  0.47453  0.50      70      33      53      107   1.54
  2010         106     0.65270  0.49210  0.50      37      18      28       54   1.47
  2010         107     0.68198  0.50856  0.50      19       9      14       26   1.42
  2010         108     0.70985  0.52391  0.50       9       5       7       12   1.37
  2010         109     0.73637  0.53821  0.50       4       2       3        6   1.32
  2010         110+    0.77802  1.00000  1.29       2       2       3        3   1.29
  2011           0     0.00191  0.00191  0.22  100000     191   99851  7900695  79.01
  2011           1     0.00021  0.00021  0.50   99809      20   99799  7800844  78.16
  2011           2     0.00019  0.00019  0.50   99788      19   99779  7701045  77.17
  2011           3     0.00019  0.00019  0.50   99769      19   99760  7601267  76.19
  2011           4     0.00018  0.00018  0.50   99750      18   99741  7501507  75.20
  2011           5     0.00016  0.00016  0.50   99733      16   99724  7401765  74.22
  2011           6     0.00014  0.00014  0.50   99716      14   99709  7302041  73.23
  2011           7     0.00013  0.00013  0.50   99702      13   99696  7202332  72.24
  2011           8     0.00011  0.00011  0.50   99689      11   99684  7102636  71.25
  2011           9     0.00010  0.00010  0.50   99678      10   99673  7002952  70.26
  2011          10     0.00008  0.00008  0.50   99668       8   99664  6903279  69.26
  2011          11     0.00007  0.00007  0.50   99660       7   99656  6803615  68.27
  2011          12     0.00009  0.00009  0.50   99653       9   99648  6703959  67.27
  2011          13     0.00016  0.00016  0.50   99643      15   99636  6604311  66.28
  2011          14     0.00025  0.00025  0.50   99628      25   99615  6504675  65.29
  2011          15     0.00037  0.00037  0.50   99603      36   99585  6405060  64.31
  2011          16     0.00047  0.00047  0.50   99566      47   99543  6305475  63.33
  2011          17     0.00056  0.00056  0.50   99519      55   99492  6205932  62.36
  2011          18     0.00061  0.00061  0.50   99464      61   99434  6106441  61.39
  2011          19     0.00065  0.00065  0.50   99403      65   99371  6007007  60.43
  2011          20     0.00070  0.00070  0.50   99339      69   99304  5907636  59.47
  2011          21     0.00074  0.00074  0.50   99269      74   99233  5808332  58.51
  2011          22     0.00076  0.00076  0.50   99196      75   99158  5709099  57.55
  2011          23     0.00075  0.00075  0.50   99121      75   99084  5609941  56.60
  2011          24     0.00075  0.00075  0.50   99046      74   99009  5510857  55.64
  2011          25     0.00073  0.00073  0.50   98973      73   98936  5411848  54.68
  2011          26     0.00072  0.00072  0.50   98900      71   98864  5312912  53.72
  2011          27     0.00072  0.00072  0.50   98828      71   98793  5214048  52.76
  2011          28     0.00073  0.00073  0.50   98757      73   98721  5115255  51.80
  2011          29     0.00076  0.00076  0.50   98685      75   98647  5016534  50.83
  2011          30     0.00079  0.00079  0.50   98609      78   98570  4917887  49.87
  2011          31     0.00081  0.00081  0.50   98531      80   98491  4819316  48.91
  2011          32     0.00084  0.00084  0.50   98451      83   98410  4720825  47.95
  2011          33     0.00088  0.00088  0.50   98369      87   98325  4622415  46.99
  2011          34     0.00096  0.00096  0.50   98282      94   98235  4524090  46.03
  2011          35     0.00103  0.00103  0.50   98188     101   98137  4425855  45.08
  2011          36     0.00110  0.00110  0.50   98086     107   98033  4327718  44.12
  2011          37     0.00115  0.00115  0.50   97979     113   97922  4229686  43.17
  2011          38     0.00123  0.00123  0.50   97866     120   97806  4131763  42.22
  2011          39     0.00135  0.00135  0.50   97746     132   97679  4033957  41.27
  2011          40     0.00148  0.00148  0.50   97613     145   97541  3936278  40.33
  2011          41     0.00157  0.00157  0.50   97469     153   97392  3838737  39.38
  2011          42     0.00161  0.00161  0.50   97316     157   97237  3741345  38.45
  2011          43     0.00165  0.00165  0.50   97159     160   97079  3644107  37.51
  2011          44     0.00175  0.00174  0.50   96999     169   96915  3547028  36.57
  2011          45     0.00192  0.00192  0.50   96830     186   96737  3450114  35.63
  2011          46     0.00217  0.00217  0.50   96644     209   96539  3353377  34.70
  2011          47     0.00244  0.00243  0.50   96435     235   96317  3256837  33.77
  2011          48     0.00272  0.00272  0.50   96200     261   96069  3160520  32.85
  2011          49     0.00303  0.00303  0.50   95939     290   95794  3064450  31.94
  2011          50     0.00340  0.00340  0.50   95648     325   95486  2968657  31.04
  2011          51     0.00385  0.00385  0.50   95324     367   95140  2873171  30.14
  2011          52     0.00429  0.00428  0.50   94957     406   94754  2778031  29.26
  2011          53     0.00461  0.00460  0.50   94550     435   94333  2683277  28.38
  2011          54     0.00484  0.00483  0.50   94116     454   93889  2588944  27.51
  2011          55     0.00511  0.00509  0.50   93661     477   93423  2495055  26.64
  2011          56     0.00553  0.00552  0.50   93184     514   92927  2401632  25.77
  2011          57     0.00611  0.00609  0.50   92670     565   92388  2308705  24.91
  2011          58     0.00682  0.00679  0.50   92106     626   91793  2216317  24.06
  2011          59     0.00763  0.00760  0.50   91480     696   91132  2124524  23.22
  2011          60     0.00850  0.00847  0.50   90784     769   90400  2033392  22.40
  2011          61     0.00937  0.00933  0.50   90016     840   89596  1942992  21.59
  2011          62     0.01020  0.01014  0.50   89176     905   88723  1853397  20.78
  2011          63     0.01095  0.01089  0.50   88271     961   87790  1764673  19.99
  2011          64     0.01171  0.01164  0.50   87310    1017   86801  1676883  19.21
  2011          65     0.01255  0.01247  0.50   86293    1076   85755  1590081  18.43
  2011          66     0.01345  0.01336  0.50   85217    1139   84648  1504326  17.65
  2011          67     0.01444  0.01433  0.50   84078    1205   83476  1419678  16.89
  2011          68     0.01554  0.01542  0.50   82873    1278   82234  1336202  16.12
  2011          69     0.01690  0.01676  0.50   81595    1367   80911  1253968  15.37
  2011          70     0.01860  0.01843  0.50   80228    1478   79489  1173057  14.62
  2011          71     0.02058  0.02037  0.50   78750    1604   77947  1093568  13.89
  2011          72     0.02294  0.02268  0.50   77145    1750   76270  1015621  13.17
  2011          73     0.02579  0.02546  0.50   75395    1920   74435   939350  12.46
  2011          74     0.02916  0.02874  0.50   73476    2112   72420   864915  11.77
  2011          75     0.03307  0.03253  0.50   71364    2321   70203   792495  11.11
  2011          76     0.03747  0.03678  0.50   69042    2540   67772   722293  10.46
  2011          77     0.04230  0.04143  0.50   66503    2755   65125   654520   9.84
  2011          78     0.04752  0.04641  0.50   63748    2959   62268   589395   9.25
  2011          79     0.05334  0.05195  0.50   60789    3158   59210   527127   8.67
  2011          80     0.06001  0.05826  0.50   57631    3358   55952   467917   8.12
  2011          81     0.06764  0.06543  0.50   54273    3551   52498   411965   7.59
  2011          82     0.07627  0.07347  0.50   50722    3726   48859   359468   7.09
  2011          83     0.08589  0.08236  0.50   46996    3870   45061   310609   6.61
  2011          84     0.09657  0.09212  0.50   43125    3973   41139   265548   6.16
  2011          85     0.10838  0.10281  0.50   39153    4025   37140   224409   5.73
  2011          86     0.12142  0.11447  0.50   35127    4021   33117   187269   5.33
  2011          87     0.13577  0.12714  0.50   31106    3955   29129   154152   4.96
  2011          88     0.15153  0.14086  0.50   27152    3824   25239   125023   4.60
  2011          89     0.16875  0.15562  0.50   23327    3630   21512    99784   4.28
  2011          90     0.18750  0.17143  0.50   19697    3377   18009    78272   3.97
  2011          91     0.20781  0.18825  0.50   16320    3072   14784    60263   3.69
  2011          92     0.22970  0.20604  0.50   13248    2730   11883    45479   3.43
  2011          93     0.25315  0.22471  0.50   10518    2364    9337    33596   3.19
  2011          94     0.27813  0.24417  0.50    8155    1991    7159    24260   2.97
  2011          95     0.30456  0.26431  0.50    6164    1629    5349    17101   2.77
  2011          96     0.33235  0.28499  0.50    4534    1292    3888    11752   2.59
  2011          97     0.36135  0.30605  0.50    3242     992    2746     7863   2.43
  2011          98     0.39139  0.32733  0.50    2250     736    1882     5117   2.27
  2011          99     0.42228  0.34866  0.50    1513     528    1250     3235   2.14
  2011         100     0.45379  0.36987  0.50     986     365     803     1986   2.01
  2011         101     0.48566  0.39077  0.50     621     243     500     1182   1.90
  2011         102     0.51764  0.41121  0.50     378     156     301      683   1.80
  2011         103     0.54945  0.43103  0.50     223      96     175      382   1.71
  2011         104     0.58081  0.45010  0.50     127      57      98      207   1.63
  2011         105     0.61146  0.46829  0.50      70      33      53      109   1.56
  2011         106     0.64121  0.48554  0.50      37      18      28       56   1.50
  2011         107     0.66990  0.50182  0.50      19      10      14       27   1.44
  2011         108     0.69762  0.51721  0.50      10       5       7       13   1.39
  2011         109     0.72454  0.53186  0.50       5       2       3        6   1.35
  2011         110+    0.76618  1.00000  1.31       2       2       3        3   1.31
  2012           0     0.00290  0.00289  0.21  100000     289   99771  7956456  79.56
  2012           1     0.00046  0.00046  0.50   99711      46   99688  7856685  78.79
  2012           2     0.00029  0.00029  0.50   99664      29   99650  7756998  77.83
  2012           3     0.00019  0.00019  0.50   99635      19   99626  7657348  76.85
  2012           4     0.00014  0.00014  0.50   99616      14   99609  7557722  75.87
  2012           5     0.00011  0.00011  0.50   99602      11   99597  7458113  74.88
  2012           6     0.00008  0.00008  0.50   99591       8   99587  7358516  73.89
  2012           7     0.00006  0.00006  0.50   99583       6   99581  7258929  72.89
  2012           8     0.00005  0.00005  0.50   99578       5   99575  7159348  71.90
  2012           9     0.00006  0.00006  0.50   99573       6   99570  7059773  70.90
  2012          10     0.00007  0.00007  0.50   99567       7   99563  6960203  69.90
  2012          11     0.00010  0.00010  0.50   99559      10   99555  6860640  68.91
  2012          12     0.00014  0.00014  0.50   99550      14   99543  6761085  67.92
  2012          13     0.00017  0.00017  0.50   99536      17   99527  6661543  66.93
  2012          14     0.00021  0.00021  0.50   99519      20   99508  6562015  65.94
  2012          15     0.00024  0.00024  0.50   99498      24   99486  6462507  64.95
  2012          16     0.00029  0.00029  0.50   99475      29   99460  6363021  63.97
  2012          17     0.00037  0.00036  0.50   99446      36   99428  6263560  62.98
  2012          18     0.00044  0.00044  0.50   99410      44   99388  6164133  62.01
  2012          19     0.00049  0.00049  0.50   99366      49   99341  6064745  61.03
  2012          20     0.00054  0.00054  0.50   99317      53   99290  5965404  60.06
  2012          21     0.00058  0.00058  0.50   99264      57   99235  5866113  59.10
  2012          22     0.00061  0.00061  0.50   99207      61   99176  5766878  58.13
  2012          23     0.00065  0.00065  0.50   99146      64   99114  5667702  57.17
  2012          24     0.00069  0.00069  0.50   99082      69   99047  5568588  56.20
  2012          25     0.00072  0.00072  0.50   99013      71   98977  5469541  55.24
  2012          26     0.00071  0.00071  0.50   98941      71   98906  5370564  54.28
  2012          27     0.00067  0.00067  0.50   98871      66   98838  5271658  53.32
  2012          28     0.00062  0.00062  0.50   98804      61   98774  5172820  52.35
  2012          29     0.00059  0.00059  0.50   98743      58   98714  5074046  51.39
  2012          30     0.00064  0.00064  0.50   98685      63   98653  4975332  50.42
  2012          31     0.00073  0.00073  0.50   98621      72   98585  4876679  49.45
  2012          32     0.00082  0.00082  0.50   98549      81   98509  4778094  48.48
  2012          33     0.00089  0.00089  0.50   98468      87   98425  4679585  47.52
  2012          34     0.00094  0.00094  0.50   98381      92   98335  4581160  46.57
  2012          35     0.00096  0.00096  0.50   98289      94   98242  4482825  45.61
  2012          36     0.00094  0.00094  0.50   98195      92   98149  4384583  44.65
  2012          37     0.00093  0.00093  0.50   98103      91   98058  4286434  43.69
  2012          38     0.00095  0.00094  0.50   98012      93   97966  4188376  42.73
  2012          39     0.00101  0.00101  0.50   97920      99   97871  4090410  41.77
  2012          40     0.00111  0.00111  0.50   97821     109   97767  3992539  40.81
  2012          41     0.00128  0.00128  0.50   97712     125   97650  3894772  39.86
  2012          42     0.00151  0.00151  0.50   97588     148   97514  3797122  38.91
  2012          43     0.00171  0.00171  0.50   97440     167   97357  3699608  37.97
  2012          44     0.00178  0.00178  0.50   97273     173   97187  3602252  37.03
  2012          45     0.00180  0.00180  0.50   97100     175   97013  3505065  36.10
  2012          46     0.00191  0.00191  0.50   96926     185   96833  3408052  35.16
  2012          47     0.00214  0.00214  0.50   96741     207   96637  3311219  34.23
  2012          48     0.00244  0.00244  0.50   96534     236   96416  3214581  33.30
  2012          49     0.00275  0.00274  0.50   96298     264   96166  3118166  32.38
  2012          50     0.00306  0.00305  0.50   96034     293   95887  3022000  31.47
  2012          51     0.00341  0.00340  0.50   95741     326   95578  2926112  30.56
  2012          52     0.00379  0.00378  0.50   95415     361   95235  2830534  29.67
  2012          53     0.00420  0.00420  0.50   95055     399   94855  2735299  28.78
  2012          54     0.00471  0.00470  0.50   94656     445   94433  2640444  27.90
  2012          55     0.00524  0.00523  0.50   94211     492   93965  2546010  27.02
  2012          56     0.00570  0.00568  0.50   93719     533   93452  2452046  26.16
  2012          57     0.00609  0.00607  0.50   93186     566   92903  2358593  25.31
  2012          58     0.00645  0.00643  0.50   92620     595   92322  2265690  24.46
  2012          59     0.00684  0.00682  0.50   92025     628   91711  2173368  23.62
  2012          60     0.00734  0.00732  0.50   91397     669   91063  2081657  22.78
  2012          61     0.00800  0.00797  0.50   90728     723   90367  1990594  21.94
  2012          62     0.00878  0.00874  0.50   90006     786   89613  1900227  21.11
  2012          63     0.00965  0.00961  0.50   89219     857   88791  1810614  20.29
  2012          64     0.01063  0.01058  0.50   88362     935   87895  1721824  19.49
  2012          65     0.01174  0.01167  0.50   87428    1020   86918  1633928  18.69
  2012          66     0.01295  0.01287  0.50   86408    1112   85852  1547011  17.90
  2012          67     0.01420  0.01410  0.50   85295    1203   84694  1461159  17.13
  2012          68     0.01540  0.01529  0.50   84093    1285   83450  1376465  16.37
  2012          69     0.01658  0.01644  0.50   82807    1362   82127  1293015  15.61
  2012          70     0.01785  0.01769  0.50   81446    1441   80725  1210889  14.87
  2012          71     0.01958  0.01939  0.50   80005    1551   79229  1130163  14.13
  2012          72     0.02191  0.02167  0.50   78454    1700   77604  1050934  13.40
  2012          73     0.02488  0.02457  0.50   76753    1886   75810   973330  12.68
  2012          74     0.02842  0.02802  0.50   74868    2098   73818   897520  11.99
  2012          75     0.03247  0.03195  0.50   72769    2325   71607   823701  11.32
  2012          76     0.03685  0.03619  0.50   70445    2549   69170   752094  10.68
  2012          77     0.04148  0.04064  0.50   67896    2759   66516   682924  10.06
  2012          78     0.04633  0.04528  0.50   65136    2950   63661   616408   9.46
  2012          79     0.05164  0.05034  0.50   62187    3130   60621   552747   8.89
  2012          80     0.05767  0.05606  0.50   59056    3310   57401   492126   8.33
  2012          81     0.06465  0.06263  0.50   55746    3491   54000   434725   7.80
  2012          82     0.07271  0.07016  0.50   52255    3666   50421   380724   7.29
  2012          83     0.08184  0.07863  0.50   48588    3820   46678   330303   6.80
  2012          84     0.09206  0.08801  0.50   44768    3940   42798   283625   6.34
  2012          85     0.10341  0.09832  0.50   40828    4014   38821   240827   5.90
  2012          86     0.11596  0.10961  0.50   36814    4035   34796   202006   5.49
  2012          87     0.12980  0.12189  0.50   32779    3995   30781   167210   5.10
  2012          88     0.14502  0.13522  0.50   28783    3892   26837   136429   4.74
  2012          89     0.16169  0.14960  0.50   24891    3724   23029   109592   4.40
  2012          90     0.17988  0.16503  0.50   21167    3493   19421    86563   4.09
  2012          91     0.19962  0.18150  0.50   17674    3208   16070    67142   3.80
  2012          92     0.22094  0.19896  0.50   14466    2878   13027    51072   3.53
  2012          93     0.24385  0.21735  0.50   11588    2519   10329    38045   3.28
  2012          94     0.26830  0.23657  0.50    9069    2146    7997    27717   3.06
  2012          95     0.29426  0.25652  0.50    6924    1776    6036    19720   2.85
  2012          96     0.32162  0.27707  0.50    5148    1426    4435    13684   2.66
  2012          97     0.35027  0.29806  0.50    3721    1109    3167     9249   2.49
  2012          98     0.38003  0.31935  0.50    2612     834    2195     6083   2.33
  2012          99     0.41072  0.34074  0.50    1778     606    1475     3887   2.19
  2012         100     0.44212  0.36208  0.50    1172     424     960     2412   2.06
  2012         101     0.47399  0.38318  0.50     748     287     605     1452   1.94
  2012         102     0.50608  0.40388  0.50     461     186     368      848   1.84
  2012         103     0.53811  0.42403  0.50     275     117     217      480   1.74
  2012         104     0.56982  0.44347  0.50     158      70     123      263   1.66
  2012         105     0.60094  0.46209  0.50      88      41      68      140   1.59
  2012         106     0.63120  0.47978  0.50      47      23      36       72   1.52
  2012         107     0.66038  0.49646  0.50      25      12      19       36   1.46
  2012         108     0.68846  0.51216  0.50      12       6       9       17   1.41
  2012         109     0.71555  0.52700  0.50       6       3       4        8   1.36
  2012         110+    0.75880  1.00000  1.32       3       3       4        4   1.32
  2013           0     0.00244  0.00244  0.21  100000     244   99808  7966121  79.66
  2013           1     0.00009  0.00009  0.50   99756       9   99752  7866313  78.86
  2013           2     0.00013  0.00013  0.50   99748      13   99741  7766561  77.86
  2013           3     0.00017  0.00017  0.50   99735      17   99726  7666820  76.87
  2013           4     0.00020  0.00020  0.50   99717      20   99707  7567094  75.89
  2013           5     0.00019  0.00019  0.50   99697      19   99688  7467387  74.90
  2013           6     0.00016  0.00016  0.50   99678      16   99670  7367699  73.91
  2013           7     0.00013  0.00013  0.50   99662      13   99656  7268029  72.93
  2013           8     0.00008  0.00008  0.50   99649       8   99645  7168373  71.94
  2013           9     0.00004  0.00004  0.50   99641       4   99639  7068728  70.94
  2013          10     0.00002  0.00002  0.50   99637       2   99636  6969089  69.95
  2013          11     0.00002  0.00002  0.50   99635       2   99633  6869454  68.95
  2013          12     0.00005  0.00005  0.50   99632       5   99630  6769820  67.95
  2013          13     0.00008  0.00008  0.50   99627       8   99623  6670191  66.95
  2013          14     0.00012  0.00012  0.50   99619      12   99613  6570568  65.96
  2013          15     0.00018  0.00018  0.50   99607      18   99598  6470955  64.96
  2013          16     0.00026  0.00026  0.50   99589      26   99576  6371356  63.98
  2013          17     0.00035  0.00035  0.50   99564      35   99546  6271780  62.99
  2013          18     0.00044  0.00044  0.50   99528      44   99506  6172234  62.01
  2013          19     0.00052  0.00052  0.50   99484      52   99458  6072728  61.04
  2013          20     0.00064  0.00064  0.50   99432      63   99401  5973269  60.07
  2013          21     0.00074  0.00074  0.50   99369      74   99332  5873869  59.11
  2013          22     0.00077  0.00077  0.50   99295      76   99257  5774537  58.16
  2013          23     0.00074  0.00074  0.50   99219      74   99182  5675280  57.20
  2013          24     0.00069  0.00069  0.50   99145      68   99111  5576098  56.24
  2013          25     0.00064  0.00064  0.50   99077      63   99045  5476986  55.28
  2013          26     0.00061  0.00061  0.50   99014      60   98983  5377941  54.32
  2013          27     0.00061  0.00061  0.50   98953      60   98923  5278958  53.35
  2013          28     0.00063  0.00063  0.50   98893      62   98862  5180034  52.38
  2013          29     0.00069  0.00069  0.50   98831      68   98797  5081172  51.41
  2013          30     0.00077  0.00077  0.50   98763      76   98725  4982375  50.45
  2013          31     0.00085  0.00085  0.50   98687      83   98645  4883650  49.49
  2013          32     0.00087  0.00087  0.50   98603      86   98560  4785005  48.53
  2013          33     0.00090  0.00090  0.50   98518      89   98473  4686445  47.57
  2013          34     0.00099  0.00099  0.50   98429      98   98380  4587971  46.61
  2013          35     0.00112  0.00112  0.50   98331     110   98276  4489591  45.66
  2013          36     0.00122  0.00122  0.50   98221     120   98161  4391315  44.71
  2013          37     0.00124  0.00124  0.50   98101     122   98040  4293154  43.76
  2013          38     0.00123  0.00123  0.50   97979     121   97919  4195114  42.82
  2013          39     0.00125  0.00125  0.50   97859     122   97798  4097195  41.87
  2013          40     0.00129  0.00129  0.50   97737     126   97674  3999397  40.92
  2013          41     0.00137  0.00137  0.50   97610     133   97544  3901724  39.97
  2013          42     0.00146  0.00146  0.50   97477     142   97406  3804180  39.03
  2013          43     0.00158  0.00158  0.50   97335     154   97258  3706774  38.08
  2013          44     0.00176  0.00176  0.50   97181     171   97096  3609516  37.14
  2013          45     0.00200  0.00200  0.50   97010     194   96913  3512421  36.21
  2013          46     0.00230  0.00230  0.50   96816     222   96705  3415508  35.28
  2013          47     0.00255  0.00255  0.50   96594     246   96471  3318803  34.36
  2013          48     0.00277  0.00277  0.50   96348     267   96214  3222332  33.44
  2013          49     0.00300  0.00300  0.50   96081     288   95937  3126118  32.54
  2013          50     0.00328  0.00327  0.50   95793     313   95636  3030181  31.63
  2013          51     0.00361  0.00360  0.50   95479     344   95307  2934545  30.73
  2013          52     0.00402  0.00402  0.50   95135     382   94944  2839238  29.84
  2013          53     0.00450  0.00449  0.50   94753     425   94541  2744293  28.96
  2013          54     0.00492  0.00491  0.50   94328     463   94096  2649753  28.09
  2013          55     0.00527  0.00525  0.50   93865     493   93618  2555656  27.23
  2013          56     0.00553  0.00551  0.50   93372     515   93114  2462038  26.37
  2013          57     0.00578  0.00576  0.50   92857     535   92589  2368924  25.51
  2013          58     0.00612  0.00610  0.50   92322     563   92041  2276335  24.66
  2013          59     0.00669  0.00666  0.50   91759     611   91453  2184294  23.80
  2013          60     0.00743  0.00741  0.50   91148     675   90810  2092841  22.96
  2013          61     0.00826  0.00822  0.50   90473     744   90101  2002031  22.13
  2013          62     0.00910  0.00906  0.50   89729     813   89322  1911930  21.31
  2013          63     0.00995  0.00990  0.50   88916     880   88476  1822608  20.50
  2013          64     0.01091  0.01086  0.50   88036     956   87558  1734132  19.70
  2013          65     0.01203  0.01196  0.50   87080    1041   86559  1646574  18.91
  2013          66     0.01295  0.01287  0.50   86039    1107   85485  1560014  18.13
  2013          67     0.01375  0.01366  0.50   84932    1160   84352  1474529  17.36
  2013          68     0.01465  0.01454  0.50   83772    1218   83163  1390177  16.59
  2013          69     0.01581  0.01569  0.50   82553    1295   81906  1307015  15.83
  2013          70     0.01737  0.01722  0.50   81258    1399   80559  1225109  15.08
  2013          71     0.01937  0.01918  0.50   79859    1532   79093  1144550  14.33
  2013          72     0.02164  0.02141  0.50   78327    1677   77489  1065457  13.60
  2013          73     0.02407  0.02379  0.50   76650    1823   75739   987968  12.89
  2013          74     0.02681  0.02646  0.50   74827    1980   73837   912229  12.19
  2013          75     0.03007  0.02962  0.50   72847    2158   71768   838392  11.51
  2013          76     0.03387  0.03330  0.50   70690    2354   69512   766623  10.84
  2013          77     0.03824  0.03753  0.50   68335    2564   67053   697111  10.20
  2013          78     0.04324  0.04233  0.50   65771    2784   64379   630058   9.58
  2013          79     0.04895  0.04778  0.50   62987    3010   61482   565679   8.98
  2013          80     0.05547  0.05398  0.50   59977    3237   58359   504196   8.41
  2013          81     0.06282  0.06091  0.50   56740    3456   55012   445838   7.86
  2013          82     0.07103  0.06859  0.50   53284    3655   51457   390825   7.33
  2013          83     0.08019  0.07710  0.50   49629    3826   47716   339369   6.84
  2013          84     0.09041  0.08650  0.50   45803    3962   43822   291653   6.37
  2013          85     0.10179  0.09686  0.50   41841    4053   39814   247831   5.92
  2013          86     0.11442  0.10822  0.50   37788    4090   35743   208017   5.50
  2013          87     0.12838  0.12064  0.50   33698    4065   31666   172274   5.11
  2013          88     0.14378  0.13414  0.50   29633    3975   27645   140608   4.75
  2013          89     0.16069  0.14874  0.50   25658    3816   23750   112963   4.40
  2013          90     0.17916  0.16443  0.50   21842    3592   20046    89213   4.08
  2013          91     0.19926  0.18120  0.50   18250    3307   16597    69167   3.79
  2013          92     0.22100  0.19901  0.50   14943    2974   13456    52570   3.52
  2013          93     0.24438  0.21777  0.50   11969    2607   10666    39114   3.27
  2013          94     0.26938  0.23740  0.50    9363    2223    8251    28448   3.04
  2013          95     0.29593  0.25779  0.50    7140    1841    6220    20197   2.83
  2013          96     0.32394  0.27878  0.50    5299    1477    4561    13977   2.64
  2013          97     0.35326  0.30023  0.50    3822    1147    3248     9416   2.46
  2013          98     0.38373  0.32196  0.50    2675     861    2244     6168   2.31
  2013          99     0.41514  0.34378  0.50    1813     623    1502     3924   2.16
  2013         100     0.44725  0.36551  0.50    1190     435     973     2422   2.04
  2013         101     0.47981  0.38697  0.50     755     292     609     1450   1.92
  2013         102     0.51254  0.40799  0.50     463     189     368      841   1.82
  2013         103     0.54515  0.42838  0.50     274     117     215      472   1.72
  2013         104     0.57735  0.44802  0.50     157      70     122      257   1.64
  2013         105     0.60884  0.46675  0.50      86      40      66      136   1.57
  2013         106     0.63938  0.48449  0.50      46      22      35       69   1.50
  2013         107     0.66878  0.50119  0.50      24      12      18       34   1.44
  2013         108     0.69708  0.51692  0.50      12       6       9       16   1.39
  2013         109     0.72443  0.53180  0.50       6       3       4        8   1.34
  2013         110+    0.76706  1.00000  1.30       3       3       3        3   1.30
  2014           0     0.00241  0.00240  0.21  100000     240   99811  8012665  80.13
  2014           1     0.00046  0.00046  0.50   99760      46   99737  7912854  79.32
  2014           2     0.00026  0.00026  0.50   99713      26   99701  7813117  78.36
  2014           3     0.00013  0.00013  0.50   99688      13   99681  7713417  77.38
  2014           4     0.00009  0.00009  0.50   99675       9   99670  7613736  76.39
  2014           5     0.00012  0.00012  0.50   99665      12   99659  7514066  75.39
  2014           6     0.00016  0.00016  0.50   99653      16   99645  7414406  74.40
  2014           7     0.00016  0.00016  0.50   99637      16   99629  7314761  73.41
  2014           8     0.00011  0.00011  0.50   99621      11   99615  7215133  72.43
  2014           9     0.00006  0.00006  0.50   99610       6   99607  7115517  71.43
  2014          10     0.00004  0.00004  0.50   99604       4   99602  7015911  70.44
  2014          11     0.00006  0.00006  0.50   99600       6   99597  6916309  69.44
  2014          12     0.00012  0.00012  0.50   99594      11   99588  6816712  68.45
  2014          13     0.00017  0.00017  0.50   99582      17   99574  6717124  67.45
  2014          14     0.00022  0.00022  0.50   99566      22   99555  6617550  66.46
  2014          15     0.00026  0.00026  0.50   99544      26   99531  6517995  65.48
  2014          16     0.00030  0.00030  0.50   99518      30   99503  6418464  64.50
  2014          17     0.00032  0.00032  0.50   99488      32   99472  6318961  63.51
  2014          18     0.00035  0.00035  0.50   99456      35   99439  6219489  62.54
  2014          19     0.00039  0.00039  0.50   99421      39   99402  6120051  61.56
  2014          20     0.00045  0.00045  0.50   99382      45   99360  6020649  60.58
  2014          21     0.00051  0.00051  0.50   99338      51   99312  5921289  59.61
  2014          22     0.00060  0.00060  0.50   99286      59   99257  5821977  58.64
  2014          23     0.00064  0.00064  0.50   99227      63   99196  5722721  57.67
  2014          24     0.00061  0.00061  0.50   99164      61   99133  5623525  56.71
  2014          25     0.00062  0.00062  0.50   99103      62   99072  5524392  55.74
  2014          26     0.00066  0.00066  0.50   99041      65   99009  5425320  54.78
  2014          27     0.00070  0.00070  0.50   98976      69   98941  5326311  53.81
  2014          28     0.00072  0.00072  0.50   98907      71   98871  5227370  52.85
  2014          29     0.00073  0.00073  0.50   98835      73   98799  5128499  51.89
  2014          30     0.00075  0.00075  0.50   98763      74   98726  5029700  50.93
  2014          31     0.00077  0.00077  0.50   98688      76   98650  4930974  49.97
  2014          32     0.00078  0.00078  0.50   98612      77   98573  4832324  49.00
  2014          33     0.00078  0.00078  0.50   98535      77   98497  4733750  48.04
  2014          34     0.00077  0.00077  0.50   98458      75   98421  4635254  47.08
  2014          35     0.00079  0.00079  0.50   98383      77   98344  4536833  46.11
  2014          36     0.00087  0.00087  0.50   98306      85   98263  4438489  45.15
  2014          37     0.00096  0.00096  0.50   98221      94   98173  4340226  44.19
  2014          38     0.00103  0.00103  0.50   98126     101   98076  4242052  43.23
  2014          39     0.00105  0.00105  0.50   98025     103   97973  4143977  42.27
  2014          40     0.00104  0.00104  0.50   97922     102   97871  4046003  41.32
  2014          41     0.00104  0.00104  0.50   97820     102   97769  3948132  40.36
  2014          42     0.00120  0.00120  0.50   97719     117   97660  3850363  39.40
  2014          43     0.00148  0.00148  0.50   97602     144   97530  3752703  38.45
  2014          44     0.00177  0.00177  0.50   97458     173   97371  3655173  37.51
  2014          45     0.00199  0.00199  0.50   97285     193   97188  3557802  36.57
  2014          46     0.00205  0.00205  0.50   97091     199   96992  3460614  35.64
  2014          47     0.00205  0.00204  0.50   96892     198   96793  3363622  34.72
  2014          48     0.00213  0.00213  0.50   96694     206   96591  3266829  33.79
  2014          49     0.00242  0.00242  0.50   96488     234   96371  3170238  32.86
  2014          50     0.00280  0.00280  0.50   96254     269   96120  3073867  31.93
  2014          51     0.00312  0.00312  0.50   95985     299   95836  2977747  31.02
  2014          52     0.00336  0.00335  0.50   95686     321   95525  2881911  30.12
  2014          53     0.00356  0.00355  0.50   95365     339   95196  2786386  29.22
  2014          54     0.00391  0.00390  0.50   95027     371   94841  2691190  28.32
  2014          55     0.00439  0.00438  0.50   94656     414   94449  2596349  27.43
  2014          56     0.00490  0.00489  0.50   94242     460   94011  2501900  26.55
  2014          57     0.00535  0.00534  0.50   93781     500   93531  2407889  25.68
  2014          58     0.00575  0.00574  0.50   93281     535   93013  2314358  24.81
  2014          59     0.00639  0.00637  0.50   92745     590   92450  2221345  23.95
  2014          60     0.00721  0.00718  0.50   92155     662   91824  2128895  23.10
  2014          61     0.00809  0.00805  0.50   91493     737   91125  2037071  22.26
  2014          62     0.00892  0.00888  0.50   90756     806   90353  1945946  21.44
  2014          63     0.00967  0.00962  0.50   89951     865   89518  1855593  20.63
  2014          64     0.01050  0.01045  0.50   89085     931   88620  1766075  19.82
  2014          65     0.01156  0.01149  0.50   88154    1013   87648  1677455  19.03
  2014          66     0.01269  0.01261  0.50   87141    1098   86592  1589807  18.24
  2014          67     0.01388  0.01378  0.50   86043    1186   85450  1503215  17.47
  2014          68     0.01516  0.01505  0.50   84857    1277   84219  1417765  16.71
  2014          69     0.01646  0.01633  0.50   83580    1365   82898  1333546  15.96
  2014          70     0.01782  0.01766  0.50   82216    1452   81489  1250648  15.21
  2014          71     0.01963  0.01944  0.50   80763    1570   79978  1169159  14.48
  2014          72     0.02181  0.02157  0.50   79193    1708   78339  1089181  13.75
  2014          73     0.02413  0.02384  0.50   77485    1847   76561  1010842  13.05
  2014          74     0.02654  0.02619  0.50   75637    1981   74647   934281  12.35
  2014          75     0.02914  0.02872  0.50   73656    2116   72598   859634  11.67
  2014          76     0.03252  0.03200  0.50   71540    2289   70396   787036  11.00
  2014          77     0.03709  0.03642  0.50   69251    2522   67990   716640  10.35
  2014          78     0.04299  0.04208  0.50   66729    2808   65325   648650   9.72
  2014          79     0.04946  0.04826  0.50   63921    3085   62378   583326   9.13
  2014          80     0.05581  0.05429  0.50   60836    3303   59184   520947   8.56
  2014          81     0.06248  0.06059  0.50   57533    3486   55790   461763   8.03
  2014          82     0.07006  0.06769  0.50   54047    3659   52218   405973   7.51
  2014          83     0.07861  0.07564  0.50   50388    3811   48483   353756   7.02
  2014          84     0.08816  0.08444  0.50   46577    3933   44611   305273   6.55
  2014          85     0.09878  0.09413  0.50   42644    4014   40637   260662   6.11
  2014          86     0.11053  0.10474  0.50   38630    4046   36607   220025   5.70
  2014          87     0.12347  0.11629  0.50   34584    4022   32573   183418   5.30
  2014          88     0.13770  0.12883  0.50   30562    3937   28593   150846   4.94
  2014          89     0.15327  0.14236  0.50   26625    3790   24730   122252   4.59
  2014          90     0.17025  0.15690  0.50   22835    3583   21043    97523   4.27
  2014          91     0.18870  0.17243  0.50   19252    3320   17592    76479   3.97
  2014          92     0.20864  0.18893  0.50   15932    3010   14427    58887   3.70
  2014          93     0.23010  0.20636  0.50   12922    2667   11589    44460   3.44
  2014          94     0.25305  0.22463  0.50   10256    2304    9104    32871   3.21
  2014          95     0.27747  0.24366  0.50    7952    1938    6983    23768   2.99
  2014          96     0.30328  0.26335  0.50    6014    1584    5222    16785   2.79
  2014          97     0.33040  0.28356  0.50    4430    1256    3802    11562   2.61
  2014          98     0.35869  0.30414  0.50    3174     965    2691     7760   2.44
  2014          99     0.38800  0.32496  0.50    2209     718    1850     5069   2.29
  2014         100     0.41814  0.34584  0.50    1491     516    1233     3219   2.16
  2014         101     0.44891  0.36662  0.50     975     358     797     1986   2.04
  2014         102     0.48007  0.38714  0.50     618     239     498     1189   1.92
  2014         103     0.51139  0.40726  0.50     379     154     302      691   1.82
  2014         104     0.54262  0.42682  0.50     224      96     177      389   1.73
  2014         105     0.57351  0.44570  0.50     129      57     100      213   1.65
  2014         106     0.60378  0.46377  0.50      71      33      55      113   1.58
  2014         107     0.63321  0.48094  0.50      38      18      29       58   1.52
  2014         108     0.66169  0.49719  0.50      20      10      15       29   1.46
  2014         109     0.68924  0.51259  0.50      10       5       7       14   1.41
  2014         110+    0.73496  1.00000  1.36       5       5       7        7   1.36
  2015           0     0.00296  0.00295  0.21  100000     295   99766  8011389  80.11
  2015           1     0.00012  0.00012  0.50   99705      12   99699  7911623  79.35
  2015           2     0.00009  0.00009  0.50   99693       9   99688  7811924  78.36
  2015           3     0.00007  0.00007  0.50   99684       7   99680  7712236  77.37
  2015           4     0.00007  0.00007  0.50   99677       7   99674  7612555  76.37
  2015           5     0.00008  0.00008  0.50   99670       8   99666  7512882  75.38
  2015           6     0.00009  0.00009  0.50   99662       9   99658  7413215  74.38
  2015           7     0.00008  0.00008  0.50   99653       8   99649  7313558  73.39
  2015           8     0.00009  0.00009  0.50   99645       8   99641  7213909  72.40
  2015           9     0.00009  0.00009  0.50   99636       9   99632  7114268  71.40
  2015          10     0.00009  0.00009  0.50   99628       9   99623  7014636  70.41
  2015          11     0.00008  0.00008  0.50   99619       8   99615  6915013  69.41
  2015          12     0.00008  0.00008  0.50   99610       8   99606  6815398  68.42
  2015          13     0.00010  0.00010  0.50   99602      10   99597  6715792  67.43
  2015          14     0.00014  0.00014  0.50   99592      14   99585  6616195  66.43
  2015          15     0.00018  0.00018  0.50   99578      18   99569  6516610  65.44
  2015          16     0.00023  0.00023  0.50   99560      23   99548  6417042  64.45
  2015          17     0.00031  0.00031  0.50   99536      31   99521  6317494  63.47
  2015          18     0.00042  0.00042  0.50   99505      41   99485  6217973  62.49
  2015          19     0.00056  0.00056  0.50   99464      55   99436  6118488  61.51
  2015          20     0.00070  0.00070  0.50   99409      70   99374  6019052  60.55
  2015          21     0.00082  0.00082  0.50   99339      81   99298  5919678  59.59
  2015          22     0.00089  0.00089  0.50   99258      89   99213  5820380  58.64
  2015          23     0.00092  0.00092  0.50   99169      91   99124  5721166  57.69
  2015          24     0.00088  0.00088  0.50   99078      87   99035  5622043  56.74
  2015          25     0.00078  0.00078  0.50   98991      78   98952  5523008  55.79
  2015          26     0.00068  0.00068  0.50   98913      67   98880  5424056  54.84
  2015          27     0.00062  0.00062  0.50   98847      61   98816  5325176  53.87
  2015          28     0.00061  0.00061  0.50   98785      60   98755  5226360  52.91
  2015          29     0.00063  0.00063  0.50   98725      62   98694  5127605  51.94
  2015          30     0.00066  0.00066  0.50   98662      65   98630  5028911  50.97
  2015          31     0.00068  0.00068  0.50   98598      67   98564  4930281  50.00
  2015          32     0.00069  0.00069  0.50   98531      68   98497  4831717  49.04
  2015          33     0.00072  0.00072  0.50   98463      71   98427  4733220  48.07
  2015          34     0.00079  0.00079  0.50   98392      78   98353  4634793  47.11
  2015          35     0.00088  0.00088  0.50   98314      87   98271  4536440  46.14
  2015          36     0.00098  0.00097  0.50   98227      96   98179  4438169  45.18
  2015          37     0.00100  0.00100  0.50   98131      98   98082  4339990  44.23
  2015          38     0.00101  0.00101  0.50   98033      99   97984  4241908  43.27
  2015          39     0.00106  0.00106  0.50   97934     104   97883  4143924  42.31
  2015          40     0.00117  0.00117  0.50   97831     114   97773  4046041  41.36
  2015          41     0.00132  0.00132  0.50   97716     129   97652  3948268  40.41
  2015          42     0.00146  0.00146  0.50   97587     142   97516  3850616  39.46
  2015          43     0.00157  0.00157  0.50   97445     153   97368  3753100  38.52
  2015          44     0.00168  0.00168  0.50   97291     164   97209  3655732  37.58
  2015          45     0.00183  0.00182  0.50   97128     177   97039  3558523  36.64
  2015          46     0.00200  0.00200  0.50   96950     194   96853  3461484  35.70
  2015          47     0.00214  0.00214  0.50   96756     207   96653  3364631  34.77
  2015          48     0.00227  0.00227  0.50   96550     219   96440  3267977  33.85
  2015          49     0.00246  0.00246  0.50   96331     237   96213  3171537  32.92
  2015          50     0.00278  0.00277  0.50   96094     266   95961  3075325  32.00
  2015          51     0.00324  0.00323  0.50   95828     310   95673  2979364  31.09
  2015          52     0.00370  0.00370  0.50   95518     353   95342  2883691  30.19
  2015          53     0.00405  0.00404  0.50   95165     385   94973  2788349  29.30
  2015          54     0.00433  0.00432  0.50   94780     410   94575  2693376  28.42
  2015          55     0.00468  0.00467  0.50   94370     440   94150  2598801  27.54
  2015          56     0.00517  0.00516  0.50   93930     485   93688  2504651  26.67
  2015          57     0.00574  0.00572  0.50   93445     535   93178  2410963  25.80
  2015          58     0.00625  0.00624  0.50   92911     579   92621  2317785  24.95
  2015          59     0.00671  0.00669  0.50   92331     617   92023  2225164  24.10
  2015          60     0.00726  0.00723  0.50   91714     663   91382  2133142  23.26
  2015          61     0.00804  0.00801  0.50   91051     729   90686  2041759  22.42
  2015          62     0.00895  0.00891  0.50   90322     805   89919  1951073  21.60
  2015          63     0.00988  0.00983  0.50   89517     880   89077  1861154  20.79
  2015          64     0.01085  0.01079  0.50   88637     956   88159  1772077  19.99
  2015          65     0.01192  0.01185  0.50   87681    1039   87161  1683918  19.21
  2015          66     0.01309  0.01301  0.50   86641    1127   86078  1596757  18.43
  2015          67     0.01429  0.01419  0.50   85514    1213   84908  1510679  17.67
  2015          68     0.01547  0.01535  0.50   84301    1294   83654  1425772  16.91
  2015          69     0.01677  0.01663  0.50   83007    1380   82317  1342117  16.17
  2015          70     0.01820  0.01804  0.50   81627    1473   80891  1259801  15.43
  2015          71     0.01946  0.01927  0.50   80154    1545   79382  1178910  14.71
  2015          72     0.02075  0.02053  0.50   78610    1614   77802  1099528  13.99
  2015          73     0.02241  0.02216  0.50   76995    1706   76142  1021726  13.27
  2015          74     0.02463  0.02433  0.50   75289    1832   74373   945583  12.56
  2015          75     0.02758  0.02721  0.50   73457    1999   72458   871210  11.86
  2015          76     0.03139  0.03090  0.50   71459    2208   70354   798752  11.18
  2015          77     0.03580  0.03517  0.50   69250    2436   68032   728398  10.52
  2015          78     0.04059  0.03978  0.50   66815    2658   65486   660365   9.88
  2015          79     0.04600  0.04496  0.50   64157    2885   62714   594880   9.27
  2015          80     0.05229  0.05095  0.50   61272    3122   59711   532165   8.69
  2015          81     0.05938  0.05767  0.50   58150    3353   56473   472455   8.12
  2015          82     0.06720  0.06501  0.50   54796    3562   53015   415982   7.59
  2015          83     0.07586  0.07309  0.50   51234    3745   49362   362967   7.08
  2015          84     0.08549  0.08199  0.50   47489    3894   45542   313605   6.60
  2015          85     0.09621  0.09179  0.50   43596    4002   41595   268062   6.15
  2015          86     0.10810  0.10256  0.50   39594    4061   37564   226468   5.72
  2015          87     0.12128  0.11434  0.50   35533    4063   33502   188904   5.32
  2015          88     0.13582  0.12718  0.50   31470    4002   29469   155402   4.94
  2015          89     0.15180  0.14109  0.50   27468    3876   25530   125933   4.58
  2015          90     0.16930  0.15609  0.50   23592    3683   21751   100403   4.26
  2015          91     0.18837  0.17215  0.50   19910    3428   18196    78652   3.95
  2015          92     0.20904  0.18926  0.50   16482    3119   14923    60456   3.67
  2015          93     0.23133  0.20735  0.50   13363    2771   11977    45534   3.41
  2015          94     0.25523  0.22635  0.50   10592    2397    9393    33556   3.17
  2015          95     0.28070  0.24615  0.50    8195    2017    7186    24163   2.95
  2015          96     0.30765  0.26664  0.50    6177    1647    5354    16977   2.75
  2015          97     0.33598  0.28766  0.50    4530    1303    3879    11623   2.57
  2015          98     0.36554  0.30905  0.50    3227     997    2728     7744   2.40
  2015          99     0.39614  0.33065  0.50    2230     737    1861     5016   2.25
  2015         100     0.42759  0.35227  0.50    1493     526    1230     3155   2.11
  2015         101     0.45962  0.37373  0.50     967     361     786     1925   1.99
  2015         102     0.49200  0.39486  0.50     605     239     486     1139   1.88
  2015         103     0.52443  0.41548  0.50     366     152     290      653   1.78
  2015         104     0.55663  0.43544  0.50     214      93     168      363   1.69
  2015         105     0.58832  0.45459  0.50     121      55      93      195   1.62
  2015         106     0.61922  0.47283  0.50      66      31      50      102   1.54
  2015         107     0.64912  0.49007  0.50      35      17      26       52   1.48
  2015         108     0.67802  0.50636  0.50      18       9      13       25   1.43
  2015         109     0.70603  0.52182  0.50       9       5       6       12   1.38
  2015         110+    0.75082  1.00000  1.33       4       4       6        6   1.33
  2016           0     0.00123  0.00122  0.23  100000     122   99905  8052166  80.52
  2016           1     0.00026  0.00026  0.50   99878      26   99865  7952261  79.62
  2016           2     0.00017  0.00017  0.50   99851      17   99843  7852397  78.64
  2016           3     0.00009  0.00009  0.50   99834       9   99830  7752554  77.65
  2016           4     0.00004  0.00004  0.50   99825       4   99823  7652724  76.66
  2016           5     0.00003  0.00003  0.50   99821       3   99819  7552901  75.66
  2016           6     0.00005  0.00005  0.50   99818       5   99815  7453082  74.67
  2016           7     0.00007  0.00007  0.50   99813       7   99809  7353267  73.67
  2016           8     0.00009  0.00009  0.50   99805       9   99801  7253458  72.68
  2016           9     0.00009  0.00009  0.50   99796       9   99792  7153657  71.68
  2016          10     0.00008  0.00008  0.50   99787       8   99783  7053865  70.69
  2016          11     0.00006  0.00006  0.50   99779       6   99777  6954082  69.69
  2016          12     0.00006  0.00006  0.50   99774       6   99771  6854305  68.70
  2016          13     0.00008  0.00008  0.50   99768       8   99765  6754534  67.70
  2016          14     0.00010  0.00010  0.50   99761      10   99756  6654770  66.71
  2016          15     0.00014  0.00014  0.50   99750      14   99743  6555014  65.71
  2016          16     0.00020  0.00020  0.50   99737      20   99727  6455271  64.72
  2016          17     0.00030  0.00030  0.50   99717      30   99702  6355544  63.74
  2016          18     0.00039  0.00039  0.50   99687      39   99668  6255842  62.75
  2016          19     0.00043  0.00043  0.50   99648      43   99627  6156175  61.78
  2016          20     0.00047  0.00047  0.50   99605      47   99581  6056548  60.81
  2016          21     0.00053  0.00053  0.50   99558      52   99532  5956967  59.83
  2016          22     0.00059  0.00059  0.50   99505      58   99476  5857435  58.87
  2016          23     0.00065  0.00065  0.50   99447      65   99415  5757959  57.90
  2016          24     0.00072  0.00072  0.50   99382      72   99346  5658544  56.94
  2016          25     0.00076  0.00076  0.50   99310      75   99273  5559198  55.98
  2016          26     0.00073  0.00073  0.50   99235      73   99199  5459925  55.02
  2016          27     0.00066  0.00066  0.50   99162      65   99130  5360727  54.06
  2016          28     0.00061  0.00061  0.50   99097      60   99067  5261597  53.10
  2016          29     0.00066  0.00066  0.50   99036      65   99004  5162530  52.13
  2016          30     0.00074  0.00074  0.50   98971      74   98935  5063526  51.16
  2016          31     0.00083  0.00082  0.50   98898      82   98857  4964592  50.20
  2016          32     0.00087  0.00087  0.50   98816      86   98773  4865735  49.24
  2016          33     0.00087  0.00087  0.50   98731      86   98688  4766961  48.28
  2016          34     0.00083  0.00083  0.50   98645      82   98604  4668273  47.32
  2016          35     0.00081  0.00081  0.50   98563      80   98523  4569670  46.36
  2016          36     0.00084  0.00084  0.50   98483      83   98442  4471147  45.40
  2016          37     0.00091  0.00091  0.50   98400      89   98356  4372705  44.44
  2016          38     0.00099  0.00099  0.50   98311      97   98262  4274349  43.48
  2016          39     0.00108  0.00108  0.50   98214     106   98160  4176087  42.52
  2016          40     0.00120  0.00120  0.50   98107     118   98048  4077927  41.57
  2016          41     0.00134  0.00133  0.50   97990     131   97924  3979878  40.62
  2016          42     0.00143  0.00143  0.50   97859     140   97789  3881954  39.67
  2016          43     0.00150  0.00149  0.50   97719     146   97646  3784165  38.72
  2016          44     0.00157  0.00157  0.50   97573     153   97496  3686519  37.78
  2016          45     0.00169  0.00169  0.50   97420     165   97338  3589023  36.84
  2016          46     0.00191  0.00191  0.50   97255     185   97163  3491685  35.90
  2016          47     0.00222  0.00222  0.50   97070     215   96963  3394522  34.97
  2016          48     0.00253  0.00252  0.50   96855     245   96733  3297560  34.05
  2016          49     0.00276  0.00275  0.50   96610     266   96478  3200827  33.13
  2016          50     0.00297  0.00296  0.50   96345     285   96202  3104349  32.22
  2016          51     0.00324  0.00324  0.50   96059     311   95904  3008148  31.32
  2016          52     0.00362  0.00362  0.50   95748     346   95575  2912244  30.42
  2016          53     0.00408  0.00407  0.50   95402     388   95208  2816669  29.52
  2016          54     0.00445  0.00444  0.50   95014     422   94803  2721461  28.64
  2016          55     0.00477  0.00476  0.50   94592     450   94367  2626658  27.77
  2016          56     0.00514  0.00513  0.50   94142     483   93900  2532292  26.90
  2016          57     0.00559  0.00558  0.50   93659     522   93398  2438392  26.03
  2016          58     0.00614  0.00612  0.50   93136     570   92852  2344994  25.18
  2016          59     0.00667  0.00665  0.50   92567     616   92259  2252142  24.33
  2016          60     0.00717  0.00715  0.50   91951     657   91623  2159883  23.49
  2016          61     0.00764  0.00761  0.50   91294     695   90947  2068261  22.65
  2016          62     0.00817  0.00814  0.50   90599     737   90230  1977314  21.82
  2016          63     0.00885  0.00881  0.50   89862     792   89466  1887084  21.00
  2016          64     0.00964  0.00959  0.50   89070     854   88643  1797618  20.18
  2016          65     0.01049  0.01043  0.50   88216     920   87756  1708975  19.37
  2016          66     0.01147  0.01140  0.50   87295     995   86798  1621220  18.57
  2016          67     0.01274  0.01266  0.50   86300    1092   85754  1534422  17.78
  2016          68     0.01440  0.01430  0.50   85208    1218   84599  1448668  17.00
  2016          69     0.01626  0.01613  0.50   83990    1355   83312  1364070  16.24
  2016          70     0.01805  0.01789  0.50   82635    1478   81895  1280757  15.50
  2016          71     0.01952  0.01933  0.50   81156    1569   80372  1198862  14.77
  2016          72     0.02084  0.02062  0.50   79587    1641   78767  1118490  14.05
  2016          73     0.02228  0.02204  0.50   77946    1718   77087  1039723  13.34
  2016          74     0.02422  0.02393  0.50   76228    1824   75317   962636  12.63
  2016          75     0.02693  0.02657  0.50   74405    1977   73416   887320  11.93
  2016          76     0.03042  0.02996  0.50   72428    2170   71343   813903  11.24
  2016          77     0.03468  0.03409  0.50   70257    2395   69060   742561  10.57
  2016          78     0.03969  0.03891  0.50   67862    2641   66542   673501   9.92
  2016          79     0.04527  0.04427  0.50   65222    2887   63778   606959   9.31
  2016          80     0.05131  0.05003  0.50   62335    3119   60775   543181   8.71
  2016          81     0.05806  0.05642  0.50   59216    3341   57545   482406   8.15
  2016          82     0.06575  0.06366  0.50   55875    3557   54096   424860   7.60
  2016          83     0.07445  0.07178  0.50   52318    3755   50440   370764   7.09
  2016          84     0.08423  0.08082  0.50   48562    3925   46600   320324   6.60
  2016          85     0.09516  0.09084  0.50   44637    4055   42610   273724   6.13
  2016          86     0.10735  0.10188  0.50   40583    4135   38515   231114   5.69
  2016          87     0.12089  0.11400  0.50   36448    4155   34370   192598   5.28
  2016          88     0.13587  0.12723  0.50   32293    4109   30239   158228   4.90
  2016          89     0.15238  0.14159  0.50   28185    3991   26189   127989   4.54
  2016          90     0.17051  0.15711  0.50   24194    3801   22293   101800   4.21
  2016          91     0.19030  0.17377  0.50   20393    3544   18621    79507   3.90
  2016          92     0.21181  0.19153  0.50   16849    3227   15235    60886   3.61
  2016          93     0.23504  0.21032  0.50   13622    2865   12189    45651   3.35
  2016          94     0.25997  0.23007  0.50   10757    2475    9520    33461   3.11
  2016          95     0.28656  0.25065  0.50    8282    2076    7244    23942   2.89
  2016          96     0.31470  0.27192  0.50    6206    1688    5362    16697   2.69
  2016          97     0.34428  0.29372  0.50    4519    1327    3855    11335   2.51
  2016          98     0.37510  0.31586  0.50    3191    1008    2687     7480   2.34
  2016          99     0.40698  0.33816  0.50    2183     738    1814     4793   2.20
  2016         100     0.43965  0.36042  0.50    1445     521    1185     2978   2.06
  2016         101     0.47286  0.38244  0.50     924     353     747     1794   1.94
  2016         102     0.50631  0.40403  0.50     571     231     455     1046   1.83
  2016         103     0.53971  0.42501  0.50     340     145     268      591   1.74
  2016         104     0.57273  0.44523  0.50     196      87     152      323   1.65
  2016         105     0.60507  0.46453  0.50     109      50      83      171   1.57
  2016         106     0.63645  0.48281  0.50      58      28      44       88   1.51
  2016         107     0.66662  0.49998  0.50      30      15      23       43   1.45
  2016         108     0.69559  0.51610  0.50      15       8      11       21   1.39
  2016         109     0.72347  0.53129  0.50       7       4       5       10   1.35
  2016         110+    0.76722  1.00000  1.30       3       3       4        4   1.30
  2017           0     0.00218  0.00218  0.22  100000     218   99829  8039426  80.39
  2017           1     0.00005  0.00005  0.50   99782       5   99780  7939596  79.57
  2017           2     0.00011  0.00011  0.50   99777      11   99772  7839817  78.57
  2017           3     0.00014  0.00014  0.50   99767      14   99760  7740045  77.58
  2017           4     0.00015  0.00015  0.50   99753      15   99745  7640285  76.59
  2017           5     0.00014  0.00014  0.50   99738      14   99731  7540539  75.60
  2017           6     0.00012  0.00012  0.50   99724      12   99718  7440809  74.61
  2017           7     0.00010  0.00010  0.50   99712      10   99707  7341091  73.62
  2017           8     0.00008  0.00008  0.50   99702       8   99698  7241384  72.63
  2017           9     0.00007  0.00007  0.50   99694       7   99691  7141685  71.64
  2017          10     0.00005  0.00005  0.50   99688       5   99685  7041994  70.64
  2017          11     0.00004  0.00004  0.50   99682       4   99680  6942309  69.64
  2017          12     0.00003  0.00003  0.50   99678       3   99676  6842629  68.65
  2017          13     0.00003  0.00003  0.50   99675       3   99673  6742953  67.65
  2017          14     0.00005  0.00005  0.50   99671       5   99669  6643280  66.65
  2017          15     0.00011  0.00011  0.50   99666      11   99661  6543611  65.66
  2017          16     0.00020  0.00020  0.50   99655      20   99645  6443950  64.66
  2017          17     0.00030  0.00030  0.50   99635      30   99620  6344306  63.68
  2017          18     0.00040  0.00040  0.50   99605      39   99585  6244686  62.69
  2017          19     0.00048  0.00048  0.50   99565      47   99542  6145101  61.72
  2017          20     0.00056  0.00056  0.50   99518      55   99490  6045559  60.75
  2017          21     0.00062  0.00062  0.50   99463      62   99431  5946069  59.78
  2017          22     0.00067  0.00067  0.50   99400      66   99367  5846637  58.82
  2017          23     0.00070  0.00070  0.50   99334      70   99299  5747270  57.86
  2017          24     0.00075  0.00075  0.50   99264      74   99227  5647971  56.90
  2017          25     0.00082  0.00082  0.50   99190      81   99150  5548744  55.94
  2017          26     0.00088  0.00088  0.50   99109      87   99066  5449595  54.99
  2017          27     0.00089  0.00089  0.50   99022      88   98978  5350529  54.03
  2017          28     0.00084  0.00084  0.50   98934      83   98892  5251551  53.08
  2017          29     0.00072  0.00072  0.50   98851      71   98815  5152659  52.13
  2017          30     0.00063  0.00063  0.50   98780      62   98749  5053843  51.16
  2017          31     0.00056  0.00056  0.50   98718      55   98690  4955094  50.19
  2017          32     0.00053  0.00053  0.50   98662      53   98636  4856404  49.22
  2017          33     0.00055  0.00055  0.50   98610      54   98583  4757768  48.25
  2017          34     0.00062  0.00062  0.50   98556      61   98525  4659185  47.27
  2017          35     0.00074  0.00074  0.50   98494      73   98458  4560660  46.30
  2017          36     0.00089  0.00089  0.50   98422      87   98378  4462202  45.34
  2017          37     0.00103  0.00103  0.50   98334     102   98284  4363824  44.38
  2017          38     0.00113  0.00113  0.50   98233     111   98177  4265541  43.42
  2017          39     0.00115  0.00115  0.50   98122     112   98066  4167363  42.47
  2017          40     0.00114  0.00114  0.50   98010     112   97954  4069298  41.52
  2017          41     0.00117  0.00117  0.50   97898     114   97841  3971344  40.57
  2017          42     0.00126  0.00125  0.50   97784     123   97722  3873503  39.61
  2017          43     0.00139  0.00138  0.50   97661     135   97593  3775781  38.66
  2017          44     0.00154  0.00154  0.50   97526     150   97451  3678187  37.72
  2017          45     0.00171  0.00171  0.50   97375     166   97292  3580737  36.77
  2017          46     0.00189  0.00189  0.50   97209     184   97118  3483444  35.83
  2017          47     0.00215  0.00214  0.50   97026     208   96922  3386327  34.90
  2017          48     0.00244  0.00243  0.50   96818     236   96700  3289405  33.98
  2017          49     0.00270  0.00270  0.50   96582     261   96452  3192705  33.06
  2017          50     0.00293  0.00293  0.50   96321     282   96181  3096253  32.14
  2017          51     0.00312  0.00312  0.50   96040     300   95890  3000073  31.24
  2017          52     0.00335  0.00335  0.50   95740     321   95580  2904183  30.33
  2017          53     0.00367  0.00367  0.50   95419     350   95244  2808603  29.43
  2017          54     0.00404  0.00403  0.50   95069     383   94878  2713358  28.54
  2017          55     0.00442  0.00441  0.50   94686     418   94478  2618480  27.65
  2017          56     0.00483  0.00482  0.50   94269     455   94042  2524003  26.77
  2017          57     0.00533  0.00531  0.50   93814     498   93565  2429961  25.90
  2017          58     0.00593  0.00592  0.50   93316     552   93040  2336396  25.04
  2017          59     0.00659  0.00657  0.50   92764     610   92459  2243356  24.18
  2017          60     0.00723  0.00720  0.50   92154     664   91822  2150897  23.34
  2017          61     0.00781  0.00778  0.50   91491     712   91135  2059075  22.51
  2017          62     0.00846  0.00842  0.50   90779     765   90396  1967940  21.68
  2017          63     0.00930  0.00926  0.50   90014     833   89597  1877544  20.86
  2017          64     0.01030  0.01025  0.50   89181     914   88724  1787946  20.05
  2017          65     0.01141  0.01135  0.50   88267    1002   87766  1699223  19.25
  2017          66     0.01260  0.01252  0.50   87265    1093   86719  1611457  18.47
  2017          67     0.01382  0.01372  0.50   86172    1183   85581  1524738  17.69
  2017          68     0.01504  0.01493  0.50   84990    1269   84355  1439157  16.93
  2017          69     0.01639  0.01625  0.50   83721    1361   83041  1354802  16.18
  2017          70     0.01796  0.01780  0.50   82360    1466   81627  1271761  15.44
  2017          71     0.01970  0.01950  0.50   80894    1578   80105  1190134  14.71
  2017          72     0.02149  0.02126  0.50   79316    1687   78473  1110029  13.99
  2017          73     0.02333  0.02307  0.50   77630    1791   76735  1031556  13.29
  2017          74     0.02548  0.02516  0.50   75839    1908   74885   954821  12.59
  2017          75     0.02816  0.02777  0.50   73931    2053   72905   879936  11.90
  2017          76     0.03130  0.03081  0.50   71878    2215   70771   807031  11.23
  2017          77     0.03497  0.03437  0.50   69663    2395   68466   736261  10.57
  2017          78     0.03932  0.03856  0.50   67269    2594   65972   667795   9.93
  2017          79     0.04436  0.04339  0.50   64675    2807   63271   601823   9.31
  2017          80     0.05011  0.04888  0.50   61868    3024   60356   538551   8.70
  2017          81     0.05674  0.05518  0.50   58844    3247   57220   478195   8.13
  2017          82     0.06443  0.06242  0.50   55597    3470   53862   420975   7.57
  2017          83     0.07329  0.07070  0.50   52127    3685   50284   367113   7.04
  2017          84     0.08336  0.08003  0.50   48442    3877   46503   316829   6.54
  2017          85     0.09473  0.09044  0.50   44565    4031   42550   270326   6.07
  2017          86     0.10746  0.10198  0.50   40534    4134   38467   227776   5.62
  2017          87     0.12167  0.11470  0.50   36400    4175   34313   189309   5.20
  2017          88     0.13746  0.12862  0.50   32225    4145   30153   154996   4.81
  2017          89     0.15493  0.14379  0.50   28081    4038   26062   124843   4.45
  2017          90     0.17417  0.16022  0.50   24043    3852   22117    98781   4.11
  2017          91     0.19524  0.17787  0.50   20191    3591   18395    76664   3.80
  2017          92     0.21818  0.19672  0.50   16599    3265   14967    58270   3.51
  2017          93     0.24300  0.21668  0.50   13334    2889   11889    43303   3.25
  2017          94     0.26967  0.23763  0.50   10445    2482    9204    31414   3.01
  2017          95     0.29810  0.25943  0.50    7963    2066    6930    22210   2.79
  2017          96     0.32818  0.28192  0.50    5897    1662    5066    15280   2.59
  2017          97     0.35974  0.30490  0.50    4234    1291    3589    10214   2.41
  2017          98     0.39255  0.32814  0.50    2943     966    2460     6626   2.25
  2017          99     0.42636  0.35144  0.50    1978     695    1630     4165   2.11
  2017         100     0.46087  0.37456  0.50    1283     480    1042     2535   1.98
  2017         101     0.49576  0.39728  0.50     802     319     643     1493   1.86
  2017         102     0.53068  0.41940  0.50     483     203     382      850   1.76
  2017         103     0.56530  0.44073  0.50     281     124     219      468   1.67
  2017         104     0.59925  0.46109  0.50     157      72     121      249   1.58
  2017         105     0.63220  0.48036  0.50      85      41      64      128   1.51
  2017         106     0.66388  0.49843  0.50      44      22      33       64   1.45
  2017         107     0.69410  0.51527  0.50      22      11      16       31   1.39
  2017         108     0.72294  0.53100  0.50      11       6       8       14   1.34
  2017         109     0.75062  0.54578  0.50       5       3       4        7   1.30
  2017         110+    0.79193  1.00000  1.26       2       2       3        3   1.26
  2018           0     0.00296  0.00295  0.21  100000     295   99766  8046453  80.46
  2018           1     0.00014  0.00014  0.50   99705      14   99698  7946687  79.70
  2018           2     0.00018  0.00018  0.50   99691      18   99682  7846989  78.71
  2018           3     0.00021  0.00021  0.50   99673      21   99662  7747307  77.73
  2018           4     0.00019  0.00019  0.50   99652      19   99643  7647644  76.74
  2018           5     0.00014  0.00014  0.50   99633      13   99626  7548002  75.76
  2018           6     0.00006  0.00006  0.50   99619       6   99616  7448376  74.77
  2018           7     0.00001  0.00001  0.50   99613       1   99613  7348759  73.77
  2018           8     0.00000  0.00000  0.50   99612       0   99612  7249147  72.77
  2018           9     0.00000  0.00000  0.50   99612       0   99612  7149534  71.77
  2018          10     0.00001  0.00001  0.50   99612       1   99612  7049922  70.77
  2018          11     0.00004  0.00004  0.50   99612       4   99610  6950310  69.77
  2018          12     0.00009  0.00009  0.50   99608       9   99604  6850700  68.78
  2018          13     0.00013  0.00013  0.50   99600      13   99593  6751096  67.78
  2018          14     0.00017  0.00017  0.50   99586      17   99578  6651503  66.79
  2018          15     0.00019  0.00019  0.50   99570      19   99560  6551925  65.80
  2018          16     0.00020  0.00020  0.50   99551      20   99541  6452365  64.81
  2018          17     0.00023  0.00023  0.50   99531      23   99519  6352824  63.83
  2018          18     0.00028  0.00028  0.50   99508      28   99494  6253304  62.84
  2018          19     0.00037  0.00037  0.50   99480      37   99461  6153811  61.86
  2018          20     0.00047  0.00047  0.50   99443      47   99420  6054349  60.88
  2018          21     0.00054  0.00054  0.50   99396      54   99369  5954930  59.91
  2018          22     0.00059  0.00059  0.50   99342      58   99313  5855560  58.94
  2018          23     0.00064  0.00064  0.50   99284      63   99252  5756247  57.98
  2018          24     0.00073  0.00073  0.50   99221      72   99184  5656995  57.01
  2018          25     0.00080  0.00080  0.50   99148      80   99109  5557810  56.06
  2018          26     0.00082  0.00082  0.50   99069      81   99028  5458702  55.10
  2018          27     0.00073  0.00073  0.50   98988      73   98952  5359674  54.14
  2018          28     0.00057  0.00057  0.50   98915      57   98887  5260722  53.18
  2018          29     0.00042  0.00042  0.50   98859      41   98838  5161835  52.21
  2018          30     0.00044  0.00044  0.50   98817      43   98796  5062997  51.24
  2018          31     0.00054  0.00054  0.50   98774      54   98747  4964201  50.26
  2018          32     0.00059  0.00059  0.50   98720      58   98691  4865454  49.29
  2018          33     0.00057  0.00057  0.50   98662      56   98634  4766763  48.31
  2018          34     0.00054  0.00054  0.50   98605      54   98579  4668130  47.34
  2018          35     0.00061  0.00061  0.50   98552      60   98522  4569551  46.37
  2018          36     0.00084  0.00084  0.50   98492      82   98450  4471029  45.40
  2018          37     0.00104  0.00104  0.50   98409     102   98358  4372579  44.43
  2018          38     0.00113  0.00113  0.50   98307     111   98252  4274220  43.48
  2018          39     0.00111  0.00111  0.50   98196     109   98142  4175969  42.53
  2018          40     0.00109  0.00109  0.50   98087     107   98034  4077827  41.57
  2018          41     0.00121  0.00121  0.50   97980     118   97921  3979793  40.62
  2018          42     0.00136  0.00136  0.50   97862     133   97795  3881873  39.67
  2018          43     0.00149  0.00149  0.50   97728     146   97656  3784078  38.72
  2018          44     0.00157  0.00157  0.50   97583     153   97506  3686422  37.78
  2018          45     0.00167  0.00167  0.50   97429     163   97348  3588916  36.84
  2018          46     0.00186  0.00186  0.50   97266     180   97176  3491568  35.90
  2018          47     0.00214  0.00214  0.50   97086     208   96982  3394392  34.96
  2018          48     0.00246  0.00246  0.50   96878     238   96759  3297410  34.04
  2018          49     0.00276  0.00276  0.50   96640     266   96507  3200650  33.12
  2018          50     0.00304  0.00303  0.50   96373     292   96227  3104144  32.21
  2018          51     0.00330  0.00330  0.50   96081     317   95923  3007916  31.31
  2018          52     0.00357  0.00357  0.50   95764     342   95593  2911994  30.41
  2018          53     0.00386  0.00385  0.50   95423     367   95239  2816400  29.52
  2018          54     0.00418  0.00417  0.50   95055     397   94857  2721161  28.63
  2018          55     0.00449  0.00448  0.50   94659     424   94447  2626304  27.75
  2018          56     0.00473  0.00472  0.50   94235     445   94012  2531858  26.87
  2018          57     0.00506  0.00505  0.50   93790     473   93553  2437845  25.99
  2018          58     0.00557  0.00556  0.50   93316     519   93057  2344293  25.12
  2018          59     0.00612  0.00611  0.50   92797     567   92514  2251236  24.26
  2018          60     0.00680  0.00678  0.50   92231     625   91918  2158722  23.41
  2018          61     0.00769  0.00766  0.50   91606     702   91255  2066804  22.56
  2018          62     0.00857  0.00854  0.50   90904     776   90516  1975548  21.73
  2018          63     0.00926  0.00922  0.50   90128     831   89713  1885032  20.92
  2018          64     0.00994  0.00990  0.50   89297     884   88856  1795320  20.10
  2018          65     0.01094  0.01088  0.50   88414     962   87933  1706464  19.30
  2018          66     0.01245  0.01237  0.50   87452    1082   86911  1618532  18.51
  2018          67     0.01408  0.01398  0.50   86370    1207   85766  1531621  17.73
  2018          68     0.01543  0.01531  0.50   85163    1304   84511  1445854  16.98
  2018          69     0.01658  0.01645  0.50   83859    1379   83169  1361344  16.23
  2018          70     0.01776  0.01760  0.50   82479    1452   81753  1278175  15.50
  2018          71     0.01917  0.01899  0.50   81027    1539   80258  1196421  14.77
  2018          72     0.02080  0.02059  0.50   79489    1636   78671  1116163  14.04
  2018          73     0.02262  0.02237  0.50   77852    1742   76982  1037493  13.33
  2018          74     0.02481  0.02450  0.50   76111    1865   75178   960511  12.62
  2018          75     0.02750  0.02713  0.50   74246    2014   73239   885333  11.92
  2018          76     0.03074  0.03027  0.50   72232    2187   71138   812094  11.24
  2018          77     0.03490  0.03430  0.50   70045    2402   68844   740956  10.58
  2018          78     0.04026  0.03946  0.50   67643    2669   66308   672112   9.94
  2018          79     0.04618  0.04514  0.50   64973    2933   63507   605804   9.32
  2018          80     0.05207  0.05075  0.50   62040    3149   60466   542297   8.74
  2018          81     0.05846  0.05680  0.50   58892    3345   57219   481832   8.18
  2018          82     0.06597  0.06386  0.50   55547    3547   53773   424612   7.64
  2018          83     0.07451  0.07184  0.50   51999    3735   50132   370839   7.13
  2018          84     0.08410  0.08071  0.50   48264    3895   46316   320708   6.64
  2018          85     0.09480  0.09051  0.50   44369    4016   42361   274391   6.18
  2018          86     0.10669  0.10128  0.50   40353    4087   38310   232030   5.75
  2018          87     0.11986  0.11309  0.50   36266    4101   34215   193721   5.34
  2018          88     0.13442  0.12596  0.50   32165    4051   30139   159505   4.96
  2018          89     0.15044  0.13992  0.50   28113    3934   26147   129366   4.60
  2018          90     0.16801  0.15499  0.50   24180    3748   22306   103220   4.27
  2018          91     0.18717  0.17115  0.50   20432    3497   18684    80914   3.96
  2018          92     0.20797  0.18838  0.50   16935    3190   15340    62230   3.67
  2018          93     0.23042  0.20662  0.50   13745    2840   12325    46890   3.41
  2018          94     0.25452  0.22579  0.50   10905    2462    9674    34565   3.17
  2018          95     0.28022  0.24579  0.50    8443    2075    7405    24891   2.95
  2018          96     0.30745  0.26648  0.50    6368    1697    5519    17485   2.75
  2018          97     0.33609  0.28774  0.50    4671    1344    3999    11966   2.56
  2018          98     0.36598  0.30937  0.50    3327    1029    2812     7967   2.39
  2018          99     0.39694  0.33120  0.50    2298     761    1917     5155   2.24
  2018         100     0.42874  0.35306  0.50    1537     543    1265     3238   2.11
  2018         101     0.46115  0.37474  0.50     994     373     808     1973   1.98
  2018         102     0.49389  0.39608  0.50     622     246     498     1165   1.87
  2018         103     0.52668  0.41690  0.50     375     156     297      666   1.77
  2018         104     0.55925  0.43704  0.50     219      96     171      369   1.69
  2018         105     0.59131  0.45638  0.50     123      56      95      198   1.61
  2018         106     0.62258  0.47479  0.50      67      32      51      103   1.54
  2018         107     0.65279  0.49216  0.50      35      17      27       52   1.47
  2018         108     0.68179  0.50846  0.50      18       9      13       25   1.42
  2018         109     0.70958  0.52376  0.50       9       5       6       12   1.37
  2018         110+    0.75449  1.00000  1.33       4       4       6        6   1.33
  2019           0     0.00286  0.00286  0.21  100000     286   99774  8068793  80.69
  2019           1     0.00038  0.00038  0.50   99714      38   99695  7969019  79.92
  2019           2     0.00021  0.00021  0.50   99677      21   99666  7869324  78.95
  2019           3     0.00011  0.00011  0.50   99655      11   99650  7769658  77.97
  2019           4     0.00005  0.00005  0.50   99645       5   99642  7670008  76.97
  2019           5     0.00004  0.00004  0.50   99639       4   99637  7570366  75.98
  2019           6     0.00006  0.00006  0.50   99635       6   99632  7470729  74.98
  2019           7     0.00011  0.00011  0.50   99629      11   99623  7371097  73.99
  2019           8     0.00014  0.00014  0.50   99617      14   99610  7271474  72.99
  2019           9     0.00012  0.00012  0.50   99603      12   99597  7171864  72.00
  2019          10     0.00005  0.00005  0.50   99591       5   99589  7072266  71.01
  2019          11     0.00000  0.00000  0.50   99587       0   99587  6972677  70.02
  2019          12     0.00002  0.00002  0.50   99587       2   99586  6873090  69.02
  2019          13     0.00013  0.00013  0.50   99584      13   99578  6773505  68.02
  2019          14     0.00021  0.00021  0.50   99571      21   99561  6673927  67.03
  2019          15     0.00018  0.00018  0.50   99551      18   99542  6574366  66.04
  2019          16     0.00017  0.00017  0.50   99533      17   99524  6474824  65.05
  2019          17     0.00031  0.00031  0.50   99516      31   99500  6375299  64.06
  2019          18     0.00047  0.00047  0.50   99485      46   99462  6275799  63.08
  2019          19     0.00050  0.00050  0.50   99439      50   99414  6176337  62.11
  2019          20     0.00043  0.00043  0.50   99389      43   99368  6076923  61.14
  2019          21     0.00038  0.00038  0.50   99346      37   99328  5977556  60.17
  2019          22     0.00044  0.00044  0.50   99309      44   99287  5878228  59.19
  2019          23     0.00053  0.00053  0.50   99265      53   99239  5778941  58.22
  2019          24     0.00056  0.00056  0.50   99212      55   99185  5679702  57.25
  2019          25     0.00053  0.00053  0.50   99157      52   99131  5580518  56.28
  2019          26     0.00051  0.00051  0.50   99105      51   99079  5481387  55.31
  2019          27     0.00054  0.00054  0.50   99054      54   99027  5382308  54.34
  2019          28     0.00056  0.00056  0.50   99000      56   98972  5283281  53.37
  2019          29     0.00053  0.00053  0.50   98945      52   98918  5184308  52.40
  2019          30     0.00055  0.00055  0.50   98892      55   98865  5085390  51.42
  2019          31     0.00060  0.00060  0.50   98837      60   98808  4986525  50.45
  2019          32     0.00063  0.00063  0.50   98778      62   98747  4887717  49.48
  2019          33     0.00065  0.00065  0.50   98716      64   98684  4788970  48.51
  2019          34     0.00068  0.00068  0.50   98652      67   98619  4690287  47.54
  2019          35     0.00075  0.00075  0.50   98585      74   98548  4591668  46.58
  2019          36     0.00086  0.00086  0.50   98511      84   98469  4493120  45.61
  2019          37     0.00083  0.00083  0.50   98427      82   98386  4394651  44.65
  2019          38     0.00079  0.00079  0.50   98345      77   98306  4296266  43.69
  2019          39     0.00086  0.00086  0.50   98267      85   98225  4197960  42.72
  2019          40     0.00106  0.00106  0.50   98182     104   98131  4099735  41.76
  2019          41     0.00127  0.00127  0.50   98079     124   98016  4001605  40.80
  2019          42     0.00126  0.00126  0.50   97954     124   97892  3903588  39.85
  2019          43     0.00122  0.00121  0.50   97830     119   97771  3805696  38.90
  2019          44     0.00133  0.00133  0.50   97712     130   97647  3707925  37.95
  2019          45     0.00150  0.00149  0.50   97582     146   97509  3610278  37.00
  2019          46     0.00161  0.00161  0.50   97436     157   97357  3512770  36.05
  2019          47     0.00189  0.00189  0.50   97279     184   97187  3415412  35.11
  2019          48     0.00221  0.00221  0.50   97095     214   96987  3318226  34.18
  2019          49     0.00240  0.00240  0.50   96880     232   96764  3221238  33.25
  2019          50     0.00256  0.00256  0.50   96648     247   96524  3124474  32.33
  2019          51     0.00282  0.00281  0.50   96401     271   96265  3027950  31.41
  2019          52     0.00319  0.00319  0.50   96129     306   95976  2931685  30.50
  2019          53     0.00367  0.00366  0.50   95823     351   95648  2835709  29.59
  2019          54     0.00420  0.00419  0.50   95472     400   95272  2740061  28.70
  2019          55     0.00466  0.00465  0.50   95072     442   94851  2644789  27.82
  2019          56     0.00500  0.00499  0.50   94631     472   94394  2549938  26.95
  2019          57     0.00545  0.00543  0.50   94158     512   93903  2455543  26.08
  2019          58     0.00615  0.00613  0.50   93647     574   93360  2361641  25.22
  2019          59     0.00675  0.00673  0.50   93072     626   92759  2268281  24.37
  2019          60     0.00705  0.00702  0.50   92446     649   92121  2175522  23.53
  2019          61     0.00708  0.00705  0.50   91797     648   91473  2083400  22.70
  2019          62     0.00752  0.00749  0.50   91149     682   90808  1991927  21.85
  2019          63     0.00887  0.00883  0.50   90467     799   90067  1901119  21.01
  2019          64     0.01039  0.01033  0.50   89668     927   89204  1811052  20.20
  2019          65     0.01140  0.01133  0.50   88741    1006   88238  1721848  19.40
  2019          66     0.01265  0.01257  0.50   87735    1103   87184  1633609  18.62
  2019          67     0.01418  0.01408  0.50   86633    1220   86023  1546425  17.85
  2019          68     0.01577  0.01564  0.50   85413    1336   84745  1460402  17.10
  2019          69     0.01723  0.01709  0.50   84077    1437   83359  1375657  16.36
  2019          70     0.01858  0.01841  0.50   82640    1521   81880  1292299  15.64
  2019          71     0.02031  0.02010  0.50   81119    1631   80304  1210419  14.92
  2019          72     0.02223  0.02199  0.50   79489    1748   78615  1130115  14.22
  2019          73     0.02400  0.02372  0.50   77741    1844   76819  1051500  13.53
  2019          74     0.02553  0.02521  0.50   75897    1913   74941   974681  12.84
  2019          75     0.02719  0.02683  0.50   73984    1985   72992   899741  12.16
  2019          76     0.03035  0.02989  0.50   71999    2152   70923   826749  11.48
  2019          77     0.03442  0.03384  0.50   69847    2364   68665   755826  10.82
  2019          78     0.03855  0.03782  0.50   67483    2552   66207   687161  10.18
  2019          79     0.04294  0.04204  0.50   64931    2730   63566   620954   9.56
  2019          80     0.04809  0.04696  0.50   62202    2921   60741   557387   8.96
  2019          81     0.05432  0.05288  0.50   59281    3135   57713   496646   8.38
  2019          82     0.06180  0.05994  0.50   56146    3366   54463   438933   7.82
  2019          83     0.07024  0.06786  0.50   52780    3582   50989   384470   7.28
  2019          84     0.07968  0.07663  0.50   49199    3770   47314   333481   6.78
  2019          85     0.09026  0.08636  0.50   45429    3923   43467   286167   6.30
  2019          86     0.10208  0.09712  0.50   41505    4031   39490   242700   5.85
  2019          87     0.11526  0.10898  0.50   37474    4084   35432   203210   5.42
  2019          88     0.12989  0.12197  0.50   33390    4073   31354   167778   5.02
  2019          89     0.14607  0.13613  0.50   29318    3991   27322   136424   4.65
  2019          90     0.16389  0.15148  0.50   25327    3836   23409   109102   4.31
  2019          91     0.18341  0.16801  0.50   21490    3611   19685    85693   3.99
  2019          92     0.20470  0.18569  0.50   17880    3320   16220    66008   3.69
  2019          93     0.22776  0.20448  0.50   14560    2977   13071    49788   3.42
  2019          94     0.25259  0.22427  0.50   11583    2598   10284    36717   3.17
  2019          95     0.27916  0.24497  0.50    8985    2201    7884    26433   2.94
  2019          96     0.30736  0.26642  0.50    6784    1807    5880    18549   2.73
  2019          97     0.33709  0.28847  0.50    4977    1436    4259    12668   2.55
  2019          98     0.36816  0.31093  0.50    3541    1101    2990     8410   2.37
  2019          99     0.40037  0.33359  0.50    2440     814    2033     5419   2.22
  2019         100     0.43346  0.35625  0.50    1626     579    1336     3386   2.08
  2019         101     0.46715  0.37869  0.50    1047     396     849     2050   1.96
  2019         102     0.50114  0.40073  0.50     650     261     520     1201   1.85
  2019         103     0.53513  0.42217  0.50     390     165     307      681   1.75
  2019         104     0.56879  0.44285  0.50     225     100     175      374   1.66
  2019         105     0.60183  0.46262  0.50     125      58      96      198   1.58
  2019         106     0.63397  0.48138  0.50      67      32      51      102   1.51
  2019         107     0.66493  0.49902  0.50      35      17      26       51   1.45
  2019         108     0.69445  0.51547  0.50      18       9      13       24   1.39
  2019         109     0.72245  0.53074  0.50       8       5       6       11   1.35
  2019         110+    0.76701  1.00000  1.30       4       4       5        5   1.30
  2020           0     0.00249  0.00248  0.21  100000     248   99805  8088814  80.89
  2020           1     0.00028  0.00028  0.50   99752      28   99738  7989009  80.09
  2020           2     0.00016  0.00016  0.50   99724      16   99717  7889271  79.11
  2020           3     0.00007  0.00007  0.50   99709       7   99705  7789554  78.12
  2020           4     0.00003  0.00003  0.50   99702       3   99700  7689849  77.13
  2020           5     0.00004  0.00004  0.50   99699       4   99697  7590148  76.13
  2020           6     0.00007  0.00007  0.50   99695       7   99691  7490451  75.13
  2020           7     0.00010  0.00010  0.50   99688      10   99682  7390760  74.14
  2020           8     0.00010  0.00010  0.50   99677      10   99672  7291077  73.15
  2020           9     0.00007  0.00007  0.50   99668       7   99664  7191405  72.15
  2020          10     0.00005  0.00005  0.50   99661       5   99658  7091741  71.16
  2020          11     0.00006  0.00006  0.50   99656       6   99653  6992083  70.16
  2020          12     0.00009  0.00009  0.50   99650       9   99645  6892430  69.17
  2020          13     0.00013  0.00013  0.50   99640      13   99634  6792785  68.17
  2020          14     0.00016  0.00016  0.50   99628      16   99620  6693151  67.18
  2020          15     0.00021  0.00021  0.50   99612      21   99601  6593531  66.19
  2020          16     0.00029  0.00029  0.50   99591      29   99576  6493929  65.21
  2020          17     0.00038  0.00038  0.50   99562      38   99543  6394353  64.22
  2020          18     0.00047  0.00047  0.50   99525      47   99501  6294810  63.25
  2020          19     0.00053  0.00053  0.50   99478      52   99452  6195308  62.28
  2020          20     0.00051  0.00051  0.50   99426      51   99400  6095856  61.31
  2020          21     0.00049  0.00049  0.50   99375      49   99351  5996456  60.34
  2020          22     0.00057  0.00057  0.50   99326      57   99298  5897105  59.37
  2020          23     0.00070  0.00070  0.50   99269      69   99235  5797808  58.40
  2020          24     0.00078  0.00078  0.50   99200      77   99162  5698573  57.45
  2020          25     0.00068  0.00068  0.50   99123      67   99090  5599411  56.49
  2020          26     0.00053  0.00053  0.50   99056      52   99030  5500322  55.53
  2020          27     0.00049  0.00049  0.50   99004      49   98979  5401292  54.56
  2020          28     0.00055  0.00055  0.50   98955      54   98928  5302312  53.58
  2020          29     0.00063  0.00063  0.50   98901      62   98870  5203384  52.61
  2020          30     0.00067  0.00067  0.50   98839      66   98806  5104514  51.64
  2020          31     0.00067  0.00067  0.50   98772      67   98739  5005709  50.68
  2020          32     0.00066  0.00066  0.50   98706      66   98673  4906970  49.71
  2020          33     0.00063  0.00063  0.50   98640      62   98609  4808297  48.75
  2020          34     0.00059  0.00059  0.50   98578      58   98549  4709687  47.78
  2020          35     0.00059  0.00059  0.50   98520      59   98491  4611138  46.80
  2020          36     0.00071  0.00071  0.50   98462      70   98427  4512647  45.83
  2020          37     0.00083  0.00083  0.50   98392      81   98351  4414221  44.86
  2020          38     0.00093  0.00093  0.50   98311      92   98265  4315869  43.90
  2020          39     0.00105  0.00105  0.50   98219     103   98168  4217604  42.94
  2020          40     0.00119  0.00119  0.50   98116     117   98058  4119436  41.99
  2020          41     0.00138  0.00138  0.50   97999     135   97932  4021379  41.03
  2020          42     0.00153  0.00153  0.50   97864     150   97789  3923447  40.09
  2020          43     0.00162  0.00161  0.50   97714     158   97636  3825657  39.15
  2020          44     0.00162  0.00162  0.50   97557     158   97478  3728022  38.21
  2020          45     0.00162  0.00162  0.50   97399     158   97320  3630544  37.27
  2020          46     0.00172  0.00172  0.50   97241     167   97158  3533224  36.33
  2020          47     0.00187  0.00187  0.50   97074     181   96984  3436066  35.40
  2020          48     0.00202  0.00202  0.50   96893     196   96795  3339082  34.46
  2020          49     0.00215  0.00215  0.50   96698     208   96594  3242287  33.53
  2020          50     0.00235  0.00235  0.50   96490     227   96377  3145693  32.60
  2020          51     0.00271  0.00271  0.50   96263     260   96133  3049316  31.68
  2020          52     0.00313  0.00313  0.50   96003     300   95853  2953183  30.76
  2020          53     0.00354  0.00353  0.50   95703     338   95534  2857330  29.86
  2020          54     0.00401  0.00400  0.50   95365     381   95174  2761797  28.96
  2020          55     0.00450  0.00449  0.50   94984     426   94770  2666622  28.07
  2020          56     0.00494  0.00493  0.50   94557     466   94324  2571852  27.20
  2020          57     0.00539  0.00538  0.50   94092     506   93839  2477527  26.33
  2020          58     0.00590  0.00589  0.50   93586     551   93310  2383689  25.47
  2020          59     0.00641  0.00639  0.50   93035     595   92738  2290378  24.62
  2020          60     0.00695  0.00693  0.50   92440     641   92120  2197641  23.77
  2020          61     0.00758  0.00755  0.50   91800     693   91453  2105521  22.94
  2020          62     0.00822  0.00819  0.50   91106     746   90733  2014068  22.11
  2020          63     0.00884  0.00881  0.50   90360     796   89962  1923335  21.29
  2020          64     0.00965  0.00961  0.50   89565     860   89134  1833372  20.47
  2020          65     0.01078  0.01072  0.50   88704     951   88229  1744238  19.66
  2020          66     0.01190  0.01183  0.50   87753    1038   87234  1656009  18.87
  2020          67     0.01308  0.01299  0.50   86715    1127   86152  1568775  18.09
  2020          68     0.01443  0.01433  0.50   85589    1226   84976  1482622  17.32
  2020          69     0.01580  0.01567  0.50   84362    1322   83701  1397647  16.57
  2020          70     0.01708  0.01693  0.50   83040    1406   82337  1313946  15.82
  2020          71     0.01866  0.01849  0.50   81634    1510   80879  1231608  15.09
  2020          72     0.02083  0.02061  0.50   80125    1651   79299  1150729  14.36
  2020          73     0.02363  0.02335  0.50   78473    1833   77557  1071430  13.65
  2020          74     0.02661  0.02626  0.50   76641    2013   75634   993873  12.97
  2020          75     0.02936  0.02894  0.50   74628    2160   73548   918239  12.30
  2020          76     0.03213  0.03162  0.50   72468    2292   71322   844691  11.66
  2020          77     0.03502  0.03441  0.50   70177    2415   68969   773368  11.02
  2020          78     0.03814  0.03742  0.50   67762    2536   66494   704399  10.40
  2020          79     0.04193  0.04107  0.50   65226    2679   63886   637905   9.78
  2020          80     0.04684  0.04577  0.50   62547    2863   61116   574019   9.18
  2020          81     0.05285  0.05149  0.50   59684    3073   58148   512903   8.59
  2020          82     0.05986  0.05812  0.50   56611    3290   54966   454756   8.03
  2020          83     0.06781  0.06559  0.50   53321    3497   51573   399789   7.50
  2020          84     0.07673  0.07390  0.50   49824    3682   47983   348216   6.99
  2020          85     0.08669  0.08309  0.50   46142    3834   44225   300233   6.51
  2020          86     0.09778  0.09322  0.50   42308    3944   40336   256008   6.05
  2020          87     0.11012  0.10437  0.50   38364    4004   36362   215671   5.62
  2020          88     0.12380  0.11658  0.50   34360    4006   32357   179309   5.22
  2020          89     0.13891  0.12989  0.50   30354    3943   28383   146952   4.84
  2020          90     0.15555  0.14432  0.50   26411    3812   24506   118569   4.49
  2020          91     0.17377  0.15988  0.50   22600    3613   20793    94064   4.16
  2020          92     0.19364  0.17655  0.50   18986    3352   17310    73271   3.86
  2020          93     0.21519  0.19428  0.50   15634    3038   14116    55960   3.58
  2020          94     0.23842  0.21303  0.50   12597    2683   11255    41844   3.32
  2020          95     0.26332  0.23269  0.50    9913    2307    8760    30589   3.09
  2020          96     0.28983  0.25315  0.50    7607    1926    6644    21829   2.87
  2020          97     0.31786  0.27427  0.50    5681    1558    4902    15185   2.67
  2020          98     0.34727  0.29589  0.50    4123    1220    3513    10283   2.49
  2020          99     0.37789  0.31784  0.50    2903     923    2442     6770   2.33
  2020         100     0.40952  0.33992  0.50    1980     673    1644     4329   2.19
  2020         101     0.44191  0.36194  0.50    1307     473    1071     2685   2.05
  2020         102     0.47481  0.38371  0.50     834     320     674     1614   1.94
  2020         103     0.50793  0.40506  0.50     514     208     410      940   1.83
  2020         104     0.54097  0.42580  0.50     306     130     241      530   1.73
  2020         105     0.57365  0.44579  0.50     176      78     136      290   1.65
  2020         106     0.60565  0.46487  0.50      97      45      75      153   1.57
  2020         107     0.63668  0.48294  0.50      52      25      40       78   1.51
  2020         108     0.66662  0.49998  0.50      27      13      20       39   1.45
  2020         109     0.69549  0.51604  0.50      13       7      10       19   1.39
  2020         110+    0.74268  1.00000  1.35       7       7       9        9   1.35
  2021           0     0.00178  0.00178  0.22  100000     178   99862  8106609  81.07
  2021           1     0.00044  0.00044  0.50   99822      44   99800  8006747  80.21
  2021           2     0.00032  0.00032  0.50   99778      32   99762  7906947  79.25
  2021           3     0.00021  0.00021  0.50   99746      21   99736  7807185  78.27
  2021           4     0.00012  0.00012  0.50   99725      12   99719  7707449  77.29
  2021           5     0.00006  0.00006  0.50   99713       6   99710  7607729  76.30
  2021           6     0.00003  0.00003  0.50   99707       3   99706  7508019  75.30
  2021           7     0.00003  0.00003  0.50   99704       3   99703  7408313  74.30
  2021           8     0.00006  0.00006  0.50   99701       6   99699  7308610  73.31
  2021           9     0.00008  0.00008  0.50   99696       8   99692  7208911  72.31
  2021          10     0.00009  0.00009  0.50   99687       9   99683  7109220  71.32
  2021          11     0.00010  0.00010  0.50   99678      10   99673  7009537  70.32
  2021          12     0.00011  0.00011  0.50   99668      11   99663  6909864  69.33
  2021          13     0.00013  0.00013  0.50   99657      13   99650  6810201  68.34
  2021          14     0.00016  0.00016  0.50   99644      16   99636  6710551  67.35
  2021          15     0.00020  0.00020  0.50   99628      20   99618  6610915  66.36
  2021          16     0.00025  0.00025  0.50   99608      25   99596  6511297  65.37
  2021          17     0.00029  0.00029  0.50   99584      29   99569  6411701  64.39
  2021          18     0.00035  0.00035  0.50   99554      35   99537  6312132  63.40
  2021          19     0.00042  0.00042  0.50   99520      42   99499  6212595  62.43
  2021          20     0.00054  0.00054  0.50   99478      53   99451  6113096  61.45
  2021          21     0.00065  0.00065  0.50   99424      65   99392  6013645  60.48
  2021          22     0.00073  0.00073  0.50   99359      72   99323  5914253  59.52
  2021          23     0.00073  0.00073  0.50   99287      73   99250  5814930  58.57
  2021          24     0.00068  0.00068  0.50   99214      67   99181  5715680  57.61
  2021          25     0.00067  0.00067  0.50   99147      67   99114  5616499  56.65
  2021          26     0.00072  0.00072  0.50   99080      71   99045  5517386  55.69
  2021          27     0.00079  0.00079  0.50   99009      78   98970  5418341  54.73
  2021          28     0.00087  0.00087  0.50   98931      86   98888  5319370  53.77
  2021          29     0.00093  0.00093  0.50   98845      92   98799  5220482  52.81
  2021          30     0.00086  0.00086  0.50   98753      85   98711  5121683  51.86
  2021          31     0.00075  0.00075  0.50   98668      74   98631  5022972  50.91
  2021          32     0.00073  0.00073  0.50   98594      71   98558  4924341  49.95
  2021          33     0.00074  0.00074  0.50   98522      73   98486  4825783  48.98
  2021          34     0.00075  0.00075  0.50   98449      74   98412  4727297  48.02
  2021          35     0.00073  0.00073  0.50   98375      72   98339  4628885  47.05
  2021          36     0.00068  0.00068  0.50   98303      67   98270  4530546  46.09
  2021          37     0.00069  0.00069  0.50   98237      67   98203  4432276  45.12
  2021          38     0.00078  0.00078  0.50   98169      77   98131  4334073  44.15
  2021          39     0.00096  0.00096  0.50   98093      94   98046  4235942  43.18
  2021          40     0.00115  0.00115  0.50   97998     113   97942  4137896  42.22
  2021          41     0.00128  0.00128  0.50   97885     126   97823  4039954  41.27
  2021          42     0.00130  0.00130  0.50   97760     127   97696  3942132  40.32
  2021          43     0.00124  0.00124  0.50   97633     121   97572  3844435  39.38
  2021          44     0.00119  0.00119  0.50   97512     116   97454  3746863  38.42
  2021          45     0.00122  0.00122  0.50   97396     119   97336  3649409  37.47
  2021          46     0.00139  0.00139  0.50   97277     135   97209  3552072  36.52
  2021          47     0.00163  0.00163  0.50   97141     158   97062  3454863  35.57
  2021          48     0.00189  0.00189  0.50   96983     183   96892  3357801  34.62
  2021          49     0.00214  0.00213  0.50   96800     206   96697  3260909  33.69
  2021          50     0.00244  0.00244  0.50   96594     236   96476  3164212  32.76
  2021          51     0.00286  0.00286  0.50   96358     275   96221  3067736  31.84
  2021          52     0.00329  0.00328  0.50   96083     316   95925  2971516  30.93
  2021          53     0.00364  0.00363  0.50   95767     348   95593  2875590  30.03
  2021          54     0.00398  0.00398  0.50   95419     379   95230  2779997  29.13
  2021          55     0.00434  0.00433  0.50   95040     412   94834  2684767  28.25
  2021          56     0.00471  0.00470  0.50   94629     445   94406  2589933  27.37
  2021          57     0.00513  0.00511  0.50   94184     482   93943  2495526  26.50
  2021          58     0.00561  0.00559  0.50   93702     524   93440  2401583  25.63
  2021          59     0.00610  0.00608  0.50   93178     567   92895  2308143  24.77
  2021          60     0.00660  0.00658  0.50   92612     609   92307  2215248  23.92
  2021          61     0.00713  0.00710  0.50   92002     654   91676  2122941  23.07
  2021          62     0.00774  0.00771  0.50   91349     705   90996  2031265  22.24
  2021          63     0.00849  0.00845  0.50   90644     766   90261  1940269  21.41
  2021          64     0.00927  0.00923  0.50   89878     829   89463  1850008  20.58
  2021          65     0.01005  0.01000  0.50   89048     891   88603  1760545  19.77
  2021          66     0.01108  0.01102  0.50   88158     971   87672  1671942  18.97
  2021          67     0.01242  0.01234  0.50   87186    1076   86648  1584270  18.17
  2021          68     0.01402  0.01392  0.50   86110    1199   85511  1497621  17.39
  2021          69     0.01566  0.01554  0.50   84911    1320   84252  1412111  16.63
  2021          70     0.01718  0.01704  0.50   83592    1424   82880  1327859  15.89
  2021          71     0.01882  0.01865  0.50   82168    1532   81401  1244979  15.15
  2021          72     0.02054  0.02033  0.50   80635    1639   79816  1163578  14.43
  2021          73     0.02227  0.02202  0.50   78996    1740   78126  1083762  13.72
  2021          74     0.02438  0.02409  0.50   77256    1861   76326  1005636  13.02
  2021          75     0.02717  0.02680  0.50   75396    2021   74385   929310  12.33
  2021          76     0.03036  0.02991  0.50   73375    2195   72277   854925  11.65
  2021          77     0.03383  0.03327  0.50   71180    2368   69996   782648  11.00
  2021          78     0.03754  0.03685  0.50   68812    2536   67544   712652  10.36
  2021          79     0.04167  0.04082  0.50   66276    2705   64924   645107   9.73
  2021          80     0.04642  0.04537  0.50   63571    2884   62129   580184   9.13
  2021          81     0.05215  0.05083  0.50   60687    3085   59145   518055   8.54
  2021          82     0.05912  0.05742  0.50   57602    3308   55949   458910   7.97
  2021          83     0.06724  0.06505  0.50   54295    3532   52529   402961   7.42
  2021          84     0.07649  0.07367  0.50   50763    3740   48893   350433   6.90
  2021          85     0.08688  0.08327  0.50   47023    3915   45065   301540   6.41
  2021          86     0.09852  0.09389  0.50   43107    4047   41084   256475   5.95
  2021          87     0.11150  0.10561  0.50   39060    4125   36997   215391   5.51
  2021          88     0.12594  0.11848  0.50   34935    4139   32865   178393   5.11
  2021          89     0.14195  0.13254  0.50   30796    4082   28755   145528   4.73
  2021          90     0.15963  0.14783  0.50   26714    3949   24740   116773   4.37
  2021          91     0.17904  0.16433  0.50   22765    3741   20894    92034   4.04
  2021          92     0.20026  0.18203  0.50   19024    3463   17292    71139   3.74
  2021          93     0.22331  0.20088  0.50   15561    3126   13998    53847   3.46
  2021          94     0.24817  0.22078  0.50   12435    2745   11062    39849   3.20
  2021          95     0.27484  0.24163  0.50    9690    2341    8519    28786   2.97
  2021          96     0.30320  0.26329  0.50    7348    1935    6381    20267   2.76
  2021          97     0.33315  0.28558  0.50    5414    1546    4641    13886   2.57
  2021          98     0.36450  0.30831  0.50    3868    1192    3271     9245   2.39
  2021          99     0.39705  0.33128  0.50    2675     886    2232     5974   2.23
  2021         100     0.43053  0.35427  0.50    1789     634    1472     3742   2.09
  2021         101     0.46466  0.37706  0.50    1155     436     937     2270   1.96
  2021         102     0.49912  0.39944  0.50     720     287     576     1332   1.85
  2021         103     0.53360  0.42122  0.50     432     182     341      757   1.75
  2021         104     0.56775  0.44221  0.50     250     111     195      415   1.66
  2021         105     0.60123  0.46227  0.50     140      64     107      221   1.58
  2021         106     0.63373  0.48124  0.50      75      36      57      113   1.51
  2021         107     0.66496  0.49904  0.50      39      19      29       56   1.45
  2021         108     0.69486  0.51569  0.50      19      10      14       27   1.39
  2021         109     0.72353  0.53132  0.50       9       5       7       13   1.34
  2021         110+    0.76846  1.00000  1.30       4       4       6        6   1.30
  2022           0     0.00313  0.00312  0.21  100000     312   99752  8039811  80.40
  2022           1     0.00034  0.00034  0.50   99688      34   99671  7940058  79.65
  2022           2     0.00023  0.00023  0.50   99654      23   99643  7840387  78.68
  2022           3     0.00015  0.00015  0.50   99632      15   99624  7740744  77.69
  2022           4     0.00009  0.00009  0.50   99617       9   99612  7641120  76.71
  2022           5     0.00006  0.00006  0.50   99607       6   99605  7541508  75.71
  2022           6     0.00002  0.00002  0.50   99602       2   99601  7441903  74.72
  2022           7     0.00000  0.00000  0.50   99599       0   99599  7342303  73.72
  2022           8     0.00000  0.00000  0.50   99599       0   99599  7242704  72.72
  2022           9     0.00000  0.00000  0.50   99599       0   99599  7143104  71.72
  2022          10     0.00003  0.00003  0.50   99599       3   99597  7043505  70.72
  2022          11     0.00007  0.00007  0.50   99596       7   99592  6943908  69.72
  2022          12     0.00011  0.00011  0.50   99588      11   99583  6844316  68.73
  2022          13     0.00011  0.00011  0.50   99578      11   99572  6744733  67.73
  2022          14     0.00011  0.00011  0.50   99567      11   99561  6645160  66.74
  2022          15     0.00017  0.00017  0.50   99556      17   99547  6545599  65.75
  2022          16     0.00024  0.00024  0.50   99539      24   99527  6446052  64.76
  2022          17     0.00028  0.00028  0.50   99515      28   99501  6346525  63.77
  2022          18     0.00031  0.00031  0.50   99487      31   99471  6247025  62.79
  2022          19     0.00037  0.00037  0.50   99456      37   99437  6147553  61.81
  2022          20     0.00049  0.00049  0.50   99419      48   99395  6048116  60.83
  2022          21     0.00056  0.00056  0.50   99370      56   99342  5948722  59.86
  2022          22     0.00052  0.00052  0.50   99314      52   99289  5849379  58.90
  2022          23     0.00046  0.00046  0.50   99263      45   99240  5750091  57.93
  2022          24     0.00047  0.00047  0.50   99218      46   99194  5650850  56.95
  2022          25     0.00045  0.00045  0.50   99171      45   99149  5551656  55.98
  2022          26     0.00042  0.00042  0.50   99127      41   99106  5452507  55.01
  2022          27     0.00040  0.00040  0.50   99085      40   99066  5353401  54.03
  2022          28     0.00038  0.00038  0.50   99046      38   99027  5254336  53.05
  2022          29     0.00036  0.00036  0.50   99008      36   98990  5155309  52.07
  2022          30     0.00047  0.00047  0.50   98972      47   98949  5056319  51.09
  2022          31     0.00062  0.00062  0.50   98925      62   98895  4957370  50.11
  2022          32     0.00069  0.00069  0.50   98864      68   98830  4858475  49.14
  2022          33     0.00071  0.00071  0.50   98796      70   98761  4759646  48.18
  2022          34     0.00073  0.00073  0.50   98726      72   98690  4660885  47.21
  2022          35     0.00074  0.00074  0.50   98654      73   98617  4562195  46.24
  2022          36     0.00073  0.00073  0.50   98581      72   98545  4463578  45.28
  2022          37     0.00079  0.00079  0.50   98508      78   98470  4365034  44.31
  2022          38     0.00091  0.00091  0.50   98431      89   98386  4266564  43.35
  2022          39     0.00107  0.00107  0.50   98342     105   98289  4168178  42.38
  2022          40     0.00125  0.00125  0.50   98237     123   98175  4069888  41.43
  2022          41     0.00142  0.00142  0.50   98114     139   98044  3971713  40.48
  2022          42     0.00146  0.00145  0.50   97974     143   97903  3873669  39.54
  2022          43     0.00142  0.00142  0.50   97832     139   97763  3775766  38.59
  2022          44     0.00141  0.00141  0.50   97693     137   97625  3678003  37.65
  2022          45     0.00153  0.00153  0.50   97556     149   97482  3580379  36.70
  2022          46     0.00183  0.00183  0.50   97407     178   97318  3482897  35.76
  2022          47     0.00218  0.00218  0.50   97229     212   97123  3385579  34.82
  2022          48     0.00246  0.00246  0.50   97017     238   96898  3288456  33.90
  2022          49     0.00264  0.00263  0.50   96778     255   96651  3191559  32.98
  2022          50     0.00285  0.00284  0.50   96524     274   96386  3094908  32.06
  2022          51     0.00322  0.00321  0.50   96249     309   96095  2998521  31.15
  2022          52     0.00364  0.00363  0.50   95940     348   95766  2902426  30.25
  2022          53     0.00399  0.00398  0.50   95592     380   95402  2806660  29.36
  2022          54     0.00435  0.00434  0.50   95212     413   95005  2711259  28.48
  2022          55     0.00477  0.00476  0.50   94798     451   94572  2616254  27.60
  2022          56     0.00526  0.00525  0.50   94347     495   94099  2521681  26.73
  2022          57     0.00581  0.00579  0.50   93852     543   93580  2427582  25.87
  2022          58     0.00634  0.00632  0.50   93308     590   93013  2334002  25.01
  2022          59     0.00664  0.00662  0.50   92719     613   92412  2240988  24.17
  2022          60     0.00697  0.00695  0.50   92105     640   91785  2148577  23.33
  2022          61     0.00765  0.00762  0.50   91465     697   91117  2056791  22.49
  2022          62     0.00858  0.00854  0.50   90768     775   90381  1965675  21.66
  2022          63     0.00956  0.00952  0.50   89993     857   89565  1875294  20.84
  2022          64     0.01044  0.01039  0.50   89136     926   88673  1785729  20.03
  2022          65     0.01114  0.01108  0.50   88210     977   87722  1697056  19.24
  2022          66     0.01190  0.01183  0.50   87233    1032   86717  1609334  18.45
  2022          67     0.01284  0.01276  0.50   86201    1100   85651  1522617  17.66
  2022          68     0.01409  0.01399  0.50   85102    1191   84506  1436966  16.89
  2022          69     0.01595  0.01582  0.50   83911    1327   83247  1352459  16.12
  2022          70     0.01844  0.01827  0.50   82584    1509   81829  1269212  15.37
  2022          71     0.02060  0.02039  0.50   81075    1653   80248  1187383  14.65
  2022          72     0.02233  0.02208  0.50   79422    1754   78545  1107134  13.94
  2022          73     0.02390  0.02362  0.50   77668    1835   76750  1028590  13.24
  2022          74     0.02608  0.02574  0.50   75833    1952   74857   951839  12.55
  2022          75     0.02936  0.02893  0.50   73881    2138   72812   876982  11.87
  2022          76     0.03303  0.03249  0.50   71743    2331   70578   804170  11.21
  2022          77     0.03662  0.03596  0.50   69412    2496   68164   733592  10.57
  2022          78     0.04005  0.03926  0.50   66916    2627   65603   665427   9.94
  2022          79     0.04420  0.04324  0.50   64289    2780   62899   599825   9.33
  2022          80     0.04992  0.04871  0.50   61509    2996   60011   536926   8.73
  2022          81     0.05693  0.05535  0.50   58513    3239   56894   476914   8.15
  2022          82     0.06480  0.06276  0.50   55274    3469   53540   420021   7.60
  2022          83     0.07364  0.07103  0.50   51805    3680   49965   366481   7.07
  2022          84     0.08359  0.08023  0.50   48126    3861   46195   316515   6.58
  2022          85     0.09471  0.09043  0.50   44264    4003   42263   270320   6.11
  2022          86     0.10714  0.10169  0.50   40262    4094   38214   228057   5.66
  2022          87     0.12098  0.11408  0.50   36167    4126   34104   189843   5.25
  2022          88     0.13634  0.12764  0.50   32041    4090   29996   155739   4.86
  2022          89     0.15331  0.14240  0.50   27952    3980   25961   125742   4.50
  2022          90     0.17197  0.15836  0.50   23971    3796   22073    99781   4.16
  2022          91     0.19239  0.17551  0.50   20175    3541   18405    77707   3.85
  2022          92     0.21460  0.19380  0.50   16634    3224   15023    59303   3.57
  2022          93     0.23862  0.21318  0.50   13411    2859   11981    44280   3.30
  2022          94     0.26441  0.23354  0.50   10552    2464    9320    32299   3.06
  2022          95     0.29193  0.25475  0.50    8087    2060    7057    22979   2.84
  2022          96     0.32106  0.27665  0.50    6027    1667    5193    15922   2.64
  2022          97     0.35166  0.29907  0.50    4360    1304    3708    10729   2.46
  2022          98     0.38351  0.32181  0.50    3056     983    2564     7021   2.30
  2022          99     0.41640  0.34465  0.50    2072     714    1715     4457   2.15
  2022         100     0.45006  0.36738  0.50    1358     499    1109     2741   2.02
  2022         101     0.48417  0.38980  0.50     859     335     692     1633   1.90
  2022         102     0.51843  0.41171  0.50     524     216     416      941   1.79
  2022         103     0.55253  0.43292  0.50     308     134     242      524   1.70
  2022         104     0.58613  0.45329  0.50     175      79     135      283   1.62
  2022         105     0.61896  0.47267  0.50      96      45      73      147   1.54
  2022         106     0.65069  0.49096  0.50      50      25      38       74   1.48
  2022         107     0.68106  0.50805  0.50      26      13      19       36   1.42
  2022         108     0.70994  0.52395  0.50      13       7       9       17   1.37
  2022         109     0.73736  0.53874  0.50       6       3       4        8   1.32
  2022         110+    0.78018  1.00000  1.28       3       3       4        4   1.28
  2023           0     0.00203  0.00203  0.22  100000     203   99841  8044996  80.45
  2023           1     0.00019  0.00019  0.50   99797      19   99787  7945155  79.61
  2023           2     0.00018  0.00018  0.50   99778      18   99769  7845367  78.63
  2023           3     0.00019  0.00019  0.50   99760      19   99750  7745599  77.64
  2023           4     0.00021  0.00021  0.50   99741      21   99731  7645848  76.66
  2023           5     0.00021  0.00021  0.50   99720      21   99710  7546118  75.67
  2023           6     0.00020  0.00020  0.50   99700      20   99690  7446408  74.69
  2023           7     0.00018  0.00018  0.50   99680      18   99671  7346718  73.70
  2023           8     0.00017  0.00017  0.50   99662      16   99654  7247047  72.72
  2023           9     0.00014  0.00014  0.50   99645      14   99638  7147394  71.73
  2023          10     0.00011  0.00011  0.50   99631      11   99626  7047755  70.74
  2023          11     0.00008  0.00008  0.50   99620       8   99616  6948130  69.75
  2023          12     0.00007  0.00007  0.50   99612       7   99608  6848513  68.75
  2023          13     0.00006  0.00006  0.50   99605       6   99601  6748905  67.76
  2023          14     0.00006  0.00006  0.50   99598       6   99595  6649303  66.76
  2023          15     0.00007  0.00007  0.50   99592       7   99589  6549708  65.77
  2023          16     0.00011  0.00011  0.50   99585      11   99580  6450119  64.77
  2023          17     0.00017  0.00017  0.50   99574      17   99566  6350540  63.78
  2023          18     0.00024  0.00024  0.50   99558      24   99546  6250974  62.79
  2023          19     0.00032  0.00032  0.50   99534      32   99518  6151428  61.80
  2023          20     0.00038  0.00038  0.50   99502      38   99483  6051910  60.82
  2023          21     0.00042  0.00042  0.50   99464      42   99443  5952427  59.84
  2023          22     0.00045  0.00045  0.50   99422      45   99400  5852984  58.87
  2023          23     0.00048  0.00048  0.50   99377      48   99353  5753585  57.90
  2023          24     0.00053  0.00053  0.50   99329      53   99302  5654232  56.92
  2023          25     0.00058  0.00058  0.50   99276      57   99247  5554929  55.95
  2023          26     0.00062  0.00062  0.50   99219      62   99188  5455682  54.99
  2023          27     0.00066  0.00066  0.50   99157      66   99124  5356494  54.02
  2023          28     0.00069  0.00069  0.50   99091      68   99057  5257370  53.06
  2023          29     0.00069  0.00069  0.50   99023      68   98989  5158313  52.09
  2023          30     0.00068  0.00068  0.50   98954      68   98921  5059324  51.13
  2023          31     0.00071  0.00071  0.50   98887      70   98852  4960404  50.16
  2023          32     0.00080  0.00080  0.50   98816      79   98777  4861552  49.20
  2023          33     0.00092  0.00092  0.50   98737      91   98692  4762775  48.24
  2023          34     0.00104  0.00104  0.50   98646     102   98595  4664084  47.28
  2023          35     0.00111  0.00111  0.50   98544     109   98489  4565489  46.33
  2023          36     0.00112  0.00112  0.50   98434     110   98379  4467000  45.38
  2023          37     0.00112  0.00112  0.50   98324     110   98269  4368620  44.43
  2023          38     0.00110  0.00110  0.50   98214     108   98160  4270351  43.48
  2023          39     0.00103  0.00103  0.50   98107     101   98056  4172191  42.53
  2023          40     0.00099  0.00099  0.50   98005      97   97957  4074135  41.57
  2023          41     0.00102  0.00102  0.50   97908     100   97858  3976178  40.61
  2023          42     0.00111  0.00111  0.50   97808     108   97754  3878320  39.65
  2023          43     0.00126  0.00126  0.50   97700     123   97638  3780566  38.70
  2023          44     0.00149  0.00149  0.50   97577     145   97504  3682928  37.74
  2023          45     0.00176  0.00176  0.50   97432     171   97346  3585423  36.80
  2023          46     0.00202  0.00202  0.50   97260     197   97162  3488077  35.86
  2023          47     0.00218  0.00217  0.50   97064     211   96958  3390915  34.93
  2023          48     0.00227  0.00227  0.50   96853     220   96743  3293957  34.01
  2023          49     0.00240  0.00240  0.50   96633     232   96517  3197213  33.09
  2023          50     0.00262  0.00262  0.50   96402     253   96275  3100696  32.16
  2023          51     0.00297  0.00297  0.50   96149     285   96006  3004421  31.25
  2023          52     0.00339  0.00338  0.50   95864     324   95702  2908414  30.34
  2023          53     0.00380  0.00379  0.50   95540     362   95359  2812713  29.44
  2023          54     0.00419  0.00418  0.50   95178     398   94978  2717354  28.55
  2023          55     0.00456  0.00455  0.50   94779     431   94564  2622376  27.67
  2023          56     0.00490  0.00489  0.50   94348     462   94117  2527812  26.79
  2023          57     0.00526  0.00524  0.50   93887     492   93640  2433695  25.92
  2023          58     0.00567  0.00565  0.50   93394     528   93130  2340054  25.06
  2023          59     0.00617  0.00615  0.50   92866     571   92580  2246924  24.20
  2023          60     0.00686  0.00684  0.50   92295     631   91979  2154344  23.34
  2023          61     0.00781  0.00778  0.50   91663     713   91307  2062365  22.50
  2023          62     0.00885  0.00881  0.50   90950     801   90549  1971058  21.67
  2023          63     0.00980  0.00975  0.50   90149     879   89709  1880509  20.86
  2023          64     0.01061  0.01056  0.50   89270     943   88798  1790800  20.06
  2023          65     0.01133  0.01127  0.50   88327     995   87829  1702001  19.27
  2023          66     0.01217  0.01210  0.50   87332    1056   86803  1614172  18.48
  2023          67     0.01329  0.01320  0.50   86275    1139   85706  1527369  17.70
  2023          68     0.01478  0.01467  0.50   85136    1249   84512  1441663  16.93
  2023          69     0.01647  0.01633  0.50   83887    1370   83202  1357151  16.18
  2023          70     0.01822  0.01806  0.50   82517    1490   81772  1273949  15.44
  2023          71     0.02020  0.02000  0.50   81027    1620   80217  1192177  14.71
  2023          72     0.02241  0.02216  0.50   79407    1760   78527  1111960  14.00
  2023          73     0.02478  0.02448  0.50   77647    1900   76697  1033433  13.31
  2023          74     0.02728  0.02691  0.50   75747    2038   74728   956736  12.63
  2023          75     0.02997  0.02952  0.50   73708    2176   72620   882008  11.97
  2023          76     0.03317  0.03263  0.50   71532    2334   70365   809388  11.32
  2023          77     0.03682  0.03616  0.50   69198    2502   67947   739023  10.68
  2023          78     0.04078  0.03997  0.50   66696    2666   65363   671076  10.06
  2023          79     0.04513  0.04413  0.50   64030    2826   62617   605713   9.46
  2023          80     0.05004  0.04882  0.50   61204    2988   59710   543095   8.87
  2023          81     0.05594  0.05442  0.50   58216    3168   56632   483385   8.30
  2023          82     0.06317  0.06123  0.50   55049    3371   53363   426752   7.75
  2023          83     0.07158  0.06911  0.50   51678    3571   49892   373389   7.23
  2023          84     0.08113  0.07797  0.50   48106    3751   46231   323497   6.72
  2023          85     0.09183  0.08780  0.50   44356    3894   42408   277266   6.25
  2023          86     0.10376  0.09864  0.50   40461    3991   38466   234858   5.80
  2023          87     0.11701  0.11054  0.50   36470    4031   34454   196392   5.39
  2023          88     0.13169  0.12355  0.50   32439    4008   30435   161938   4.99
  2023          89     0.14790  0.13771  0.50   28431    3915   26473   131503   4.63
  2023          90     0.16572  0.15304  0.50   24515    3752   22639   105030   4.28
  2023          91     0.18522  0.16952  0.50   20764    3520   19004    82391   3.97
  2023          92     0.20645  0.18713  0.50   17244    3227   15630    63387   3.68
  2023          93     0.22942  0.20581  0.50   14017    2885   12574    47757   3.41
  2023          94     0.25413  0.22548  0.50   11132    2510    9877    35182   3.16
  2023          95     0.28054  0.24603  0.50    8622    2121    7561    25305   2.93
  2023          96     0.30854  0.26730  0.50    6501    1738    5632    17744   2.73
  2023          97     0.33803  0.28916  0.50    4763    1377    4074    12112   2.54
  2023          98     0.36882  0.31140  0.50    3386    1054    2859     8038   2.37
  2023          99     0.40073  0.33384  0.50    2331     778    1942     5179   2.22
  2023         100     0.43350  0.35627  0.50    1553     553    1276     3237   2.08
  2023         101     0.46686  0.37850  0.50    1000     378     811     1960   1.96
  2023         102     0.50052  0.40033  0.50     621     249     497     1150   1.85
  2023         103     0.53417  0.42157  0.50     373     157     294      653   1.75
  2023         104     0.56750  0.44206  0.50     216      95     168      359   1.66
  2023         105     0.60019  0.46165  0.50     120      56      92      191   1.59
  2023         106     0.63193  0.48020  0.50      65      31      49       98   1.52
  2023         107     0.66250  0.49765  0.50      34      17      25       49   1.45
  2023         108     0.69184  0.51403  0.50      17       9      13       24   1.40
  2023         109     0.72010  0.52946  0.50       8       4       6       11   1.35
  2023         110+    0.76454  1.00000  1.31       4       4       5        5   1.31
