21.Gifu.ken, Life tables (period 1x1), Males     Last modified:2025-04-30, ver.005_001 JMD(IPSS)

  Year          Age         mx       qx    ax      lx      dx      Lx       Tx     ex
  1947           0     0.09749  0.09132  0.31  100000    9132   93669  5043691  50.44
  1947           1     0.02704  0.02668  0.50   90868    2424   89656  4950022  54.47
  1947           2     0.02063  0.02042  0.50   88444    1806   87541  4860367  54.95
  1947           3     0.01491  0.01480  0.50   86638    1282   85997  4772826  55.09
  1947           4     0.01022  0.01017  0.50   85355     868   84921  4686830  54.91
  1947           5     0.00676  0.00673  0.50   84487     569   84203  4601908  54.47
  1947           6     0.00437  0.00436  0.50   83918     366   83735  4517705  53.83
  1947           7     0.00286  0.00285  0.50   83552     239   83433  4433970  53.07
  1947           8     0.00196  0.00195  0.50   83314     163   83232  4350537  52.22
  1947           9     0.00147  0.00147  0.50   83151     122   83090  4267305  51.32
  1947          10     0.00124  0.00124  0.50   83029     103   82978  4184215  50.39
  1947          11     0.00120  0.00120  0.50   82926     100   82877  4101237  49.46
  1947          12     0.00132  0.00132  0.50   82827     109   82772  4018361  48.52
  1947          13     0.00158  0.00158  0.50   82717     131   82652  3935588  47.58
  1947          14     0.00200  0.00200  0.50   82587     165   82504  3852936  46.65
  1947          15     0.00259  0.00259  0.50   82422     213   82315  3770432  45.75
  1947          16     0.00335  0.00335  0.50   82208     275   82071  3688117  44.86
  1947          17     0.00429  0.00428  0.50   81933     351   81758  3606046  44.01
  1947          18     0.00537  0.00535  0.50   81582     437   81364  3524289  43.20
  1947          19     0.00656  0.00653  0.50   81146     530   80880  3442925  42.43
  1947          20     0.00779  0.00776  0.50   80615     626   80303  3362044  41.70
  1947          21     0.00891  0.00887  0.50   79990     709   79635  3281741  41.03
  1947          22     0.00973  0.00968  0.50   79280     768   78897  3202106  40.39
  1947          23     0.01012  0.01006  0.50   78513     790   78118  3123210  39.78
  1947          24     0.00999  0.00994  0.50   77723     773   77336  3045092  39.18
  1947          25     0.00954  0.00950  0.50   76950     731   76584  2967756  38.57
  1947          26     0.00899  0.00895  0.50   76219     682   75878  2891171  37.93
  1947          27     0.00854  0.00850  0.50   75537     642   75216  2815294  37.27
  1947          28     0.00822  0.00818  0.50   74894     613   74588  2740078  36.59
  1947          29     0.00803  0.00800  0.50   74282     594   73984  2665490  35.88
  1947          30     0.00797  0.00794  0.50   73687     585   73395  2591506  35.17
  1947          31     0.00800  0.00797  0.50   73102     582   72811  2518111  34.45
  1947          32     0.00807  0.00803  0.50   72520     583   72228  2445300  33.72
  1947          33     0.00811  0.00808  0.50   71937     581   71647  2373072  32.99
  1947          34     0.00807  0.00804  0.50   71356     573   71069  2301425  32.25
  1947          35     0.00799  0.00796  0.50   70783     564   70501  2230356  31.51
  1947          36     0.00796  0.00793  0.50   70219     557   69941  2159855  30.76
  1947          37     0.00801  0.00798  0.50   69663     556   69385  2089914  30.00
  1947          38     0.00818  0.00814  0.50   69107     563   68825  2020529  29.24
  1947          39     0.00845  0.00841  0.50   68544     577   68255  1951704  28.47
  1947          40     0.00879  0.00876  0.50   67967     595   67669  1883449  27.71
  1947          41     0.00917  0.00913  0.50   67372     615   67064  1815779  26.95
  1947          42     0.00953  0.00948  0.50   66757     633   66440  1748715  26.20
  1947          43     0.00989  0.00984  0.50   66124     651   65798  1682275  25.44
  1947          44     0.01029  0.01023  0.50   65473     670   65138  1616476  24.69
  1947          45     0.01076  0.01071  0.50   64803     694   64456  1551338  23.94
  1947          46     0.01135  0.01129  0.50   64109     724   63747  1486882  23.19
  1947          47     0.01202  0.01195  0.50   63385     757   63007  1423135  22.45
  1947          48     0.01268  0.01260  0.50   62628     789   62233  1360128  21.72
  1947          49     0.01328  0.01319  0.50   61839     816   61431  1297895  20.99
  1947          50     0.01385  0.01376  0.50   61023     839   60603  1236464  20.26
  1947          51     0.01446  0.01435  0.50   60183     864   59752  1175861  19.54
  1947          52     0.01521  0.01509  0.50   59320     895   58872  1116110  18.82
  1947          53     0.01619  0.01606  0.50   58424     938   57955  1057238  18.10
  1947          54     0.01737  0.01722  0.50   57486     990   56991   999282  17.38
  1947          55     0.01874  0.01857  0.50   56496    1049   55972   942291  16.68
  1947          56     0.02029  0.02009  0.50   55447    1114   54890   886319  15.98
  1947          57     0.02195  0.02171  0.50   54333    1179   53744   831429  15.30
  1947          58     0.02366  0.02339  0.50   53154    1243   52532   777686  14.63
  1947          59     0.02556  0.02524  0.50   51911    1310   51256   725153  13.97
  1947          60     0.02783  0.02745  0.50   50600    1389   49906   673898  13.32
  1947          61     0.03063  0.03017  0.50   49212    1485   48469   623992  12.68
  1947          62     0.03411  0.03353  0.50   47727    1600   46927   575523  12.06
  1947          63     0.03830  0.03758  0.50   46126    1733   45260   528596  11.46
  1947          64     0.04299  0.04209  0.50   44393    1868   43459   483336  10.89
  1947          65     0.04790  0.04678  0.50   42525    1989   41530   439877  10.34
  1947          66     0.05288  0.05152  0.50   40535    2088   39491   398348   9.83
  1947          67     0.05804  0.05640  0.50   38447    2169   37363   358856   9.33
  1947          68     0.06353  0.06157  0.50   36278    2234   35162   321494   8.86
  1947          69     0.06930  0.06698  0.50   34045    2280   32905   286332   8.41
  1947          70     0.07535  0.07262  0.50   31764    2307   30611   253428   7.98
  1947          71     0.08194  0.07872  0.50   29458    2319   28298   222817   7.56
  1947          72     0.08885  0.08507  0.50   27139    2309   25985   194518   7.17
  1947          73     0.09580  0.09142  0.50   24830    2270   23695   168533   6.79
  1947          74     0.10270  0.09768  0.50   22560    2204   21458   144838   6.42
  1947          75     0.10971  0.10401  0.50   20357    2117   19298   123380   6.06
  1947          76     0.11765  0.11112  0.50   18239    2027   17226   104082   5.71
  1947          77     0.12704  0.11946  0.50   16213    1937   15244    86856   5.36
  1947          78     0.13822  0.12928  0.50   14276    1846   13353    71611   5.02
  1947          79     0.15126  0.14062  0.50   12430    1748   11556    58258   4.69
  1947          80     0.16619  0.15344  0.50   10682    1639    9863    46702   4.37
  1947          81     0.18306  0.16771  0.50    9043    1517    8285    36839   4.07
  1947          82     0.20186  0.18336  0.50    7527    1380    6837    28554   3.79
  1947          83     0.22243  0.20017  0.50    6147    1230    5531    21718   3.53
  1947          84     0.24463  0.21797  0.50    4916    1072    4380    16186   3.29
  1947          85     0.26833  0.23659  0.50    3845     910    3390    11806   3.07
  1947          86     0.29342  0.25588  0.50    2935     751    2560     8416   2.87
  1947          87     0.31979  0.27571  0.50    2184     602    1883     5857   2.68
  1947          88     0.34732  0.29593  0.50    1582     468    1348     3974   2.51
  1947          89     0.37586  0.31640  0.50    1114     352     938     2626   2.36
  1947          90     0.40526  0.33698  0.50     761     257     633     1688   2.22
  1947          91     0.43534  0.35752  0.50     505     180     415     1055   2.09
  1947          92     0.46588  0.37786  0.50     324     123     263      641   1.98
  1947          93     0.49668  0.39787  0.50     202      80     162      378   1.87
  1947          94     0.52750  0.41741  0.50     121      51      96      216   1.78
  1947          95     0.55812  0.43635  0.50      71      31      55      120   1.69
  1947          96     0.58831  0.45459  0.50      40      18      31       65   1.62
  1947          97     0.61786  0.47203  0.50      22      10      17       34   1.55
  1947          98     0.64657  0.48861  0.50      11       6       9       17   1.49
  1947          99     0.67426  0.50426  0.50       6       3       4        8   1.44
  1947         100     0.70077  0.51894  0.50       3       2       2        4   1.39
  1947         101     0.72598  0.53264  0.50       1       1       1        2   1.34
  1947         102     0.74979  0.54534  0.50       1       0       0        1   1.31
  1947         103     0.77212  0.55706  0.50       0       0       0        0   1.27
  1947         104     0.79295  0.56782  0.50       0       0       0        0   1.24
  1947         105     0.81231  0.57768  0.50       0       0       0        0   1.21
  1947         106     0.83031  0.58673  0.50       0       0       0        0   1.19
  1947         107     0.84708  0.59505  0.50       0       0       0        0   1.17
  1947         108     0.86292  0.60283  0.50       0       0       0        0   1.15
  1947         109     0.87814  0.61021  0.50       0       0       0        0   1.13
  1947         110+    0.89647  1.00000  1.12       0       0       0        0   1.12
  1948           0     0.07761  0.07336  0.25  100000    7336   94522  5529930  55.30
  1948           1     0.01593  0.01580  0.50   92664    1464   91932  5435407  58.66
  1948           2     0.01278  0.01270  0.50   91200    1158   90621  5343475  58.59
  1948           3     0.00986  0.00981  0.50   90042     883   89600  5252854  58.34
  1948           4     0.00731  0.00728  0.50   89159     649   88834  5163254  57.91
  1948           5     0.00524  0.00523  0.50   88510     463   88278  5074419  57.33
  1948           6     0.00367  0.00366  0.50   88047     322   87886  4986141  56.63
  1948           7     0.00255  0.00255  0.50   87725     223   87613  4898256  55.84
  1948           8     0.00181  0.00181  0.50   87501     158   87422  4810643  54.98
  1948           9     0.00138  0.00138  0.50   87343     120   87283  4723221  54.08
  1948          10     0.00118  0.00118  0.50   87222     103   87171  4635938  53.15
  1948          11     0.00118  0.00118  0.50   87119     103   87068  4548767  52.21
  1948          12     0.00132  0.00132  0.50   87016     115   86959  4461700  51.27
  1948          13     0.00159  0.00159  0.50   86901     138   86832  4374741  50.34
  1948          14     0.00198  0.00198  0.50   86763     172   86677  4287908  49.42
  1948          15     0.00248  0.00248  0.50   86591     214   86484  4201231  48.52
  1948          16     0.00306  0.00306  0.50   86377     264   86245  4114747  47.64
  1948          17     0.00372  0.00371  0.50   86113     320   85953  4028503  46.78
  1948          18     0.00444  0.00443  0.50   85793     380   85603  3942550  45.95
  1948          19     0.00521  0.00520  0.50   85413     444   85191  3856947  45.16
  1948          20     0.00601  0.00599  0.50   84969     509   84714  3771757  44.39
  1948          21     0.00674  0.00672  0.50   84460     568   84176  3687042  43.65
  1948          22     0.00736  0.00733  0.50   83892     615   83585  3602866  42.95
  1948          23     0.00780  0.00777  0.50   83277     647   82954  3519282  42.26
  1948          24     0.00805  0.00802  0.50   82630     663   82299  3436328  41.59
  1948          25     0.00820  0.00817  0.50   81967     669   81633  3354029  40.92
  1948          26     0.00828  0.00825  0.50   81298     671   80963  3272396  40.25
  1948          27     0.00833  0.00830  0.50   80627     669   80293  3191434  39.58
  1948          28     0.00833  0.00830  0.50   79958     663   79627  3111141  38.91
  1948          29     0.00825  0.00822  0.50   79295     652   78969  3031514  38.23
  1948          30     0.00810  0.00806  0.50   78643     634   78326  2952546  37.54
  1948          31     0.00790  0.00787  0.50   78009     614   77702  2874220  36.84
  1948          32     0.00772  0.00769  0.50   77395     595   77097  2796518  36.13
  1948          33     0.00757  0.00754  0.50   76799     579   76510  2719421  35.41
  1948          34     0.00745  0.00742  0.50   76220     566   75937  2642911  34.67
  1948          35     0.00736  0.00733  0.50   75654     554   75377  2566974  33.93
  1948          36     0.00729  0.00726  0.50   75100     546   74827  2491597  33.18
  1948          37     0.00726  0.00723  0.50   74554     539   74285  2416770  32.42
  1948          38     0.00726  0.00724  0.50   74015     536   73747  2342485  31.65
  1948          39     0.00732  0.00729  0.50   73480     536   73212  2268738  30.88
  1948          40     0.00743  0.00740  0.50   72944     540   72674  2195526  30.10
  1948          41     0.00761  0.00758  0.50   72404     549   72129  2122852  29.32
  1948          42     0.00784  0.00781  0.50   71855     561   71574  2050723  28.54
  1948          43     0.00815  0.00811  0.50   71294     578   71005  1979149  27.76
  1948          44     0.00853  0.00849  0.50   70715     601   70415  1908144  26.98
  1948          45     0.00901  0.00897  0.50   70115     629   69800  1837729  26.21
  1948          46     0.00957  0.00953  0.50   69486     662   69155  1767929  25.44
  1948          47     0.01015  0.01010  0.50   68824     695   68476  1698774  24.68
  1948          48     0.01069  0.01063  0.50   68129     724   67766  1630298  23.93
  1948          49     0.01117  0.01111  0.50   67404     749   67030  1562532  23.18
  1948          50     0.01166  0.01159  0.50   66656     773   66269  1495502  22.44
  1948          51     0.01224  0.01217  0.50   65883     802   65482  1429232  21.69
  1948          52     0.01293  0.01285  0.50   65082     836   64664  1363750  20.95
  1948          53     0.01372  0.01363  0.50   64246     876   63808  1299086  20.22
  1948          54     0.01461  0.01451  0.50   63370     919   62910  1235278  19.49
  1948          55     0.01562  0.01550  0.50   62450     968   61967  1172368  18.77
  1948          56     0.01678  0.01664  0.50   61483    1023   60971  1110402  18.06
  1948          57     0.01817  0.01801  0.50   60459    1089   59915  1049431  17.36
  1948          58     0.01985  0.01966  0.50   59371    1167   58787   989516  16.67
  1948          59     0.02179  0.02155  0.50   58204    1254   57577   930728  15.99
  1948          60     0.02389  0.02361  0.50   56949    1345   56277   873152  15.33
  1948          61     0.02610  0.02576  0.50   55605    1432   54888   816875  14.69
  1948          62     0.02839  0.02800  0.50   54172    1517   53414   761986  14.07
  1948          63     0.03080  0.03033  0.50   52656    1597   51857   708572  13.46
  1948          64     0.03337  0.03282  0.50   51058    1676   50221   656715  12.86
  1948          65     0.03617  0.03553  0.50   49383    1755   48505   606495  12.28
  1948          66     0.03937  0.03861  0.50   47628    1839   46709   557989  11.72
  1948          67     0.04292  0.04202  0.50   45789    1924   44827   511281  11.17
  1948          68     0.04673  0.04567  0.50   43865    2003   42864   466454  10.63
  1948          69     0.05078  0.04952  0.50   41862    2073   40825   423590  10.12
  1948          70     0.05501  0.05354  0.50   39789    2130   38724   382765   9.62
  1948          71     0.05942  0.05771  0.50   37659    2173   36572   344041   9.14
  1948          72     0.06423  0.06223  0.50   35486    2208   34381   307469   8.66
  1948          73     0.06967  0.06732  0.50   33277    2240   32157   273087   8.21
  1948          74     0.07573  0.07297  0.50   31037    2265   29905   240930   7.76
  1948          75     0.08233  0.07907  0.50   28772    2275   27635   211025   7.33
  1948          76     0.08925  0.08544  0.50   26497    2264   25365   183391   6.92
  1948          77     0.09683  0.09236  0.50   24233    2238   23114   158025   6.52
  1948          78     0.10544  0.10016  0.50   21995    2203   20894   134911   6.13
  1948          79     0.11516  0.10889  0.50   19792    2155   18714   114018   5.76
  1948          80     0.12599  0.11853  0.50   17637    2090   16592    95303   5.40
  1948          81     0.13804  0.12913  0.50   15546    2008   14543    78712   5.06
  1948          82     0.15142  0.14077  0.50   13539    1906   12586    64169   4.74
  1948          83     0.16618  0.15343  0.50   11633    1785   10741    51583   4.43
  1948          84     0.18230  0.16707  0.50    9848    1645    9026    40842   4.15
  1948          85     0.19979  0.18164  0.50    8203    1490    7458    31817   3.88
  1948          86     0.21860  0.19706  0.50    6713    1323    6051    24359   3.63
  1948          87     0.23871  0.21326  0.50    5390    1149    4815    18308   3.40
  1948          88     0.26007  0.23014  0.50    4241     976    3753    13492   3.18
  1948          89     0.28262  0.24763  0.50    3265     808    2860     9740   2.98
  1948          90     0.30631  0.26562  0.50    2456     652    2130     6879   2.80
  1948          91     0.33103  0.28402  0.50    1804     512    1548     4749   2.63
  1948          92     0.35670  0.30271  0.50    1291     391    1096     3202   2.48
  1948          93     0.38319  0.32158  0.50     901     290     756     2106   2.34
  1948          94     0.41038  0.34051  0.50     611     208     507     1350   2.21
  1948          95     0.43811  0.35938  0.50     403     145     331      843   2.09
  1948          96     0.46621  0.37808  0.50     258      98     209      512   1.99
  1948          97     0.49450  0.39647  0.50     161      64     129      303   1.89
  1948          98     0.52281  0.41447  0.50      97      40      77      174   1.80
  1948          99     0.55094  0.43195  0.50      57      25      44       98   1.72
  1948         100     0.57870  0.44883  0.50      32      14      25       53   1.65
  1948         101     0.60593  0.46504  0.50      18       8      14       28   1.58
  1948         102     0.63246  0.48051  0.50      10       5       7       14   1.52
  1948         103     0.65818  0.49521  0.50       5       2       4        7   1.47
  1948         104     0.68300  0.50913  0.50       2       1       2        4   1.42
  1948         105     0.70687  0.52228  0.50       1       1       1        2   1.38
  1948         106     0.72986  0.53472  0.50       1       0       0        1   1.34
  1948         107     0.75203  0.54653  0.50       0       0       0        0   1.30
  1948         108     0.77358  0.55782  0.50       0       0       0        0   1.27
  1948         109     0.79471  0.56872  0.50       0       0       0        0   1.24
  1948         110+    0.82240  1.00000  1.22       0       0       0        0   1.22
  1949           0     0.07635  0.07221  0.25  100000    7221   94584  5653903  56.54
  1949           1     0.01561  0.01549  0.50   92779    1437   92060  5559319  59.92
  1949           2     0.01278  0.01269  0.50   91341    1160   90762  5467259  59.86
  1949           3     0.01010  0.01005  0.50   90182     906   89729  5376497  59.62
  1949           4     0.00771  0.00768  0.50   89276     686   88933  5286769  59.22
  1949           5     0.00570  0.00568  0.50   88590     503   88338  5197836  58.67
  1949           6     0.00408  0.00407  0.50   88087     359   87907  5109498  58.01
  1949           7     0.00287  0.00286  0.50   87728     251   87602  5021590  57.24
  1949           8     0.00201  0.00201  0.50   87477     175   87389  4933988  56.40
  1949           9     0.00145  0.00145  0.50   87301     126   87238  4846599  55.52
  1949          10     0.00114  0.00114  0.50   87175      99   87125  4759361  54.60
  1949          11     0.00104  0.00104  0.50   87076      90   87031  4672235  53.66
  1949          12     0.00111  0.00111  0.50   86986      96   86938  4585205  52.71
  1949          13     0.00132  0.00132  0.50   86889     115   86832  4498267  51.77
  1949          14     0.00167  0.00166  0.50   86775     144   86702  4411435  50.84
  1949          15     0.00212  0.00211  0.50   86630     183   86539  4324733  49.92
  1949          16     0.00263  0.00263  0.50   86447     227   86334  4238194  49.03
  1949          17     0.00317  0.00317  0.50   86220     273   86084  4151860  48.15
  1949          18     0.00371  0.00371  0.50   85947     318   85788  4065777  47.31
  1949          19     0.00425  0.00424  0.50   85629     363   85447  3979989  46.48
  1949          20     0.00478  0.00477  0.50   85266     407   85062  3894542  45.68
  1949          21     0.00530  0.00528  0.50   84859     448   84635  3809479  44.89
  1949          22     0.00576  0.00575  0.50   84411     485   84168  3724844  44.13
  1949          23     0.00616  0.00614  0.50   83926     515   83668  3640676  43.38
  1949          24     0.00645  0.00643  0.50   83411     537   83142  3557008  42.64
  1949          25     0.00665  0.00663  0.50   82874     549   82599  3473866  41.92
  1949          26     0.00677  0.00675  0.50   82325     555   82047  3391266  41.19
  1949          27     0.00682  0.00680  0.50   81769     556   81491  3309220  40.47
  1949          28     0.00682  0.00679  0.50   81213     552   80937  3227728  39.74
  1949          29     0.00675  0.00672  0.50   80661     542   80390  3146791  39.01
  1949          30     0.00664  0.00662  0.50   80119     530   79854  3066401  38.27
  1949          31     0.00652  0.00650  0.50   79589     518   79330  2986547  37.52
  1949          32     0.00643  0.00641  0.50   79071     507   78818  2907217  36.77
  1949          33     0.00635  0.00633  0.50   78564     498   78316  2828399  36.00
  1949          34     0.00628  0.00626  0.50   78067     489   77822  2750084  35.23
  1949          35     0.00623  0.00621  0.50   77578     481   77337  2672261  34.45
  1949          36     0.00618  0.00616  0.50   77096     475   76859  2594924  33.66
  1949          37     0.00614  0.00612  0.50   76622     469   76387  2518065  32.86
  1949          38     0.00614  0.00612  0.50   76153     466   75920  2441678  32.06
  1949          39     0.00622  0.00621  0.50   75687     470   75452  2365758  31.26
  1949          40     0.00640  0.00638  0.50   75217     480   74977  2290307  30.45
  1949          41     0.00667  0.00665  0.50   74737     497   74489  2215330  29.64
  1949          42     0.00701  0.00699  0.50   74240     519   73981  2140841  28.84
  1949          43     0.00740  0.00738  0.50   73721     544   73449  2066861  28.04
  1949          44     0.00781  0.00778  0.50   73177     570   72893  1993411  27.24
  1949          45     0.00822  0.00819  0.50   72608     595   72310  1920519  26.45
  1949          46     0.00862  0.00858  0.50   72013     618   71704  1848208  25.66
  1949          47     0.00899  0.00895  0.50   71395     639   71075  1776504  24.88
  1949          48     0.00936  0.00931  0.50   70756     659   70426  1705429  24.10
  1949          49     0.00972  0.00968  0.50   70097     678   69758  1635003  23.32
  1949          50     0.01012  0.01007  0.50   69418     699   69069  1565245  22.55
  1949          51     0.01058  0.01052  0.50   68719     723   68358  1496176  21.77
  1949          52     0.01116  0.01110  0.50   67996     755   67619  1427818  21.00
  1949          53     0.01193  0.01186  0.50   67242     797   66843  1360199  20.23
  1949          54     0.01288  0.01280  0.50   66445     851   66019  1293356  19.47
  1949          55     0.01400  0.01390  0.50   65594     912   65138  1227337  18.71
  1949          56     0.01526  0.01515  0.50   64682     980   64192  1162199  17.97
  1949          57     0.01671  0.01657  0.50   63702    1056   63175  1098006  17.24
  1949          58     0.01838  0.01821  0.50   62647    1141   62076  1034832  16.52
  1949          59     0.02023  0.02003  0.50   61506    1232   60890   972756  15.82
  1949          60     0.02222  0.02197  0.50   60274    1324   59612   911866  15.13
  1949          61     0.02434  0.02405  0.50   58950    1417   58241   852254  14.46
  1949          62     0.02663  0.02628  0.50   57532    1512   56776   794013  13.80
  1949          63     0.02916  0.02874  0.50   56020    1610   55215   737237  13.16
  1949          64     0.03190  0.03140  0.50   54410    1708   53556   682022  12.53
  1949          65     0.03487  0.03427  0.50   52702    1806   51799   628466  11.92
  1949          66     0.03812  0.03740  0.50   50896    1904   49944   576667  11.33
  1949          67     0.04161  0.04076  0.50   48992    1997   47994   526723  10.75
  1949          68     0.04532  0.04432  0.50   46995    2083   45954   478729  10.19
  1949          69     0.04942  0.04823  0.50   44912    2166   43829   432776   9.64
  1949          70     0.05412  0.05269  0.50   42746    2252   41620   388946   9.10
  1949          71     0.05956  0.05783  0.50   40494    2342   39323   347326   8.58
  1949          72     0.06586  0.06376  0.50   38152    2433   36936   308004   8.07
  1949          73     0.07311  0.07053  0.50   35719    2519   34460   271068   7.59
  1949          74     0.08129  0.07812  0.50   33200    2594   31903   236608   7.13
  1949          75     0.09043  0.08652  0.50   30606    2648   29282   204705   6.69
  1949          76     0.10072  0.09589  0.50   27958    2681   26618   175423   6.27
  1949          77     0.11215  0.10619  0.50   25277    2684   23935   148805   5.89
  1949          78     0.12462  0.11731  0.50   22593    2650   21268   124870   5.53
  1949          79     0.13785  0.12896  0.50   19943    2572   18657   103602   5.19
  1949          80     0.15157  0.14089  0.50   17371    2447   16147    84945   4.89
  1949          81     0.16560  0.15294  0.50   14924    2282   13782    68798   4.61
  1949          82     0.17987  0.16503  0.50   12641    2086   11598    55015   4.35
  1949          83     0.19442  0.17720  0.50   10555    1870    9620    43417   4.11
  1949          84     0.20936  0.18952  0.50    8685    1646    7862    33797   3.89
  1949          85     0.22479  0.20208  0.50    7039    1422    6328    25936   3.68
  1949          86     0.24080  0.21493  0.50    5616    1207    5013    19608   3.49
  1949          87     0.25747  0.22810  0.50    4409    1006    3906    14595   3.31
  1949          88     0.27482  0.24162  0.50    3403     822    2992    10689   3.14
  1949          89     0.29288  0.25547  0.50    2581     659    2251     7697   2.98
  1949          90     0.31163  0.26962  0.50    1922     518    1663     5445   2.83
  1949          91     0.33105  0.28403  0.50    1404     399    1204     3783   2.69
  1949          92     0.35108  0.29865  0.50    1005     300     855     2578   2.57
  1949          93     0.37167  0.31343  0.50     705     221     594     1723   2.45
  1949          94     0.39275  0.32829  0.50     484     159     404     1129   2.33
  1949          95     0.41425  0.34317  0.50     325     112     269      725   2.23
  1949          96     0.43608  0.35802  0.50     213      76     175      455   2.13
  1949          97     0.45816  0.37277  0.50     137      51     112      280   2.04
  1949          98     0.48039  0.38735  0.50      86      33      69      169   1.96
  1949          99     0.50268  0.40171  0.50      53      21      42       99   1.88
  1949         100     0.52493  0.41580  0.50      32      13      25       57   1.81
  1949         101     0.54706  0.42956  0.50      18       8      14       32   1.75
  1949         102     0.56896  0.44295  0.50      11       5       8       18   1.69
  1949         103     0.59058  0.45594  0.50       6       3       5       10   1.63
  1949         104     0.61183  0.46851  0.50       3       1       2        5   1.58
  1949         105     0.63270  0.48065  0.50       2       1       1        3   1.53
  1949         106     0.65317  0.49237  0.50       1       0       1        1   1.49
  1949         107     0.67327  0.50371  0.50       0       0       0        1   1.45
  1949         108     0.69308  0.51471  0.50       0       0       0        0   1.41
  1949         109     0.71269  0.52545  0.50       0       0       0        0   1.38
  1949         110+    0.74342  1.00000  1.35       0       0       0        0   1.35
  1950           0     0.06506  0.06192  0.22  100000    6192   95168  5831917  58.32
  1950           1     0.01449  0.01438  0.50   93808    1349   93134  5736749  61.15
  1950           2     0.01040  0.01035  0.50   92459     957   91981  5643615  61.04
  1950           3     0.00744  0.00741  0.50   91502     678   91163  5551635  60.67
  1950           4     0.00544  0.00542  0.50   90824     492   90578  5460471  60.12
  1950           5     0.00390  0.00390  0.50   90332     352   90156  5369893  59.45
  1950           6     0.00273  0.00273  0.50   89980     245   89857  5279738  58.68
  1950           7     0.00193  0.00192  0.50   89734     173   89648  5189881  57.84
  1950           8     0.00162  0.00161  0.50   89562     145   89490  5100232  56.95
  1950           9     0.00158  0.00158  0.50   89417     141   89347  5010743  56.04
  1950          10     0.00154  0.00154  0.50   89276     138   89207  4921396  55.13
  1950          11     0.00139  0.00139  0.50   89138     124   89076  4832189  54.21
  1950          12     0.00110  0.00110  0.50   89015      98   88966  4743113  53.28
  1950          13     0.00089  0.00088  0.50   88917      79   88878  4654147  52.34
  1950          14     0.00087  0.00087  0.50   88838      77   88799  4565269  51.39
  1950          15     0.00114  0.00114  0.50   88761     101   88710  4476470  50.43
  1950          16     0.00170  0.00169  0.50   88660     150   88585  4387760  49.49
  1950          17     0.00249  0.00249  0.50   88510     220   88400  4299175  48.57
  1950          18     0.00321  0.00321  0.50   88290     283   88148  4210775  47.69
  1950          19     0.00362  0.00361  0.50   88006     318   87847  4122627  46.84
  1950          20     0.00397  0.00396  0.50   87688     347   87515  4034779  46.01
  1950          21     0.00443  0.00442  0.50   87341     386   87148  3947265  45.19
  1950          22     0.00510  0.00508  0.50   86955     442   86734  3860116  44.39
  1950          23     0.00576  0.00574  0.50   86513     497   86264  3773383  43.62
  1950          24     0.00615  0.00613  0.50   86016     528   85752  3687118  42.87
  1950          25     0.00612  0.00610  0.50   85488     522   85228  3601366  42.13
  1950          26     0.00579  0.00578  0.50   84967     491   84721  3516138  41.38
  1950          27     0.00541  0.00539  0.50   84476     455   84248  3431417  40.62
  1950          28     0.00530  0.00529  0.50   84021     444   83798  3347168  39.84
  1950          29     0.00556  0.00554  0.50   83576     463   83345  3263370  39.05
  1950          30     0.00538  0.00537  0.50   83113     446   82890  3180025  38.26
  1950          31     0.00502  0.00501  0.50   82667     414   82460  3097135  37.47
  1950          32     0.00492  0.00491  0.50   82253     404   82051  3014676  36.65
  1950          33     0.00506  0.00505  0.50   81849     413   81643  2932624  35.83
  1950          34     0.00528  0.00526  0.50   81436     429   81222  2850982  35.01
  1950          35     0.00522  0.00521  0.50   81007     422   80796  2769760  34.19
  1950          36     0.00490  0.00488  0.50   80585     394   80389  2688964  33.37
  1950          37     0.00539  0.00538  0.50   80192     431   79976  2608575  32.53
  1950          38     0.00633  0.00631  0.50   79761     503   79509  2528599  31.70
  1950          39     0.00702  0.00700  0.50   79258     555   78980  2449090  30.90
  1950          40     0.00752  0.00750  0.50   78703     590   78408  2370110  30.11
  1950          41     0.00797  0.00794  0.50   78113     620   77803  2291702  29.34
  1950          42     0.00819  0.00816  0.50   77493     632   77177  2213899  28.57
  1950          43     0.00812  0.00809  0.50   76861     622   76550  2136722  27.80
  1950          44     0.00779  0.00776  0.50   76239     591   75943  2060172  27.02
  1950          45     0.00744  0.00742  0.50   75647     561   75367  1984229  26.23
  1950          46     0.00746  0.00743  0.50   75086     558   74807  1908862  25.42
  1950          47     0.00815  0.00811  0.50   74529     605   74226  1834055  24.61
  1950          48     0.00923  0.00918  0.50   73924     679   73584  1759829  23.81
  1950          49     0.01026  0.01021  0.50   73245     748   72871  1686245  23.02
  1950          50     0.01093  0.01087  0.50   72497     788   72103  1613374  22.25
  1950          51     0.01106  0.01100  0.50   71709     789   71315  1541271  21.49
  1950          52     0.01105  0.01099  0.50   70920     779   70531  1469956  20.73
  1950          53     0.01141  0.01134  0.50   70141     796   69743  1399426  19.95
  1950          54     0.01252  0.01244  0.50   69345     863   68914  1329682  19.17
  1950          55     0.01428  0.01418  0.50   68483     971   67997  1260768  18.41
  1950          56     0.01645  0.01631  0.50   67512    1101   66961  1192771  17.67
  1950          57     0.01852  0.01835  0.50   66410    1219   65801  1125810  16.95
  1950          58     0.01985  0.01965  0.50   65192    1281   64551  1060009  16.26
  1950          59     0.02003  0.01983  0.50   63910    1267   63277   995458  15.58
  1950          60     0.02076  0.02055  0.50   62643    1287   62000   932181  14.88
  1950          61     0.02357  0.02330  0.50   61356    1429   60641   870182  14.18
  1950          62     0.02696  0.02661  0.50   59927    1594   59130   809540  13.51
  1950          63     0.02943  0.02900  0.50   58332    1692   57486   750411  12.86
  1950          64     0.03238  0.03186  0.50   56641    1805   55738   692924  12.23
  1950          65     0.03676  0.03610  0.50   54836    1979   53846   637186  11.62
  1950          66     0.03993  0.03915  0.50   52857    2069   51822   583340  11.04
  1950          67     0.04284  0.04194  0.50   50787    2130   49722   531518  10.47
  1950          68     0.04724  0.04615  0.50   48657    2245   47535   481795   9.90
  1950          69     0.05332  0.05194  0.50   46412    2411   45207   434261   9.36
  1950          70     0.06021  0.05845  0.50   44001    2572   42716   389054   8.84
  1950          71     0.06545  0.06338  0.50   41430    2626   40117   346338   8.36
  1950          72     0.07041  0.06802  0.50   38804    2639   37484   306221   7.89
  1950          73     0.07720  0.07433  0.50   36165    2688   34820   268737   7.43
  1950          74     0.08655  0.08296  0.50   33476    2777   32088   233917   6.99
  1950          75     0.09733  0.09282  0.50   30699    2849   29275   201829   6.57
  1950          76     0.10454  0.09934  0.50   27850    2767   26467   172554   6.20
  1950          77     0.10988  0.10415  0.50   25083    2613   23777   146088   5.82
  1950          78     0.11698  0.11052  0.50   22471    2483   21229   122311   5.44
  1950          79     0.12886  0.12106  0.50   19987    2420   18777   101082   5.06
  1950          80     0.14696  0.13690  0.50   17568    2405   16365    82305   4.69
  1950          81     0.16719  0.15429  0.50   15163    2339   13993    65940   4.35
  1950          82     0.18570  0.16992  0.50   12823    2179   11734    51947   4.05
  1950          83     0.20455  0.18557  0.50   10644    1975    9657    40213   3.78
  1950          84     0.22467  0.20198  0.50    8669    1751    7793    30557   3.52
  1950          85     0.24626  0.21926  0.50    6918    1517    6160    22763   3.29
  1950          86     0.26928  0.23733  0.50    5401    1282    4760    16604   3.07
  1950          87     0.29366  0.25606  0.50    4119    1055    3592    11844   2.88
  1950          88     0.31928  0.27533  0.50    3064     844    2643     8252   2.69
  1950          89     0.34604  0.29500  0.50    2221     655    1893     5609   2.53
  1950          90     0.37380  0.31494  0.50    1566     493    1319     3716   2.37
  1950          91     0.40242  0.33501  0.50    1073     359     893     2397   2.23
  1950          92     0.43172  0.35507  0.50     713     253     587     1504   2.11
  1950          93     0.46150  0.37498  0.50     460     172     374      917   1.99
  1950          94     0.49156  0.39458  0.50     287     113     231      544   1.89
  1950          95     0.52169  0.41376  0.50     174      72     138      313   1.80
  1950          96     0.55165  0.43239  0.50     102      44      80      175   1.71
  1950          97     0.58125  0.45036  0.50      58      26      45       95   1.64
  1950          98     0.61027  0.46759  0.50      32      15      24       50   1.57
  1950          99     0.63853  0.48401  0.50      17       8      13       26   1.51
  1950         100     0.66587  0.49955  0.50       9       4       7       13   1.45
  1950         101     0.69213  0.51419  0.50       4       2       3        6   1.40
  1950         102     0.71721  0.52790  0.50       2       1       2        3   1.36
  1950         103     0.74101  0.54068  0.50       1       1       1        1   1.32
  1950         104     0.76347  0.55255  0.50       0       0       0        1   1.28
  1950         105     0.78455  0.56350  0.50       0       0       0        0   1.25
  1950         106     0.80422  0.57358  0.50       0       0       0        0   1.22
  1950         107     0.82246  0.58279  0.50       0       0       0        0   1.20
  1950         108     0.83929  0.59120  0.50       0       0       0        0   1.18
  1950         109     0.85487  0.59889  0.50       0       0       0        0   1.16
  1950         110+    0.87713  1.00000  1.14       0       0       0        0   1.14
  1951           0     0.06419  0.06112  0.22  100000    6112   95216  6008478  60.08
  1951           1     0.01081  0.01075  0.50   93888    1010   93383  5913262  62.98
  1951           2     0.00968  0.00963  0.50   92878     895   92431  5819879  62.66
  1951           3     0.00743  0.00740  0.50   91983     681   91643  5727449  62.27
  1951           4     0.00488  0.00487  0.50   91302     444   91080  5635806  61.73
  1951           5     0.00319  0.00319  0.50   90858     290   90713  5544726  61.03
  1951           6     0.00241  0.00240  0.50   90568     218   90460  5454012  60.22
  1951           7     0.00220  0.00219  0.50   90351     198   90252  5363553  59.36
  1951           8     0.00205  0.00205  0.50   90152     185   90060  5273301  58.49
  1951           9     0.00180  0.00180  0.50   89968     162   89887  5183241  57.61
  1951          10     0.00145  0.00145  0.50   89806     130   89741  5093354  56.72
  1951          11     0.00114  0.00114  0.50   89676     102   89625  5003613  55.80
  1951          12     0.00100  0.00100  0.50   89574      89   89529  4913989  54.86
  1951          13     0.00095  0.00095  0.50   89484      85   89442  4824460  53.91
  1951          14     0.00102  0.00102  0.50   89399      91   89353  4735018  52.97
  1951          15     0.00125  0.00125  0.50   89307     112   89252  4645665  52.02
  1951          16     0.00159  0.00159  0.50   89196     142   89125  4556413  51.08
  1951          17     0.00197  0.00197  0.50   89054     175   88966  4467289  50.16
  1951          18     0.00241  0.00241  0.50   88879     214   88772  4378322  49.26
  1951          19     0.00287  0.00286  0.50   88665     254   88538  4289550  48.38
  1951          20     0.00313  0.00313  0.50   88411     276   88272  4201013  47.52
  1951          21     0.00334  0.00333  0.50   88134     293   87988  4112740  46.66
  1951          22     0.00365  0.00364  0.50   87841     320   87681  4024753  45.82
  1951          23     0.00393  0.00392  0.50   87521     343   87350  3937072  44.98
  1951          24     0.00404  0.00403  0.50   87178     352   87002  3849722  44.16
  1951          25     0.00412  0.00411  0.50   86827     357   86648  3762720  43.34
  1951          26     0.00416  0.00416  0.50   86470     359   86290  3676072  42.51
  1951          27     0.00418  0.00417  0.50   86111     359   85931  3589781  41.69
  1951          28     0.00435  0.00434  0.50   85751     372   85565  3503851  40.86
  1951          29     0.00471  0.00470  0.50   85379     401   85179  3418285  40.04
  1951          30     0.00478  0.00477  0.50   84978     406   84775  3333107  39.22
  1951          31     0.00471  0.00469  0.50   84572     397   84374  3248332  38.41
  1951          32     0.00471  0.00470  0.50   84175     395   83978  3163958  37.59
  1951          33     0.00472  0.00471  0.50   83780     394   83583  3079980  36.76
  1951          34     0.00464  0.00463  0.50   83386     386   83193  2996397  35.93
  1951          35     0.00460  0.00459  0.50   83000     381   82809  2913204  35.10
  1951          36     0.00473  0.00472  0.50   82619     390   82424  2830395  34.26
  1951          37     0.00495  0.00494  0.50   82229     406   82026  2747971  33.42
  1951          38     0.00522  0.00520  0.50   81823     426   81610  2665945  32.58
  1951          39     0.00549  0.00548  0.50   81397     446   81174  2584335  31.75
  1951          40     0.00577  0.00575  0.50   80951     465   80718  2503161  30.92
  1951          41     0.00605  0.00603  0.50   80486     486   80243  2422443  30.10
  1951          42     0.00636  0.00634  0.50   80000     507   79747  2342200  29.28
  1951          43     0.00663  0.00661  0.50   79493     525   79231  2262453  28.46
  1951          44     0.00682  0.00680  0.50   78968     537   78699  2183223  27.65
  1951          45     0.00699  0.00697  0.50   78431     546   78158  2104523  26.83
  1951          46     0.00718  0.00716  0.50   77885     557   77606  2026365  26.02
  1951          47     0.00739  0.00737  0.50   77327     570   77043  1948759  25.20
  1951          48     0.00771  0.00768  0.50   76758     590   76463  1871717  24.38
  1951          49     0.00821  0.00818  0.50   76168     623   75856  1795254  23.57
  1951          50     0.00882  0.00878  0.50   75545     663   75213  1719398  22.76
  1951          51     0.00949  0.00945  0.50   74882     707   74528  1644185  21.96
  1951          52     0.01057  0.01052  0.50   74174     780   73784  1569657  21.16
  1951          53     0.01222  0.01215  0.50   73394     892   72948  1495873  20.38
  1951          54     0.01375  0.01365  0.50   72502     990   72007  1422925  19.63
  1951          55     0.01507  0.01496  0.50   71512    1070   70978  1350918  18.89
  1951          56     0.01632  0.01619  0.50   70443    1140   69873  1279940  18.17
  1951          57     0.01763  0.01747  0.50   69303    1211   68697  1210067  17.46
  1951          58     0.01895  0.01877  0.50   68092    1278   67453  1141370  16.76
  1951          59     0.01979  0.01959  0.50   66813    1309   66159  1073917  16.07
  1951          60     0.02062  0.02041  0.50   65504    1337   64836  1007758  15.38
  1951          61     0.02207  0.02183  0.50   64168    1401   63467   942922  14.69
  1951          62     0.02410  0.02381  0.50   62767    1495   62019   879455  14.01
  1951          63     0.02653  0.02618  0.50   61272    1604   60470   817436  13.34
  1951          64     0.02931  0.02889  0.50   59668    1724   58806   756966  12.69
  1951          65     0.03246  0.03194  0.50   57944    1851   57019   698160  12.05
  1951          66     0.03614  0.03550  0.50   56093    1991   55098   641142  11.43
  1951          67     0.04071  0.03989  0.50   54102    2158   53023   586044  10.83
  1951          68     0.04630  0.04525  0.50   51944    2351   50768   533021  10.26
  1951          69     0.05197  0.05066  0.50   49593    2512   48337   482253   9.72
  1951          70     0.05696  0.05539  0.50   47081    2608   45777   433916   9.22
  1951          71     0.06199  0.06013  0.50   44473    2674   43136   388139   8.73
  1951          72     0.06690  0.06473  0.50   41799    2706   40446   345002   8.25
  1951          73     0.07173  0.06925  0.50   39093    2707   37740   304556   7.79
  1951          74     0.07866  0.07568  0.50   36386    2754   35009   266816   7.33
  1951          75     0.08852  0.08477  0.50   33633    2851   32207   231807   6.89
  1951          76     0.09689  0.09241  0.50   30781    2845   29359   199600   6.48
  1951          77     0.10574  0.10043  0.50   27937    2806   26534   170240   6.09
  1951          78     0.11822  0.11163  0.50   25131    2805   23729   143706   5.72
  1951          79     0.13374  0.12536  0.50   22326    2799   20927   119978   5.37
  1951          80     0.15036  0.13985  0.50   19527    2731   18162    99051   5.07
  1951          81     0.16459  0.15208  0.50   16796    2554   15519    80889   4.82
  1951          82     0.17464  0.16062  0.50   14242    2288   13098    65370   4.59
  1951          83     0.18547  0.16973  0.50   11955    2029   10940    52272   4.37
  1951          84     0.19758  0.17982  0.50    9925    1785    9033    41332   4.16
  1951          85     0.21008  0.19011  0.50    8141    1548    7367    32299   3.97
  1951          86     0.22304  0.20066  0.50    6593    1323    5932    24932   3.78
  1951          87     0.23667  0.21163  0.50    5270    1115    4712    19000   3.61
  1951          88     0.25086  0.22290  0.50    4155     926    3692    14288   3.44
  1951          89     0.26557  0.23444  0.50    3229     757    2850    10596   3.28
  1951          90     0.28083  0.24625  0.50    2472     609    2167     7746   3.13
  1951          91     0.29662  0.25831  0.50    1863     481    1622     5578   2.99
  1951          92     0.31290  0.27057  0.50    1382     374    1195     3956   2.86
  1951          93     0.32966  0.28301  0.50    1008     285     865     2761   2.74
  1951          94     0.34687  0.29560  0.50     723     214     616     1896   2.62
  1951          95     0.36449  0.30830  0.50     509     157     431     1280   2.51
  1951          96     0.38247  0.32107  0.50     352     113     296      849   2.41
  1951          97     0.40079  0.33388  0.50     239      80     199      554   2.32
  1951          98     0.41938  0.34669  0.50     159      55     132      354   2.23
  1951          99     0.43821  0.35945  0.50     104      37      85      223   2.14
  1951         100     0.45722  0.37214  0.50      67      25      54      137   2.06
  1951         101     0.47635  0.38472  0.50      42      16      34       83   1.99
  1951         102     0.49555  0.39715  0.50      26      10      21       49   1.92
  1951         103     0.51477  0.40940  0.50      16       6      12       29   1.86
  1951         104     0.53394  0.42143  0.50       9       4       7       16   1.80
  1951         105     0.55301  0.43322  0.50       5       2       4        9   1.74
  1951         106     0.57193  0.44475  0.50       3       1       2        5   1.69
  1951         107     0.59065  0.45598  0.50       2       1       1        3   1.64
  1951         108     0.60909  0.46690  0.50       1       0       1        1   1.59
  1951         109     0.62720  0.47747  0.50       0       0       0        1   1.55
  1951         110+    0.66146  1.00000  1.51       0       0       0        0   1.51
  1952           0     0.05649  0.05406  0.20  100000    5406   95693  6181539  61.82
  1952           1     0.00834  0.00831  0.50   94594     786   94201  6085846  64.34
  1952           2     0.00699  0.00697  0.50   93808     654   93481  5991645  63.87
  1952           3     0.00567  0.00566  0.50   93155     527   92891  5898163  63.32
  1952           4     0.00441  0.00440  0.50   92628     407   92424  5805272  62.67
  1952           5     0.00324  0.00324  0.50   92220     299   92071  5712848  61.95
  1952           6     0.00232  0.00231  0.50   91922     213   91815  5620777  61.15
  1952           7     0.00172  0.00172  0.50   91709     158   91630  5528962  60.29
  1952           8     0.00138  0.00138  0.50   91551     126   91488  5437331  59.39
  1952           9     0.00119  0.00119  0.50   91425     109   91371  5345843  58.47
  1952          10     0.00108  0.00108  0.50   91316      99   91267  5254473  57.54
  1952          11     0.00102  0.00102  0.50   91217      93   91171  5163206  56.60
  1952          12     0.00099  0.00099  0.50   91124      90   91079  5072035  55.66
  1952          13     0.00100  0.00100  0.50   91035      91   90989  4980956  54.72
  1952          14     0.00109  0.00109  0.50   90944      99   90894  4889967  53.77
  1952          15     0.00128  0.00128  0.50   90845     116   90787  4799073  52.83
  1952          16     0.00157  0.00157  0.50   90729     142   90657  4708286  51.89
  1952          17     0.00195  0.00195  0.50   90586     176   90498  4617629  50.97
  1952          18     0.00236  0.00236  0.50   90410     213   90303  4527131  50.07
  1952          19     0.00274  0.00273  0.50   90197     247   90073  4436827  49.19
  1952          20     0.00303  0.00302  0.50   89950     272   89814  4346754  48.32
  1952          21     0.00324  0.00323  0.50   89678     290   89533  4256940  47.47
  1952          22     0.00339  0.00338  0.50   89388     302   89237  4167407  46.62
  1952          23     0.00349  0.00348  0.50   89086     310   88931  4078170  45.78
  1952          24     0.00354  0.00353  0.50   88776     314   88619  3989238  44.94
  1952          25     0.00354  0.00353  0.50   88463     313   88306  3900619  44.09
  1952          26     0.00352  0.00352  0.50   88150     310   87995  3812313  43.25
  1952          27     0.00353  0.00352  0.50   87840     309   87685  3724318  42.40
  1952          28     0.00355  0.00354  0.50   87531     310   87375  3636632  41.55
  1952          29     0.00358  0.00357  0.50   87220     312   87064  3549257  40.69
  1952          30     0.00360  0.00359  0.50   86909     312   86753  3462192  39.84
  1952          31     0.00359  0.00359  0.50   86597     311   86441  3375440  38.98
  1952          32     0.00358  0.00358  0.50   86286     309   86132  3288998  38.12
  1952          33     0.00358  0.00358  0.50   85977     308   85823  3202867  37.25
  1952          34     0.00361  0.00360  0.50   85670     309   85515  3117043  36.38
  1952          35     0.00368  0.00368  0.50   85361     314   85204  3031528  35.51
  1952          36     0.00382  0.00381  0.50   85047     324   84885  2946324  34.64
  1952          37     0.00401  0.00401  0.50   84723     339   84553  2861439  33.77
  1952          38     0.00428  0.00427  0.50   84383     360   84203  2776886  32.91
  1952          39     0.00462  0.00461  0.50   84023     387   83830  2692683  32.05
  1952          40     0.00495  0.00494  0.50   83636     413   83430  2608853  31.19
  1952          41     0.00520  0.00519  0.50   83223     432   83007  2525424  30.35
  1952          42     0.00536  0.00535  0.50   82792     443   82570  2442416  29.50
  1952          43     0.00544  0.00543  0.50   82349     447   82126  2359846  28.66
  1952          44     0.00547  0.00545  0.50   81902     447   81679  2277720  27.81
  1952          45     0.00551  0.00549  0.50   81456     447   81232  2196041  26.96
  1952          46     0.00565  0.00564  0.50   81008     457   80780  2114809  26.11
  1952          47     0.00600  0.00598  0.50   80552     482   80311  2034029  25.25
  1952          48     0.00658  0.00655  0.50   80070     525   79807  1953719  24.40
  1952          49     0.00736  0.00733  0.50   79545     583   79253  1873911  23.56
  1952          50     0.00828  0.00824  0.50   78962     651   78636  1794658  22.73
  1952          51     0.00927  0.00923  0.50   78311     722   77950  1716022  21.91
  1952          52     0.01028  0.01023  0.50   77589     793   77192  1638072  21.11
  1952          53     0.01127  0.01121  0.50   76795     861   76365  1560880  20.33
  1952          54     0.01224  0.01216  0.50   75934     924   75473  1484515  19.55
  1952          55     0.01327  0.01318  0.50   75011     989   74516  1409042  18.78
  1952          56     0.01449  0.01438  0.50   74022    1065   73489  1334526  18.03
  1952          57     0.01602  0.01590  0.50   72957    1160   72377  1261037  17.28
  1952          58     0.01793  0.01777  0.50   71797    1276   71159  1188659  16.56
  1952          59     0.01997  0.01977  0.50   70521    1394   69824  1117500  15.85
  1952          60     0.02210  0.02186  0.50   69127    1511   68371  1047676  15.16
  1952          61     0.02437  0.02408  0.50   67616    1628   66802   979304  14.48
  1952          62     0.02680  0.02644  0.50   65988    1745   65115   912503  13.83
  1952          63     0.02936  0.02894  0.50   64243    1859   63313   847387  13.19
  1952          64     0.03197  0.03147  0.50   62384    1963   61402   784074  12.57
  1952          65     0.03462  0.03403  0.50   60421    2056   59393   722672  11.96
  1952          66     0.03762  0.03692  0.50   58365    2155   57287   663279  11.36
  1952          67     0.04119  0.04036  0.50   56210    2268   55076   605992  10.78
  1952          68     0.04542  0.04442  0.50   53941    2396   52743   550916  10.21
  1952          69     0.05013  0.04891  0.50   51545    2521   50285   498173   9.66
  1952          70     0.05509  0.05361  0.50   49024    2628   47710   447888   9.14
  1952          71     0.06027  0.05851  0.50   46396    2714   45039   400177   8.63
  1952          72     0.06597  0.06386  0.50   43682    2790   42287   355138   8.13
  1952          73     0.07255  0.07001  0.50   40892    2863   39461   312851   7.65
  1952          74     0.08037  0.07727  0.50   38029    2938   36560   273391   7.19
  1952          75     0.08961  0.08576  0.50   35091    3010   33586   236831   6.75
  1952          76     0.09969  0.09496  0.50   32081    3046   30558   203244   6.34
  1952          77     0.11027  0.10451  0.50   29035    3034   27518   172686   5.95
  1952          78     0.12117  0.11425  0.50   26001    2971   24515   145168   5.58
  1952          79     0.13257  0.12433  0.50   23030    2863   21598   120653   5.24
  1952          80     0.14477  0.13500  0.50   20167    2722   18806    99055   4.91
  1952          81     0.15826  0.14666  0.50   17444    2558   16165    80249   4.60
  1952          82     0.17344  0.15960  0.50   14886    2376   13698    64084   4.30
  1952          83     0.19012  0.17362  0.50   12510    2172   11424    50386   4.03
  1952          84     0.20814  0.18852  0.50   10338    1949    9364    38962   3.77
  1952          85     0.22742  0.20420  0.50    8389    1713    7533    29598   3.53
  1952          86     0.24790  0.22056  0.50    6676    1472    5940    22065   3.31
  1952          87     0.26955  0.23754  0.50    5204    1236    4586    16126   3.10
  1952          88     0.29234  0.25506  0.50    3968    1012    3462    11540   2.91
  1952          89     0.31622  0.27305  0.50    2956     807    2552     8078   2.73
  1952          90     0.34111  0.29141  0.50    2149     626    1836     5526   2.57
  1952          91     0.36690  0.31003  0.50    1522     472    1286     3691   2.42
  1952          92     0.39348  0.32879  0.50    1050     345     878     2404   2.29
  1952          93     0.42071  0.34759  0.50     705     245     583     1527   2.17
  1952          94     0.44842  0.36629  0.50     460     168     376      944   2.05
  1952          95     0.47646  0.38479  0.50     292     112     235      568   1.95
  1952          96     0.50465  0.40297  0.50     179      72     143      333   1.86
  1952          97     0.53281  0.42072  0.50     107      45      85      190   1.77
  1952          98     0.56076  0.43796  0.50      62      27      48      105   1.69
  1952          99     0.58833  0.45460  0.50      35      16      27       57   1.62
  1952         100     0.61536  0.47057  0.50      19       9      15       30   1.56
  1952         101     0.64170  0.48583  0.50      10       5       8       15   1.50
  1952         102     0.66722  0.50031  0.50       5       3       4        8   1.45
  1952         103     0.69179  0.51400  0.50       3       1       2        4   1.41
  1952         104     0.71530  0.52687  0.50       1       1       1        2   1.36
  1952         105     0.73768  0.53891  0.50       1       0       0        1   1.33
  1952         106     0.75883  0.55011  0.50       0       0       0        0   1.29
  1952         107     0.77873  0.56050  0.50       0       0       0        0   1.26
  1952         108     0.79750  0.57015  0.50       0       0       0        0   1.24
  1952         109     0.81533  0.57921  0.50       0       0       0        0   1.21
  1952         110+    0.84151  1.00000  1.19       0       0       0        0   1.19
  1953           0     0.05458  0.05230  0.20  100000    5230   95821  6200370  62.00
  1953           1     0.00912  0.00908  0.50   94770     861   94340  6104549  64.41
  1953           2     0.00685  0.00682  0.50   93909     641   93589  6010209  64.00
  1953           3     0.00528  0.00526  0.50   93269     491   93023  5916620  63.44
  1953           4     0.00414  0.00413  0.50   92778     383   92586  5823596  62.77
  1953           5     0.00300  0.00300  0.50   92395     277   92256  5731010  62.03
  1953           6     0.00210  0.00210  0.50   92118     193   92021  5638754  61.21
  1953           7     0.00167  0.00166  0.50   91924     153   91848  5546733  60.34
  1953           8     0.00139  0.00139  0.50   91771     127   91708  5454885  59.44
  1953           9     0.00116  0.00116  0.50   91644     106   91591  5363177  58.52
  1953          10     0.00097  0.00097  0.50   91538      88   91494  5271586  57.59
  1953          11     0.00082  0.00081  0.50   91449      75   91412  5180093  56.64
  1953          12     0.00074  0.00073  0.50   91375      67   91341  5088681  55.69
  1953          13     0.00078  0.00078  0.50   91308      71   91272  4997340  54.73
  1953          14     0.00090  0.00090  0.50   91237      82   91196  4906067  53.77
  1953          15     0.00106  0.00106  0.50   91155      96   91107  4814872  52.82
  1953          16     0.00132  0.00132  0.50   91058     120   90998  4723765  51.88
  1953          17     0.00173  0.00173  0.50   90938     157   90860  4632767  50.94
  1953          18     0.00212  0.00212  0.50   90781     192   90685  4541907  50.03
  1953          19     0.00236  0.00236  0.50   90589     214   90482  4451222  49.14
  1953          20     0.00256  0.00256  0.50   90375     231   90260  4360740  48.25
  1953          21     0.00271  0.00271  0.50   90144     244   90022  4270480  47.37
  1953          22     0.00280  0.00280  0.50   89900     252   89774  4180458  46.50
  1953          23     0.00291  0.00291  0.50   89648     261   89518  4090684  45.63
  1953          24     0.00311  0.00310  0.50   89387     277   89249  4001166  44.76
  1953          25     0.00331  0.00331  0.50   89110     295   88963  3911917  43.90
  1953          26     0.00350  0.00349  0.50   88815     310   88660  3822955  43.04
  1953          27     0.00366  0.00365  0.50   88505     323   88344  3734294  42.19
  1953          28     0.00376  0.00375  0.50   88182     331   88016  3645951  41.35
  1953          29     0.00374  0.00373  0.50   87851     328   87687  3557934  40.50
  1953          30     0.00353  0.00352  0.50   87523     308   87369  3470247  39.65
  1953          31     0.00329  0.00329  0.50   87215     287   87072  3382878  38.79
  1953          32     0.00321  0.00320  0.50   86929     279   86789  3295806  37.91
  1953          33     0.00326  0.00326  0.50   86650     282   86509  3209016  37.03
  1953          34     0.00338  0.00338  0.50   86368     292   86222  3122507  36.15
  1953          35     0.00353  0.00352  0.50   86076     303   85925  3036285  35.27
  1953          36     0.00369  0.00369  0.50   85773     316   85615  2950361  34.40
  1953          37     0.00390  0.00389  0.50   85457     333   85290  2864746  33.52
  1953          38     0.00415  0.00414  0.50   85124     352   84948  2779455  32.65
  1953          39     0.00441  0.00440  0.50   84772     373   84586  2694507  31.79
  1953          40     0.00470  0.00469  0.50   84399     396   84201  2609922  30.92
  1953          41     0.00498  0.00497  0.50   84004     417   83795  2525720  30.07
  1953          42     0.00510  0.00508  0.50   83586     425   83374  2441925  29.21
  1953          43     0.00538  0.00537  0.50   83161     446   82938  2358552  28.36
  1953          44     0.00612  0.00610  0.50   82715     505   82462  2275614  27.51
  1953          45     0.00686  0.00684  0.50   82210     562   81929  2193151  26.68
  1953          46     0.00724  0.00721  0.50   81648     589   81353  2111222  25.86
  1953          47     0.00776  0.00773  0.50   81059     627   80745  2029869  25.04
  1953          48     0.00827  0.00824  0.50   80432     662   80101  1949123  24.23
  1953          49     0.00851  0.00847  0.50   79769     676   79432  1869022  23.43
  1953          50     0.00880  0.00876  0.50   79094     693   78748  1789591  22.63
  1953          51     0.00947  0.00942  0.50   78401     739   78032  1710843  21.82
  1953          52     0.01026  0.01020  0.50   77662     792   77266  1632812  21.02
  1953          53     0.01105  0.01099  0.50   76870     845   76447  1555545  20.24
  1953          54     0.01255  0.01247  0.50   76025     948   75551  1479098  19.46
  1953          55     0.01416  0.01406  0.50   75077    1056   74549  1403547  18.69
  1953          56     0.01518  0.01507  0.50   74021    1115   73464  1328998  17.95
  1953          57     0.01618  0.01605  0.50   72906    1170   72321  1255534  17.22
  1953          58     0.01756  0.01741  0.50   71736    1249   71112  1183213  16.49
  1953          59     0.01830  0.01813  0.50   70487    1278   69848  1112102  15.78
  1953          60     0.01883  0.01866  0.50   69209    1291   68564  1042253  15.06
  1953          61     0.01996  0.01977  0.50   67918    1343   67247   973690  14.34
  1953          62     0.02201  0.02177  0.50   66576    1450   65851   906443  13.62
  1953          63     0.02512  0.02481  0.50   65126    1616   64318   840592  12.91
  1953          64     0.02926  0.02884  0.50   63510    1832   62594   776274  12.22
  1953          65     0.03399  0.03343  0.50   61679    2062   60648   713679  11.57
  1953          66     0.03810  0.03739  0.50   59617    2229   58503   653032  10.95
  1953          67     0.04219  0.04132  0.50   57388    2371   56202   594529  10.36
  1953          68     0.04705  0.04597  0.50   55017    2529   53752   538327   9.78
  1953          69     0.05195  0.05064  0.50   52488    2658   51159   484574   9.23
  1953          70     0.05640  0.05486  0.50   49830    2733   48463   433416   8.70
  1953          71     0.06195  0.06009  0.50   47096    2830   45681   384952   8.17
  1953          72     0.06891  0.06661  0.50   44267    2949   42792   339271   7.66
  1953          73     0.07703  0.07417  0.50   41318    3065   39785   296479   7.18
  1953          74     0.08557  0.08206  0.50   38253    3139   36684   256693   6.71
  1953          75     0.09532  0.09098  0.50   35114    3195   33517   220010   6.27
  1953          76     0.11075  0.10494  0.50   31919    3350   30245   186493   5.84
  1953          77     0.12698  0.11940  0.50   28570    3411   26864   156248   5.47
  1953          78     0.13851  0.12954  0.50   25159    3259   23529   129384   5.14
  1953          79     0.14836  0.13812  0.50   21900    3025   20387   105855   4.83
  1953          80     0.16076  0.14880  0.50   18875    2809   17471    85468   4.53
  1953          81     0.17617  0.16191  0.50   16066    2601   14766    67997   4.23
  1953          82     0.19390  0.17676  0.50   13465    2380   12275    53231   3.95
  1953          83     0.21273  0.19228  0.50   11085    2131   10019    40956   3.69
  1953          84     0.23266  0.20842  0.50    8954    1866    8021    30937   3.46
  1953          85     0.25396  0.22534  0.50    7087    1597    6289    22916   3.23
  1953          86     0.27652  0.24294  0.50    5490    1334    4823    16627   3.03
  1953          87     0.30024  0.26105  0.50    4157    1085    3614    11804   2.84
  1953          88     0.32509  0.27964  0.50    3071     859    2642     8190   2.67
  1953          89     0.35098  0.29858  0.50    2213     661    1882     5548   2.51
  1953          90     0.37776  0.31775  0.50    1552     493    1305     3665   2.36
  1953          91     0.40532  0.33702  0.50    1059     357     880     2360   2.23
  1953          92     0.43348  0.35626  0.50     702     250     577     1480   2.11
  1953          93     0.46208  0.37536  0.50     452     170     367      903   2.00
  1953          94     0.49093  0.39418  0.50     282     111     227      536   1.90
  1953          95     0.51985  0.41260  0.50     171      71     136      309   1.81
  1953          96     0.54863  0.43053  0.50     100      43      79      173   1.72
  1953          97     0.57708  0.44786  0.50      57      26      44       94   1.65
  1953          98     0.60504  0.46452  0.50      32      15      24       50   1.58
  1953          99     0.63233  0.48043  0.50      17       8      13       26   1.52
  1953         100     0.65879  0.49556  0.50       9       4       7       13   1.47
  1953         101     0.68430  0.50985  0.50       4       2       3        6   1.42
  1953         102     0.70874  0.52330  0.50       2       1       2        3   1.37
  1953         103     0.73204  0.53589  0.50       1       1       1        1   1.34
  1953         104     0.75412  0.54763  0.50       0       0       0        1   1.30
  1953         105     0.77493  0.55852  0.50       0       0       0        0   1.27
  1953         106     0.79446  0.56860  0.50       0       0       0        0   1.24
  1953         107     0.81274  0.57790  0.50       0       0       0        0   1.21
  1953         108     0.82969  0.58642  0.50       0       0       0        0   1.19
  1953         109     0.84534  0.59419  0.50       0       0       0        0   1.17
  1953         110+    0.86805  1.00000  1.15       0       0       0        0   1.15
  1954           0     0.05283  0.05069  0.20  100000    5069   95938  6336948  63.37
  1954           1     0.00783  0.00780  0.50   94931     740   94561  6241010  65.74
  1954           2     0.00613  0.00611  0.50   94191     575   93903  6146449  65.26
  1954           3     0.00468  0.00467  0.50   93615     437   93397  6052546  64.65
  1954           4     0.00354  0.00353  0.50   93178     329   93014  5959149  63.95
  1954           5     0.00269  0.00268  0.50   92849     249   92725  5866136  63.18
  1954           6     0.00207  0.00207  0.50   92600     192   92504  5773411  62.35
  1954           7     0.00163  0.00163  0.50   92408     151   92333  5680907  61.48
  1954           8     0.00130  0.00130  0.50   92258     120   92198  5588573  60.58
  1954           9     0.00105  0.00105  0.50   92138      97   92089  5496375  59.65
  1954          10     0.00087  0.00087  0.50   92041      80   92001  5404286  58.72
  1954          11     0.00074  0.00074  0.50   91961      68   91927  5312285  57.77
  1954          12     0.00066  0.00066  0.50   91892      60   91862  5220359  56.81
  1954          13     0.00063  0.00063  0.50   91832      58   91803  5128496  55.85
  1954          14     0.00069  0.00069  0.50   91774      64   91742  5036693  54.88
  1954          15     0.00087  0.00087  0.50   91710      80   91670  4944951  53.92
  1954          16     0.00116  0.00116  0.50   91630     106   91577  4853281  52.97
  1954          17     0.00154  0.00154  0.50   91524     141   91454  4761703  52.03
  1954          18     0.00197  0.00197  0.50   91383     180   91293  4670250  51.11
  1954          19     0.00241  0.00241  0.50   91203     220   91093  4578957  50.21
  1954          20     0.00277  0.00277  0.50   90983     252   90858  4487863  49.33
  1954          21     0.00304  0.00303  0.50   90732     275   90594  4397006  48.46
  1954          22     0.00320  0.00320  0.50   90456     289   90312  4306412  47.61
  1954          23     0.00329  0.00328  0.50   90167     296   90019  4216100  46.76
  1954          24     0.00333  0.00332  0.50   89871     299   89722  4126081  45.91
  1954          25     0.00335  0.00335  0.50   89572     300   89422  4036360  45.06
  1954          26     0.00336  0.00335  0.50   89273     299   89123  3946937  44.21
  1954          27     0.00335  0.00335  0.50   88973     298   88824  3857814  43.36
  1954          28     0.00334  0.00333  0.50   88675     295   88528  3768990  42.50
  1954          29     0.00333  0.00332  0.50   88380     294   88233  3680462  41.64
  1954          30     0.00330  0.00329  0.50   88086     290   87942  3592229  40.78
  1954          31     0.00325  0.00324  0.50   87797     285   87654  3504288  39.91
  1954          32     0.00319  0.00319  0.50   87512     279   87373  3416633  39.04
  1954          33     0.00315  0.00315  0.50   87233     275   87096  3329260  38.17
  1954          34     0.00315  0.00315  0.50   86958     274   86822  3242165  37.28
  1954          35     0.00319  0.00318  0.50   86685     276   86547  3155343  36.40
  1954          36     0.00327  0.00326  0.50   86409     282   86268  3068796  35.51
  1954          37     0.00337  0.00337  0.50   86127     290   85982  2982528  34.63
  1954          38     0.00351  0.00350  0.50   85837     301   85687  2896546  33.74
  1954          39     0.00368  0.00367  0.50   85537     314   85380  2810859  32.86
  1954          40     0.00387  0.00386  0.50   85223     329   85058  2725479  31.98
  1954          41     0.00406  0.00405  0.50   84894     344   84721  2640421  31.10
  1954          42     0.00423  0.00422  0.50   84549     357   84371  2555700  30.23
  1954          43     0.00437  0.00436  0.50   84193     367   84009  2471329  29.35
  1954          44     0.00451  0.00450  0.50   83826     377   83637  2387319  28.48
  1954          45     0.00473  0.00472  0.50   83449     394   83252  2303682  27.61
  1954          46     0.00511  0.00510  0.50   83055     424   82844  2220429  26.73
  1954          47     0.00569  0.00567  0.50   82632     469   82397  2137586  25.87
  1954          48     0.00641  0.00639  0.50   82163     525   81900  2055188  25.01
  1954          49     0.00720  0.00717  0.50   81638     586   81345  1973288  24.17
  1954          50     0.00802  0.00799  0.50   81052     647   80729  1891943  23.34
  1954          51     0.00885  0.00881  0.50   80405     708   80051  1811214  22.53
  1954          52     0.00972  0.00967  0.50   79697     771   79311  1731163  21.72
  1954          53     0.01063  0.01057  0.50   78926     835   78509  1651852  20.93
  1954          54     0.01149  0.01143  0.50   78091     892   77645  1573343  20.15
  1954          55     0.01248  0.01241  0.50   77199     958   76720  1495698  19.37
  1954          56     0.01379  0.01369  0.50   76241    1044   75719  1418978  18.61
  1954          57     0.01531  0.01519  0.50   75197    1143   74626  1343259  17.86
  1954          58     0.01693  0.01679  0.50   74055    1243   73433  1268632  17.13
  1954          59     0.01863  0.01845  0.50   72812    1344   72140  1195199  16.41
  1954          60     0.02045  0.02025  0.50   71468    1447   70744  1123059  15.71
  1954          61     0.02246  0.02221  0.50   70021    1555   69243  1052315  15.03
  1954          62     0.02459  0.02429  0.50   68466    1663   67634   983072  14.36
  1954          63     0.02679  0.02644  0.50   66802    1766   65919   915438  13.70
  1954          64     0.02918  0.02877  0.50   65036    1871   64101   849518  13.06
  1954          65     0.03190  0.03140  0.50   63166    1984   62174   785417  12.43
  1954          66     0.03496  0.03436  0.50   61182    2102   60131   723243  11.82
  1954          67     0.03836  0.03764  0.50   59080    2224   57968   663112  11.22
  1954          68     0.04219  0.04131  0.50   56857    2349   55682   605144  10.64
  1954          69     0.04673  0.04566  0.50   54508    2489   53263   549462  10.08
  1954          70     0.05212  0.05080  0.50   52019    2642   50698   496198   9.54
  1954          71     0.05776  0.05613  0.50   49376    2772   47991   445501   9.02
  1954          72     0.06324  0.06131  0.50   46605    2857   45176   397510   8.53
  1954          73     0.06838  0.06612  0.50   43748    2893   42301   352334   8.05
  1954          74     0.07324  0.07066  0.50   40855    2887   39412   310033   7.59
  1954          75     0.07823  0.07529  0.50   37968    2859   36539   270621   7.13
  1954          76     0.08456  0.08113  0.50   35110    2848   33686   234082   6.67
  1954          77     0.09328  0.08913  0.50   32261    2875   30824   200397   6.21
  1954          78     0.10502  0.09978  0.50   29386    2932   27920   169573   5.77
  1954          79     0.11911  0.11242  0.50   26454    2974   24967   141653   5.35
  1954          80     0.13467  0.12617  0.50   23480    2962   21999   116686   4.97
  1954          81     0.15126  0.14063  0.50   20518    2885   19075    94688   4.61
  1954          82     0.16871  0.15559  0.50   17632    2743   16261    75613   4.29
  1954          83     0.18732  0.17128  0.50   14889    2550   13614    59352   3.99
  1954          84     0.20732  0.18785  0.50   12339    2318   11180    45738   3.71
  1954          85     0.22886  0.20536  0.50   10021    2058    8992    34558   3.45
  1954          86     0.25195  0.22376  0.50    7963    1782    7072    25566   3.21
  1954          87     0.27657  0.24297  0.50    6181    1502    5430    18494   2.99
  1954          88     0.30262  0.26285  0.50    4679    1230    4064    13064   2.79
  1954          89     0.33001  0.28327  0.50    3449     977    2961     9000   2.61
  1954          90     0.35861  0.30409  0.50    2472     752    2096     6039   2.44
  1954          91     0.38824  0.32513  0.50    1720     559    1441     3942   2.29
  1954          92     0.41873  0.34624  0.50    1161     402     960     2502   2.15
  1954          93     0.44984  0.36724  0.50     759     279     620     1541   2.03
  1954          94     0.48135  0.38798  0.50     480     186     387      922   1.92
  1954          95     0.51301  0.40829  0.50     294     120     234      535   1.82
  1954          96     0.54457  0.42803  0.50     174      74     137      301   1.73
  1954          97     0.57577  0.44707  0.50      99      44      77      164   1.65
  1954          98     0.60638  0.46531  0.50      55      26      42       87   1.57
  1954          99     0.63618  0.48266  0.50      29      14      22       44   1.51
  1954         100     0.66497  0.49905  0.50      15       8      11       22   1.45
  1954         101     0.69259  0.51444  0.50       8       4       6       11   1.40
  1954         102     0.71890  0.52882  0.50       4       2       3        5   1.35
  1954         103     0.74379  0.54216  0.50       2       1       1        2   1.31
  1954         104     0.76719  0.55449  0.50       1       0       1        1   1.28
  1954         105     0.78903  0.56581  0.50       0       0       0        0   1.25
  1954         106     0.80929  0.57615  0.50       0       0       0        0   1.22
  1954         107     0.82795  0.58555  0.50       0       0       0        0   1.19
  1954         108     0.84516  0.59410  0.50       0       0       0        0   1.17
  1954         109     0.86118  0.60197  0.50       0       0       0        0   1.15
  1954         110+    0.88346  1.00000  1.13       0       0       0        0   1.13
  1955           0     0.04754  0.04578  0.19  100000    4578   96301  6473125  64.73
  1955           1     0.00585  0.00584  0.50   95422     557   95143  6376824  66.83
  1955           2     0.00459  0.00458  0.50   94865     435   94648  6281680  66.22
  1955           3     0.00349  0.00349  0.50   94430     329   94266  6187033  65.52
  1955           4     0.00263  0.00263  0.50   94101     247   93977  6092767  64.75
  1955           5     0.00204  0.00203  0.50   93853     191   93758  5998790  63.92
  1955           6     0.00164  0.00164  0.50   93663     153   93586  5905032  63.05
  1955           7     0.00136  0.00136  0.50   93509     127   93445  5811446  62.15
  1955           8     0.00115  0.00115  0.50   93382     108   93328  5718000  61.23
  1955           9     0.00099  0.00099  0.50   93274      92   93228  5624673  60.30
  1955          10     0.00085  0.00085  0.50   93182      79   93143  5531444  59.36
  1955          11     0.00074  0.00074  0.50   93103      69   93069  5438302  58.41
  1955          12     0.00066  0.00066  0.50   93034      62   93004  5345233  57.45
  1955          13     0.00063  0.00063  0.50   92973      58   92944  5252229  56.49
  1955          14     0.00066  0.00066  0.50   92915      61   92884  5159286  55.53
  1955          15     0.00078  0.00078  0.50   92854      72   92818  5066402  54.56
  1955          16     0.00100  0.00100  0.50   92782      93   92735  4973584  53.61
  1955          17     0.00133  0.00133  0.50   92689     124   92627  4880849  52.66
  1955          18     0.00173  0.00173  0.50   92565     160   92485  4788222  51.73
  1955          19     0.00215  0.00214  0.50   92405     198   92306  4695737  50.82
  1955          20     0.00250  0.00250  0.50   92207     230   92091  4603432  49.93
  1955          21     0.00276  0.00276  0.50   91976     254   91850  4511340  49.05
  1955          22     0.00290  0.00289  0.50   91723     266   91590  4419491  48.18
  1955          23     0.00293  0.00293  0.50   91457     268   91323  4327901  47.32
  1955          24     0.00289  0.00289  0.50   91189     263   91058  4236577  46.46
  1955          25     0.00282  0.00282  0.50   90926     256   90798  4145519  45.59
  1955          26     0.00275  0.00275  0.50   90670     249   90546  4054721  44.72
  1955          27     0.00270  0.00270  0.50   90421     244   90299  3964176  43.84
  1955          28     0.00270  0.00270  0.50   90177     243   90055  3873877  42.96
  1955          29     0.00275  0.00275  0.50   89934     247   89810  3783821  42.07
  1955          30     0.00284  0.00283  0.50   89686     254   89560  3694011  41.19
  1955          31     0.00293  0.00292  0.50   89433     261   89302  3604452  40.30
  1955          32     0.00301  0.00301  0.50   89171     268   89037  3515150  39.42
  1955          33     0.00306  0.00305  0.50   88903     272   88767  3426113  38.54
  1955          34     0.00304  0.00304  0.50   88631     269   88497  3337346  37.65
  1955          35     0.00299  0.00299  0.50   88362     264   88230  3248849  36.77
  1955          36     0.00294  0.00294  0.50   88098     259   87969  3160619  35.88
  1955          37     0.00295  0.00294  0.50   87839     258   87710  3072650  34.98
  1955          38     0.00302  0.00302  0.50   87581     264   87449  2984940  34.08
  1955          39     0.00319  0.00318  0.50   87317     278   87178  2897491  33.18
  1955          40     0.00343  0.00342  0.50   87039     298   86890  2810313  32.29
  1955          41     0.00375  0.00374  0.50   86741     324   86579  2723423  31.40
  1955          42     0.00413  0.00412  0.50   86417     356   86239  2636844  30.51
  1955          43     0.00456  0.00455  0.50   86061     391   85865  2550605  29.64
  1955          44     0.00501  0.00500  0.50   85669     428   85455  2464740  28.77
  1955          45     0.00550  0.00549  0.50   85241     468   85007  2379285  27.91
  1955          46     0.00603  0.00602  0.50   84773     510   84518  2294278  27.06
  1955          47     0.00657  0.00655  0.50   84263     552   83987  2209760  26.22
  1955          48     0.00708  0.00706  0.50   83711     591   83416  2125773  25.39
  1955          49     0.00755  0.00752  0.50   83121     625   82808  2042357  24.57
  1955          50     0.00801  0.00797  0.50   82495     658   82166  1959549  23.75
  1955          51     0.00849  0.00846  0.50   81838     692   81491  1877382  22.94
  1955          52     0.00906  0.00902  0.50   81145     732   80779  1795891  22.13
  1955          53     0.00974  0.00970  0.50   80413     780   80023  1715111  21.33
  1955          54     0.01052  0.01046  0.50   79634     833   79217  1635088  20.53
  1955          55     0.01143  0.01136  0.50   78800     895   78353  1555871  19.74
  1955          56     0.01253  0.01245  0.50   77905     970   77420  1477518  18.97
  1955          57     0.01386  0.01376  0.50   76935    1059   76405  1400098  18.20
  1955          58     0.01538  0.01526  0.50   75876    1158   75297  1323693  17.45
  1955          59     0.01692  0.01677  0.50   74718    1253   74092  1248396  16.71
  1955          60     0.01850  0.01833  0.50   73465    1347   72791  1174304  15.98
  1955          61     0.02021  0.02001  0.50   72118    1443   71396  1101513  15.27
  1955          62     0.02208  0.02183  0.50   70675    1543   69903  1030116  14.58
  1955          63     0.02411  0.02382  0.50   69132    1647   68308   960213  13.89
  1955          64     0.02637  0.02603  0.50   67485    1757   66606   891905  13.22
  1955          65     0.02895  0.02853  0.50   65728    1875   64791   825298  12.56
  1955          66     0.03195  0.03145  0.50   63853    2008   62849   760508  11.91
  1955          67     0.03541  0.03479  0.50   61845    2152   60769   697659  11.28
  1955          68     0.03936  0.03860  0.50   59693    2304   58541   636890  10.67
  1955          69     0.04405  0.04310  0.50   57389    2474   56152   578349  10.08
  1955          70     0.04970  0.04850  0.50   54915    2663   53584   522197   9.51
  1955          71     0.05615  0.05462  0.50   52252    2854   50825   468613   8.97
  1955          72     0.06322  0.06128  0.50   49398    3027   47885   417788   8.46
  1955          73     0.07068  0.06827  0.50   46371    3166   44788   369904   7.98
  1955          74     0.07825  0.07530  0.50   43205    3253   41579   325115   7.52
  1955          75     0.08571  0.08219  0.50   39952    3284   38310   283537   7.10
  1955          76     0.09339  0.08922  0.50   36668    3272   35033   245227   6.69
  1955          77     0.10180  0.09687  0.50   33397    3235   31779   210194   6.29
  1955          78     0.11134  0.10547  0.50   30162    3181   28571   178415   5.92
  1955          79     0.12190  0.11489  0.50   26981    3100   25431   149844   5.55
  1955          80     0.13331  0.12498  0.50   23881    2985   22388   124413   5.21
  1955          81     0.14588  0.13596  0.50   20896    2841   19476   102024   4.88
  1955          82     0.15991  0.14807  0.50   18055    2673   16718    82549   4.57
  1955          83     0.17534  0.16120  0.50   15382    2480   14142    65831   4.28
  1955          84     0.19205  0.17523  0.50   12902    2261   11772    51689   4.01
  1955          85     0.21001  0.19005  0.50   10641    2022    9630    39917   3.75
  1955          86     0.22917  0.20561  0.50    8619    1772    7733    30287   3.51
  1955          87     0.24950  0.22183  0.50    6847    1519    6087    22554   3.29
  1955          88     0.27098  0.23865  0.50    5328    1272    4692    16467   3.09
  1955          89     0.29358  0.25600  0.50    4056    1038    3537    11775   2.90
  1955          90     0.31724  0.27381  0.50    3018     826    2605     8238   2.73
  1955          91     0.34188  0.29197  0.50    2192     640    1872     5633   2.57
  1955          92     0.36741  0.31039  0.50    1552     482    1311     3761   2.42
  1955          93     0.39370  0.32895  0.50    1070     352     894     2450   2.29
  1955          94     0.42062  0.34753  0.50     718     250     593     1556   2.17
  1955          95     0.44802  0.36602  0.50     469     171     383      963   2.06
  1955          96     0.47573  0.38432  0.50     297     114     240      580   1.95
  1955          97     0.50360  0.40230  0.50     183      74     146      340   1.86
  1955          98     0.53145  0.41988  0.50     109      46      86      194   1.78
  1955          99     0.55910  0.43695  0.50      63      28      50      108   1.70
  1955         100     0.58640  0.45345  0.50      36      16      28       58   1.63
  1955         101     0.61317  0.46929  0.50      20       9      15       31   1.57
  1955         102     0.63928  0.48444  0.50      10       5       8       16   1.51
  1955         103     0.66458  0.49883  0.50       5       3       4        8   1.46
  1955         104     0.68895  0.51243  0.50       3       1       2        4   1.41
  1955         105     0.71228  0.52522  0.50       1       1       1        2   1.37
  1955         106     0.73447  0.53719  0.50       1       0       0        1   1.33
  1955         107     0.75550  0.54836  0.50       0       0       0        0   1.30
  1955         108     0.77548  0.55881  0.50       0       0       0        0   1.27
  1955         109     0.79464  0.56869  0.50       0       0       0        0   1.24
  1955         110+    0.82313  1.00000  1.21       0       0       0        0   1.21
  1956           0     0.05045  0.04848  0.20  100000    4848   96100  6430508  64.31
  1956           1     0.00570  0.00568  0.50   95152     541   94881  6334407  66.57
  1956           2     0.00421  0.00421  0.50   94611     398   94412  6239526  65.95
  1956           3     0.00327  0.00326  0.50   94213     307   94059  6145114  65.23
  1956           4     0.00269  0.00268  0.50   93906     252   93780  6051055  64.44
  1956           5     0.00217  0.00217  0.50   93654     203   93552  5957275  63.61
  1956           6     0.00171  0.00171  0.50   93450     160   93370  5863723  62.75
  1956           7     0.00134  0.00134  0.50   93290     125   93228  5770353  61.85
  1956           8     0.00111  0.00111  0.50   93165     103   93114  5677125  60.94
  1956           9     0.00096  0.00096  0.50   93062      89   93018  5584011  60.00
  1956          10     0.00085  0.00085  0.50   92973      79   92934  5490994  59.06
  1956          11     0.00076  0.00076  0.50   92894      71   92859  5398060  58.11
  1956          12     0.00070  0.00070  0.50   92823      65   92791  5305201  57.15
  1956          13     0.00069  0.00069  0.50   92759      64   92727  5212410  56.19
  1956          14     0.00075  0.00075  0.50   92695      69   92660  5119683  55.23
  1956          15     0.00089  0.00089  0.50   92626      82   92585  5027023  54.27
  1956          16     0.00111  0.00111  0.50   92544     103   92492  4934438  53.32
  1956          17     0.00142  0.00142  0.50   92441     131   92375  4841946  52.38
  1956          18     0.00180  0.00180  0.50   92310     166   92227  4749571  51.45
  1956          19     0.00219  0.00218  0.50   92144     201   92043  4657344  50.54
  1956          20     0.00249  0.00249  0.50   91942     229   91828  4565301  49.65
  1956          21     0.00269  0.00268  0.50   91714     246   91591  4473473  48.78
  1956          22     0.00278  0.00278  0.50   91468     254   91341  4381882  47.91
  1956          23     0.00281  0.00280  0.50   91214     256   91086  4290542  47.04
  1956          24     0.00279  0.00278  0.50   90958     253   90831  4199456  46.17
  1956          25     0.00272  0.00271  0.50   90705     246   90582  4108625  45.30
  1956          26     0.00266  0.00266  0.50   90459     240   90338  4018043  44.42
  1956          27     0.00267  0.00266  0.50   90218     240   90098  3927704  43.54
  1956          28     0.00270  0.00269  0.50   89978     242   89857  3837606  42.65
  1956          29     0.00269  0.00269  0.50   89736     241   89615  3747750  41.76
  1956          30     0.00263  0.00262  0.50   89494     235   89377  3658135  40.88
  1956          31     0.00258  0.00258  0.50   89259     230   89144  3568758  39.98
  1956          32     0.00263  0.00262  0.50   89029     234   88912  3479614  39.08
  1956          33     0.00272  0.00272  0.50   88796     242   88675  3390701  38.19
  1956          34     0.00281  0.00281  0.50   88554     249   88430  3302026  37.29
  1956          35     0.00289  0.00289  0.50   88305     255   88178  3213597  36.39
  1956          36     0.00296  0.00295  0.50   88050     260   87920  3125419  35.50
  1956          37     0.00300  0.00299  0.50   87790     263   87659  3037499  34.60
  1956          38     0.00305  0.00305  0.50   87528     267   87394  2949840  33.70
  1956          39     0.00317  0.00317  0.50   87261     277   87123  2862446  32.80
  1956          40     0.00336  0.00335  0.50   86984     292   86838  2775324  31.91
  1956          41     0.00360  0.00359  0.50   86693     311   86537  2688485  31.01
  1956          42     0.00393  0.00392  0.50   86381     339   86212  2601948  30.12
  1956          43     0.00440  0.00439  0.50   86043     378   85854  2515736  29.24
  1956          44     0.00502  0.00501  0.50   85665     429   85450  2429883  28.37
  1956          45     0.00568  0.00567  0.50   85235     483   84994  2344432  27.51
  1956          46     0.00627  0.00625  0.50   84752     530   84488  2259438  26.66
  1956          47     0.00677  0.00675  0.50   84223     569   83939  2174951  25.82
  1956          48     0.00723  0.00721  0.50   83654     603   83353  2091012  25.00
  1956          49     0.00769  0.00766  0.50   83051     636   82733  2007660  24.17
  1956          50     0.00817  0.00814  0.50   82415     671   82079  1924927  23.36
  1956          51     0.00872  0.00868  0.50   81744     710   81389  1842847  22.54
  1956          52     0.00941  0.00937  0.50   81034     759   80655  1761458  21.74
  1956          53     0.01032  0.01026  0.50   80275     824   79864  1680803  20.94
  1956          54     0.01140  0.01133  0.50   79452     900   79001  1600940  20.15
  1956          55     0.01262  0.01254  0.50   78551     985   78059  1521938  19.38
  1956          56     0.01401  0.01391  0.50   77566    1079   77026  1443880  18.61
  1956          57     0.01576  0.01564  0.50   76487    1196   75889  1366853  17.87
  1956          58     0.01783  0.01767  0.50   75291    1331   74625  1290964  17.15
  1956          59     0.01939  0.01921  0.50   73960    1421   73250  1216339  16.45
  1956          60     0.02059  0.02038  0.50   72539    1478   71800  1143089  15.76
  1956          61     0.02181  0.02157  0.50   71061    1533   70294  1071289  15.08
  1956          62     0.02315  0.02288  0.50   69528    1591   68732  1000995  14.40
  1956          63     0.02461  0.02432  0.50   67937    1652   67111   932262  13.72
  1956          64     0.02612  0.02578  0.50   66285    1709   65431   865151  13.05
  1956          65     0.02765  0.02727  0.50   64576    1761   63696   799721  12.38
  1956          66     0.02964  0.02921  0.50   62815    1835   61898   736025  11.72
  1956          67     0.03265  0.03212  0.50   60980    1959   60001   674127  11.05
  1956          68     0.03710  0.03643  0.50   59021    2150   57946   614126  10.41
  1956          69     0.04295  0.04205  0.50   56871    2391   55676   556180   9.78
  1956          70     0.05005  0.04883  0.50   54480    2660   53150   500504   9.19
  1956          71     0.05827  0.05662  0.50   51820    2934   50353   447354   8.63
  1956          72     0.06703  0.06486  0.50   48886    3171   47300   397001   8.12
  1956          73     0.07571  0.07295  0.50   45715    3335   44048   349701   7.65
  1956          74     0.08420  0.08080  0.50   42380    3424   40668   305653   7.21
  1956          75     0.09233  0.08826  0.50   38956    3438   37237   264985   6.80
  1956          76     0.09971  0.09497  0.50   35518    3373   33831   227748   6.41
  1956          77     0.10746  0.10198  0.50   32144    3278   30505   193917   6.03
  1956          78     0.11693  0.11047  0.50   28866    3189   27272   163412   5.66
  1956          79     0.12856  0.12080  0.50   25677    3102   24126   136140   5.30
  1956          80     0.14233  0.13288  0.50   22576    3000   21076   112014   4.96
  1956          81     0.15726  0.14580  0.50   19576    2854   18149    90938   4.65
  1956          82     0.17251  0.15881  0.50   16722    2656   15394    72789   4.35
  1956          83     0.18859  0.17234  0.50   14066    2424   12854    57395   4.08
  1956          84     0.20575  0.18656  0.50   11642    2172   10556    44541   3.83
  1956          85     0.22406  0.20149  0.50    9470    1908    8516    33985   3.59
  1956          86     0.24353  0.21709  0.50    7562    1642    6741    25469   3.37
  1956          87     0.26412  0.23331  0.50    5920    1381    5230    18728   3.16
  1956          88     0.28581  0.25007  0.50    4539    1135    3972    13498   2.97
  1956          89     0.30852  0.26729  0.50    3404     910    2949     9527   2.80
  1956          90     0.33220  0.28488  0.50    2494     711    2139     6578   2.64
  1956          91     0.35675  0.30275  0.50    1784     540    1514     4439   2.49
  1956          92     0.38208  0.32080  0.50    1244     399    1044     2925   2.35
  1956          93     0.40807  0.33892  0.50     845     286     702     1881   2.23
  1956          94     0.43459  0.35701  0.50     558     199     459     1179   2.11
  1956          95     0.46148  0.37496  0.50     359     135     292      721   2.01
  1956          96     0.48860  0.39267  0.50     224      88     180      429   1.91
  1956          97     0.51578  0.41004  0.50     136      56     108      249   1.82
  1956          98     0.54288  0.42698  0.50      80      34      63      140   1.75
  1956          99     0.56972  0.44341  0.50      46      20      36       77   1.67
  1956         100     0.59616  0.45926  0.50      26      12      20       41   1.61
  1956         101     0.62205  0.47448  0.50      14       7      11       21   1.55
  1956         102     0.64726  0.48901  0.50       7       4       6       11   1.49
  1956         103     0.67169  0.50282  0.50       4       2       3        5   1.45
  1956         104     0.69522  0.51589  0.50       2       1       1        3   1.40
  1956         105     0.71777  0.52820  0.50       1       0       1        1   1.36
  1956         106     0.73926  0.53975  0.50       0       0       0        1   1.32
  1956         107     0.75961  0.55052  0.50       0       0       0        0   1.29
  1956         108     0.77883  0.56054  0.50       0       0       0        0   1.26
  1956         109     0.79699  0.56989  0.50       0       0       0        0   1.24
  1956         110+    0.82468  1.00000  1.21       0       0       0        0   1.21
  1957           0     0.04167  0.04030  0.18  100000    4030   96714  6493496  64.93
  1957           1     0.00403  0.00403  0.50   95970     386   95777  6396782  66.65
  1957           2     0.00341  0.00341  0.50   95584     326   95421  6301005  65.92
  1957           3     0.00283  0.00282  0.50   95258     269   95124  6205584  65.15
  1957           4     0.00230  0.00230  0.50   94989     218   94880  6110461  64.33
  1957           5     0.00186  0.00186  0.50   94771     176   94683  6015581  63.47
  1957           6     0.00150  0.00150  0.50   94595     142   94524  5920898  62.59
  1957           7     0.00123  0.00122  0.50   94453     116   94395  5826374  61.69
  1957           8     0.00102  0.00102  0.50   94337      96   94289  5731979  60.76
  1957           9     0.00087  0.00087  0.50   94241      82   94200  5637689  59.82
  1957          10     0.00076  0.00076  0.50   94160      71   94124  5543489  58.87
  1957          11     0.00069  0.00069  0.50   94089      65   94056  5449365  57.92
  1957          12     0.00066  0.00066  0.50   94024      62   93993  5355309  56.96
  1957          13     0.00068  0.00068  0.50   93962      64   93930  5261316  55.99
  1957          14     0.00076  0.00076  0.50   93898      71   93863  5167385  55.03
  1957          15     0.00091  0.00091  0.50   93827      85   93785  5073523  54.07
  1957          16     0.00114  0.00114  0.50   93742     107   93689  4979738  53.12
  1957          17     0.00144  0.00144  0.50   93635     135   93568  4886049  52.18
  1957          18     0.00178  0.00178  0.50   93500     166   93417  4792481  51.26
  1957          19     0.00212  0.00212  0.50   93334     198   93236  4699064  50.35
  1957          20     0.00242  0.00242  0.50   93137     225   93024  4605828  49.45
  1957          21     0.00266  0.00265  0.50   92911     246   92788  4512804  48.57
  1957          22     0.00280  0.00280  0.50   92665     260   92535  4420016  47.70
  1957          23     0.00285  0.00285  0.50   92405     263   92274  4327481  46.83
  1957          24     0.00280  0.00280  0.50   92142     258   92013  4235207  45.96
  1957          25     0.00268  0.00268  0.50   91884     246   91762  4143194  45.09
  1957          26     0.00254  0.00254  0.50   91639     233   91522  4051432  44.21
  1957          27     0.00243  0.00243  0.50   91406     222   91295  3959910  43.32
  1957          28     0.00237  0.00237  0.50   91184     216   91076  3868615  42.43
  1957          29     0.00237  0.00236  0.50   90968     215   90860  3777539  41.53
  1957          30     0.00240  0.00240  0.50   90753     218   90644  3686679  40.62
  1957          31     0.00247  0.00247  0.50   90535     223   90423  3596036  39.72
  1957          32     0.00255  0.00255  0.50   90312     230   90197  3505613  38.82
  1957          33     0.00264  0.00263  0.50   90082     237   89963  3415416  37.91
  1957          34     0.00271  0.00271  0.50   89844     244   89723  3325453  37.01
  1957          35     0.00278  0.00278  0.50   89601     249   89476  3235730  36.11
  1957          36     0.00285  0.00285  0.50   89352     254   89225  3146254  35.21
  1957          37     0.00295  0.00295  0.50   89097     263   88966  3057030  34.31
  1957          38     0.00310  0.00309  0.50   88835     275   88697  2968064  33.41
  1957          39     0.00330  0.00330  0.50   88560     292   88414  2879366  32.51
  1957          40     0.00355  0.00354  0.50   88268     313   88112  2790952  31.62
  1957          41     0.00382  0.00381  0.50   87955     335   87788  2702841  30.73
  1957          42     0.00410  0.00409  0.50   87620     358   87441  2615053  29.85
  1957          43     0.00438  0.00437  0.50   87262     381   87071  2527612  28.97
  1957          44     0.00466  0.00465  0.50   86881     404   86679  2440540  28.09
  1957          45     0.00496  0.00495  0.50   86477     428   86263  2353862  27.22
  1957          46     0.00527  0.00526  0.50   86049     452   85823  2267599  26.35
  1957          47     0.00565  0.00563  0.50   85597     482   85356  2181776  25.49
  1957          48     0.00611  0.00609  0.50   85115     518   84856  2096420  24.63
  1957          49     0.00665  0.00663  0.50   84597     561   84316  2011565  23.78
  1957          50     0.00727  0.00724  0.50   84036     608   83731  1927249  22.93
  1957          51     0.00792  0.00789  0.50   83427     658   83098  1843517  22.10
  1957          52     0.00862  0.00858  0.50   82769     710   82414  1760419  21.27
  1957          53     0.00939  0.00934  0.50   82059     767   81676  1678005  20.45
  1957          54     0.01027  0.01022  0.50   81292     831   80877  1596329  19.64
  1957          55     0.01128  0.01122  0.50   80462     902   80010  1515452  18.83
  1957          56     0.01243  0.01235  0.50   79559     983   79068  1435442  18.04
  1957          57     0.01374  0.01365  0.50   78576    1073   78040  1356374  17.26
  1957          58     0.01523  0.01511  0.50   77504    1171   76918  1278334  16.49
  1957          59     0.01684  0.01670  0.50   76332    1275   75695  1201416  15.74
  1957          60     0.01860  0.01843  0.50   75057    1383   74366  1125721  15.00
  1957          61     0.02055  0.02034  0.50   73674    1498   72925  1051355  14.27
  1957          62     0.02282  0.02257  0.50   72175    1629   71361   978431  13.56
  1957          63     0.02556  0.02524  0.50   70547    1781   69656   907070  12.86
  1957          64     0.02881  0.02840  0.50   68766    1953   67790   837413  12.18
  1957          65     0.03256  0.03204  0.50   66813    2141   65743   769623  11.52
  1957          66     0.03685  0.03618  0.50   64673    2340   63503   703880  10.88
  1957          67     0.04169  0.04084  0.50   62333    2545   61060   640378  10.27
  1957          68     0.04709  0.04601  0.50   59787    2751   58412   579318   9.69
  1957          69     0.05303  0.05166  0.50   57036    2947   55563   520906   9.13
  1957          70     0.05945  0.05773  0.50   54090    3123   52528   465343   8.60
  1957          71     0.06630  0.06417  0.50   50967    3271   49332   412815   8.10
  1957          72     0.07367  0.07105  0.50   47696    3389   46002   363483   7.62
  1957          73     0.08167  0.07847  0.50   44308    3477   42569   317481   7.17
  1957          74     0.09037  0.08646  0.50   40831    3530   39066   274912   6.73
  1957          75     0.09974  0.09500  0.50   37301    3544   35529   235846   6.32
  1957          76     0.10958  0.10389  0.50   33757    3507   32004   200317   5.93
  1957          77     0.12013  0.11333  0.50   30250    3428   28536   168314   5.56
  1957          78     0.13175  0.12361  0.50   26822    3315   25164   139778   5.21
  1957          79     0.14484  0.13506  0.50   23507    3175   21919   114613   4.88
  1957          80     0.15969  0.14788  0.50   20332    3007   18828    92694   4.56
  1957          81     0.17595  0.16172  0.50   17325    2802   15924    73866   4.26
  1957          82     0.19325  0.17622  0.50   14523    2559   13244    57942   3.99
  1957          83     0.21149  0.19127  0.50   11964    2288   10820    44698   3.74
  1957          84     0.23073  0.20686  0.50    9676    2002    8675    33878   3.50
  1957          85     0.25100  0.22301  0.50    7674    1711    6818    25203   3.28
  1957          86     0.27232  0.23969  0.50    5963    1429    5248    18385   3.08
  1957          87     0.29472  0.25687  0.50    4534    1165    3951    13137   2.90
  1957          88     0.31815  0.27449  0.50    3369     925    2907     9185   2.73
  1957          89     0.34255  0.29246  0.50    2444     715    2087     6279   2.57
  1957          90     0.36782  0.31068  0.50    1729     537    1461     4192   2.42
  1957          91     0.39384  0.32904  0.50    1192     392     996     2731   2.29
  1957          92     0.42048  0.34743  0.50     800     278     661     1735   2.17
  1957          93     0.44759  0.36574  0.50     522     191     427     1074   2.06
  1957          94     0.47502  0.38385  0.50     331     127     268      648   1.96
  1957          95     0.50260  0.40166  0.50     204      82     163      380   1.86
  1957          96     0.53016  0.41907  0.50     122      51      96      217   1.78
  1957          97     0.55754  0.43600  0.50      71      31      55      121   1.70
  1957          98     0.58458  0.45236  0.50      40      18      31       65   1.63
  1957          99     0.61113  0.46809  0.50      22      10      17       34   1.57
  1957         100     0.63703  0.48314  0.50      12       6       9       18   1.51
  1957         101     0.66216  0.49746  0.50       6       3       5        9   1.46
  1957         102     0.68638  0.51101  0.50       3       2       2        4   1.42
  1957         103     0.70961  0.52377  0.50       1       1       1        2   1.37
  1957         104     0.73175  0.53573  0.50       1       0       1        1   1.34
  1957         105     0.75272  0.54689  0.50       0       0       0        0   1.30
  1957         106     0.77254  0.55728  0.50       0       0       0        0   1.27
  1957         107     0.79124  0.56695  0.50       0       0       0        0   1.24
  1957         108     0.80901  0.57601  0.50       0       0       0        0   1.22
  1957         109     0.82610  0.58462  0.50       0       0       0        0   1.20
  1957         110+    0.85007  1.00000  1.18       0       0       0        0   1.18
  1958           0     0.04467  0.04310  0.19  100000    4310   96502  6587797  65.88
  1958           1     0.00479  0.00478  0.50   95690     457   95461  6491295  67.84
  1958           2     0.00346  0.00345  0.50   95232     329   95068  6395834  67.16
  1958           3     0.00252  0.00252  0.50   94903     239   94784  6300766  66.39
  1958           4     0.00196  0.00196  0.50   94664     186   94571  6205982  65.56
  1958           5     0.00164  0.00164  0.50   94478     155   94401  6111411  64.69
  1958           6     0.00139  0.00139  0.50   94324     131   94258  6017010  63.79
  1958           7     0.00110  0.00109  0.50   94193     103   94142  5922752  62.88
  1958           8     0.00083  0.00083  0.50   94090      78   94051  5828610  61.95
  1958           9     0.00064  0.00064  0.50   94012      60   93981  5734559  61.00
  1958          10     0.00054  0.00054  0.50   93951      50   93926  5640578  60.04
  1958          11     0.00050  0.00050  0.50   93901      47   93877  5546652  59.07
  1958          12     0.00053  0.00053  0.50   93854      49   93829  5452774  58.10
  1958          13     0.00063  0.00063  0.50   93805      59   93775  5358945  57.13
  1958          14     0.00079  0.00079  0.50   93746      74   93709  5265170  56.16
  1958          15     0.00100  0.00100  0.50   93672      93   93625  5171461  55.21
  1958          16     0.00126  0.00126  0.50   93579     118   93520  5077835  54.26
  1958          17     0.00157  0.00157  0.50   93461     146   93388  4984316  53.33
  1958          18     0.00184  0.00184  0.50   93315     172   93229  4890928  52.41
  1958          19     0.00199  0.00199  0.50   93143     186   93050  4797699  51.51
  1958          20     0.00201  0.00201  0.50   92957     187   92864  4704649  50.61
  1958          21     0.00202  0.00202  0.50   92771     188   92677  4611785  49.71
  1958          22     0.00216  0.00216  0.50   92583     200   92483  4519108  48.81
  1958          23     0.00233  0.00233  0.50   92384     215   92276  4426624  47.92
  1958          24     0.00244  0.00243  0.50   92169     224   92057  4334348  47.03
  1958          25     0.00251  0.00251  0.50   91945     231   91829  4242292  46.14
  1958          26     0.00249  0.00249  0.50   91714     228   91600  4150462  45.25
  1958          27     0.00233  0.00232  0.50   91486     213   91380  4058862  44.37
  1958          28     0.00215  0.00215  0.50   91273     196   91175  3967483  43.47
  1958          29     0.00210  0.00210  0.50   91077     191   90982  3876307  42.56
  1958          30     0.00212  0.00212  0.50   90886     193   90790  3785326  41.65
  1958          31     0.00218  0.00218  0.50   90693     198   90594  3694536  40.74
  1958          32     0.00226  0.00226  0.50   90495     204   90393  3603942  39.82
  1958          33     0.00236  0.00236  0.50   90291     213   90184  3513548  38.91
  1958          34     0.00251  0.00251  0.50   90078     226   89965  3423364  38.00
  1958          35     0.00271  0.00270  0.50   89852     243   89731  3333399  37.10
  1958          36     0.00291  0.00290  0.50   89609     260   89479  3243668  36.20
  1958          37     0.00295  0.00294  0.50   89349     263   89218  3154189  35.30
  1958          38     0.00289  0.00288  0.50   89086     257   88958  3064971  34.40
  1958          39     0.00285  0.00285  0.50   88830     253   88703  2976013  33.50
  1958          40     0.00291  0.00290  0.50   88576     257   88448  2887310  32.60
  1958          41     0.00308  0.00308  0.50   88319     272   88183  2798862  31.69
  1958          42     0.00336  0.00335  0.50   88047     295   87900  2710679  30.79
  1958          43     0.00368  0.00367  0.50   87752     322   87591  2622780  29.89
  1958          44     0.00402  0.00401  0.50   87429     351   87254  2535189  29.00
  1958          45     0.00447  0.00446  0.50   87079     389   86884  2447935  28.11
  1958          46     0.00510  0.00509  0.50   86690     441   86469  2361051  27.24
  1958          47     0.00574  0.00572  0.50   86249     493   86002  2274582  26.37
  1958          48     0.00628  0.00626  0.50   85755     537   85487  2188580  25.52
  1958          49     0.00670  0.00668  0.50   85218     569   84934  2103093  24.68
  1958          50     0.00704  0.00701  0.50   84649     594   84352  2018159  23.84
  1958          51     0.00737  0.00735  0.50   84055     617   83747  1933807  23.01
  1958          52     0.00784  0.00781  0.50   83438     652   83112  1850060  22.17
  1958          53     0.00854  0.00851  0.50   82786     704   82434  1766948  21.34
  1958          54     0.00944  0.00940  0.50   82082     771   81696  1684514  20.52
  1958          55     0.01077  0.01071  0.50   81311     871   80875  1602818  19.71
  1958          56     0.01269  0.01261  0.50   80440    1014   79933  1521943  18.92
  1958          57     0.01475  0.01464  0.50   79426    1163   78844  1442010  18.16
  1958          58     0.01645  0.01632  0.50   78263    1277   77624  1363166  17.42
  1958          59     0.01776  0.01761  0.50   76986    1355   76308  1285541  16.70
  1958          60     0.01915  0.01897  0.50   75630    1435   74913  1209234  15.99
  1958          61     0.02101  0.02079  0.50   74196    1543   73424  1134321  15.29
  1958          62     0.02299  0.02273  0.50   72653    1652   71827  1060897  14.60
  1958          63     0.02473  0.02442  0.50   71001    1734   70134   989070  13.93
  1958          64     0.02660  0.02625  0.50   69267    1818   68358   918935  13.27
  1958          65     0.02919  0.02877  0.50   67449    1940   66479   850577  12.61
  1958          66     0.03278  0.03225  0.50   65508    2113   64452   784099  11.97
  1958          67     0.03645  0.03580  0.50   63396    2269   62261   719647  11.35
  1958          68     0.03933  0.03857  0.50   61126    2358   59947   657386  10.75
  1958          69     0.04196  0.04110  0.50   58769    2415   57561   597438  10.17
  1958          70     0.04527  0.04426  0.50   56353    2494   55106   539877   9.58
  1958          71     0.05021  0.04898  0.50   53859    2638   52540   484771   9.00
  1958          72     0.05756  0.05595  0.50   51221    2866   49788   432231   8.44
  1958          73     0.06749  0.06529  0.50   48355    3157   46777   382443   7.91
  1958          74     0.07817  0.07523  0.50   45198    3400   43498   335666   7.43
  1958          75     0.08769  0.08400  0.50   41798    3511   40043   292168   6.99
  1958          76     0.09604  0.09164  0.50   38287    3508   36533   252126   6.59
  1958          77     0.10348  0.09839  0.50   34778    3422   33068   215593   6.20
  1958          78     0.11064  0.10484  0.50   31357    3287   29713   182525   5.82
  1958          79     0.11972  0.11296  0.50   28069    3171   26484   152812   5.44
  1958          80     0.13259  0.12434  0.50   24899    3096   23351   126329   5.07
  1958          81     0.14813  0.13791  0.50   21803    3007   20299   102978   4.72
  1958          82     0.16483  0.15228  0.50   18796    2862   17365    82679   4.40
  1958          83     0.18250  0.16724  0.50   15934    2665   14601    65314   4.10
  1958          84     0.20130  0.18289  0.50   13269    2427   12055    50713   3.82
  1958          85     0.22133  0.19928  0.50   10842    2161    9762    38657   3.57
  1958          86     0.24269  0.21643  0.50    8681    1879    7742    28896   3.33
  1958          87     0.26543  0.23433  0.50    6803    1594    6006    21154   3.11
  1958          88     0.28951  0.25290  0.50    5209    1317    4550    15148   2.91
  1958          89     0.31484  0.27202  0.50    3891    1058    3362    10598   2.72
  1958          90     0.34133  0.29157  0.50    2833     826    2420     7236   2.55
  1958          91     0.36884  0.31141  0.50    2007     625    1694     4816   2.40
  1958          92     0.39724  0.33141  0.50    1382     458    1153     3122   2.26
  1958          93     0.42635  0.35143  0.50     924     325     762     1969   2.13
  1958          94     0.45597  0.37131  0.50     599     222     488     1207   2.02
  1958          95     0.48590  0.39093  0.50     377     147     303      719   1.91
  1958          96     0.51594  0.41014  0.50     229      94     182      416   1.81
  1958          97     0.54586  0.42882  0.50     135      58     106      234   1.73
  1958          98     0.57546  0.44688  0.50      77      35      60      128   1.65
  1958          99     0.60452  0.46421  0.50      43      20      33       68   1.58
  1958         100     0.63287  0.48075  0.50      23      11      17       35   1.52
  1958         101     0.66033  0.49643  0.50      12       6       9       17   1.46
  1958         102     0.68676  0.51122  0.50       6       3       4        8   1.41
  1958         103     0.71203  0.52509  0.50       3       2       2        4   1.37
  1958         104     0.73603  0.53803  0.50       1       1       1        2   1.33
  1958         105     0.75868  0.55003  0.50       1       0       0        1   1.29
  1958         106     0.77992  0.56111  0.50       0       0       0        0   1.26
  1958         107     0.79971  0.57128  0.50       0       0       0        0   1.23
  1958         108     0.81819  0.58065  0.50       0       0       0        0   1.21
  1958         109     0.83559  0.58936  0.50       0       0       0        0   1.18
  1958         110+    0.86049  1.00000  1.16       0       0       0        0   1.16
  1959           0     0.03964  0.03839  0.18  100000    3839   96860  6606212  66.06
  1959           1     0.00432  0.00431  0.50   96161     415   95954  6509352  67.69
  1959           2     0.00308  0.00308  0.50   95746     295   95599  6413398  66.98
  1959           3     0.00221  0.00220  0.50   95452     210   95347  6317799  66.19
  1959           4     0.00168  0.00168  0.50   95241     160   95162  6222453  65.33
  1959           5     0.00139  0.00139  0.50   95082     132   95016  6127291  64.44
  1959           6     0.00122  0.00122  0.50   94950     115   94892  6032275  63.53
  1959           7     0.00106  0.00106  0.50   94834     100   94784  5937383  62.61
  1959           8     0.00089  0.00089  0.50   94734      84   94692  5842599  61.67
  1959           9     0.00073  0.00073  0.50   94650      69   94616  5747907  60.73
  1959          10     0.00059  0.00059  0.50   94582      56   94553  5653291  59.77
  1959          11     0.00051  0.00051  0.50   94525      48   94501  5558737  58.81
  1959          12     0.00047  0.00047  0.50   94477      44   94455  5464236  57.84
  1959          13     0.00046  0.00046  0.50   94433      44   94411  5369781  56.86
  1959          14     0.00048  0.00048  0.50   94390      45   94367  5275369  55.89
  1959          15     0.00053  0.00053  0.50   94344      50   94320  5181002  54.92
  1959          16     0.00066  0.00066  0.50   94295      62   94264  5086683  53.94
  1959          17     0.00091  0.00091  0.50   94232      86   94189  4992419  52.98
  1959          18     0.00130  0.00130  0.50   94146     122   94085  4898230  52.03
  1959          19     0.00177  0.00176  0.50   94024     166   93941  4804144  51.09
  1959          20     0.00212  0.00212  0.50   93858     199   93758  4710203  50.18
  1959          21     0.00232  0.00232  0.50   93659     217   93550  4616445  49.29
  1959          22     0.00236  0.00235  0.50   93442     220   93332  4522895  48.40
  1959          23     0.00232  0.00232  0.50   93222     216   93114  4429563  47.52
  1959          24     0.00233  0.00232  0.50   93006     216   92898  4336449  46.63
  1959          25     0.00245  0.00244  0.50   92790     227   92676  4243551  45.73
  1959          26     0.00255  0.00254  0.50   92563     235   92445  4150875  44.84
  1959          27     0.00249  0.00249  0.50   92328     230   92213  4058430  43.96
  1959          28     0.00236  0.00236  0.50   92098     217   91989  3966217  43.07
  1959          29     0.00229  0.00228  0.50   91881     210   91776  3874228  42.17
  1959          30     0.00235  0.00235  0.50   91671     215   91563  3782452  41.26
  1959          31     0.00246  0.00245  0.50   91456     224   91344  3690889  40.36
  1959          32     0.00252  0.00252  0.50   91232     230   91117  3599545  39.46
  1959          33     0.00260  0.00260  0.50   91002     236   90884  3508428  38.55
  1959          34     0.00276  0.00275  0.50   90766     250   90641  3417544  37.65
  1959          35     0.00290  0.00289  0.50   90516     262   90385  3326903  36.75
  1959          36     0.00296  0.00296  0.50   90254     267   90120  3236519  35.86
  1959          37     0.00306  0.00306  0.50   89987     275   89849  3146398  34.97
  1959          38     0.00311  0.00310  0.50   89712     278   89572  3056549  34.07
  1959          39     0.00300  0.00300  0.50   89433     268   89299  2966977  33.18
  1959          40     0.00285  0.00285  0.50   89165     254   89038  2877677  32.27
  1959          41     0.00285  0.00285  0.50   88911     253   88784  2788639  31.36
  1959          42     0.00323  0.00322  0.50   88658     286   88515  2699855  30.45
  1959          43     0.00384  0.00383  0.50   88372     339   88203  2611340  29.55
  1959          44     0.00451  0.00450  0.50   88033     396   87835  2523137  28.66
  1959          45     0.00523  0.00522  0.50   87637     457   87408  2435302  27.79
  1959          46     0.00597  0.00595  0.50   87180     519   86920  2347894  26.93
  1959          47     0.00648  0.00646  0.50   86661     560   86381  2260973  26.09
  1959          48     0.00670  0.00667  0.50   86101     575   85813  2174593  25.26
  1959          49     0.00665  0.00662  0.50   85526     566   85243  2088779  24.42
  1959          50     0.00659  0.00657  0.50   84960     558   84680  2003536  23.58
  1959          51     0.00685  0.00683  0.50   84401     576   84113  1918856  22.73
  1959          52     0.00768  0.00766  0.50   83825     642   83504  1834743  21.89
  1959          53     0.00921  0.00917  0.50   83183     763   82802  1751239  21.05
  1959          54     0.01099  0.01093  0.50   82420     901   81970  1668437  20.24
  1959          55     0.01247  0.01240  0.50   81519    1011   81014  1586467  19.46
  1959          56     0.01333  0.01324  0.50   80509    1066   79976  1505453  18.70
  1959          57     0.01409  0.01399  0.50   79443    1112   78887  1425478  17.94
  1959          58     0.01528  0.01516  0.50   78331    1187   77738  1346590  17.19
  1959          59     0.01659  0.01646  0.50   77144    1270   76509  1268853  16.45
  1959          60     0.01825  0.01808  0.50   75874    1372   75188  1192344  15.71
  1959          61     0.02049  0.02028  0.50   74502    1511   73747  1117155  14.99
  1959          62     0.02306  0.02280  0.50   72991    1664   72159  1043408  14.29
  1959          63     0.02560  0.02527  0.50   71327    1803   70426   971249  13.62
  1959          64     0.02789  0.02750  0.50   69525    1912   68568   900823  12.96
  1959          65     0.03006  0.02961  0.50   67612    2002   66611   832255  12.31
  1959          66     0.03307  0.03253  0.50   65610    2134   64543   765644  11.67
  1959          67     0.03667  0.03601  0.50   63476    2286   62333   701101  11.05
  1959          68     0.04038  0.03958  0.50   61190    2422   59979   638768  10.44
  1959          69     0.04427  0.04331  0.50   58768    2545   57495   578789   9.85
  1959          70     0.04858  0.04743  0.50   56223    2666   54889   521294   9.27
  1959          71     0.05388  0.05247  0.50   53556    2810   52151   466404   8.71
  1959          72     0.06116  0.05934  0.50   50746    3011   49240   414253   8.16
  1959          73     0.07087  0.06845  0.50   47735    3267   46101   365013   7.65
  1959          74     0.08118  0.07801  0.50   44467    3469   42733   318912   7.17
  1959          75     0.09026  0.08636  0.50   40998    3541   39228   276179   6.74
  1959          76     0.09873  0.09408  0.50   37458    3524   35696   236950   6.33
  1959          77     0.10716  0.10171  0.50   33934    3451   32208   201255   5.93
  1959          78     0.11631  0.10992  0.50   30482    3351   28807   169047   5.55
  1959          79     0.12823  0.12050  0.50   27132    3269   25497   140240   5.17
  1959          80     0.14435  0.13463  0.50   23862    3213   22256   114743   4.81
  1959          81     0.16241  0.15021  0.50   20650    3102   19099    92487   4.48
  1959          82     0.18002  0.16515  0.50   17548    2898   16099    73388   4.18
  1959          83     0.19784  0.18003  0.50   14650    2637   13331    57289   3.91
  1959          84     0.21647  0.19533  0.50   12012    2346   10839    43958   3.66
  1959          85     0.23623  0.21127  0.50    9666    2042    8645    33119   3.43
  1959          86     0.25722  0.22791  0.50    7624    1738    6755    24474   3.21
  1959          87     0.27948  0.24521  0.50    5886    1443    5165    17719   3.01
  1959          88     0.30292  0.26307  0.50    4443    1169    3858    12555   2.83
  1959          89     0.32744  0.28137  0.50    3274     921    2813     8696   2.66
  1959          90     0.35294  0.30000  0.50    2353     706    2000     5883   2.50
  1959          91     0.37930  0.31884  0.50    1647     525    1384     3883   2.36
  1959          92     0.40640  0.33776  0.50    1122     379     932     2499   2.23
  1959          93     0.43407  0.35666  0.50     743     265     610     1566   2.11
  1959          94     0.46216  0.37541  0.50     478     179     388      956   2.00
  1959          95     0.49049  0.39389  0.50     299     118     240      567   1.90
  1959          96     0.51889  0.41200  0.50     181      75     144      328   1.81
  1959          97     0.54716  0.42962  0.50     106      46      84      184   1.73
  1959          98     0.57513  0.44668  0.50      61      27      47      101   1.66
  1959          99     0.60263  0.46309  0.50      34      16      26       53   1.59
  1959         100     0.62950  0.47880  0.50      18       9      14       28   1.53
  1959         101     0.65559  0.49374  0.50       9       5       7       14   1.48
  1959         102     0.68078  0.50789  0.50       5       2       4        7   1.43
  1959         103     0.70495  0.52123  0.50       2       1       2        3   1.38
  1959         104     0.72802  0.53374  0.50       1       1       1        2   1.34
  1959         105     0.74991  0.54541  0.50       1       0       0        1   1.31
  1959         106     0.77055  0.55624  0.50       0       0       0        0   1.27
  1959         107     0.78990  0.56626  0.50       0       0       0        0   1.25
  1959         108     0.80805  0.57552  0.50       0       0       0        0   1.22
  1959         109     0.82520  0.58417  0.50       0       0       0        0   1.20
  1959         110+    0.85027  1.00000  1.18       0       0       0        0   1.18
  1960           0     0.03562  0.03461  0.18  100000    3461   97152  6653235  66.53
  1960           1     0.00276  0.00275  0.50   96539     266   96407  6556083  67.91
  1960           2     0.00236  0.00236  0.50   96274     227   96160  6459677  67.10
  1960           3     0.00200  0.00199  0.50   96047     191   95951  6363516  66.25
  1960           4     0.00166  0.00166  0.50   95855     159   95776  6267565  65.39
  1960           5     0.00137  0.00137  0.50   95696     131   95630  6171790  64.49
  1960           6     0.00113  0.00113  0.50   95565     108   95511  6076160  63.58
  1960           7     0.00093  0.00093  0.50   95457      89   95413  5980649  62.65
  1960           8     0.00078  0.00078  0.50   95368      74   95331  5885236  61.71
  1960           9     0.00066  0.00066  0.50   95294      62   95263  5789905  60.76
  1960          10     0.00057  0.00057  0.50   95232      54   95205  5694641  59.80
  1960          11     0.00052  0.00052  0.50   95178      49   95153  5599437  58.83
  1960          12     0.00052  0.00052  0.50   95128      50   95104  5504283  57.86
  1960          13     0.00058  0.00058  0.50   95079      55   95051  5409180  56.89
  1960          14     0.00070  0.00070  0.50   95023      66   94990  5314129  55.92
  1960          15     0.00086  0.00086  0.50   94957      81   94916  5219139  54.96
  1960          16     0.00106  0.00106  0.50   94876     100   94826  5124222  54.01
  1960          17     0.00130  0.00129  0.50   94775     123   94714  5029397  53.07
  1960          18     0.00154  0.00154  0.50   94653     146   94580  4934683  52.13
  1960          19     0.00177  0.00177  0.50   94507     167   94424  4840103  51.21
  1960          20     0.00196  0.00196  0.50   94340     185   94248  4745679  50.30
  1960          21     0.00212  0.00211  0.50   94155     199   94056  4651431  49.40
  1960          22     0.00221  0.00221  0.50   93956     208   93852  4557376  48.51
  1960          23     0.00226  0.00226  0.50   93748     212   93642  4463524  47.61
  1960          24     0.00227  0.00227  0.50   93536     212   93430  4369882  46.72
  1960          25     0.00226  0.00226  0.50   93324     211   93219  4276452  45.82
  1960          26     0.00224  0.00223  0.50   93113     208   93009  4183233  44.93
  1960          27     0.00221  0.00221  0.50   92905     205   92803  4090224  44.03
  1960          28     0.00219  0.00219  0.50   92700     203   92599  3997421  43.12
  1960          29     0.00217  0.00217  0.50   92497     200   92397  3904822  42.22
  1960          30     0.00216  0.00216  0.50   92297     200   92197  3812425  41.31
  1960          31     0.00217  0.00217  0.50   92097     200   91998  3720228  40.39
  1960          32     0.00219  0.00219  0.50   91898     201   91797  3628231  39.48
  1960          33     0.00223  0.00223  0.50   91697     204   91595  3536433  38.57
  1960          34     0.00231  0.00231  0.50   91493     212   91387  3444839  37.65
  1960          35     0.00243  0.00243  0.50   91281     222   91170  3353452  36.74
  1960          36     0.00258  0.00258  0.50   91059     235   90942  3262282  35.83
  1960          37     0.00275  0.00275  0.50   90825     249   90700  3171340  34.92
  1960          38     0.00293  0.00292  0.50   90575     265   90443  3080640  34.01
  1960          39     0.00309  0.00308  0.50   90311     278   90171  2990197  33.11
  1960          40     0.00323  0.00322  0.50   90032     290   89887  2900026  32.21
  1960          41     0.00336  0.00336  0.50   89742     301   89592  2810138  31.31
  1960          42     0.00354  0.00353  0.50   89441     316   89283  2720547  30.42
  1960          43     0.00376  0.00376  0.50   89125     335   88958  2631264  29.52
  1960          44     0.00403  0.00402  0.50   88790     357   88612  2542306  28.63
  1960          45     0.00433  0.00432  0.50   88433     382   88242  2453695  27.75
  1960          46     0.00467  0.00466  0.50   88051     411   87846  2365453  26.86
  1960          47     0.00509  0.00507  0.50   87640     445   87418  2277607  25.99
  1960          48     0.00558  0.00557  0.50   87196     486   86953  2190189  25.12
  1960          49     0.00619  0.00617  0.50   86710     535   86443  2103236  24.26
  1960          50     0.00689  0.00687  0.50   86175     592   85879  2016793  23.40
  1960          51     0.00770  0.00767  0.50   85583     656   85255  1930914  22.56
  1960          52     0.00860  0.00856  0.50   84927     727   84564  1845659  21.73
  1960          53     0.00960  0.00956  0.50   84200     805   83798  1761095  20.92
  1960          54     0.01068  0.01062  0.50   83395     886   82952  1677297  20.11
  1960          55     0.01182  0.01175  0.50   82510     970   82025  1594345  19.32
  1960          56     0.01306  0.01297  0.50   81540    1058   81011  1512320  18.55
  1960          57     0.01438  0.01428  0.50   80482    1149   79907  1431309  17.78
  1960          58     0.01581  0.01568  0.50   79332    1244   78710  1351402  17.03
  1960          59     0.01734  0.01719  0.50   78088    1343   77417  1272692  16.30
  1960          60     0.01902  0.01884  0.50   76746    1446   76023  1195274  15.57
  1960          61     0.02085  0.02064  0.50   75300    1554   74523  1119251  14.86
  1960          62     0.02289  0.02263  0.50   73746    1669   72912  1044728  14.17
  1960          63     0.02515  0.02484  0.50   72077    1790   71182   971817  13.48
  1960          64     0.02768  0.02730  0.50   70287    1919   69328   900634  12.81
  1960          65     0.03053  0.03007  0.50   68368    2056   67340   831307  12.16
  1960          66     0.03377  0.03321  0.50   66312    2202   65211   763967  11.52
  1960          67     0.03752  0.03683  0.50   64110    2361   62930   698755  10.90
  1960          68     0.04188  0.04102  0.50   61749    2533   60482   635826  10.30
  1960          69     0.04689  0.04582  0.50   59216    2713   57859   575343   9.72
  1960          70     0.05259  0.05124  0.50   56503    2895   55055   517484   9.16
  1960          71     0.05895  0.05726  0.50   53608    3070   52073   462429   8.63
  1960          72     0.06591  0.06381  0.50   50538    3225   48926   410356   8.12
  1960          73     0.07340  0.07080  0.50   47313    3350   45638   361430   7.64
  1960          74     0.08151  0.07831  0.50   43964    3443   42242   315792   7.18
  1960          75     0.09034  0.08643  0.50   40521    3502   38769   273550   6.75
  1960          76     0.09985  0.09511  0.50   37018    3521   35258   234780   6.34
  1960          77     0.11019  0.10444  0.50   33498    3498   31748   199522   5.96
  1960          78     0.12146  0.11450  0.50   29999    3435   28282   167774   5.59
  1960          79     0.13349  0.12514  0.50   26564    3324   24902   139492   5.25
  1960          80     0.14612  0.13617  0.50   23240    3165   21658   114590   4.93
  1960          81     0.15954  0.14775  0.50   20075    2966   18592    92932   4.63
  1960          82     0.17397  0.16005  0.50   17109    2738   15740    74340   4.35
  1960          83     0.18954  0.17313  0.50   14371    2488   13127    58600   4.08
  1960          84     0.20631  0.18701  0.50   11883    2222   10772    45473   3.83
  1960          85     0.22429  0.20168  0.50    9661    1948    8686    34701   3.59
  1960          86     0.24348  0.21706  0.50    7712    1674    6875    26015   3.37
  1960          87     0.26383  0.23309  0.50    6038    1407    5335    19139   3.17
  1960          88     0.28529  0.24968  0.50    4631    1156    4053    13805   2.98
  1960          89     0.30779  0.26674  0.50    3475     927    3011     9752   2.81
  1960          90     0.33124  0.28418  0.50    2548     724    2186     6741   2.65
  1960          91     0.35557  0.30189  0.50    1824     551    1548     4555   2.50
  1960          92     0.38065  0.31978  0.50    1273     407    1070     3006   2.36
  1960          93     0.40637  0.33775  0.50     866     293     720     1937   2.24
  1960          94     0.43261  0.35568  0.50     574     204     472     1217   2.12
  1960          95     0.45922  0.37347  0.50     370     138     301      745   2.02
  1960          96     0.48606  0.39103  0.50     232      91     186      445   1.92
  1960          97     0.51296  0.40825  0.50     141      58     112      259   1.83
  1960          98     0.53978  0.42506  0.50      83      35      66      146   1.75
  1960          99     0.56634  0.44136  0.50      48      21      37       81   1.68
  1960         100     0.59249  0.45708  0.50      27      12      21       43   1.62
  1960         101     0.61809  0.47217  0.50      15       7      11       23   1.56
  1960         102     0.64300  0.48657  0.50       8       4       6       12   1.50
  1960         103     0.66712  0.50025  0.50       4       2       3        6   1.45
  1960         104     0.69037  0.51322  0.50       2       1       1        3   1.41
  1960         105     0.71273  0.52547  0.50       1       1       1        1   1.37
  1960         106     0.73423  0.53707  0.50       0       0       0        1   1.33
  1960         107     0.75496  0.54807  0.50       0       0       0        0   1.30
  1960         108     0.77508  0.55860  0.50       0       0       0        0   1.27
  1960         109     0.79480  0.56877  0.50       0       0       0        0   1.24
  1960         110+    0.82095  1.00000  1.22       0       0       0        0   1.22
  1961           0     0.03768  0.03655  0.18  100000    3655   97001  6668060  66.68
  1961           1     0.00256  0.00255  0.50   96345     246   96222  6571059  68.20
  1961           2     0.00220  0.00220  0.50   96099     211   95994  6474837  67.38
  1961           3     0.00186  0.00186  0.50   95888     179   95799  6378843  66.52
  1961           4     0.00154  0.00154  0.50   95709     148   95636  6283044  65.65
  1961           5     0.00123  0.00123  0.50   95562     118   95503  6187408  64.75
  1961           6     0.00097  0.00097  0.50   95444      92   95398  6091905  63.83
  1961           7     0.00078  0.00078  0.50   95352      74   95315  5996507  62.89
  1961           8     0.00064  0.00064  0.50   95278      61   95247  5901193  61.94
  1961           9     0.00054  0.00054  0.50   95216      52   95191  5805946  60.98
  1961          10     0.00048  0.00048  0.50   95165      45   95142  5710755  60.01
  1961          11     0.00046  0.00046  0.50   95119      44   95097  5615613  59.04
  1961          12     0.00052  0.00052  0.50   95075      50   95050  5520516  58.06
  1961          13     0.00061  0.00061  0.50   95026      58   94997  5425465  57.09
  1961          14     0.00073  0.00073  0.50   94967      70   94933  5330469  56.13
  1961          15     0.00089  0.00089  0.50   94898      85   94856  5235536  55.17
  1961          16     0.00106  0.00106  0.50   94813     100   94763  5140680  54.22
  1961          17     0.00121  0.00120  0.50   94713     114   94656  5045917  53.28
  1961          18     0.00136  0.00136  0.50   94599     128   94535  4951261  52.34
  1961          19     0.00153  0.00153  0.50   94471     144   94399  4856726  51.41
  1961          20     0.00168  0.00167  0.50   94327     158   94248  4762327  50.49
  1961          21     0.00182  0.00182  0.50   94169     171   94083  4668079  49.57
  1961          22     0.00198  0.00198  0.50   93998     186   93905  4573996  48.66
  1961          23     0.00216  0.00215  0.50   93812     202   93711  4480091  47.76
  1961          24     0.00231  0.00231  0.50   93610     216   93502  4386380  46.86
  1961          25     0.00239  0.00239  0.50   93394     223   93282  4292879  45.97
  1961          26     0.00238  0.00237  0.50   93171     221   93060  4199596  45.07
  1961          27     0.00226  0.00226  0.50   92950     210   92845  4106536  44.18
  1961          28     0.00208  0.00208  0.50   92740     193   92644  4013691  43.28
  1961          29     0.00192  0.00191  0.50   92548     177   92459  3921047  42.37
  1961          30     0.00189  0.00189  0.50   92370     175   92283  3828588  41.45
  1961          31     0.00198  0.00197  0.50   92196     182   92105  3736305  40.53
  1961          32     0.00209  0.00208  0.50   92014     192   91918  3644200  39.60
  1961          33     0.00221  0.00221  0.50   91822     203   91721  3552283  38.69
  1961          34     0.00236  0.00236  0.50   91619     216   91511  3460562  37.77
  1961          35     0.00256  0.00256  0.50   91403     234   91286  3369051  36.86
  1961          36     0.00280  0.00280  0.50   91169     255   91042  3277765  35.95
  1961          37     0.00300  0.00300  0.50   90914     273   90778  3186723  35.05
  1961          38     0.00316  0.00315  0.50   90642     286   90499  3095946  34.16
  1961          39     0.00328  0.00327  0.50   90356     296   90208  3005447  33.26
  1961          40     0.00343  0.00342  0.50   90060     308   89906  2915239  32.37
  1961          41     0.00365  0.00364  0.50   89752     327   89588  2825333  31.48
  1961          42     0.00390  0.00389  0.50   89425     348   89251  2735745  30.59
  1961          43     0.00415  0.00414  0.50   89077     369   88892  2646494  29.71
  1961          44     0.00437  0.00436  0.50   88708     387   88515  2557601  28.83
  1961          45     0.00457  0.00456  0.50   88321     403   88120  2469087  27.96
  1961          46     0.00479  0.00478  0.50   87919     421   87709  2380967  27.08
  1961          47     0.00517  0.00516  0.50   87498     451   87273  2293258  26.21
  1961          48     0.00565  0.00563  0.50   87047     490   86802  2205985  25.34
  1961          49     0.00614  0.00612  0.50   86557     530   86292  2119183  24.48
  1961          50     0.00662  0.00660  0.50   86027     568   85743  2032891  23.63
  1961          51     0.00711  0.00708  0.50   85459     605   85157  1947148  22.78
  1961          52     0.00773  0.00770  0.50   84854     654   84527  1861991  21.94
  1961          53     0.00862  0.00858  0.50   84200     723   83839  1777464  21.11
  1961          54     0.00970  0.00965  0.50   83477     806   83075  1693625  20.29
  1961          55     0.01086  0.01080  0.50   82672     893   82225  1610551  19.48
  1961          56     0.01205  0.01198  0.50   81779     980   81289  1528325  18.69
  1961          57     0.01342  0.01333  0.50   80799    1077   80261  1447036  17.91
  1961          58     0.01510  0.01499  0.50   79722    1195   79125  1366776  17.14
  1961          59     0.01711  0.01697  0.50   78527    1332   77861  1287651  16.40
  1961          60     0.01914  0.01896  0.50   77195    1464   76463  1209790  15.67
  1961          61     0.02091  0.02069  0.50   75731    1567   74948  1133327  14.97
  1961          62     0.02249  0.02224  0.50   74164    1649   73339  1058379  14.27
  1961          63     0.02408  0.02379  0.50   72515    1725   71652   985040  13.58
  1961          64     0.02603  0.02570  0.50   70790    1819   69880   913388  12.90
  1961          65     0.02867  0.02827  0.50   68971    1950   67996   843508  12.23
  1961          66     0.03208  0.03157  0.50   67021    2116   65963   775512  11.57
  1961          67     0.03632  0.03567  0.50   64905    2315   63747   709549  10.93
  1961          68     0.04139  0.04055  0.50   62589    2538   61320   645802  10.32
  1961          69     0.04694  0.04586  0.50   60051    2754   58674   584482   9.73
  1961          70     0.05266  0.05131  0.50   57297    2940   55828   525807   9.18
  1961          71     0.05870  0.05703  0.50   54358    3100   52808   469980   8.65
  1961          72     0.06507  0.06302  0.50   51258    3230   49643   417172   8.14
  1961          73     0.07179  0.06930  0.50   48028    3328   46364   367529   7.65
  1961          74     0.07936  0.07633  0.50   44699    3412   42993   321165   7.18
  1961          75     0.08824  0.08451  0.50   41288    3489   39543   278172   6.74
  1961          76     0.09828  0.09367  0.50   37798    3541   36028   238629   6.31
  1961          77     0.10880  0.10318  0.50   34258    3535   32490   202601   5.91
  1961          78     0.11926  0.11255  0.50   30723    3458   28994   170110   5.54
  1961          79     0.12999  0.12206  0.50   27265    3328   25601   141117   5.18
  1961          80     0.14168  0.13231  0.50   23937    3167   22354   115515   4.83
  1961          81     0.15551  0.14429  0.50   20770    2997   19272    93162   4.49
  1961          82     0.17246  0.15877  0.50   17773    2822   16362    73890   4.16
  1961          83     0.19224  0.17538  0.50   14951    2622   13640    57528   3.85
  1961          84     0.21444  0.19367  0.50   12329    2388   11135    43887   3.56
  1961          85     0.23875  0.21329  0.50    9941    2120    8881    32752   3.29
  1961          86     0.26495  0.23396  0.50    7821    1830    6906    23871   3.05
  1961          87     0.29285  0.25545  0.50    5991    1530    5226    16965   2.83
  1961          88     0.32232  0.27758  0.50    4461    1238    3842    11739   2.63
  1961          89     0.35321  0.30019  0.50    3222     967    2739     7898   2.45
  1961          90     0.38533  0.32309  0.50    2255     729    1891     5159   2.29
  1961          91     0.41847  0.34606  0.50    1527     528    1262     3268   2.14
  1961          92     0.45235  0.36891  0.50     998     368     814     2006   2.01
  1961          93     0.48667  0.39143  0.50     630     247     507     1191   1.89
  1961          94     0.52113  0.41341  0.50     383     158     304      685   1.79
  1961          95     0.55538  0.43468  0.50     225      98     176      381   1.69
  1961          96     0.58913  0.45508  0.50     127      58      98      205   1.61
  1961          97     0.62206  0.47448  0.50      69      33      53      106   1.54
  1961          98     0.65391  0.49279  0.50      36      18      27       54   1.47
  1961          99     0.68445  0.50994  0.50      18       9      14       26   1.41
  1961         100     0.71348  0.52588  0.50       9       5       7       12   1.36
  1961         101     0.74086  0.54060  0.50       4       2       3        6   1.32
  1961         102     0.76647  0.55412  0.50       2       1       1        3   1.28
  1961         103     0.79025  0.56644  0.50       1       0       1        1   1.24
  1961         104     0.81216  0.57761  0.50       0       0       0        0   1.21
  1961         105     0.83220  0.58767  0.50       0       0       0        0   1.19
  1961         106     0.85044  0.59671  0.50       0       0       0        0   1.16
  1961         107     0.86701  0.60482  0.50       0       0       0        0   1.14
  1961         108     0.88220  0.61217  0.50       0       0       0        0   1.12
  1961         109     0.89640  0.61897  0.50       0       0       0        0   1.11
  1961         110+    0.91434  1.00000  1.09       0       0       0        0   1.09
  1962           0     0.03207  0.03124  0.17  100000    3124   97415  6703091  67.03
  1962           1     0.00361  0.00360  0.50   96876     349   96701  6605676  68.19
  1962           2     0.00276  0.00276  0.50   96527     266   96394  6508974  67.43
  1962           3     0.00210  0.00210  0.50   96261     202   96159  6412581  66.62
  1962           4     0.00164  0.00164  0.50   96058     157   95980  6316421  65.76
  1962           5     0.00130  0.00130  0.50   95901     125   95839  6220441  64.86
  1962           6     0.00106  0.00106  0.50   95776     102   95725  6124603  63.95
  1962           7     0.00088  0.00088  0.50   95675      84   95633  6028877  63.01
  1962           8     0.00075  0.00075  0.50   95591      72   95555  5933245  62.07
  1962           9     0.00066  0.00066  0.50   95518      63   95487  5837690  61.12
  1962          10     0.00056  0.00056  0.50   95456      53   95429  5742203  60.16
  1962          11     0.00049  0.00049  0.50   95403      47   95379  5646774  59.19
  1962          12     0.00050  0.00050  0.50   95355      47   95332  5551395  58.22
  1962          13     0.00057  0.00057  0.50   95308      54   95281  5456063  57.25
  1962          14     0.00068  0.00068  0.50   95254      65   95222  5360782  56.28
  1962          15     0.00083  0.00083  0.50   95189      79   95150  5265560  55.32
  1962          16     0.00100  0.00100  0.50   95110      95   95062  5170410  54.36
  1962          17     0.00118  0.00118  0.50   95015     112   94959  5075348  53.42
  1962          18     0.00139  0.00139  0.50   94903     132   94837  4980389  52.48
  1962          19     0.00160  0.00160  0.50   94771     151   94695  4885552  51.55
  1962          20     0.00173  0.00173  0.50   94620     164   94538  4790857  50.63
  1962          21     0.00178  0.00178  0.50   94456     168   94372  4696319  49.72
  1962          22     0.00177  0.00177  0.50   94288     167   94205  4601947  48.81
  1962          23     0.00178  0.00178  0.50   94121     168   94038  4507742  47.89
  1962          24     0.00185  0.00185  0.50   93954     174   93867  4413704  46.98
  1962          25     0.00191  0.00190  0.50   93780     179   93691  4319837  46.06
  1962          26     0.00192  0.00192  0.50   93601     180   93512  4226147  45.15
  1962          27     0.00190  0.00190  0.50   93422     178   93333  4132635  44.24
  1962          28     0.00189  0.00189  0.50   93244     176   93156  4039302  43.32
  1962          29     0.00190  0.00190  0.50   93068     177   92980  3946146  42.40
  1962          30     0.00187  0.00187  0.50   92891     174   92804  3853166  41.48
  1962          31     0.00182  0.00182  0.50   92717     169   92633  3760362  40.56
  1962          32     0.00180  0.00179  0.50   92548     166   92465  3667729  39.63
  1962          33     0.00182  0.00182  0.50   92382     168   92298  3575264  38.70
  1962          34     0.00193  0.00192  0.50   92214     177   92125  3482966  37.77
  1962          35     0.00210  0.00210  0.50   92037     193   91940  3390841  36.84
  1962          36     0.00234  0.00233  0.50   91843     214   91736  3298901  35.92
  1962          37     0.00258  0.00258  0.50   91629     237   91511  3207165  35.00
  1962          38     0.00277  0.00277  0.50   91392     253   91266  3115654  34.09
  1962          39     0.00286  0.00285  0.50   91139     260   91009  3024388  33.18
  1962          40     0.00293  0.00293  0.50   90879     266   90746  2933379  32.28
  1962          41     0.00313  0.00313  0.50   90613     283   90472  2842632  31.37
  1962          42     0.00355  0.00354  0.50   90330     320   90170  2752161  30.47
  1962          43     0.00405  0.00404  0.50   90010     364   89828  2661991  29.57
  1962          44     0.00448  0.00447  0.50   89646     400   89446  2572163  28.69
  1962          45     0.00479  0.00478  0.50   89245     426   89032  2482717  27.82
  1962          46     0.00501  0.00500  0.50   88819     444   88597  2393685  26.95
  1962          47     0.00530  0.00529  0.50   88375     467   88141  2305087  26.08
  1962          48     0.00570  0.00569  0.50   87908     500   87658  2216946  25.22
  1962          49     0.00621  0.00619  0.50   87408     541   87137  2129289  24.36
  1962          50     0.00675  0.00673  0.50   86867     584   86575  2042151  23.51
  1962          51     0.00727  0.00724  0.50   86283     625   85970  1955577  22.66
  1962          52     0.00780  0.00777  0.50   85658     665   85325  1869607  21.83
  1962          53     0.00842  0.00839  0.50   84992     713   84636  1784282  20.99
  1962          54     0.00935  0.00931  0.50   84279     784   83887  1699646  20.17
  1962          55     0.01063  0.01057  0.50   83495     883   83054  1615759  19.35
  1962          56     0.01224  0.01216  0.50   82612    1005   82110  1532705  18.55
  1962          57     0.01399  0.01389  0.50   81607    1134   81040  1450595  17.78
  1962          58     0.01565  0.01553  0.50   80474    1250   79849  1369555  17.02
  1962          59     0.01697  0.01683  0.50   79224    1333   78557  1289706  16.28
  1962          60     0.01820  0.01804  0.50   77891    1405   77188  1211149  15.55
  1962          61     0.01971  0.01952  0.50   76486    1493   75739  1133961  14.83
  1962          62     0.02170  0.02147  0.50   74993    1610   74188  1058222  14.11
  1962          63     0.02431  0.02402  0.50   73382    1763   72501   984034  13.41
  1962          64     0.02748  0.02710  0.50   71620    1941   70649   911533  12.73
  1962          65     0.03106  0.03058  0.50   69679    2131   68613   840884  12.07
  1962          66     0.03487  0.03428  0.50   67548    2315   66390   772271  11.43
  1962          67     0.03892  0.03817  0.50   65232    2490   63987   705881  10.82
  1962          68     0.04324  0.04232  0.50   62742    2655   61414   641894  10.23
  1962          69     0.04787  0.04675  0.50   60087    2809   58682   580479   9.66
  1962          70     0.05295  0.05158  0.50   57277    2955   55800   521797   9.11
  1962          71     0.05886  0.05718  0.50   54323    3106   52770   465997   8.58
  1962          72     0.06565  0.06357  0.50   51217    3256   49589   413228   8.07
  1962          73     0.07319  0.07060  0.50   47961    3386   46268   363639   7.58
  1962          74     0.08107  0.07792  0.50   44575    3473   42838   317371   7.12
  1962          75     0.08889  0.08510  0.50   41102    3498   39353   274533   6.68
  1962          76     0.09655  0.09211  0.50   37604    3464   35872   235180   6.25
  1962          77     0.10509  0.09985  0.50   34140    3409   32436   199308   5.84
  1962          78     0.11567  0.10934  0.50   30732    3360   29051   166872   5.43
  1962          79     0.12886  0.12106  0.50   27371    3314   25714   137820   5.04
  1962          80     0.14494  0.13514  0.50   24058    3251   22432   112106   4.66
  1962          81     0.16331  0.15098  0.50   20806    3141   19236    89674   4.31
  1962          82     0.18334  0.16795  0.50   17665    2967   16182    70438   3.99
  1962          83     0.20492  0.18588  0.50   14698    2732   13332    54256   3.69
  1962          84     0.22808  0.20473  0.50   11966    2450   10741    40924   3.42
  1962          85     0.25284  0.22446  0.50    9516    2136    8448    30183   3.17
  1962          86     0.27921  0.24501  0.50    7380    1808    6476    21735   2.94
  1962          87     0.30717  0.26628  0.50    5572    1484    4830    15259   2.74
  1962          88     0.33663  0.28813  0.50    4088    1178    3499    10428   2.55
  1962          89     0.36740  0.31038  0.50    2910     903    2459     6929   2.38
  1962          90     0.39931  0.33285  0.50    2007     668    1673     4470   2.23
  1962          91     0.43209  0.35532  0.50    1339     476    1101     2797   2.09
  1962          92     0.46548  0.37760  0.50     863     326     700     1696   1.97
  1962          93     0.49918  0.39947  0.50     537     215     430      996   1.85
  1962          94     0.53289  0.42077  0.50     323     136     255      566   1.75
  1962          95     0.56630  0.44133  0.50     187      82     146      311   1.67
  1962          96     0.59912  0.46102  0.50     104      48      80      166   1.59
  1962          97     0.63108  0.47971  0.50      56      27      43       85   1.52
  1962          98     0.66195  0.49734  0.50      29      15      22       43   1.46
  1962          99     0.69149  0.51384  0.50      15       8      11       21   1.40
  1962         100     0.71956  0.52917  0.50       7       4       5       10   1.35
  1962         101     0.74602  0.54335  0.50       3       2       2        4   1.31
  1962         102     0.77077  0.55636  0.50       2       1       1        2   1.27
  1962         103     0.79375  0.56824  0.50       1       0       0        1   1.24
  1962         104     0.81495  0.57901  0.50       0       0       0        0   1.21
  1962         105     0.83435  0.58874  0.50       0       0       0        0   1.18
  1962         106     0.85204  0.59750  0.50       0       0       0        0   1.16
  1962         107     0.86813  0.60536  0.50       0       0       0        0   1.14
  1962         108     0.88291  0.61251  0.50       0       0       0        0   1.12
  1962         109     0.89675  0.61914  0.50       0       0       0        0   1.11
  1962         110+    0.91430  1.00000  1.09       0       0       0        0   1.09
  1963           0     0.02917  0.02848  0.17  100000    2848   97633  6805836  68.06
  1963           1     0.00215  0.00214  0.50   97152     208   97048  6708203  69.05
  1963           2     0.00182  0.00182  0.50   96944     176   96856  6611155  68.20
  1963           3     0.00152  0.00151  0.50   96768     146   96695  6514300  67.32
  1963           4     0.00126  0.00126  0.50   96621     122   96560  6417605  66.42
  1963           5     0.00106  0.00106  0.50   96500     102   96448  6321045  65.50
  1963           6     0.00090  0.00090  0.50   96397      87   96354  6224596  64.57
  1963           7     0.00075  0.00075  0.50   96311      73   96274  6128242  63.63
  1963           8     0.00063  0.00063  0.50   96238      61   96208  6031968  62.68
  1963           9     0.00054  0.00054  0.50   96177      52   96151  5935760  61.72
  1963          10     0.00048  0.00048  0.50   96125      47   96102  5839609  60.75
  1963          11     0.00046  0.00046  0.50   96078      45   96056  5743508  59.78
  1963          12     0.00048  0.00048  0.50   96034      46   96011  5647452  58.81
  1963          13     0.00054  0.00054  0.50   95987      52   95962  5551441  57.84
  1963          14     0.00062  0.00062  0.50   95936      59   95906  5455480  56.87
  1963          15     0.00072  0.00072  0.50   95877      69   95842  5359573  55.90
  1963          16     0.00084  0.00084  0.50   95807      81   95767  5263731  54.94
  1963          17     0.00098  0.00097  0.50   95726      93   95680  5167965  53.99
  1963          18     0.00111  0.00111  0.50   95633     106   95580  5072285  53.04
  1963          19     0.00124  0.00124  0.50   95527     118   95468  4976705  52.10
  1963          20     0.00137  0.00137  0.50   95409     131   95343  4881237  51.16
  1963          21     0.00150  0.00150  0.50   95278     143   95207  4785894  50.23
  1963          22     0.00163  0.00163  0.50   95135     155   95058  4690687  49.31
  1963          23     0.00175  0.00175  0.50   94980     166   94897  4595629  48.39
  1963          24     0.00184  0.00184  0.50   94814     175   94727  4500732  47.47
  1963          25     0.00190  0.00190  0.50   94639     180   94549  4406006  46.56
  1963          26     0.00192  0.00191  0.50   94460     181   94369  4311457  45.64
  1963          27     0.00189  0.00189  0.50   94279     178   94190  4217087  44.73
  1963          28     0.00186  0.00186  0.50   94101     175   94013  4122898  43.81
  1963          29     0.00185  0.00185  0.50   93926     174   93839  4028884  42.89
  1963          30     0.00190  0.00189  0.50   93752     178   93664  3935045  41.97
  1963          31     0.00198  0.00198  0.50   93575     185   93482  3841381  41.05
  1963          32     0.00207  0.00206  0.50   93390     193   93294  3747899  40.13
  1963          33     0.00214  0.00214  0.50   93197     199   93098  3654605  39.21
  1963          34     0.00220  0.00219  0.50   92998     204   92896  3561508  38.30
  1963          35     0.00224  0.00224  0.50   92794     207   92690  3468612  37.38
  1963          36     0.00229  0.00229  0.50   92586     212   92480  3375922  36.46
  1963          37     0.00239  0.00239  0.50   92375     220   92264  3283441  35.54
  1963          38     0.00255  0.00254  0.50   92154     234   92037  3191177  34.63
  1963          39     0.00276  0.00276  0.50   91920     253   91793  3099140  33.72
  1963          40     0.00303  0.00303  0.50   91666     278   91528  3007347  32.81
  1963          41     0.00335  0.00334  0.50   91389     305   91236  2915820  31.91
  1963          42     0.00367  0.00366  0.50   91083     333   90917  2824583  31.01
  1963          43     0.00395  0.00395  0.50   90750     358   90571  2733667  30.12
  1963          44     0.00420  0.00419  0.50   90392     379   90202  2643096  29.24
  1963          45     0.00443  0.00442  0.50   90013     398   89814  2552893  28.36
  1963          46     0.00467  0.00466  0.50   89615     417   89406  2463079  27.49
  1963          47     0.00498  0.00497  0.50   89198     443   88976  2373673  26.61
  1963          48     0.00538  0.00536  0.50   88755     476   88517  2284697  25.74
  1963          49     0.00585  0.00583  0.50   88279     515   88021  2196180  24.88
  1963          50     0.00637  0.00635  0.50   87764     558   87485  2108159  24.02
  1963          51     0.00692  0.00689  0.50   87206     601   86906  2020674  23.17
  1963          52     0.00751  0.00748  0.50   86605     648   86281  1933769  22.33
  1963          53     0.00819  0.00816  0.50   85957     701   85607  1847488  21.49
  1963          54     0.00903  0.00899  0.50   85256     766   84873  1761881  20.67
  1963          55     0.01007  0.01002  0.50   84490     847   84066  1677008  19.85
  1963          56     0.01137  0.01130  0.50   83643     945   83170  1592942  19.04
  1963          57     0.01289  0.01281  0.50   82698    1059   82168  1509771  18.26
  1963          58     0.01458  0.01447  0.50   81639    1181   81048  1427603  17.49
  1963          59     0.01632  0.01619  0.50   80457    1302   79806  1346555  16.74
  1963          60     0.01812  0.01796  0.50   79155    1422   78444  1266749  16.00
  1963          61     0.02003  0.01983  0.50   77733    1541   76963  1188304  15.29
  1963          62     0.02210  0.02186  0.50   76192    1666   75359  1111342  14.59
  1963          63     0.02441  0.02411  0.50   74526    1797   73628  1035982  13.90
  1963          64     0.02694  0.02658  0.50   72729    1933   71763   962355  13.23
  1963          65     0.02967  0.02924  0.50   70796    2070   69761   890592  12.58
  1963          66     0.03257  0.03205  0.50   68726    2203   67625   820831  11.94
  1963          67     0.03573  0.03511  0.50   66524    2335   65356   753206  11.32
  1963          68     0.03928  0.03852  0.50   64188    2473   62952   687850  10.72
  1963          69     0.04326  0.04234  0.50   61715    2613   60409   624898  10.13
  1963          70     0.04771  0.04659  0.50   59102    2754   57726   564489   9.55
  1963          71     0.05269  0.05134  0.50   56349    2893   54902   506764   8.99
  1963          72     0.05829  0.05664  0.50   53456    3028   51942   451861   8.45
  1963          73     0.06462  0.06260  0.50   50428    3157   48850   399920   7.93
  1963          74     0.07203  0.06952  0.50   47271    3287   45628   351070   7.43
  1963          75     0.08081  0.07767  0.50   43985    3416   42277   305442   6.94
  1963          76     0.09092  0.08697  0.50   40568    3528   38804   263165   6.49
  1963          77     0.10232  0.09734  0.50   37040    3606   35238   224360   6.06
  1963          78     0.11497  0.10872  0.50   33435    3635   31617   189123   5.66
  1963          79     0.12860  0.12083  0.50   29800    3601   27999   157506   5.29
  1963          80     0.14294  0.13341  0.50   26199    3495   24452   129506   4.94
  1963          81     0.15792  0.14637  0.50   22704    3323   21042   105055   4.63
  1963          82     0.17354  0.15969  0.50   19381    3095   17833    84012   4.33
  1963          83     0.18994  0.17346  0.50   16286    2825   14873    66179   4.06
  1963          84     0.20723  0.18777  0.50   13461    2528   12197    51305   3.81
  1963          85     0.22552  0.20267  0.50   10933    2216    9825    39108   3.58
  1963          86     0.24486  0.21815  0.50    8718    1902    7767    29283   3.36
  1963          87     0.26528  0.23421  0.50    6816    1596    6018    21516   3.16
  1963          88     0.28676  0.25080  0.50    5219    1309    4565    15498   2.97
  1963          89     0.30928  0.26786  0.50    3910    1047    3387    10933   2.80
  1963          90     0.33275  0.28529  0.50    2863     817    2455     7547   2.64
  1963          91     0.35710  0.30300  0.50    2046     620    1736     5092   2.49
  1963          92     0.38222  0.32089  0.50    1426     458    1197     3356   2.35
  1963          93     0.40799  0.33886  0.50     969     328     804     2159   2.23
  1963          94     0.43427  0.35680  0.50     640     228     526     1354   2.11
  1963          95     0.46094  0.37460  0.50     412     154     335      828   2.01
  1963          96     0.48782  0.39217  0.50     258     101     207      493   1.92
  1963          97     0.51477  0.40940  0.50     157      64     125      286   1.83
  1963          98     0.54164  0.42621  0.50      92      39      73      162   1.75
  1963          99     0.56825  0.44252  0.50      53      23      41       89   1.68
  1963         100     0.59445  0.45825  0.50      30      14      23       48   1.61
  1963         101     0.62009  0.47334  0.50      16       8      12       25   1.55
  1963         102     0.64504  0.48774  0.50       8       4       6       13   1.50
  1963         103     0.66918  0.50141  0.50       4       2       3        6   1.45
  1963         104     0.69241  0.51434  0.50       2       1       2        3   1.41
  1963         105     0.71469  0.52654  0.50       1       1       1        1   1.37
  1963         106     0.73604  0.53803  0.50       0       0       0        1   1.33
  1963         107     0.75653  0.54890  0.50       0       0       0        0   1.30
  1963         108     0.77633  0.55925  0.50       0       0       0        0   1.27
  1963         109     0.79566  0.56921  0.50       0       0       0        0   1.24
  1963         110+    0.82229  1.00000  1.22       0       0       0        0   1.22
  1964           0     0.02471  0.02421  0.16  100000    2421   97974  6873115  68.73
  1964           1     0.00309  0.00308  0.50   97579     301   97429  6775141  69.43
  1964           2     0.00215  0.00215  0.50   97278     209   97174  6677712  68.65
  1964           3     0.00133  0.00133  0.50   97069     129   97005  6580539  67.79
  1964           4     0.00083  0.00083  0.50   96940      80   96900  6483534  66.88
  1964           5     0.00078  0.00078  0.50   96860      75   96822  6386634  65.94
  1964           6     0.00083  0.00083  0.50   96785      80   96745  6289812  64.99
  1964           7     0.00066  0.00066  0.50   96705      64   96673  6193067  64.04
  1964           8     0.00045  0.00045  0.50   96641      43   96619  6096395  63.08
  1964           9     0.00031  0.00031  0.50   96597      30   96582  5999776  62.11
  1964          10     0.00031  0.00031  0.50   96567      30   96552  5903193  61.13
  1964          11     0.00039  0.00039  0.50   96537      38   96518  5806641  60.15
  1964          12     0.00047  0.00047  0.50   96499      45   96476  5710124  59.17
  1964          13     0.00044  0.00044  0.50   96454      42   96433  5613648  58.20
  1964          14     0.00043  0.00043  0.50   96412      41   96391  5517215  57.23
  1964          15     0.00058  0.00058  0.50   96370      56   96342  5420824  56.25
  1964          16     0.00086  0.00086  0.50   96314      83   96272  5324482  55.28
  1964          17     0.00117  0.00117  0.50   96231     113   96175  5228210  54.33
  1964          18     0.00135  0.00135  0.50   96118     130   96053  5132035  53.39
  1964          19     0.00131  0.00130  0.50   95988     125   95926  5035982  52.46
  1964          20     0.00124  0.00124  0.50   95863     119   95804  4940056  51.53
  1964          21     0.00135  0.00135  0.50   95744     129   95679  4844252  50.60
  1964          22     0.00169  0.00169  0.50   95615     161   95534  4748573  49.66
  1964          23     0.00192  0.00192  0.50   95454     183   95362  4653039  48.75
  1964          24     0.00180  0.00179  0.50   95271     171   95185  4557676  47.84
  1964          25     0.00165  0.00165  0.50   95100     157   95021  4462491  46.92
  1964          26     0.00166  0.00166  0.50   94943     157   94864  4367470  46.00
  1964          27     0.00185  0.00185  0.50   94785     175   94698  4272606  45.08
  1964          28     0.00200  0.00200  0.50   94610     189   94516  4177908  44.16
  1964          29     0.00192  0.00192  0.50   94421     181   94331  4083393  43.25
  1964          30     0.00171  0.00171  0.50   94240     161   94160  3989062  42.33
  1964          31     0.00160  0.00160  0.50   94079     151   94003  3894902  41.40
  1964          32     0.00174  0.00174  0.50   93928     163   93846  3800899  40.47
  1964          33     0.00196  0.00195  0.50   93765     183   93673  3707052  39.54
  1964          34     0.00208  0.00208  0.50   93582     195   93484  3613379  38.61
  1964          35     0.00218  0.00218  0.50   93387     204   93285  3519895  37.69
  1964          36     0.00232  0.00231  0.50   93183     216   93075  3426610  36.77
  1964          37     0.00240  0.00240  0.50   92968     223   92856  3333535  35.86
  1964          38     0.00250  0.00249  0.50   92745     231   92629  3240679  34.94
  1964          39     0.00268  0.00267  0.50   92513     247   92390  3148050  34.03
  1964          40     0.00290  0.00289  0.50   92266     267   92133  3055660  33.12
  1964          41     0.00317  0.00316  0.50   91999     291   91854  2963528  32.21
  1964          42     0.00373  0.00372  0.50   91708     342   91537  2871674  31.31
  1964          43     0.00421  0.00420  0.50   91367     384   91175  2780137  30.43
  1964          44     0.00426  0.00425  0.50   90982     387   90789  2688962  29.55
  1964          45     0.00430  0.00430  0.50   90596     389   90401  2598173  28.68
  1964          46     0.00469  0.00468  0.50   90207     422   89996  2507772  27.80
  1964          47     0.00487  0.00485  0.50   89785     436   89567  2417776  26.93
  1964          48     0.00500  0.00499  0.50   89349     446   89126  2328210  26.06
  1964          49     0.00542  0.00540  0.50   88903     480   88663  2239084  25.19
  1964          50     0.00603  0.00601  0.50   88422     532   88157  2150421  24.32
  1964          51     0.00671  0.00669  0.50   87891     588   87597  2062265  23.46
  1964          52     0.00745  0.00742  0.50   87303     648   86979  1974668  22.62
  1964          53     0.00826  0.00823  0.50   86655     713   86299  1887689  21.78
  1964          54     0.00915  0.00911  0.50   85942     783   85551  1801390  20.96
  1964          55     0.01047  0.01042  0.50   85159     887   84716  1715839  20.15
  1964          56     0.01242  0.01234  0.50   84272    1040   83752  1631123  19.36
  1964          57     0.01433  0.01423  0.50   83232    1184   82640  1547371  18.59
  1964          58     0.01548  0.01536  0.50   82048    1260   81418  1464731  17.85
  1964          59     0.01587  0.01574  0.50   80788    1272   80152  1383313  17.12
  1964          60     0.01620  0.01607  0.50   79516    1277   78877  1303161  16.39
  1964          61     0.01714  0.01699  0.50   78238    1330   77573  1224284  15.65
  1964          62     0.01874  0.01856  0.50   76909    1428   76195  1146711  14.91
  1964          63     0.02096  0.02074  0.50   75481    1566   74698  1070516  14.18
  1964          64     0.02417  0.02388  0.50   73915    1765   73033   995818  13.47
  1964          65     0.02859  0.02818  0.50   72150    2034   71134   922785  12.79
  1964          66     0.03353  0.03298  0.50   70117    2312   68961   851651  12.15
  1964          67     0.03827  0.03755  0.50   67805    2546   66531   782691  11.54
  1964          68     0.04228  0.04140  0.50   65258    2702   63907   716159  10.97
  1964          69     0.04557  0.04456  0.50   62556    2787   61163   652252  10.43
  1964          70     0.04828  0.04714  0.50   59769    2817   58360   591089   9.89
  1964          71     0.05068  0.04942  0.50   56952    2815   55544   532729   9.35
  1964          72     0.05461  0.05316  0.50   54137    2878   52698   477185   8.81
  1964          73     0.06178  0.05992  0.50   51259    3072   49723   424487   8.28
  1964          74     0.07171  0.06923  0.50   48187    3336   46519   374764   7.78
  1964          75     0.08200  0.07877  0.50   44851    3533   43085   328244   7.32
  1964          76     0.08712  0.08349  0.50   41318    3450   39593   285160   6.90
  1964          77     0.09052  0.08660  0.50   37869    3280   36229   245566   6.48
  1964          78     0.09746  0.09293  0.50   34589    3214   32982   209338   6.05
  1964          79     0.10999  0.10425  0.50   31375    3271   29739   176356   5.62
  1964          80     0.12811  0.12040  0.50   28104    3384   26412   146616   5.22
  1964          81     0.14674  0.13671  0.50   24720    3379   23031   120204   4.86
  1964          82     0.16176  0.14966  0.50   21341    3194   19744    97174   4.55
  1964          83     0.17687  0.16250  0.50   18147    2949   16673    77430   4.27
  1964          84     0.19328  0.17625  0.50   15198    2679   13859    60757   4.00
  1964          85     0.21098  0.19085  0.50   12519    2389   11325    46899   3.75
  1964          86     0.22992  0.20622  0.50   10130    2089    9086    35574   3.51
  1964          87     0.25004  0.22226  0.50    8041    1787    7148    26488   3.29
  1964          88     0.27130  0.23889  0.50    6254    1494    5507    19340   3.09
  1964          89     0.29364  0.25605  0.50    4760    1219    4151    13834   2.91
  1964          90     0.31703  0.27365  0.50    3541     969    3057     9683   2.73
  1964          91     0.34137  0.29160  0.50    2572     750    2197     6626   2.58
  1964          92     0.36658  0.30980  0.50    1822     564    1540     4429   2.43
  1964          93     0.39255  0.32814  0.50    1258     413    1051     2889   2.30
  1964          94     0.41913  0.34652  0.50     845     293     699     1838   2.18
  1964          95     0.44620  0.36481  0.50     552     201     451     1140   2.06
  1964          96     0.47359  0.38291  0.50     351     134     284      688   1.96
  1964          97     0.50113  0.40072  0.50     216      87     173      405   1.87
  1964          98     0.52867  0.41814  0.50     130      54     103      231   1.78
  1964          99     0.55604  0.43508  0.50      75      33      59      129   1.71
  1964         100     0.58307  0.45145  0.50      43      19      33       70   1.64
  1964         101     0.60961  0.46720  0.50      23      11      18       37   1.58
  1964         102     0.63551  0.48227  0.50      12       6       9       19   1.52
  1964         103     0.66066  0.49661  0.50       6       3       5        9   1.47
  1964         104     0.68493  0.51021  0.50       3       2       2        5   1.42
  1964         105     0.70824  0.52303  0.50       2       1       1        2   1.38
  1964         106     0.73049  0.53506  0.50       1       0       1        1   1.34
  1964         107     0.75162  0.54631  0.50       0       0       0        0   1.30
  1964         108     0.77155  0.55677  0.50       0       0       0        0   1.27
  1964         109     0.79035  0.56649  0.50       0       0       0        0   1.25
  1964         110+    0.81922  1.00000  1.22       0       0       0        0   1.22
  1965           0     0.02506  0.02455  0.16  100000    2455   97947  6867733  68.68
  1965           1     0.00243  0.00243  0.50   97545     237   97427  6769786  69.40
  1965           2     0.00195  0.00195  0.50   97308     189   97214  6672359  68.57
  1965           3     0.00153  0.00153  0.50   97119     148   97045  6575146  67.70
  1965           4     0.00120  0.00120  0.50   96971     117   96912  6478101  66.80
  1965           5     0.00099  0.00099  0.50   96854      96   96806  6381189  65.88
  1965           6     0.00085  0.00085  0.50   96758      82   96717  6284382  64.95
  1965           7     0.00074  0.00074  0.50   96676      72   96640  6187665  64.00
  1965           8     0.00065  0.00065  0.50   96604      62   96573  6091025  63.05
  1965           9     0.00056  0.00056  0.50   96542      54   96515  5994452  62.09
  1965          10     0.00049  0.00049  0.50   96488      47   96465  5897937  61.13
  1965          11     0.00045  0.00045  0.50   96441      43   96420  5801473  60.16
  1965          12     0.00044  0.00044  0.50   96398      43   96377  5705053  59.18
  1965          13     0.00047  0.00047  0.50   96355      45   96333  5608676  58.21
  1965          14     0.00052  0.00052  0.50   96310      50   96285  5512344  57.24
  1965          15     0.00061  0.00061  0.50   96260      59   96231  5416058  56.26
  1965          16     0.00074  0.00074  0.50   96201      71   96166  5319828  55.30
  1965          17     0.00089  0.00089  0.50   96130      86   96087  5223662  54.34
  1965          18     0.00106  0.00106  0.50   96045     102   95994  5127575  53.39
  1965          19     0.00124  0.00124  0.50   95943     119   95884  5031581  52.44
  1965          20     0.00141  0.00140  0.50   95824     135   95757  4935697  51.51
  1965          21     0.00155  0.00155  0.50   95690     148   95616  4839940  50.58
  1965          22     0.00167  0.00167  0.50   95541     159   95462  4744325  49.66
  1965          23     0.00176  0.00176  0.50   95382     168   95298  4648863  48.74
  1965          24     0.00181  0.00181  0.50   95214     173   95128  4553565  47.82
  1965          25     0.00181  0.00181  0.50   95042     172   94956  4458437  46.91
  1965          26     0.00176  0.00176  0.50   94870     167   94786  4363482  45.99
  1965          27     0.00167  0.00166  0.50   94703     158   94624  4268695  45.07
  1965          28     0.00159  0.00159  0.50   94545     151   94470  4174071  44.15
  1965          29     0.00159  0.00159  0.50   94395     150   94320  4079601  43.22
  1965          30     0.00165  0.00165  0.50   94244     155   94167  3985281  42.29
  1965          31     0.00173  0.00173  0.50   94089     163   94008  3891115  41.36
  1965          32     0.00181  0.00181  0.50   93926     170   93841  3797107  40.43
  1965          33     0.00187  0.00186  0.50   93756     175   93669  3703266  39.50
  1965          34     0.00190  0.00190  0.50   93581     177   93493  3609597  38.57
  1965          35     0.00194  0.00193  0.50   93404     181   93314  3516104  37.64
  1965          36     0.00202  0.00201  0.50   93223     188   93129  3422791  36.72
  1965          37     0.00215  0.00215  0.50   93036     200   92936  3329661  35.79
  1965          38     0.00232  0.00232  0.50   92836     215   92728  3236726  34.87
  1965          39     0.00251  0.00251  0.50   92620     232   92504  3143998  33.95
  1965          40     0.00271  0.00270  0.50   92388     250   92263  3051494  33.03
  1965          41     0.00292  0.00291  0.50   92138     269   92004  2959230  32.12
  1965          42     0.00317  0.00316  0.50   91870     291   91725  2867226  31.21
  1965          43     0.00344  0.00343  0.50   91579     315   91422  2775502  30.31
  1965          44     0.00371  0.00371  0.50   91265     338   91096  2684079  29.41
  1965          45     0.00398  0.00398  0.50   90927     362   90746  2592984  28.52
  1965          46     0.00427  0.00426  0.50   90565     386   90372  2502238  27.63
  1965          47     0.00461  0.00460  0.50   90179     414   89972  2411866  26.75
  1965          48     0.00501  0.00500  0.50   89765     449   89540  2321894  25.87
  1965          49     0.00549  0.00547  0.50   89316     489   89072  2232354  24.99
  1965          50     0.00604  0.00602  0.50   88827     535   88560  2143282  24.13
  1965          51     0.00668  0.00666  0.50   88292     588   87998  2054723  23.27
  1965          52     0.00742  0.00739  0.50   87704     648   87380  1966724  22.42
  1965          53     0.00828  0.00824  0.50   87056     717   86697  1879344  21.59
  1965          54     0.00921  0.00917  0.50   86339     791   85943  1792647  20.76
  1965          55     0.01019  0.01014  0.50   85547     868   85113  1706704  19.95
  1965          56     0.01123  0.01116  0.50   84679     945   84207  1621591  19.15
  1965          57     0.01235  0.01227  0.50   83734    1027   83220  1537384  18.36
  1965          58     0.01361  0.01352  0.50   82707    1118   82148  1454164  17.58
  1965          59     0.01507  0.01496  0.50   81589    1221   80979  1372016  16.82
  1965          60     0.01671  0.01657  0.50   80368    1332   79702  1291037  16.06
  1965          61     0.01849  0.01832  0.50   79036    1448   78313  1211335  15.33
  1965          62     0.02044  0.02024  0.50   77589    1570   76804  1133022  14.60
  1965          63     0.02263  0.02238  0.50   76018    1701   75168  1056219  13.89
  1965          64     0.02508  0.02477  0.50   74317    1841   73397   981051  13.20
  1965          65     0.02783  0.02745  0.50   72476    1990   71482   907654  12.52
  1965          66     0.03107  0.03060  0.50   70487    2157   69408   836173  11.86
  1965          67     0.03481  0.03422  0.50   68330    2338   67161   766764  11.22
  1965          68     0.03902  0.03827  0.50   65992    2525   64729   699603  10.60
  1965          69     0.04369  0.04276  0.50   63467    2714   62110   634874  10.00
  1965          70     0.04892  0.04775  0.50   60753    2901   59303   572764   9.43
  1965          71     0.05497  0.05350  0.50   57852    3095   56305   513461   8.88
  1965          72     0.06173  0.05989  0.50   54757    3279   53118   457157   8.35
  1965          73     0.06901  0.06671  0.50   51478    3434   49761   404039   7.85
  1965          74     0.07663  0.07380  0.50   48044    3546   46271   354278   7.37
  1965          75     0.08462  0.08118  0.50   44498    3612   42692   308007   6.92
  1965          76     0.09350  0.08932  0.50   40886    3652   39060   265314   6.49
  1965          77     0.10339  0.09831  0.50   37234    3661   35404   226254   6.08
  1965          78     0.11430  0.10812  0.50   33573    3630   31758   190851   5.68
  1965          79     0.12633  0.11883  0.50   29943    3558   28164   159092   5.31
  1965          80     0.13964  0.13052  0.50   26385    3444   24663   130928   4.96
  1965          81     0.15427  0.14322  0.50   22941    3286   21299   106264   4.63
  1965          82     0.17024  0.15689  0.50   19656    3084   18114    84966   4.32
  1965          83     0.18758  0.17149  0.50   16572    2842   15151    66852   4.03
  1965          84     0.20626  0.18698  0.50   13730    2567   12446    51701   3.77
  1965          85     0.22630  0.20329  0.50   11163    2269   10028    39254   3.52
  1965          86     0.24766  0.22037  0.50    8893    1960    7914    29226   3.29
  1965          87     0.27033  0.23814  0.50    6934    1651    6108    21313   3.07
  1965          88     0.29424  0.25650  0.50    5282    1355    4605    15205   2.88
  1965          89     0.31933  0.27537  0.50    3927    1082    3387    10600   2.70
  1965          90     0.34551  0.29462  0.50    2846     838    2427     7213   2.53
  1965          91     0.37265  0.31412  0.50    2008     631    1692     4786   2.38
  1965          92     0.40061  0.33376  0.50    1377     460    1147     3094   2.25
  1965          93     0.42924  0.35339  0.50     917     324     755     1947   2.12
  1965          94     0.45833  0.37288  0.50     593     221     483     1192   2.01
  1965          95     0.48772  0.39210  0.50     372     146     299      709   1.91
  1965          96     0.51720  0.41093  0.50     226      93     180      410   1.81
  1965          97     0.54655  0.42925  0.50     133      57     105      230   1.73
  1965          98     0.57559  0.44696  0.50      76      34      59      126   1.65
  1965          99     0.60412  0.46397  0.50      42      20      32       67   1.58
  1965         100     0.63196  0.48022  0.50      23      11      17       34   1.52
  1965         101     0.65893  0.49563  0.50      12       6       9       17   1.47
  1965         102     0.68488  0.51017  0.50       6       3       4        8   1.42
  1965         103     0.70968  0.52381  0.50       3       2       2        4   1.37
  1965         104     0.73323  0.53653  0.50       1       1       1        2   1.33
  1965         105     0.75547  0.54834  0.50       1       0       0        1   1.30
  1965         106     0.77643  0.55930  0.50       0       0       0        0   1.27
  1965         107     0.79618  0.56947  0.50       0       0       0        0   1.24
  1965         108     0.81494  0.57901  0.50       0       0       0        0   1.21
  1965         109     0.83302  0.58808  0.50       0       0       0        0   1.19
  1965         110+    0.85720  1.00000  1.17       0       0       0        0   1.17
  1966           0     0.02151  0.02112  0.16  100000    2112   98224  6924287  69.24
  1966           1     0.00167  0.00167  0.50   97888     164   97806  6826063  69.73
  1966           2     0.00145  0.00145  0.50   97724     142   97653  6728257  68.85
  1966           3     0.00124  0.00124  0.50   97582     121   97521  6630604  67.95
  1966           4     0.00105  0.00105  0.50   97461     102   97410  6533083  67.03
  1966           5     0.00088  0.00088  0.50   97359      85   97316  6435673  66.10
  1966           6     0.00074  0.00074  0.50   97273      72   97237  6338357  65.16
  1966           7     0.00063  0.00063  0.50   97202      61   97171  6241119  64.21
  1966           8     0.00055  0.00055  0.50   97141      53   97114  6143948  63.25
  1966           9     0.00049  0.00049  0.50   97087      48   97063  6046834  62.28
  1966          10     0.00047  0.00047  0.50   97039      45   97017  5949771  61.31
  1966          11     0.00047  0.00047  0.50   96994      46   96971  5852754  60.34
  1966          12     0.00050  0.00050  0.50   96948      49   96924  5755783  59.37
  1966          13     0.00057  0.00057  0.50   96900      55   96872  5658859  58.40
  1966          14     0.00066  0.00066  0.50   96845      64   96813  5561987  57.43
  1966          15     0.00077  0.00077  0.50   96781      75   96744  5465174  56.47
  1966          16     0.00090  0.00090  0.50   96707      87   96663  5368430  55.51
  1966          17     0.00104  0.00104  0.50   96619     100   96569  5271767  54.56
  1966          18     0.00117  0.00117  0.50   96519     113   96463  5175197  53.62
  1966          19     0.00128  0.00128  0.50   96406     123   96345  5078735  52.68
  1966          20     0.00136  0.00136  0.50   96283     131   96218  4982390  51.75
  1966          21     0.00142  0.00142  0.50   96152     137   96084  4886172  50.82
  1966          22     0.00147  0.00147  0.50   96016     141   95946  4790088  49.89
  1966          23     0.00150  0.00150  0.50   95875     144   95803  4694142  48.96
  1966          24     0.00154  0.00154  0.50   95731     147   95657  4598339  48.03
  1966          25     0.00157  0.00157  0.50   95584     150   95509  4502682  47.11
  1966          26     0.00159  0.00159  0.50   95434     152   95358  4407173  46.18
  1966          27     0.00160  0.00160  0.50   95282     152   95206  4311815  45.25
  1966          28     0.00161  0.00161  0.50   95130     153   95054  4216608  44.32
  1966          29     0.00162  0.00162  0.50   94977     154   94900  4121555  43.40
  1966          30     0.00166  0.00166  0.50   94823     158   94744  4026655  42.46
  1966          31     0.00172  0.00172  0.50   94666     162   94584  3931910  41.53
  1966          32     0.00178  0.00178  0.50   94503     168   94419  3837326  40.61
  1966          33     0.00185  0.00185  0.50   94335     175   94248  3742907  39.68
  1966          34     0.00194  0.00194  0.50   94160     182   94069  3648659  38.75
  1966          35     0.00203  0.00203  0.50   93978     191   93882  3554590  37.82
  1966          36     0.00213  0.00212  0.50   93787     199   93688  3460708  36.90
  1966          37     0.00224  0.00224  0.50   93588     209   93483  3367020  35.98
  1966          38     0.00238  0.00238  0.50   93379     222   93267  3273537  35.06
  1966          39     0.00256  0.00256  0.50   93156     239   93037  3180270  34.14
  1966          40     0.00278  0.00278  0.50   92918     258   92788  3087233  33.23
  1966          41     0.00304  0.00304  0.50   92659     281   92519  2994444  32.32
  1966          42     0.00332  0.00332  0.50   92378     306   92225  2901926  31.41
  1966          43     0.00363  0.00362  0.50   92072     334   91905  2809701  30.52
  1966          44     0.00398  0.00397  0.50   91738     364   91556  2717796  29.63
  1966          45     0.00436  0.00435  0.50   91374     398   91175  2626240  28.74
  1966          46     0.00477  0.00476  0.50   90976     433   90759  2535065  27.87
  1966          47     0.00518  0.00517  0.50   90543     468   90309  2444306  27.00
  1966          48     0.00558  0.00557  0.50   90075     502   89824  2353997  26.13
  1966          49     0.00600  0.00598  0.50   89573     536   89305  2264173  25.28
  1966          50     0.00646  0.00644  0.50   89037     573   88751  2174868  24.43
  1966          51     0.00698  0.00695  0.50   88464     615   88157  2086117  23.58
  1966          52     0.00758  0.00755  0.50   87849     664   87517  1997960  22.74
  1966          53     0.00829  0.00826  0.50   87186     720   86826  1910443  21.91
  1966          54     0.00913  0.00909  0.50   86466     786   86073  1823618  21.09
  1966          55     0.01010  0.01005  0.50   85680     861   85249  1737545  20.28
  1966          56     0.01122  0.01116  0.50   84818     946   84345  1652296  19.48
  1966          57     0.01247  0.01239  0.50   83872    1039   83353  1567951  18.69
  1966          58     0.01383  0.01373  0.50   82833    1138   82264  1484598  17.92
  1966          59     0.01530  0.01518  0.50   81695    1240   81075  1402334  17.17
  1966          60     0.01689  0.01675  0.50   80455    1347   79781  1321259  16.42
  1966          61     0.01864  0.01847  0.50   79108    1461   78377  1241477  15.69
  1966          62     0.02061  0.02040  0.50   77646    1584   76854  1163100  14.98
  1966          63     0.02283  0.02257  0.50   76062    1717   75204  1086245  14.28
  1966          64     0.02533  0.02501  0.50   74345    1860   73416  1011041  13.60
  1966          65     0.02812  0.02773  0.50   72486    2010   71481   937626  12.94
  1966          66     0.03118  0.03070  0.50   70476    2164   69394   866145  12.29
  1966          67     0.03453  0.03394  0.50   68313    2319   67153   796751  11.66
  1966          68     0.03818  0.03746  0.50   65994    2472   64758   729597  11.06
  1966          69     0.04218  0.04131  0.50   63522    2624   62210   664840  10.47
  1966          70     0.04660  0.04554  0.50   60897    2773   59511   602630   9.90
  1966          71     0.05152  0.05023  0.50   58124    2919   56664   543119   9.34
  1966          72     0.05700  0.05542  0.50   55205    3059   53675   486455   8.81
  1966          73     0.06311  0.06118  0.50   52145    3190   50550   432780   8.30
  1966          74     0.06995  0.06759  0.50   48955    3309   47301   382229   7.81
  1966          75     0.07765  0.07475  0.50   45646    3412   43940   334929   7.34
  1966          76     0.08638  0.08280  0.50   42234    3497   40486   290988   6.89
  1966          77     0.09611  0.09170  0.50   38737    3552   36961   250502   6.47
  1966          78     0.10680  0.10139  0.50   35185    3567   33401   213541   6.07
  1966          79     0.11848  0.11185  0.50   31618    3537   29849   180140   5.70
  1966          80     0.13113  0.12306  0.50   28081    3456   26353   150291   5.35
  1966          81     0.14448  0.13475  0.50   24625    3318   22966   123938   5.03
  1966          82     0.15828  0.14667  0.50   21307    3125   19745   100971   4.74
  1966          83     0.17246  0.15877  0.50   18182    2887   16739    81227   4.47
  1966          84     0.18703  0.17104  0.50   15295    2616   13987    64488   4.22
  1966          85     0.20205  0.18351  0.50   12679    2327   11516    50501   3.98
  1966          86     0.21759  0.19624  0.50   10352    2032    9337    38985   3.77
  1966          87     0.23373  0.20927  0.50    8321    1741    7450    29648   3.56
  1966          88     0.25052  0.22264  0.50    6580    1465    5847    22198   3.37
  1966          89     0.26802  0.23635  0.50    5115    1209    4510    16351   3.20
  1966          90     0.28623  0.25040  0.50    3906     978    3417    11840   3.03
  1966          91     0.30516  0.26476  0.50    2928     775    2540     8423   2.88
  1966          92     0.32478  0.27941  0.50    2153     601    1852     5883   2.73
  1966          93     0.34505  0.29428  0.50    1551     456    1323     4031   2.60
  1966          94     0.36591  0.30932  0.50    1095     339     925     2708   2.47
  1966          95     0.38730  0.32446  0.50     756     245     633     1783   2.36
  1966          96     0.40913  0.33965  0.50     511     173     424     1149   2.25
  1966          97     0.43132  0.35481  0.50     337     120     277      725   2.15
  1966          98     0.45378  0.36986  0.50     218      80     177      448   2.06
  1966          99     0.47641  0.38476  0.50     137      53     111      271   1.97
  1966         100     0.49911  0.39943  0.50      84      34      68      160   1.89
  1966         101     0.52178  0.41382  0.50      51      21      40       92   1.82
  1966         102     0.54433  0.42788  0.50      30      13      23       52   1.75
  1966         103     0.56669  0.44157  0.50      17       8      13       29   1.69
  1966         104     0.58878  0.45487  0.50       9       4       7       16   1.63
  1966         105     0.61057  0.46777  0.50       5       2       4        8   1.58
  1966         106     0.63205  0.48027  0.50       3       1       2        4   1.53
  1966         107     0.65324  0.49241  0.50       1       1       1        2   1.49
  1966         108     0.67420  0.50422  0.50       1       0       1        1   1.45
  1966         109     0.69499  0.51577  0.50       0       0       0        1   1.41
  1966         110+    0.72780  1.00000  1.37       0       0       0        0   1.37
  1967           0     0.02119  0.02082  0.16  100000    2082   98249  6980357  69.80
  1967           1     0.00192  0.00192  0.50   97918     188   97825  6882108  70.28
  1967           2     0.00153  0.00153  0.50   97731     150   97656  6784283  69.42
  1967           3     0.00119  0.00119  0.50   97581     116   97523  6686627  68.52
  1967           4     0.00091  0.00091  0.50   97465      88   97421  6589104  67.60
  1967           5     0.00071  0.00070  0.50   97377      69   97343  6491683  66.67
  1967           6     0.00058  0.00058  0.50   97308      56   97280  6394340  65.71
  1967           7     0.00050  0.00050  0.50   97252      49   97228  6297060  64.75
  1967           8     0.00046  0.00046  0.50   97204      45   97181  6199832  63.78
  1967           9     0.00044  0.00044  0.50   97159      43   97137  6102651  62.81
  1967          10     0.00043  0.00043  0.50   97116      42   97095  6005514  61.84
  1967          11     0.00043  0.00043  0.50   97074      42   97053  5908419  60.87
  1967          12     0.00046  0.00046  0.50   97032      44   97010  5811366  59.89
  1967          13     0.00052  0.00052  0.50   96988      50   96963  5714356  58.92
  1967          14     0.00061  0.00061  0.50   96938      59   96908  5617394  57.95
  1967          15     0.00074  0.00074  0.50   96878      72   96842  5520486  56.98
  1967          16     0.00089  0.00089  0.50   96806      86   96763  5423644  56.03
  1967          17     0.00103  0.00103  0.50   96720     100   96670  5326881  55.08
  1967          18     0.00115  0.00115  0.50   96620     111   96565  5230211  54.13
  1967          19     0.00126  0.00126  0.50   96509     122   96448  5133646  53.19
  1967          20     0.00137  0.00137  0.50   96387     132   96321  5037198  52.26
  1967          21     0.00147  0.00147  0.50   96255     141   96184  4940877  51.33
  1967          22     0.00155  0.00154  0.50   96114     148   96039  4844693  50.41
  1967          23     0.00158  0.00158  0.50   95965     152   95889  4748654  49.48
  1967          24     0.00157  0.00157  0.50   95813     150   95738  4652765  48.56
  1967          25     0.00153  0.00153  0.50   95663     146   95590  4557027  47.64
  1967          26     0.00149  0.00149  0.50   95517     142   95446  4461437  46.71
  1967          27     0.00147  0.00147  0.50   95375     140   95305  4365991  45.78
  1967          28     0.00148  0.00148  0.50   95234     141   95164  4270687  44.84
  1967          29     0.00150  0.00150  0.50   95094     142   95022  4175523  43.91
  1967          30     0.00152  0.00152  0.50   94951     144   94879  4080500  42.97
  1967          31     0.00156  0.00156  0.50   94807     148   94733  3985621  42.04
  1967          32     0.00164  0.00163  0.50   94659     155   94582  3890888  41.10
  1967          33     0.00172  0.00172  0.50   94504     163   94423  3796306  40.17
  1967          34     0.00181  0.00181  0.50   94342     170   94256  3701883  39.24
  1967          35     0.00190  0.00190  0.50   94171     179   94082  3607627  38.31
  1967          36     0.00202  0.00202  0.50   93992     190   93897  3513545  37.38
  1967          37     0.00218  0.00218  0.50   93803     205   93700  3419647  36.46
  1967          38     0.00237  0.00236  0.50   93598     221   93487  3325947  35.53
  1967          39     0.00254  0.00254  0.50   93377     237   93258  3232460  34.62
  1967          40     0.00270  0.00269  0.50   93140     251   93015  3139201  33.70
  1967          41     0.00282  0.00282  0.50   92889     262   92758  3046187  32.79
  1967          42     0.00292  0.00292  0.50   92627     270   92492  2953428  31.89
  1967          43     0.00303  0.00302  0.50   92357     279   92218  2860936  30.98
  1967          44     0.00317  0.00317  0.50   92078     292   91932  2768718  30.07
  1967          45     0.00338  0.00337  0.50   91786     310   91632  2676786  29.16
  1967          46     0.00366  0.00365  0.50   91477     334   91310  2585155  28.26
  1967          47     0.00401  0.00400  0.50   91143     364   90961  2493845  27.36
  1967          48     0.00443  0.00442  0.50   90778     402   90578  2402884  26.47
  1967          49     0.00494  0.00493  0.50   90377     445   90154  2312307  25.59
  1967          50     0.00551  0.00550  0.50   89931     494   89684  2222152  24.71
  1967          51     0.00612  0.00610  0.50   89437     546   89164  2132468  23.84
  1967          52     0.00676  0.00673  0.50   88891     599   88592  2043304  22.99
  1967          53     0.00742  0.00740  0.50   88293     653   87966  1954711  22.14
  1967          54     0.00821  0.00817  0.50   87640     716   87282  1866745  21.30
  1967          55     0.00917  0.00913  0.50   86923     794   86527  1779464  20.47
  1967          56     0.01036  0.01031  0.50   86130     888   85686  1692937  19.66
  1967          57     0.01178  0.01171  0.50   85242     998   84743  1607251  18.86
  1967          58     0.01340  0.01331  0.50   84244    1121   83684  1522507  18.07
  1967          59     0.01515  0.01503  0.50   83123    1249   82498  1438824  17.31
  1967          60     0.01693  0.01678  0.50   81874    1374   81187  1356325  16.57
  1967          61     0.01868  0.01851  0.50   80499    1490   79755  1275139  15.84
  1967          62     0.02043  0.02023  0.50   79010    1598   78211  1195384  15.13
  1967          63     0.02225  0.02200  0.50   77412    1703   76560  1117173  14.43
  1967          64     0.02421  0.02392  0.50   75709    1811   74803  1040613  13.74
  1967          65     0.02641  0.02607  0.50   73898    1926   72934   965810  13.07
  1967          66     0.02896  0.02855  0.50   71971    2055   70944   892876  12.41
  1967          67     0.03194  0.03143  0.50   69917    2198   68818   821932  11.76
  1967          68     0.03543  0.03482  0.50   67719    2358   66540   753114  11.12
  1967          69     0.03961  0.03884  0.50   65361    2538   64092   686574  10.50
  1967          70     0.04459  0.04362  0.50   62823    2740   61452   622482   9.91
  1967          71     0.05042  0.04918  0.50   60082    2955   58605   561030   9.34
  1967          72     0.05688  0.05531  0.50   57127    3159   55548   502425   8.79
  1967          73     0.06374  0.06177  0.50   53968    3334   52301   446877   8.28
  1967          74     0.07096  0.06853  0.50   50634    3470   48899   394576   7.79
  1967          75     0.07854  0.07557  0.50   47164    3564   45382   345677   7.33
  1967          76     0.08664  0.08304  0.50   43600    3621   41790   300295   6.89
  1967          77     0.09556  0.09120  0.50   39979    3646   38156   258505   6.47
  1967          78     0.10551  0.10022  0.50   36333    3641   34512   220349   6.06
  1967          79     0.11636  0.10997  0.50   32692    3595   30894   185837   5.68
  1967          80     0.12798  0.12028  0.50   29097    3500   27347   154943   5.33
  1967          81     0.14056  0.13133  0.50   25597    3362   23916   127596   4.98
  1967          82     0.15439  0.14333  0.50   22235    3187   20642   103680   4.66
  1967          83     0.16958  0.15633  0.50   19048    2978   17559    83038   4.36
  1967          84     0.18617  0.17032  0.50   16071    2737   14702    65479   4.07
  1967          85     0.20417  0.18525  0.50   13333    2470   12098    50777   3.81
  1967          86     0.22354  0.20107  0.50   10863    2184    9771    38678   3.56
  1967          87     0.24425  0.21767  0.50    8679    1889    7735    28907   3.33
  1967          88     0.26626  0.23497  0.50    6790    1595    5992    21172   3.12
  1967          89     0.28948  0.25288  0.50    5194    1314    4538    15180   2.92
  1967          90     0.31386  0.27128  0.50    3881    1053    3354    10643   2.74
  1967          91     0.33929  0.29008  0.50    2828     820    2418     7288   2.58
  1967          92     0.36566  0.30914  0.50    2008     621    1697     4870   2.43
  1967          93     0.39285  0.32836  0.50    1387     455    1159     3173   2.29
  1967          94     0.42071  0.34759  0.50     932     324     770     2014   2.16
  1967          95     0.44908  0.36674  0.50     608     223     496     1244   2.05
  1967          96     0.47778  0.38565  0.50     385     148     311      747   1.94
  1967          97     0.50662  0.40423  0.50     236      96     189      437   1.85
  1967          98     0.53541  0.42234  0.50     141      59     111      248   1.76
  1967          99     0.56395  0.43991  0.50      81      36      63      137   1.68
  1967         100     0.59205  0.45682  0.50      46      21      35       74   1.61
  1967         101     0.61952  0.47301  0.50      25      12      19       38   1.55
  1967         102     0.64620  0.48840  0.50      13       6      10       19   1.49
  1967         103     0.67195  0.50297  0.50       7       3       5       10   1.44
  1967         104     0.69666  0.51668  0.50       3       2       2        5   1.40
  1967         105     0.72027  0.52956  0.50       2       1       1        2   1.35
  1967         106     0.74281  0.54164  0.50       1       0       1        1   1.32
  1967         107     0.76437  0.55302  0.50       0       0       0        0   1.28
  1967         108     0.78514  0.56381  0.50       0       0       0        0   1.25
  1967         109     0.80539  0.57417  0.50       0       0       0        0   1.22
  1967         110+    0.83221  1.00000  1.20       0       0       0        0   1.20
  1968           0     0.01786  0.01759  0.15  100000    1759   98513  6985867  69.86
  1968           1     0.00196  0.00196  0.50   98241     193   98144  6887354  70.11
  1968           2     0.00157  0.00156  0.50   98048     153   97971  6789210  69.24
  1968           3     0.00124  0.00124  0.50   97895     121   97834  6691239  68.35
  1968           4     0.00101  0.00101  0.50   97773      98   97724  6593405  67.44
  1968           5     0.00087  0.00087  0.50   97675      85   97633  6495681  66.50
  1968           6     0.00075  0.00075  0.50   97590      73   97554  6398048  65.56
  1968           7     0.00060  0.00060  0.50   97517      58   97488  6300494  64.61
  1968           8     0.00048  0.00048  0.50   97459      47   97435  6203006  63.65
  1968           9     0.00040  0.00040  0.50   97412      39   97392  6105570  62.68
  1968          10     0.00036  0.00036  0.50   97373      35   97355  6008178  61.70
  1968          11     0.00031  0.00031  0.50   97338      31   97323  5910822  60.72
  1968          12     0.00027  0.00027  0.50   97308      27   97294  5813500  59.74
  1968          13     0.00031  0.00031  0.50   97281      30   97266  5716206  58.76
  1968          14     0.00042  0.00042  0.50   97250      40   97230  5618940  57.78
  1968          15     0.00056  0.00056  0.50   97210      54   97183  5521710  56.80
  1968          16     0.00075  0.00075  0.50   97156      73   97119  5424527  55.83
  1968          17     0.00097  0.00097  0.50   97083      94   97036  5327408  54.87
  1968          18     0.00114  0.00113  0.50   96989     110   96934  5230372  53.93
  1968          19     0.00119  0.00119  0.50   96879     115   96822  5133437  52.99
  1968          20     0.00122  0.00122  0.50   96764     118   96705  5036616  52.05
  1968          21     0.00128  0.00128  0.50   96646     123   96584  4939911  51.11
  1968          22     0.00136  0.00136  0.50   96523     131   96457  4843326  50.18
  1968          23     0.00145  0.00145  0.50   96392     140   96322  4746869  49.25
  1968          24     0.00152  0.00151  0.50   96252     146   96179  4650547  48.32
  1968          25     0.00151  0.00151  0.50   96106     145   96033  4554368  47.39
  1968          26     0.00148  0.00148  0.50   95961     142   95890  4458335  46.46
  1968          27     0.00148  0.00148  0.50   95818     142   95748  4362445  45.53
  1968          28     0.00148  0.00148  0.50   95677     142   95606  4266698  44.59
  1968          29     0.00147  0.00147  0.50   95535     141   95465  4171092  43.66
  1968          30     0.00148  0.00148  0.50   95394     141   95324  4075627  42.72
  1968          31     0.00151  0.00150  0.50   95253     143   95181  3980304  41.79
  1968          32     0.00154  0.00154  0.50   95110     146   95037  3885122  40.85
  1968          33     0.00162  0.00161  0.50   94963     153   94887  3790086  39.91
  1968          34     0.00178  0.00177  0.50   94810     168   94726  3695199  38.97
  1968          35     0.00199  0.00199  0.50   94642     188   94548  3600473  38.04
  1968          36     0.00222  0.00222  0.50   94454     210   94349  3505925  37.12
  1968          37     0.00242  0.00242  0.50   94244     228   94130  3411576  36.20
  1968          38     0.00253  0.00252  0.50   94016     237   93897  3317446  35.29
  1968          39     0.00249  0.00248  0.50   93779     233   93662  3223549  34.37
  1968          40     0.00246  0.00246  0.50   93546     230   93431  3129887  33.46
  1968          41     0.00258  0.00258  0.50   93316     240   93196  3036456  32.54
  1968          42     0.00277  0.00276  0.50   93075     257   92947  2943260  31.62
  1968          43     0.00299  0.00299  0.50   92818     278   92680  2850314  30.71
  1968          44     0.00330  0.00329  0.50   92541     304   92389  2757634  29.80
  1968          45     0.00377  0.00376  0.50   92236     347   92063  2665245  28.90
  1968          46     0.00442  0.00441  0.50   91889     405   91687  2573183  28.00
  1968          47     0.00491  0.00490  0.50   91484     448   91260  2481496  27.12
  1968          48     0.00529  0.00527  0.50   91036     480   90796  2390236  26.26
  1968          49     0.00572  0.00570  0.50   90556     516   90298  2299440  25.39
  1968          50     0.00628  0.00626  0.50   90040     564   89757  2209143  24.54
  1968          51     0.00701  0.00699  0.50   89475     625   89163  2119385  23.69
  1968          52     0.00769  0.00766  0.50   88850     681   88510  2030222  22.85
  1968          53     0.00815  0.00812  0.50   88169     716   87811  1941713  22.02
  1968          54     0.00860  0.00856  0.50   87453     749   87079  1853901  21.20
  1968          55     0.00935  0.00931  0.50   86704     807   86301  1766823  20.38
  1968          56     0.01063  0.01058  0.50   85897     909   85443  1680522  19.56
  1968          57     0.01224  0.01216  0.50   84988    1034   84471  1595080  18.77
  1968          58     0.01380  0.01371  0.50   83955    1151   83379  1510608  17.99
  1968          59     0.01495  0.01484  0.50   82804    1229   82189  1427229  17.24
  1968          60     0.01602  0.01589  0.50   81575    1296   80927  1345040  16.49
  1968          61     0.01746  0.01731  0.50   80279    1390   79584  1264113  15.75
  1968          62     0.01949  0.01930  0.50   78889    1523   78128  1184529  15.02
  1968          63     0.02210  0.02186  0.50   77366    1691   76521  1106402  14.30
  1968          64     0.02476  0.02446  0.50   75675    1851   74750  1029881  13.61
  1968          65     0.02713  0.02677  0.50   73824    1976   72836   955131  12.94
  1968          66     0.02979  0.02935  0.50   71848    2109   70794   882295  12.28
  1968          67     0.03240  0.03188  0.50   69739    2223   68628   811502  11.64
  1968          68     0.03471  0.03411  0.50   67516    2303   66364   742874  11.00
  1968          69     0.03800  0.03729  0.50   65213    2432   63997   676509  10.37
  1968          70     0.04328  0.04237  0.50   62781    2660   61451   612512   9.76
  1968          71     0.04937  0.04818  0.50   60121    2897   58673   551061   9.17
  1968          72     0.05644  0.05489  0.50   57225    3141   55654   492389   8.60
  1968          73     0.06481  0.06277  0.50   54083    3395   52386   436735   8.08
  1968          74     0.07325  0.07066  0.50   50689    3582   48898   384349   7.58
  1968          75     0.08052  0.07740  0.50   47107    3646   45284   335451   7.12
  1968          76     0.08702  0.08339  0.50   43460    3624   41648   290168   6.68
  1968          77     0.09474  0.09046  0.50   39836    3603   38034   248519   6.24
  1968          78     0.10557  0.10028  0.50   36233    3633   34416   210485   5.81
  1968          79     0.11972  0.11296  0.50   32599    3682   30758   176069   5.40
  1968          80     0.13661  0.12787  0.50   28917    3698   27068   145311   5.03
  1968          81     0.15400  0.14299  0.50   25219    3606   23416   118243   4.69
  1968          82     0.17015  0.15681  0.50   21613    3389   19919    94826   4.39
  1968          83     0.18638  0.17049  0.50   18224    3107   16671    74908   4.11
  1968          84     0.20345  0.18466  0.50   15117    2792   13721    58237   3.85
  1968          85     0.22169  0.19957  0.50   12326    2460   11096    44516   3.61
  1968          86     0.24117  0.21522  0.50    9866    2123    8804    33420   3.39
  1968          87     0.26186  0.23155  0.50    7742    1793    6846    24616   3.18
  1968          88     0.28370  0.24846  0.50    5950    1478    5211    17770   2.99
  1968          89     0.30661  0.26585  0.50    4471    1189    3877    12560   2.81
  1968          90     0.33051  0.28363  0.50    3283     931    2817     8683   2.64
  1968          91     0.35531  0.30171  0.50    2352     709    1997     5865   2.49
  1968          92     0.38091  0.31997  0.50    1642     525    1379     3868   2.36
  1968          93     0.40718  0.33831  0.50    1117     378     928     2489   2.23
  1968          94     0.43400  0.35662  0.50     739     264     607     1561   2.11
  1968          95     0.46122  0.37479  0.50     475     178     386      954   2.01
  1968          96     0.48866  0.39271  0.50     297     117     239      568   1.91
  1968          97     0.51618  0.41029  0.50     181      74     143      329   1.82
  1968          98     0.54359  0.42742  0.50     106      45      84      185   1.74
  1968          99     0.57075  0.44403  0.50      61      27      47      102   1.67
  1968         100     0.59748  0.46005  0.50      34      16      26       54   1.60
  1968         101     0.62365  0.47541  0.50      18       9      14       28   1.54
  1968         102     0.64912  0.49007  0.50      10       5       7       14   1.49
  1968         103     0.67377  0.50399  0.50       5       2       4        7   1.44
  1968         104     0.69750  0.51714  0.50       2       1       2        3   1.40
  1968         105     0.72020  0.52952  0.50       1       1       1        2   1.36
  1968         106     0.74179  0.54110  0.50       1       0       0        1   1.32
  1968         107     0.76220  0.55188  0.50       0       0       0        0   1.29
  1968         108     0.78149  0.56192  0.50       0       0       0        0   1.26
  1968         109     0.79980  0.57133  0.50       0       0       0        0   1.23
  1968         110+    0.82743  1.00000  1.21       0       0       0        0   1.21
  1969           0     0.01636  0.01614  0.15  100000    1614   98632  7025878  70.26
  1969           1     0.00178  0.00178  0.50   98386     175   98298  6927246  70.41
  1969           2     0.00152  0.00152  0.50   98211     149   98136  6828947  69.53
  1969           3     0.00128  0.00128  0.50   98061     125   97999  6730811  68.64
  1969           4     0.00106  0.00106  0.50   97936     104   97884  6632812  67.73
  1969           5     0.00086  0.00086  0.50   97832      84   97790  6534928  66.80
  1969           6     0.00069  0.00069  0.50   97748      68   97714  6437138  65.85
  1969           7     0.00055  0.00055  0.50   97680      54   97653  6339424  64.90
  1969           8     0.00045  0.00045  0.50   97626      44   97604  6241770  63.94
  1969           9     0.00039  0.00039  0.50   97582      38   97563  6144166  62.96
  1969          10     0.00036  0.00036  0.50   97544      36   97526  6046603  61.99
  1969          11     0.00037  0.00037  0.50   97509      36   97490  5949077  61.01
  1969          12     0.00041  0.00041  0.50   97472      40   97453  5851586  60.03
  1969          13     0.00047  0.00047  0.50   97433      46   97410  5754133  59.06
  1969          14     0.00057  0.00057  0.50   97387      55   97359  5656724  58.09
  1969          15     0.00069  0.00069  0.50   97332      67   97298  5559364  57.12
  1969          16     0.00081  0.00081  0.50   97265      79   97226  5462066  56.16
  1969          17     0.00093  0.00093  0.50   97186      90   97141  5364840  55.20
  1969          18     0.00102  0.00102  0.50   97096      99   97047  5267700  54.25
  1969          19     0.00108  0.00108  0.50   96997     105   96945  5170653  53.31
  1969          20     0.00112  0.00112  0.50   96892     109   96838  5073708  52.36
  1969          21     0.00116  0.00116  0.50   96784     112   96728  4976870  51.42
  1969          22     0.00117  0.00117  0.50   96672     113   96615  4880142  50.48
  1969          23     0.00118  0.00118  0.50   96558     114   96502  4783527  49.54
  1969          24     0.00117  0.00117  0.50   96445     113   96388  4687026  48.60
  1969          25     0.00117  0.00117  0.50   96332     113   96275  4590638  47.65
  1969          26     0.00117  0.00117  0.50   96219     112   96163  4494362  46.71
  1969          27     0.00118  0.00118  0.50   96107     113   96050  4398199  45.76
  1969          28     0.00119  0.00119  0.50   95994     114   95936  4302149  44.82
  1969          29     0.00122  0.00122  0.50   95879     117   95821  4206213  43.87
  1969          30     0.00126  0.00126  0.50   95763     121   95702  4110392  42.92
  1969          31     0.00134  0.00134  0.50   95642     128   95578  4014690  41.98
  1969          32     0.00146  0.00146  0.50   95514     139   95444  3919112  41.03
  1969          33     0.00160  0.00160  0.50   95374     153   95298  3823668  40.09
  1969          34     0.00176  0.00175  0.50   95222     167   95138  3728370  39.15
  1969          35     0.00191  0.00191  0.50   95054     181   94964  3633232  38.22
  1969          36     0.00206  0.00206  0.50   94873     195   94776  3538269  37.29
  1969          37     0.00219  0.00219  0.50   94678     207   94575  3443493  36.37
  1969          38     0.00232  0.00232  0.50   94471     219   94361  3348918  35.45
  1969          39     0.00247  0.00246  0.50   94252     232   94136  3254557  34.53
  1969          40     0.00263  0.00263  0.50   94020     247   93896  3160422  33.61
  1969          41     0.00282  0.00281  0.50   93773     264   93641  3066525  32.70
  1969          42     0.00301  0.00301  0.50   93509     281   93368  2972885  31.79
  1969          43     0.00321  0.00320  0.50   93228     299   93078  2879516  30.89
  1969          44     0.00340  0.00340  0.50   92929     316   92771  2786438  29.98
  1969          45     0.00362  0.00361  0.50   92613     334   92446  2693667  29.09
  1969          46     0.00387  0.00387  0.50   92279     357   92101  2601221  28.19
  1969          47     0.00418  0.00417  0.50   91922     384   91730  2509120  27.30
  1969          48     0.00458  0.00457  0.50   91539     418   91329  2417390  26.41
  1969          49     0.00509  0.00508  0.50   91120     463   90889  2326060  25.53
  1969          50     0.00571  0.00569  0.50   90658     516   90400  2235171  24.66
  1969          51     0.00640  0.00638  0.50   90142     575   89854  2144771  23.79
  1969          52     0.00716  0.00714  0.50   89567     639   89247  2054917  22.94
  1969          53     0.00796  0.00793  0.50   88927     705   88575  1965670  22.10
  1969          54     0.00878  0.00874  0.50   88222     771   87837  1877095  21.28
  1969          55     0.00962  0.00957  0.50   87452     837   87033  1789258  20.46
  1969          56     0.01052  0.01046  0.50   86614     906   86161  1702225  19.65
  1969          57     0.01152  0.01145  0.50   85708     981   85217  1616064  18.86
  1969          58     0.01264  0.01256  0.50   84727    1064   84194  1530847  18.07
  1969          59     0.01388  0.01378  0.50   83662    1153   83086  1446652  17.29
  1969          60     0.01527  0.01515  0.50   82509    1250   81884  1363567  16.53
  1969          61     0.01688  0.01674  0.50   81259    1360   80579  1281683  15.77
  1969          62     0.01877  0.01859  0.50   79899    1486   79156  1201104  15.03
  1969          63     0.02101  0.02079  0.50   78413    1630   77598  1121947  14.31
  1969          64     0.02362  0.02334  0.50   76783    1792   75887  1044349  13.60
  1969          65     0.02660  0.02625  0.50   74991    1968   74007   968462  12.91
  1969          66     0.02986  0.02942  0.50   73022    2148   71948   894456  12.25
  1969          67     0.03336  0.03281  0.50   70874    2326   69711   822507  11.61
  1969          68     0.03714  0.03646  0.50   68549    2500   67299   752796  10.98
  1969          69     0.04139  0.04055  0.50   66049    2678   64710   685497  10.38
  1969          70     0.04630  0.04526  0.50   63371    2868   61937   620787   9.80
  1969          71     0.05193  0.05061  0.50   60503    3062   58972   558850   9.24
  1969          72     0.05817  0.05652  0.50   57441    3247   55817   499879   8.70
  1969          73     0.06494  0.06290  0.50   54194    3409   52490   444061   8.19
  1969          74     0.07218  0.06967  0.50   50785    3538   49016   391572   7.71
  1969          75     0.07992  0.07685  0.50   47247    3631   45432   342556   7.25
  1969          76     0.08841  0.08467  0.50   43616    3693   41770   297124   6.81
  1969          77     0.09778  0.09322  0.50   39923    3722   38062   255355   6.40
  1969          78     0.10811  0.10256  0.50   36201    3713   34345   217292   6.00
  1969          79     0.11937  0.11264  0.50   32489    3660   30659   182947   5.63
  1969          80     0.13152  0.12341  0.50   28829    3558   27050   152288   5.28
  1969          81     0.14454  0.13480  0.50   25271    3407   23568   125238   4.96
  1969          82     0.15842  0.14679  0.50   21865    3210   20260   101670   4.65
  1969          83     0.17321  0.15941  0.50   18655    2974   17168    81410   4.36
  1969          84     0.18895  0.17264  0.50   15681    2707   14328    64242   4.10
  1969          85     0.20569  0.18651  0.50   12974    2420   11764    49914   3.85
  1969          86     0.22345  0.20099  0.50   10554    2121    9494    38150   3.61
  1969          87     0.24224  0.21607  0.50    8433    1822    7522    28656   3.40
  1969          88     0.26207  0.23170  0.50    6611    1532    5845    21135   3.20
  1969          89     0.28290  0.24784  0.50    5079    1259    4450    15290   3.01
  1969          90     0.30470  0.26442  0.50    3820    1010    3315    10840   2.84
  1969          91     0.32741  0.28135  0.50    2810     791    2415     7525   2.68
  1969          92     0.35097  0.29857  0.50    2019     603    1718     5110   2.53
  1969          93     0.37527  0.31598  0.50    1417     448    1193     3392   2.39
  1969          94     0.40021  0.33348  0.50     969     323     807     2199   2.27
  1969          95     0.42567  0.35097  0.50     646     227     532     1392   2.15
  1969          96     0.45152  0.36836  0.50     419     154     342      859   2.05
  1969          97     0.47762  0.38555  0.50     265     102     214      517   1.95
  1969          98     0.50383  0.40245  0.50     163      65     130      303   1.87
  1969          99     0.52999  0.41896  0.50      97      41      77      174   1.79
  1969         100     0.55594  0.43502  0.50      56      25      44       97   1.71
  1969         101     0.58155  0.45055  0.50      32      14      25       53   1.65
  1969         102     0.60669  0.46548  0.50      18       8      13       28   1.58
  1969         103     0.63123  0.47980  0.50       9       4       7       14   1.53
  1969         104     0.65511  0.49347  0.50       5       2       4        7   1.48
  1969         105     0.67827  0.50650  0.50       2       1       2        4   1.43
  1969         106     0.70073  0.51892  0.50       1       1       1        2   1.39
  1969         107     0.72256  0.53080  0.50       1       0       0        1   1.35
  1969         108     0.74389  0.54222  0.50       0       0       0        0   1.32
  1969         109     0.76489  0.55329  0.50       0       0       0        0   1.29
  1969         110+    0.79383  1.00000  1.26       0       0       0        0   1.26
  1970           0     0.01927  0.01897  0.16  100000    1897   98400  6992766  69.93
  1970           1     0.00188  0.00188  0.50   98103     184   98011  6894366  70.28
  1970           2     0.00153  0.00153  0.50   97919     150   97844  6796355  69.41
  1970           3     0.00125  0.00125  0.50   97769     122   97708  6698511  68.51
  1970           4     0.00104  0.00104  0.50   97647     101   97596  6600803  67.60
  1970           5     0.00088  0.00088  0.50   97546      86   97503  6503206  66.67
  1970           6     0.00075  0.00075  0.50   97460      73   97424  6405703  65.73
  1970           7     0.00063  0.00063  0.50   97387      62   97356  6308280  64.78
  1970           8     0.00053  0.00053  0.50   97326      52   97300  6210923  63.82
  1970           9     0.00045  0.00045  0.50   97274      44   97252  6113624  62.85
  1970          10     0.00041  0.00041  0.50   97230      40   97210  6016372  61.88
  1970          11     0.00039  0.00039  0.50   97190      37   97171  5919162  60.90
  1970          12     0.00038  0.00038  0.50   97153      37   97134  5821990  59.93
  1970          13     0.00039  0.00039  0.50   97116      38   97097  5724856  58.95
  1970          14     0.00046  0.00046  0.50   97077      45   97055  5627760  57.97
  1970          15     0.00061  0.00061  0.50   97033      59   97003  5530705  57.00
  1970          16     0.00083  0.00083  0.50   96974      81   96933  5433701  56.03
  1970          17     0.00110  0.00110  0.50   96893     106   96840  5336768  55.08
  1970          18     0.00134  0.00134  0.50   96787     129   96722  5239928  54.14
  1970          19     0.00148  0.00148  0.50   96657     143   96586  5143206  53.21
  1970          20     0.00150  0.00149  0.50   96515     144   96443  5046619  52.29
  1970          21     0.00145  0.00145  0.50   96370     140   96301  4950177  51.37
  1970          22     0.00141  0.00141  0.50   96231     135   96163  4853876  50.44
  1970          23     0.00140  0.00140  0.50   96095     135   96028  4757713  49.51
  1970          24     0.00144  0.00144  0.50   95961     138   95891  4661685  48.58
  1970          25     0.00149  0.00149  0.50   95822     143   95751  4565794  47.65
  1970          26     0.00152  0.00152  0.50   95680     145   95607  4470043  46.72
  1970          27     0.00152  0.00152  0.50   95534     146   95462  4374436  45.79
  1970          28     0.00150  0.00149  0.50   95389     143   95318  4278974  44.86
  1970          29     0.00143  0.00143  0.50   95246     136   95178  4183657  43.92
  1970          30     0.00137  0.00137  0.50   95110     130   95045  4088478  42.99
  1970          31     0.00135  0.00135  0.50   94979     128   94915  3993434  42.05
  1970          32     0.00141  0.00140  0.50   94851     133   94784  3898518  41.10
  1970          33     0.00151  0.00151  0.50   94718     143   94646  3803734  40.16
  1970          34     0.00164  0.00164  0.50   94575     155   94497  3709088  39.22
  1970          35     0.00180  0.00180  0.50   94420     170   94335  3614590  38.28
  1970          36     0.00199  0.00199  0.50   94250     187   94156  3520256  37.35
  1970          37     0.00219  0.00219  0.50   94062     206   93959  3426100  36.42
  1970          38     0.00241  0.00241  0.50   93856     226   93743  3332140  35.50
  1970          39     0.00262  0.00262  0.50   93630     245   93508  3238397  34.59
  1970          40     0.00282  0.00281  0.50   93385     263   93254  3144890  33.68
  1970          41     0.00297  0.00297  0.50   93123     276   92984  3051636  32.77
  1970          42     0.00311  0.00310  0.50   92846     288   92702  2958651  31.87
  1970          43     0.00320  0.00320  0.50   92558     296   92410  2865949  30.96
  1970          44     0.00327  0.00326  0.50   92262     301   92112  2773539  30.06
  1970          45     0.00338  0.00337  0.50   91961     310   91806  2681427  29.16
  1970          46     0.00362  0.00362  0.50   91651     331   91486  2589621  28.26
  1970          47     0.00403  0.00403  0.50   91320     368   91136  2498135  27.36
  1970          48     0.00454  0.00453  0.50   90952     412   90746  2406999  26.46
  1970          49     0.00505  0.00504  0.50   90540     456   90312  2316253  25.58
  1970          50     0.00559  0.00557  0.50   90084     502   89833  2225940  24.71
  1970          51     0.00618  0.00616  0.50   89582     552   89306  2136108  23.85
  1970          52     0.00685  0.00682  0.50   89030     607   88726  2046802  22.99
  1970          53     0.00760  0.00758  0.50   88422     670   88088  1958076  22.14
  1970          54     0.00841  0.00838  0.50   87753     735   87385  1869988  21.31
  1970          55     0.00921  0.00917  0.50   87018     798   86619  1782603  20.49
  1970          56     0.01000  0.00995  0.50   86219     858   85790  1695984  19.67
  1970          57     0.01091  0.01085  0.50   85361     926   84898  1610194  18.86
  1970          58     0.01209  0.01202  0.50   84435    1015   83927  1525296  18.06
  1970          59     0.01357  0.01348  0.50   83420    1125   82857  1441369  17.28
  1970          60     0.01520  0.01508  0.50   82295    1241   81674  1358511  16.51
  1970          61     0.01685  0.01671  0.50   81054    1355   80376  1276837  15.75
  1970          62     0.01868  0.01851  0.50   79699    1475   78962  1196461  15.01
  1970          63     0.02084  0.02063  0.50   78224    1614   77417  1117499  14.29
  1970          64     0.02335  0.02308  0.50   76610    1768   75726  1040082  13.58
  1970          65     0.02618  0.02584  0.50   74842    1934   73875   964356  12.89
  1970          66     0.02942  0.02899  0.50   72908    2114   71851   890481  12.21
  1970          67     0.03304  0.03250  0.50   70794    2301   69644   818630  11.56
  1970          68     0.03705  0.03637  0.50   68493    2491   67248   748986  10.94
  1970          69     0.04160  0.04075  0.50   66002    2690   64657   681738  10.33
  1970          70     0.04679  0.04572  0.50   63313    2895   61865   617081   9.75
  1970          71     0.05247  0.05112  0.50   60418    3089   58873   555216   9.19
  1970          72     0.05874  0.05707  0.50   57329    3271   55693   496342   8.66
  1970          73     0.06580  0.06370  0.50   54058    3444   52336   440649   8.15
  1970          74     0.07365  0.07104  0.50   50614    3595   48816   388313   7.67
  1970          75     0.08221  0.07897  0.50   47019    3713   45162   339497   7.22
  1970          76     0.09114  0.08717  0.50   43306    3775   41418   294335   6.80
  1970          77     0.10034  0.09554  0.50   39531    3777   37642   252916   6.40
  1970          78     0.10981  0.10409  0.50   35754    3722   33893   215274   6.02
  1970          79     0.11965  0.11289  0.50   32032    3616   30224   181381   5.66
  1970          80     0.13004  0.12211  0.50   28416    3470   26681   151157   5.32
  1970          81     0.14159  0.13223  0.50   24946    3299   23297   124476   4.99
  1970          82     0.15480  0.14368  0.50   21648    3110   20093   101179   4.67
  1970          83     0.16963  0.15637  0.50   18537    2899   17088    81087   4.37
  1970          84     0.18596  0.17014  0.50   15639    2661   14308    63999   4.09
  1970          85     0.20367  0.18485  0.50   12978    2399   11778    49690   3.83
  1970          86     0.22268  0.20037  0.50   10579    2120    9519    37912   3.58
  1970          87     0.24290  0.21660  0.50    8459    1832    7543    28393   3.36
  1970          88     0.26432  0.23346  0.50    6627    1547    5853    20849   3.15
  1970          89     0.28687  0.25088  0.50    5080    1274    4443    14996   2.95
  1970          90     0.31051  0.26878  0.50    3805    1023    3294    10553   2.77
  1970          91     0.33517  0.28706  0.50    2783     799    2383     7259   2.61
  1970          92     0.36075  0.30563  0.50    1984     606    1681     4876   2.46
  1970          93     0.38715  0.32436  0.50    1378     447    1154     3195   2.32
  1970          94     0.41423  0.34316  0.50     931     319     771     2041   2.19
  1970          95     0.44183  0.36189  0.50     611     221     501     1270   2.08
  1970          96     0.46980  0.38044  0.50     390     148     316      770   1.97
  1970          97     0.49796  0.39869  0.50     242      96     194      454   1.88
  1970          98     0.52614  0.41656  0.50     145      61     115      260   1.79
  1970          99     0.55415  0.43392  0.50      85      37      66      145   1.71
  1970         100     0.58183  0.45071  0.50      48      22      37       79   1.64
  1970         101     0.60899  0.46684  0.50      26      12      20       42   1.58
  1970         102     0.63549  0.48225  0.50      14       7      11       21   1.52
  1970         103     0.66116  0.49689  0.50       7       4       5       11   1.46
  1970         104     0.68587  0.51072  0.50       4       2       3        5   1.42
  1970         105     0.70951  0.52372  0.50       2       1       1        2   1.37
  1970         106     0.73203  0.53589  0.50       1       0       1        1   1.34
  1970         107     0.75344  0.54727  0.50       0       0       0        1   1.30
  1970         108     0.77389  0.55798  0.50       0       0       0        0   1.27
  1970         109     0.79362  0.56817  0.50       0       0       0        0   1.24
  1970         110+    0.82233  1.00000  1.22       0       0       0        0   1.22
  1971           0     0.01527  0.01507  0.15  100000    1507   98721  7111184  71.11
  1971           1     0.00175  0.00175  0.50   98493     172   98407  7012463  71.20
  1971           2     0.00148  0.00148  0.50   98321     146   98248  6914057  70.32
  1971           3     0.00123  0.00123  0.50   98175     121   98114  6815809  69.43
  1971           4     0.00100  0.00100  0.50   98054      98   98005  6717694  68.51
  1971           5     0.00081  0.00081  0.50   97956      79   97916  6619689  67.58
  1971           6     0.00064  0.00064  0.50   97877      62   97846  6521773  66.63
  1971           7     0.00049  0.00049  0.50   97814      48   97791  6423928  65.67
  1971           8     0.00037  0.00037  0.50   97767      36   97749  6326137  64.71
  1971           9     0.00029  0.00029  0.50   97731      28   97717  6228388  63.73
  1971          10     0.00026  0.00026  0.50   97703      25   97690  6130671  62.75
  1971          11     0.00027  0.00027  0.50   97678      27   97664  6032981  61.76
  1971          12     0.00034  0.00034  0.50   97651      33   97634  5935317  60.78
  1971          13     0.00045  0.00045  0.50   97617      44   97595  5837683  59.80
  1971          14     0.00059  0.00059  0.50   97573      58   97544  5740088  58.83
  1971          15     0.00075  0.00075  0.50   97516      73   97479  5642543  57.86
  1971          16     0.00093  0.00092  0.50   97442      90   97397  5545065  56.91
  1971          17     0.00109  0.00109  0.50   97352     106   97299  5447668  55.96
  1971          18     0.00124  0.00123  0.50   97245     120   97185  5350369  55.02
  1971          19     0.00132  0.00132  0.50   97125     129   97061  5253183  54.09
  1971          20     0.00135  0.00135  0.50   96997     131   96931  5156122  53.16
  1971          21     0.00133  0.00132  0.50   96866     128   96802  5059191  52.23
  1971          22     0.00126  0.00126  0.50   96737     122   96677  4962389  51.30
  1971          23     0.00118  0.00118  0.50   96616     114   96559  4865713  50.36
  1971          24     0.00111  0.00111  0.50   96502     107   96448  4769154  49.42
  1971          25     0.00108  0.00108  0.50   96394     104   96342  4672706  48.47
  1971          26     0.00109  0.00108  0.50   96291     104   96238  4576364  47.53
  1971          27     0.00114  0.00113  0.50   96186     109   96132  4480126  46.58
  1971          28     0.00120  0.00120  0.50   96077     115   96019  4383994  45.63
  1971          29     0.00125  0.00125  0.50   95962     120   95902  4287975  44.68
  1971          30     0.00129  0.00129  0.50   95842     123   95780  4192073  43.74
  1971          31     0.00134  0.00134  0.50   95719     128   95655  4096292  42.80
  1971          32     0.00141  0.00140  0.50   95591     134   95524  4000637  41.85
  1971          33     0.00149  0.00149  0.50   95457     142   95386  3905114  40.91
  1971          34     0.00158  0.00158  0.50   95315     151   95239  3809728  39.97
  1971          35     0.00170  0.00170  0.50   95164     162   95083  3714489  39.03
  1971          36     0.00185  0.00185  0.50   95002     176   94914  3619406  38.10
  1971          37     0.00203  0.00203  0.50   94827     193   94730  3524492  37.17
  1971          38     0.00223  0.00223  0.50   94634     211   94529  3429761  36.24
  1971          39     0.00244  0.00244  0.50   94423     230   94308  3335233  35.32
  1971          40     0.00264  0.00264  0.50   94193     249   94069  3240925  34.41
  1971          41     0.00285  0.00284  0.50   93945     267   93811  3146856  33.50
  1971          42     0.00307  0.00307  0.50   93677     287   93534  3053045  32.59
  1971          43     0.00330  0.00329  0.50   93390     308   93236  2959511  31.69
  1971          44     0.00350  0.00349  0.50   93082     325   92920  2866275  30.79
  1971          45     0.00367  0.00366  0.50   92757     340   92587  2773355  29.90
  1971          46     0.00381  0.00380  0.50   92418     351   92242  2680767  29.01
  1971          47     0.00394  0.00393  0.50   92067     362   91886  2588525  28.12
  1971          48     0.00412  0.00411  0.50   91705     377   91516  2496640  27.22
  1971          49     0.00439  0.00438  0.50   91327     400   91127  2405124  26.34
  1971          50     0.00476  0.00475  0.50   90927     432   90711  2313996  25.45
  1971          51     0.00522  0.00520  0.50   90495     471   90260  2223285  24.57
  1971          52     0.00575  0.00573  0.50   90024     516   89767  2133025  23.69
  1971          53     0.00632  0.00630  0.50   89509     564   89227  2043258  22.83
  1971          54     0.00694  0.00691  0.50   88945     615   88638  1954032  21.97
  1971          55     0.00763  0.00760  0.50   88330     671   87994  1865394  21.12
  1971          56     0.00843  0.00839  0.50   87659     736   87291  1777400  20.28
  1971          57     0.00938  0.00933  0.50   86923     811   86518  1690109  19.44
  1971          58     0.01053  0.01048  0.50   86112     902   85661  1603591  18.62
  1971          59     0.01191  0.01184  0.50   85210    1009   84705  1517930  17.81
  1971          60     0.01351  0.01342  0.50   84201    1130   83636  1433225  17.02
  1971          61     0.01528  0.01516  0.50   83071    1260   82441  1349589  16.25
  1971          62     0.01724  0.01709  0.50   81811    1398   81112  1267148  15.49
  1971          63     0.01938  0.01920  0.50   80413    1544   79641  1186036  14.75
  1971          64     0.02174  0.02150  0.50   78870    1696   78022  1106394  14.03
  1971          65     0.02433  0.02404  0.50   77174    1855   76246  1028373  13.33
  1971          66     0.02720  0.02684  0.50   75319    2021   74308   952126  12.64
  1971          67     0.03032  0.02987  0.50   73297    2189   72203   877818  11.98
  1971          68     0.03367  0.03312  0.50   71108    2355   69930   805616  11.33
  1971          69     0.03738  0.03669  0.50   68753    2523   67492   735685  10.70
  1971          70     0.04166  0.04081  0.50   66230    2703   64879   668194  10.09
  1971          71     0.04691  0.04583  0.50   63527    2912   62071   603315   9.50
  1971          72     0.05309  0.05172  0.50   60616    3135   59048   541244   8.93
  1971          73     0.06010  0.05834  0.50   57481    3354   55804   482196   8.39
  1971          74     0.06785  0.06563  0.50   54127    3552   52351   426392   7.88
  1971          75     0.07626  0.07345  0.50   50575    3715   48717   374041   7.40
  1971          76     0.08511  0.08163  0.50   46860    3825   44947   325324   6.94
  1971          77     0.09448  0.09022  0.50   43035    3883   41093   280377   6.52
  1971          78     0.10455  0.09936  0.50   39152    3890   37207   239284   6.11
  1971          79     0.11549  0.10919  0.50   35262    3850   33337   202077   5.73
  1971          80     0.12746  0.11982  0.50   31412    3764   29530   168740   5.37
  1971          81     0.14041  0.13120  0.50   27648    3627   25834   139210   5.04
  1971          82     0.15430  0.14325  0.50   24020    3441   22300   113376   4.72
  1971          83     0.16911  0.15593  0.50   20580    3209   18975    91076   4.43
  1971          84     0.18488  0.16924  0.50   17371    2940   15901    72101   4.15
  1971          85     0.20165  0.18318  0.50   14431    2644   13109    56200   3.89
  1971          86     0.21946  0.19776  0.50   11787    2331   10622    43091   3.66
  1971          87     0.23832  0.21295  0.50    9456    2014    8449    32469   3.43
  1971          88     0.25825  0.22871  0.50    7443    1702    6592    24019   3.23
  1971          89     0.27921  0.24501  0.50    5740    1406    5037    17428   3.04
  1971          90     0.30119  0.26177  0.50    4334    1135    3767    12390   2.86
  1971          91     0.32412  0.27892  0.50    3199     892    2753     8624   2.70
  1971          92     0.34793  0.29637  0.50    2307     684    1965     5870   2.54
  1971          93     0.37252  0.31403  0.50    1623     510    1368     3905   2.41
  1971          94     0.39779  0.33180  0.50    1114     369     929     2537   2.28
  1971          95     0.42362  0.34958  0.50     744     260     614     1608   2.16
  1971          96     0.44987  0.36726  0.50     484     178     395      994   2.05
  1971          97     0.47640  0.38475  0.50     306     118     247      599   1.96
  1971          98     0.50305  0.40195  0.50     188      76     151      352   1.87
  1971          99     0.52967  0.41877  0.50     113      47      89      201   1.78
  1971         100     0.55610  0.43512  0.50      65      28      51      112   1.71
  1971         101     0.58218  0.45092  0.50      37      17      29       61   1.64
  1971         102     0.60777  0.46612  0.50      20       9      16       32   1.58
  1971         103     0.63273  0.48067  0.50      11       5       8       17   1.53
  1971         104     0.65696  0.49452  0.50       6       3       4        8   1.48
  1971         105     0.68039  0.50768  0.50       3       1       2        4   1.43
  1971         106     0.70302  0.52017  0.50       1       1       1        2   1.39
  1971         107     0.72490  0.53205  0.50       1       0       0        1   1.35
  1971         108     0.74616  0.54342  0.50       0       0       0        0   1.31
  1971         109     0.76701  0.55440  0.50       0       0       0        0   1.28
  1971         110+    0.79669  1.00000  1.26       0       0       0        0   1.26
  1972           0     0.01508  0.01489  0.15  100000    1489   98736  7158093  71.58
  1972           1     0.00149  0.00149  0.50   98511     147   98438  7059357  71.66
  1972           2     0.00084  0.00084  0.50   98364      82   98323  6960919  70.77
  1972           3     0.00088  0.00088  0.50   98282      87   98238  6862596  69.83
  1972           4     0.00110  0.00110  0.50   98195     108   98141  6764358  68.89
  1972           5     0.00091  0.00091  0.50   98087      89   98043  6666217  67.96
  1972           6     0.00055  0.00055  0.50   97998      54   97972  6568174  67.02
  1972           7     0.00036  0.00036  0.50   97945      35   97927  6470202  66.06
  1972           8     0.00037  0.00037  0.50   97910      36   97892  6372275  65.08
  1972           9     0.00042  0.00042  0.50   97874      41   97853  6274383  64.11
  1972          10     0.00040  0.00040  0.50   97832      39   97813  6176530  63.13
  1972          11     0.00036  0.00036  0.50   97793      35   97775  6078718  62.16
  1972          12     0.00034  0.00034  0.50   97758      33   97741  5980942  61.18
  1972          13     0.00025  0.00025  0.50   97724      24   97712  5883201  60.20
  1972          14     0.00025  0.00025  0.50   97700      24   97688  5785489  59.22
  1972          15     0.00050  0.00050  0.50   97676      49   97651  5687801  58.23
  1972          16     0.00084  0.00084  0.50   97627      82   97586  5590150  57.26
  1972          17     0.00107  0.00107  0.50   97545     104   97492  5492564  56.31
  1972          18     0.00125  0.00125  0.50   97440     121   97380  5395072  55.37
  1972          19     0.00142  0.00142  0.50   97319     138   97250  5297692  54.44
  1972          20     0.00136  0.00136  0.50   97181     132   97115  5200442  53.51
  1972          21     0.00116  0.00115  0.50   97049     112   96993  5103327  52.58
  1972          22     0.00098  0.00098  0.50   96937      95   96890  5006334  51.65
  1972          23     0.00096  0.00096  0.50   96842      93   96796  4909444  50.70
  1972          24     0.00118  0.00117  0.50   96749     114   96692  4812648  49.74
  1972          25     0.00141  0.00141  0.50   96635     136   96567  4715956  48.80
  1972          26     0.00139  0.00139  0.50   96499     134   96432  4619389  47.87
  1972          27     0.00099  0.00099  0.50   96365      95   96318  4522957  46.94
  1972          28     0.00075  0.00075  0.50   96270      72   96234  4426639  45.98
  1972          29     0.00105  0.00105  0.50   96198     101   96148  4330405  45.02
  1972          30     0.00120  0.00120  0.50   96098     115   96040  4234257  44.06
  1972          31     0.00111  0.00111  0.50   95983     106   95930  4138217  43.11
  1972          32     0.00096  0.00096  0.50   95876      92   95830  4042287  42.16
  1972          33     0.00103  0.00103  0.50   95785      99   95735  3946457  41.20
  1972          34     0.00145  0.00145  0.50   95686     139   95617  3850722  40.24
  1972          35     0.00169  0.00169  0.50   95547     162   95466  3755105  39.30
  1972          36     0.00146  0.00146  0.50   95385     139   95316  3659639  38.37
  1972          37     0.00167  0.00167  0.50   95246     159   95167  3564323  37.42
  1972          38     0.00204  0.00204  0.50   95088     194   94991  3469156  36.48
  1972          39     0.00208  0.00208  0.50   94894     197   94796  3374165  35.56
  1972          40     0.00214  0.00213  0.50   94697     202   94596  3279369  34.63
  1972          41     0.00252  0.00252  0.50   94495     238   94376  3184774  33.70
  1972          42     0.00285  0.00285  0.50   94257     268   94123  3090398  32.79
  1972          43     0.00317  0.00316  0.50   93988     297   93840  2996275  31.88
  1972          44     0.00357  0.00356  0.50   93691     333   93525  2902435  30.98
  1972          45     0.00377  0.00377  0.50   93358     352   93182  2808911  30.09
  1972          46     0.00369  0.00368  0.50   93006     342   92835  2715729  29.20
  1972          47     0.00398  0.00397  0.50   92664     368   92480  2622894  28.31
  1972          48     0.00447  0.00446  0.50   92295     411   92090  2530414  27.42
  1972          49     0.00478  0.00477  0.50   91884     438   91665  2438324  26.54
  1972          50     0.00504  0.00503  0.50   91446     460   91216  2346659  25.66
  1972          51     0.00546  0.00545  0.50   90986     496   90738  2255443  24.79
  1972          52     0.00611  0.00609  0.50   90490     551   90215  2164705  23.92
  1972          53     0.00681  0.00679  0.50   89939     610   89634  2074490  23.07
  1972          54     0.00693  0.00691  0.50   89329     617   89020  1984856  22.22
  1972          55     0.00738  0.00735  0.50   88711     652   88385  1895836  21.37
  1972          56     0.00902  0.00898  0.50   88059     791   87664  1807451  20.53
  1972          57     0.01082  0.01076  0.50   87268     939   86799  1719788  19.71
  1972          58     0.01158  0.01151  0.50   86329     994   85832  1632989  18.92
  1972          59     0.01147  0.01140  0.50   85335     973   84849  1547156  18.13
  1972          60     0.01164  0.01157  0.50   84363     976   83875  1462307  17.33
  1972          61     0.01316  0.01307  0.50   83386    1090   82841  1378433  16.53
  1972          62     0.01599  0.01587  0.50   82296    1306   81644  1295591  15.74
  1972          63     0.01953  0.01934  0.50   80991    1567   80207  1213948  14.99
  1972          64     0.02197  0.02173  0.50   79424    1726   78561  1133740  14.27
  1972          65     0.02246  0.02221  0.50   77698    1726   76835  1055179  13.58
  1972          66     0.02417  0.02388  0.50   75972    1814   75065   978344  12.88
  1972          67     0.02722  0.02685  0.50   74158    1991   73162   903280  12.18
  1972          68     0.03101  0.03054  0.50   72166    2204   71065   830118  11.50
  1972          69     0.03635  0.03570  0.50   69963    2498   68714   759053  10.85
  1972          70     0.04263  0.04174  0.50   67465    2816   66057   690339  10.23
  1972          71     0.04514  0.04414  0.50   64649    2854   63222   624282   9.66
  1972          72     0.04890  0.04773  0.50   61795    2950   60320   561059   9.08
  1972          73     0.05928  0.05757  0.50   58846    3388   57152   500739   8.51
  1972          74     0.07158  0.06911  0.50   55458    3833   53541   443587   8.00
  1972          75     0.07904  0.07604  0.50   51625    3926   49662   390046   7.56
  1972          76     0.07985  0.07679  0.50   47699    3663   45868   340384   7.14
  1972          77     0.08515  0.08167  0.50   44037    3597   42238   294516   6.69
  1972          78     0.10367  0.09856  0.50   40440    3986   38447   252277   6.24
  1972          79     0.12202  0.11501  0.50   36454    4192   34358   213830   5.87
  1972          80     0.12736  0.11974  0.50   32262    3863   30330   179472   5.56
  1972          81     0.13124  0.12316  0.50   28399    3497   26650   149142   5.25
  1972          82     0.14520  0.13537  0.50   24901    3371   23216   122492   4.92
  1972          83     0.15998  0.14813  0.50   21531    3189   19936    99275   4.61
  1972          84     0.17443  0.16044  0.50   18341    2943   16870    79340   4.33
  1972          85     0.19045  0.17389  0.50   15399    2678   14060    62470   4.06
  1972          86     0.20780  0.18824  0.50   12721    2395   11524    48410   3.81
  1972          87     0.22597  0.20303  0.50   10326    2097    9278    36886   3.57
  1972          88     0.24529  0.21850  0.50    8230    1798    7331    27608   3.35
  1972          89     0.26578  0.23460  0.50    6432    1509    5677    20277   3.15
  1972          90     0.28728  0.25120  0.50    4923    1237    4304    14600   2.97
  1972          91     0.30978  0.26823  0.50    3686     989    3192    10296   2.79
  1972          92     0.33323  0.28564  0.50    2697     770    2312     7104   2.63
  1972          93     0.35754  0.30332  0.50    1927     584    1635     4792   2.49
  1972          94     0.38260  0.32116  0.50    1342     431    1127     3157   2.35
  1972          95     0.40830  0.33908  0.50     911     309     757     2030   2.23
  1972          96     0.43452  0.35696  0.50     602     215     495     1273   2.11
  1972          97     0.46110  0.37471  0.50     387     145     315      779   2.01
  1972          98     0.48791  0.39222  0.50     242      95     195      464   1.92
  1972          99     0.51478  0.40941  0.50     147      60     117      269   1.83
  1972         100     0.54158  0.42617  0.50      87      37      68      152   1.75
  1972         101     0.56813  0.44245  0.50      50      22      39       84   1.68
  1972         102     0.59429  0.45816  0.50      28      13      21       45   1.61
  1972         103     0.61994  0.47325  0.50      15       7      12       23   1.55
  1972         104     0.64493  0.48768  0.50       8       4       6       12   1.50
  1972         105     0.66915  0.50139  0.50       4       2       3        6   1.45
  1972         106     0.69251  0.51440  0.50       2       1       2        3   1.41
  1972         107     0.71494  0.52667  0.50       1       1       1        1   1.37
  1972         108     0.73632  0.53818  0.50       0       0       0        1   1.33
  1972         109     0.75657  0.54892  0.50       0       0       0        0   1.30
  1972         110+    0.78880  1.00000  1.27       0       0       0        0   1.27
  1973           0     0.01601  0.01579  0.15  100000    1579   98661  7118748  71.19
  1973           1     0.00227  0.00227  0.50   98421     223   98309  7020087  71.33
  1973           2     0.00158  0.00158  0.50   98198     155   98121  6921777  70.49
  1973           3     0.00108  0.00108  0.50   98043     106   97990  6823656  69.60
  1973           4     0.00076  0.00076  0.50   97938      74   97901  6725666  68.67
  1973           5     0.00061  0.00061  0.50   97863      59   97834  6627765  67.72
  1973           6     0.00064  0.00063  0.50   97804      62   97773  6529932  66.77
  1973           7     0.00073  0.00073  0.50   97742      72   97706  6432159  65.81
  1973           8     0.00050  0.00050  0.50   97670      48   97646  6334452  64.86
  1973           9     0.00022  0.00022  0.50   97622      21   97611  6236806  63.89
  1973          10     0.00026  0.00026  0.50   97601      25   97588  6139195  62.90
  1973          11     0.00043  0.00043  0.50   97576      42   97555  6041607  61.92
  1973          12     0.00046  0.00046  0.50   97534      45   97511  5944052  60.94
  1973          13     0.00040  0.00040  0.50   97489      39   97469  5846541  59.97
  1973          14     0.00041  0.00041  0.50   97449      40   97430  5749072  59.00
  1973          15     0.00062  0.00062  0.50   97410      60   97380  5651642  58.02
  1973          16     0.00097  0.00097  0.50   97350      95   97302  5554262  57.05
  1973          17     0.00135  0.00135  0.50   97255     131   97189  5456960  56.11
  1973          18     0.00149  0.00149  0.50   97124     144   97052  5359770  55.18
  1973          19     0.00129  0.00129  0.50   96979     125   96917  5262719  54.27
  1973          20     0.00125  0.00125  0.50   96854     121   96793  5165802  53.34
  1973          21     0.00129  0.00129  0.50   96733     124   96670  5069009  52.40
  1973          22     0.00121  0.00121  0.50   96608     117   96549  4972338  51.47
  1973          23     0.00125  0.00125  0.50   96491     120   96431  4875789  50.53
  1973          24     0.00152  0.00152  0.50   96370     146   96297  4779358  49.59
  1973          25     0.00154  0.00154  0.50   96224     149   96150  4683061  48.67
  1973          26     0.00128  0.00128  0.50   96076     123   96014  4586911  47.74
  1973          27     0.00087  0.00087  0.50   95953      83   95911  4490897  46.80
  1973          28     0.00063  0.00063  0.50   95870      60   95840  4394985  45.84
  1973          29     0.00080  0.00080  0.50   95809      76   95771  4299146  44.87
  1973          30     0.00108  0.00108  0.50   95733     104   95681  4203375  43.91
  1973          31     0.00129  0.00128  0.50   95629     123   95568  4107694  42.95
  1973          32     0.00132  0.00132  0.50   95506     126   95444  4012126  42.01
  1973          33     0.00131  0.00131  0.50   95381     125   95318  3916682  41.06
  1973          34     0.00139  0.00139  0.50   95256     132   95190  3821364  40.12
  1973          35     0.00144  0.00144  0.50   95124     137   95056  3726174  39.17
  1973          36     0.00144  0.00143  0.50   94987     136   94919  3631118  38.23
  1973          37     0.00172  0.00172  0.50   94851     163   94769  3536199  37.28
  1973          38     0.00203  0.00203  0.50   94688     192   94592  3441430  36.35
  1973          39     0.00208  0.00208  0.50   94496     196   94397  3346838  35.42
  1973          40     0.00221  0.00221  0.50   94299     208   94195  3252441  34.49
  1973          41     0.00262  0.00262  0.50   94091     247   93968  3158246  33.57
  1973          42     0.00262  0.00261  0.50   93844     245   93722  3064278  32.65
  1973          43     0.00256  0.00256  0.50   93599     239   93480  2970556  31.74
  1973          44     0.00299  0.00299  0.50   93360     279   93221  2877076  30.82
  1973          45     0.00370  0.00370  0.50   93081     344   92909  2783856  29.91
  1973          46     0.00422  0.00421  0.50   92737     391   92542  2690947  29.02
  1973          47     0.00405  0.00404  0.50   92346     373   92160  2598405  28.14
  1973          48     0.00403  0.00403  0.50   91973     370   91788  2506246  27.25
  1973          49     0.00495  0.00493  0.50   91603     452   91377  2414458  26.36
  1973          50     0.00589  0.00587  0.50   91151     535   90883  2323081  25.49
  1973          51     0.00599  0.00597  0.50   90616     541   90345  2232198  24.63
  1973          52     0.00614  0.00613  0.50   90075     552   89799  2141853  23.78
  1973          53     0.00699  0.00697  0.50   89523     624   89211  2052054  22.92
  1973          54     0.00707  0.00704  0.50   88899     626   88586  1962844  22.08
  1973          55     0.00704  0.00701  0.50   88273     619   87963  1874258  21.23
  1973          56     0.00797  0.00794  0.50   87654     696   87306  1786295  20.38
  1973          57     0.00958  0.00953  0.50   86958     829   86544  1698989  19.54
  1973          58     0.01126  0.01120  0.50   86129     964   85647  1612445  18.72
  1973          59     0.01256  0.01248  0.50   85165    1063   84633  1526799  17.93
  1973          60     0.01362  0.01352  0.50   84102    1137   83533  1442165  17.15
  1973          61     0.01478  0.01467  0.50   82964    1217   82356  1358632  16.38
  1973          62     0.01666  0.01652  0.50   81747    1351   81072  1276277  15.61
  1973          63     0.01958  0.01939  0.50   80396    1559   79617  1195205  14.87
  1973          64     0.02247  0.02222  0.50   78837    1752   77961  1115588  14.15
  1973          65     0.02429  0.02400  0.50   77085    1850   76160  1037627  13.46
  1973          66     0.02564  0.02532  0.50   75235    1905   74283   961467  12.78
  1973          67     0.02797  0.02758  0.50   73330    2022   72319   887184  12.10
  1973          68     0.03222  0.03171  0.50   71308    2261   70177   814865  11.43
  1973          69     0.03702  0.03634  0.50   69047    2509   67792   744688  10.79
  1973          70     0.04123  0.04039  0.50   66537    2688   65194   676896  10.17
  1973          71     0.04668  0.04562  0.50   63850    2913   62393   611702   9.58
  1973          72     0.05420  0.05277  0.50   60937    3216   59329   549309   9.01
  1973          73     0.06336  0.06142  0.50   57721    3545   55949   489980   8.49
  1973          74     0.07074  0.06832  0.50   54176    3701   52326   434031   8.01
  1973          75     0.07350  0.07089  0.50   50475    3578   48686   381705   7.56
  1973          76     0.07484  0.07214  0.50   46897    3383   45205   333019   7.10
  1973          77     0.08163  0.07843  0.50   43513    3413   41807   287815   6.61
  1973          78     0.09811  0.09352  0.50   40101    3750   38226   246007   6.13
  1973          79     0.11560  0.10928  0.50   36351    3972   34364   207782   5.72
  1973          80     0.12586  0.11841  0.50   32378    3834   30461   173417   5.36
  1973          81     0.13528  0.12671  0.50   28544    3617   26736   142956   5.01
  1973          82     0.15065  0.14009  0.50   24928    3492   23182   116220   4.66
  1973          83     0.16752  0.15457  0.50   21435    3313   19779    93039   4.34
  1973          84     0.18516  0.16947  0.50   18122    3071   16587    73260   4.04
  1973          85     0.20438  0.18543  0.50   15051    2791   13656    56673   3.77
  1973          86     0.22513  0.20236  0.50   12260    2481   11020    43018   3.51
  1973          87     0.24723  0.22003  0.50    9779    2152    8703    31998   3.27
  1973          88     0.27076  0.23847  0.50    7627    1819    6718    23295   3.05
  1973          89     0.29566  0.25758  0.50    5809    1496    5060    16577   2.85
  1973          90     0.32184  0.27723  0.50    4312    1196    3715    11516   2.67
  1973          91     0.34918  0.29728  0.50    3117     927    2654     7802   2.50
  1973          92     0.37756  0.31760  0.50    2190     696    1842     5148   2.35
  1973          93     0.40680  0.33804  0.50    1495     505    1242     3306   2.21
  1973          94     0.43672  0.35845  0.50     989     355     812     2064   2.09
  1973          95     0.46710  0.37866  0.50     635     240     515     1252   1.97
  1973          96     0.49773  0.39855  0.50     394     157     316      737   1.87
  1973          97     0.52837  0.41796  0.50     237      99     188      421   1.78
  1973          98     0.55881  0.43677  0.50     138      60     108      234   1.69
  1973          99     0.58881  0.45489  0.50      78      35      60      126   1.62
  1973         100     0.61816  0.47221  0.50      42      20      32       66   1.55
  1973         101     0.64668  0.48867  0.50      22      11      17       33   1.49
  1973         102     0.67418  0.50421  0.50      11       6       9       16   1.44
  1973         103     0.70054  0.51882  0.50       6       3       4        8   1.39
  1973         104     0.72564  0.53245  0.50       3       1       2        4   1.34
  1973         105     0.74937  0.54512  0.50       1       1       1        2   1.31
  1973         106     0.77171  0.55685  0.50       1       0       0        1   1.27
  1973         107     0.79262  0.56766  0.50       0       0       0        0   1.24
  1973         108     0.81203  0.57754  0.50       0       0       0        0   1.21
  1973         109     0.82993  0.58654  0.50       0       0       0        0   1.19
  1973         110+    0.85612  1.00000  1.17       0       0       0        0   1.17
  1974           0     0.01427  0.01410  0.15  100000    1410   98802  7162330  71.62
  1974           1     0.00148  0.00148  0.50   98590     146   98517  7063528  71.65
  1974           2     0.00123  0.00123  0.50   98444     121   98384  6965011  70.75
  1974           3     0.00100  0.00100  0.50   98324      98   98275  6866627  69.84
  1974           4     0.00081  0.00081  0.50   98225      79   98186  6768352  68.91
  1974           5     0.00064  0.00064  0.50   98146      62   98115  6670167  67.96
  1974           6     0.00049  0.00049  0.50   98084      48   98060  6572051  67.00
  1974           7     0.00036  0.00036  0.50   98036      35   98018  6473991  66.04
  1974           8     0.00028  0.00028  0.50   98001      27   97987  6375973  65.06
  1974           9     0.00024  0.00024  0.50   97973      23   97962  6277986  64.08
  1974          10     0.00023  0.00023  0.50   97950      22   97939  6180024  63.09
  1974          11     0.00023  0.00023  0.50   97928      23   97916  6082085  62.11
  1974          12     0.00026  0.00026  0.50   97905      25   97892  5984169  61.12
  1974          13     0.00031  0.00031  0.50   97880      30   97865  5886277  60.14
  1974          14     0.00041  0.00041  0.50   97849      40   97830  5788412  59.16
  1974          15     0.00057  0.00057  0.50   97810      56   97782  5690582  58.18
  1974          16     0.00079  0.00079  0.50   97753      77   97715  5592801  57.21
  1974          17     0.00102  0.00101  0.50   97677      99   97627  5495086  56.26
  1974          18     0.00119  0.00119  0.50   97577     116   97520  5397459  55.31
  1974          19     0.00125  0.00125  0.50   97462     122   97401  5299939  54.38
  1974          20     0.00124  0.00124  0.50   97340     121   97280  5202539  53.45
  1974          21     0.00121  0.00121  0.50   97219     117   97161  5105259  52.51
  1974          22     0.00119  0.00119  0.50   97102     116   97044  5008098  51.58
  1974          23     0.00118  0.00118  0.50   96986     115   96929  4911055  50.64
  1974          24     0.00115  0.00115  0.50   96871     111   96816  4814126  49.70
  1974          25     0.00110  0.00110  0.50   96760     107   96707  4717310  48.75
  1974          26     0.00109  0.00108  0.50   96654     105   96601  4620603  47.81
  1974          27     0.00113  0.00113  0.50   96549     109   96494  4524002  46.86
  1974          28     0.00118  0.00118  0.50   96440     114   96383  4427508  45.91
  1974          29     0.00121  0.00121  0.50   96326     117   96267  4331125  44.96
  1974          30     0.00124  0.00124  0.50   96209     119   96150  4234858  44.02
  1974          31     0.00127  0.00127  0.50   96090     122   96029  4138708  43.07
  1974          32     0.00132  0.00132  0.50   95968     127   95905  4042679  42.13
  1974          33     0.00140  0.00140  0.50   95841     134   95774  3946774  41.18
  1974          34     0.00152  0.00152  0.50   95707     146   95634  3851000  40.24
  1974          35     0.00166  0.00166  0.50   95561     159   95482  3755367  39.30
  1974          36     0.00179  0.00178  0.50   95403     170   95317  3659885  38.36
  1974          37     0.00187  0.00186  0.50   95232     178   95143  3564567  37.43
  1974          38     0.00194  0.00194  0.50   95055     184   94963  3469424  36.50
  1974          39     0.00204  0.00204  0.50   94871     194   94774  3374461  35.57
  1974          40     0.00221  0.00221  0.50   94677     209   94573  3279687  34.64
  1974          41     0.00245  0.00245  0.50   94468     231   94353  3185115  33.72
  1974          42     0.00277  0.00277  0.50   94237     261   94107  3090762  32.80
  1974          43     0.00313  0.00313  0.50   93976     294   93829  2996655  31.89
  1974          44     0.00347  0.00346  0.50   93682     325   93520  2902826  30.99
  1974          45     0.00376  0.00376  0.50   93358     351   93182  2809306  30.09
  1974          46     0.00401  0.00400  0.50   93007     372   92821  2716124  29.20
  1974          47     0.00421  0.00420  0.50   92635     389   92441  2623303  28.32
  1974          48     0.00441  0.00440  0.50   92246     406   92043  2530863  27.44
  1974          49     0.00468  0.00467  0.50   91840     429   91625  2438820  26.56
  1974          50     0.00501  0.00500  0.50   91411     457   91182  2347194  25.68
  1974          51     0.00542  0.00541  0.50   90954     492   90708  2256012  24.80
  1974          52     0.00594  0.00592  0.50   90462     536   90194  2165304  23.94
  1974          53     0.00663  0.00661  0.50   89926     594   89629  2075110  23.08
  1974          54     0.00747  0.00744  0.50   89332     665   88999  1985481  22.23
  1974          55     0.00830  0.00827  0.50   88667     733   88301  1896482  21.39
  1974          56     0.00897  0.00893  0.50   87934     785   87542  1808181  20.56
  1974          57     0.00965  0.00960  0.50   87149     837   86731  1720639  19.74
  1974          58     0.01058  0.01052  0.50   86312     908   85858  1633909  18.93
  1974          59     0.01181  0.01174  0.50   85404    1002   84903  1548050  18.13
  1974          60     0.01333  0.01324  0.50   84402    1118   83843  1463148  17.34
  1974          61     0.01507  0.01496  0.50   83284    1246   82661  1379305  16.56
  1974          62     0.01676  0.01662  0.50   82038    1364   81356  1296644  15.81
  1974          63     0.01821  0.01805  0.50   80674    1456   79946  1215288  15.06
  1974          64     0.01979  0.01959  0.50   79218    1552   78442  1135341  14.33
  1974          65     0.02196  0.02172  0.50   77666    1687   76823  1056899  13.61
  1974          66     0.02495  0.02464  0.50   75979    1872   75043   980076  12.90
  1974          67     0.02845  0.02805  0.50   74107    2079   73068   905033  12.21
  1974          68     0.03215  0.03164  0.50   72028    2279   70889   831966  11.55
  1974          69     0.03611  0.03547  0.50   69749    2474   68513   761077  10.91
  1974          70     0.04047  0.03967  0.50   67276    2669   65941   692564  10.29
  1974          71     0.04537  0.04436  0.50   64607    2866   63174   626623   9.70
  1974          72     0.05077  0.04951  0.50   61741    3057   60212   563449   9.13
  1974          73     0.05665  0.05509  0.50   58684    3233   57067   503237   8.58
  1974          74     0.06312  0.06119  0.50   55451    3393   53754   446170   8.05
  1974          75     0.07041  0.06801  0.50   52058    3541   50288   392415   7.54
  1974          76     0.07899  0.07598  0.50   48517    3687   46674   342128   7.05
  1974          77     0.08907  0.08528  0.50   44831    3823   42919   295454   6.59
  1974          78     0.10064  0.09582  0.50   41008    3929   39043   252535   6.16
  1974          79     0.11300  0.10696  0.50   37078    3966   35095   213492   5.76
  1974          80     0.12553  0.11811  0.50   33112    3911   31157   178396   5.39
  1974          81     0.13852  0.12955  0.50   29201    3783   27310   147239   5.04
  1974          82     0.15243  0.14164  0.50   25418    3600   23618   119929   4.72
  1974          83     0.16746  0.15452  0.50   21818    3371   20133    96311   4.41
  1974          84     0.18369  0.16824  0.50   18447    3103   16895    76178   4.13
  1974          85     0.20119  0.18280  0.50   15343    2805   13941    59283   3.86
  1974          86     0.21997  0.19817  0.50   12539    2485   11296    45342   3.62
  1974          87     0.24000  0.21428  0.50   10054    2154    8977    34046   3.39
  1974          88     0.26125  0.23106  0.50    7899    1825    6987    25070   3.17
  1974          89     0.28368  0.24844  0.50    6074    1509    5320    18083   2.98
  1974          90     0.30723  0.26632  0.50    4565    1216    3957    12763   2.80
  1974          91     0.33182  0.28460  0.50    3349     953    2873     8806   2.63
  1974          92     0.35737  0.30319  0.50    2396     726    2033     5933   2.48
  1974          93     0.38374  0.32197  0.50    1670     538    1401     3900   2.34
  1974          94     0.41082  0.34081  0.50    1132     386     939     2500   2.21
  1974          95     0.43845  0.35961  0.50     746     268     612     1560   2.09
  1974          96     0.46646  0.37824  0.50     478     181     388      948   1.98
  1974          97     0.49469  0.39659  0.50     297     118     238      561   1.89
  1974          98     0.52295  0.41455  0.50     179      74     142      323   1.80
  1974          99     0.55107  0.43203  0.50     105      45      82      180   1.72
  1974         100     0.57887  0.44893  0.50      60      27      46       98   1.65
  1974         101     0.60617  0.46518  0.50      33      15      25       52   1.58
  1974         102     0.63282  0.48072  0.50      18       8      13       27   1.52
  1974         103     0.65866  0.49549  0.50       9       5       7       13   1.47
  1974         104     0.68356  0.50944  0.50       5       2       3        7   1.42
  1974         105     0.70738  0.52256  0.50       2       1       2        3   1.38
  1974         106     0.73008  0.53484  0.50       1       1       1        1   1.34
  1974         107     0.75163  0.54632  0.50       1       0       0        1   1.30
  1974         108     0.77220  0.55710  0.50       0       0       0        0   1.27
  1974         109     0.79201  0.56734  0.50       0       0       0        0   1.24
  1974         110+    0.82095  1.00000  1.22       0       0       0        0   1.22
  1975           0     0.01166  0.01155  0.15  100000    1155   99015  7207430  72.07
  1975           1     0.00145  0.00145  0.50   98845     143   98774  7108415  71.91
  1975           2     0.00123  0.00123  0.50   98702     122   98641  7009641  71.02
  1975           3     0.00102  0.00102  0.50   98580     101   98530  6911000  70.11
  1975           4     0.00083  0.00083  0.50   98480      82   98439  6812470  69.18
  1975           5     0.00066  0.00066  0.50   98398      65   98365  6714031  68.23
  1975           6     0.00052  0.00052  0.50   98333      52   98307  6615666  67.28
  1975           7     0.00042  0.00042  0.50   98281      41   98261  6517359  66.31
  1975           8     0.00035  0.00035  0.50   98240      35   98223  6419098  65.34
  1975           9     0.00031  0.00031  0.50   98205      31   98190  6320875  64.36
  1975          10     0.00029  0.00029  0.50   98174      28   98160  6222686  63.38
  1975          11     0.00028  0.00028  0.50   98146      28   98132  6124526  62.40
  1975          12     0.00029  0.00029  0.50   98118      29   98104  6026394  61.42
  1975          13     0.00033  0.00033  0.50   98089      32   98073  5928290  60.44
  1975          14     0.00040  0.00040  0.50   98057      40   98037  5830217  59.46
  1975          15     0.00053  0.00053  0.50   98017      52   97991  5732180  58.48
  1975          16     0.00069  0.00069  0.50   97966      68   97931  5634188  57.51
  1975          17     0.00089  0.00089  0.50   97897      87   97854  5536257  56.55
  1975          18     0.00108  0.00108  0.50   97810     106   97757  5438403  55.60
  1975          19     0.00124  0.00124  0.50   97704     121   97644  5340646  54.66
  1975          20     0.00133  0.00133  0.50   97584     130   97519  5243002  53.73
  1975          21     0.00136  0.00136  0.50   97454     132   97388  5145483  52.80
  1975          22     0.00132  0.00132  0.50   97322     129   97258  5048095  51.87
  1975          23     0.00126  0.00126  0.50   97193     122   97132  4950837  50.94
  1975          24     0.00120  0.00120  0.50   97071     117   97013  4853705  50.00
  1975          25     0.00114  0.00114  0.50   96954     111   96899  4756693  49.06
  1975          26     0.00110  0.00110  0.50   96843     106   96790  4659794  48.12
  1975          27     0.00108  0.00108  0.50   96737     104   96685  4563004  47.17
  1975          28     0.00107  0.00107  0.50   96633     104   96581  4466319  46.22
  1975          29     0.00109  0.00109  0.50   96529     105   96477  4369738  45.27
  1975          30     0.00113  0.00113  0.50   96424     109   96369  4273261  44.32
  1975          31     0.00120  0.00120  0.50   96314     115   96257  4176892  43.37
  1975          32     0.00127  0.00127  0.50   96199     123   96138  4080635  42.42
  1975          33     0.00137  0.00137  0.50   96077     131   96011  3984497  41.47
  1975          34     0.00147  0.00147  0.50   95945     141   95875  3888486  40.53
  1975          35     0.00159  0.00159  0.50   95804     152   95728  3792611  39.59
  1975          36     0.00171  0.00170  0.50   95652     163   95570  3696884  38.65
  1975          37     0.00183  0.00183  0.50   95489     175   95401  3601313  37.71
  1975          38     0.00197  0.00197  0.50   95314     188   95220  3505912  36.78
  1975          39     0.00212  0.00212  0.50   95126     202   95025  3410692  35.85
  1975          40     0.00229  0.00229  0.50   94924     217   94816  3315667  34.93
  1975          41     0.00248  0.00248  0.50   94707     235   94590  3220852  34.01
  1975          42     0.00271  0.00271  0.50   94472     256   94344  3126262  33.09
  1975          43     0.00297  0.00296  0.50   94217     279   94077  3031918  32.18
  1975          44     0.00327  0.00326  0.50   93937     306   93784  2937841  31.27
  1975          45     0.00361  0.00361  0.50   93631     338   93462  2844057  30.38
  1975          46     0.00400  0.00399  0.50   93293     372   93107  2750595  29.48
  1975          47     0.00437  0.00436  0.50   92921     405   92719  2657488  28.60
  1975          48     0.00472  0.00471  0.50   92516     436   92298  2564769  27.72
  1975          49     0.00506  0.00505  0.50   92081     465   91848  2472471  26.85
  1975          50     0.00540  0.00538  0.50   91616     493   91369  2380622  25.98
  1975          51     0.00576  0.00574  0.50   91123     523   90861  2289253  25.12
  1975          52     0.00613  0.00612  0.50   90600     554   90323  2198392  24.26
  1975          53     0.00655  0.00653  0.50   90046     588   89752  2108069  23.41
  1975          54     0.00704  0.00702  0.50   89458     628   89144  2018317  22.56
  1975          55     0.00765  0.00762  0.50   88830     677   88492  1929173  21.72
  1975          56     0.00838  0.00835  0.50   88153     736   87785  1840681  20.88
  1975          57     0.00927  0.00923  0.50   87417     807   87014  1752896  20.05
  1975          58     0.01032  0.01026  0.50   86610     889   86166  1665882  19.23
  1975          59     0.01150  0.01144  0.50   85721     981   85231  1579716  18.43
  1975          60     0.01285  0.01276  0.50   84741    1082   84200  1494485  17.64
  1975          61     0.01437  0.01427  0.50   83659    1193   83063  1410285  16.86
  1975          62     0.01612  0.01599  0.50   82466    1318   81807  1327222  16.09
  1975          63     0.01812  0.01796  0.50   81147    1457   80419  1245416  15.35
  1975          64     0.02032  0.02012  0.50   79690    1603   78889  1164997  14.62
  1975          65     0.02267  0.02242  0.50   78087    1751   77212  1086108  13.91
  1975          66     0.02521  0.02489  0.50   76336    1900   75386  1008897  13.22
  1975          67     0.02789  0.02751  0.50   74436    2047   73412   933511  12.54
  1975          68     0.03072  0.03026  0.50   72389    2190   71293   860098  11.88
  1975          69     0.03392  0.03335  0.50   70198    2341   69028   788805  11.24
  1975          70     0.03773  0.03703  0.50   67857    2513   66600   719777  10.61
  1975          71     0.04229  0.04142  0.50   65344    2706   63991   653177  10.00
  1975          72     0.04759  0.04649  0.50   62638    2912   61182   589186   9.41
  1975          73     0.05362  0.05222  0.50   59726    3119   58166   528004   8.84
  1975          74     0.06046  0.05868  0.50   56607    3322   54946   469838   8.30
  1975          75     0.06817  0.06593  0.50   53285    3513   51529   414892   7.79
  1975          76     0.07664  0.07381  0.50   49772    3674   47935   363363   7.30
  1975          77     0.08583  0.08230  0.50   46098    3794   44201   315428   6.84
  1975          78     0.09573  0.09136  0.50   42305    3865   40372   271227   6.41
  1975          79     0.10644  0.10106  0.50   38440    3885   36497   230855   6.01
  1975          80     0.11802  0.11144  0.50   34555    3851   32629   194357   5.62
  1975          81     0.13048  0.12249  0.50   30704    3761   28824   161728   5.27
  1975          82     0.14381  0.13417  0.50   26943    3615   25136   132904   4.93
  1975          83     0.15809  0.14651  0.50   23328    3418   21619   107769   4.62
  1975          84     0.17338  0.15955  0.50   19910    3177   18322    86150   4.33
  1975          85     0.18975  0.17331  0.50   16734    2900   15284    67827   4.05
  1975          86     0.20724  0.18778  0.50   13834    2598   12535    52544   3.80
  1975          87     0.22589  0.20296  0.50   11236    2280   10096    40009   3.56
  1975          88     0.24569  0.21881  0.50    8955    1959    7976    29914   3.34
  1975          89     0.26662  0.23526  0.50    6996    1646    6173    21938   3.14
  1975          90     0.28867  0.25226  0.50    5350    1350    4675    15765   2.95
  1975          91     0.31176  0.26972  0.50    4000    1079    3461    11090   2.77
  1975          92     0.33583  0.28755  0.50    2921     840    2501     7629   2.61
  1975          93     0.36079  0.30565  0.50    2081     636    1763     5127   2.46
  1975          94     0.38651  0.32391  0.50    1445     468    1211     3364   2.33
  1975          95     0.41288  0.34223  0.50     977     334     810     2153   2.20
  1975          96     0.43976  0.36050  0.50     643     232     527     1343   2.09
  1975          97     0.46700  0.37860  0.50     411     156     333      816   1.99
  1975          98     0.49443  0.39643  0.50     255     101     205      483   1.89
  1975          99     0.52189  0.41389  0.50     154      64     122      278   1.81
  1975         100     0.54920  0.43088  0.50      90      39      71      156   1.73
  1975         101     0.57619  0.44732  0.50      51      23      40       85   1.66
  1975         102     0.60269  0.46313  0.50      28      13      22       45   1.59
  1975         103     0.62856  0.47826  0.50      15       7      12       23   1.53
  1975         104     0.65367  0.49265  0.50       8       4       6       12   1.48
  1975         105     0.67791  0.50630  0.50       4       2       3        6   1.43
  1975         106     0.70127  0.51921  0.50       2       1       1        3   1.39
  1975         107     0.72377  0.53145  0.50       1       1       1        1   1.35
  1975         108     0.74557  0.54311  0.50       0       0       0        1   1.31
  1975         109     0.76687  0.55432  0.50       0       0       0        0   1.28
  1975         110+    0.79769  1.00000  1.25       0       0       0        0   1.25
  1976           0     0.01046  0.01037  0.15  100000    1037   99113  7266670  72.67
  1976           1     0.00106  0.00106  0.50   98963     105   98911  7167556  72.43
  1976           2     0.00080  0.00080  0.50   98858      79   98819  7068646  71.50
  1976           3     0.00058  0.00058  0.50   98780      58   98751  6969827  70.56
  1976           4     0.00046  0.00046  0.50   98722      45   98699  6871076  69.60
  1976           5     0.00044  0.00044  0.50   98677      43   98655  6772377  68.63
  1976           6     0.00045  0.00045  0.50   98634      45   98611  6673722  67.66
  1976           7     0.00044  0.00044  0.50   98589      44   98567  6575111  66.69
  1976           8     0.00040  0.00039  0.50   98545      39   98526  6476544  65.72
  1976           9     0.00034  0.00034  0.50   98506      34   98489  6378018  64.75
  1976          10     0.00031  0.00031  0.50   98473      30   98457  6279529  63.77
  1976          11     0.00031  0.00030  0.50   98442      30   98427  6181071  62.79
  1976          12     0.00032  0.00032  0.50   98412      32   98396  6082644  61.81
  1976          13     0.00034  0.00034  0.50   98381      34   98364  5984247  60.83
  1976          14     0.00041  0.00041  0.50   98347      41   98327  5885884  59.85
  1976          15     0.00057  0.00057  0.50   98306      56   98278  5787557  58.87
  1976          16     0.00077  0.00077  0.50   98250      76   98212  5689279  57.91
  1976          17     0.00097  0.00097  0.50   98174      95   98127  5591066  56.95
  1976          18     0.00109  0.00109  0.50   98079     107   98026  5492939  56.00
  1976          19     0.00113  0.00113  0.50   97972     111   97917  5394914  55.07
  1976          20     0.00114  0.00114  0.50   97861     111   97806  5296997  54.13
  1976          21     0.00111  0.00111  0.50   97750     109   97696  5199191  53.19
  1976          22     0.00106  0.00106  0.50   97641     103   97590  5101496  52.25
  1976          23     0.00096  0.00096  0.50   97538      93   97491  5003906  51.30
  1976          24     0.00083  0.00083  0.50   97445      81   97404  4906415  50.35
  1976          25     0.00078  0.00078  0.50   97364      76   97326  4809010  49.39
  1976          26     0.00080  0.00080  0.50   97288      78   97249  4711685  48.43
  1976          27     0.00087  0.00087  0.50   97210      85   97167  4614436  47.47
  1976          28     0.00098  0.00098  0.50   97125      95   97078  4517269  46.51
  1976          29     0.00110  0.00110  0.50   97030     107   96977  4420191  45.55
  1976          30     0.00118  0.00118  0.50   96923     114   96866  4323214  44.60
  1976          31     0.00115  0.00115  0.50   96809     112   96753  4226348  43.66
  1976          32     0.00103  0.00103  0.50   96697      99   96648  4129595  42.71
  1976          33     0.00093  0.00093  0.50   96598      90   96553  4032947  41.75
  1976          34     0.00098  0.00098  0.50   96508      95   96461  3936394  40.79
  1976          35     0.00113  0.00113  0.50   96414     109   96360  3839933  39.83
  1976          36     0.00129  0.00129  0.50   96305     124   96243  3743574  38.87
  1976          37     0.00144  0.00144  0.50   96181     138   96112  3647330  37.92
  1976          38     0.00163  0.00163  0.50   96043     156   95965  3551218  36.98
  1976          39     0.00187  0.00187  0.50   95887     179   95797  3455253  36.03
  1976          40     0.00207  0.00207  0.50   95708     198   95609  3359455  35.10
  1976          41     0.00221  0.00221  0.50   95510     211   95404  3263846  34.17
  1976          42     0.00253  0.00253  0.50   95299     241   95179  3168442  33.25
  1976          43     0.00300  0.00300  0.50   95058     285   94916  3073263  32.33
  1976          44     0.00349  0.00349  0.50   94773     331   94608  2978348  31.43
  1976          45     0.00385  0.00384  0.50   94443     363   94261  2883740  30.53
  1976          46     0.00397  0.00396  0.50   94080     373   93893  2789479  29.65
  1976          47     0.00404  0.00403  0.50   93707     378   93518  2695585  28.77
  1976          48     0.00422  0.00421  0.50   93329     393   93133  2602067  27.88
  1976          49     0.00460  0.00459  0.50   92936     427   92723  2508934  27.00
  1976          50     0.00502  0.00501  0.50   92510     463   92278  2416212  26.12
  1976          51     0.00535  0.00534  0.50   92046     491   91801  2323934  25.25
  1976          52     0.00592  0.00590  0.50   91555     540   91285  2232133  24.38
  1976          53     0.00693  0.00691  0.50   91015     629   90700  2140848  23.52
  1976          54     0.00790  0.00787  0.50   90386     712   90030  2050148  22.68
  1976          55     0.00859  0.00856  0.50   89674     767   89290  1960118  21.86
  1976          56     0.00899  0.00895  0.50   88907     796   88509  1870828  21.04
  1976          57     0.00951  0.00947  0.50   88111     834   87694  1782319  20.23
  1976          58     0.01054  0.01048  0.50   87277     915   86819  1694625  19.42
  1976          59     0.01186  0.01179  0.50   86362    1019   85853  1607805  18.62
  1976          60     0.01323  0.01314  0.50   85343    1122   84783  1521953  17.83
  1976          61     0.01449  0.01439  0.50   84222    1212   83616  1437170  17.06
  1976          62     0.01585  0.01573  0.50   83010    1306   82357  1353554  16.31
  1976          63     0.01754  0.01739  0.50   81704    1421   80994  1271197  15.56
  1976          64     0.01948  0.01929  0.50   80283    1549   79509  1190203  14.83
  1976          65     0.02140  0.02117  0.50   78735    1667   77901  1110694  14.11
  1976          66     0.02297  0.02271  0.50   77068    1750   76192  1032793  13.40
  1976          67     0.02523  0.02492  0.50   75317    1877   74379   956601  12.70
  1976          68     0.02912  0.02870  0.50   73441    2108   72387   882222  12.01
  1976          69     0.03379  0.03323  0.50   71333    2370   70148   809835  11.35
  1976          70     0.03807  0.03736  0.50   68962    2576   67674   739687  10.73
  1976          71     0.04174  0.04088  0.50   66386    2714   65029   672013  10.12
  1976          72     0.04623  0.04518  0.50   63672    2877   62234   606984   9.53
  1976          73     0.05285  0.05149  0.50   60795    3130   59230   544750   8.96
  1976          74     0.06095  0.05915  0.50   57665    3411   55960   485520   8.42
  1976          75     0.06938  0.06705  0.50   54255    3638   52436   429560   7.92
  1976          76     0.07717  0.07430  0.50   50617    3761   48736   377124   7.45
  1976          77     0.08420  0.08080  0.50   46856    3786   44963   328388   7.01
  1976          78     0.09093  0.08697  0.50   43070    3746   41197   283426   6.58
  1976          79     0.09924  0.09455  0.50   39324    3718   37465   242229   6.16
  1976          80     0.11071  0.10491  0.50   35606    3735   33738   204764   5.75
  1976          81     0.12416  0.11690  0.50   31870    3726   30008   171026   5.37
  1976          82     0.13813  0.12921  0.50   28145    3637   26326   141018   5.01
  1976          83     0.15281  0.14196  0.50   24508    3479   22769   114692   4.68
  1976          84     0.16847  0.15538  0.50   21029    3268   19395    91923   4.37
  1976          85     0.18532  0.16961  0.50   17761    3012   16255    72528   4.08
  1976          86     0.20344  0.18466  0.50   14749    2724   13387    56273   3.82
  1976          87     0.22289  0.20054  0.50   12025    2412   10820    42886   3.57
  1976          88     0.24364  0.21719  0.50    9614    2088    8570    32066   3.34
  1976          89     0.26567  0.23452  0.50    7526    1765    6643    23496   3.12
  1976          90     0.28893  0.25246  0.50    5761    1454    5034    16853   2.93
  1976          91     0.31336  0.27091  0.50    4307    1167    3723    11819   2.74
  1976          92     0.33886  0.28977  0.50    3140     910    2685     8096   2.58
  1976          93     0.36534  0.30891  0.50    2230     689    1886     5411   2.43
  1976          94     0.39265  0.32821  0.50    1541     506    1288     3525   2.29
  1976          95     0.42065  0.34755  0.50    1035     360     855     2237   2.16
  1976          96     0.44917  0.36680  0.50     675     248     552     1382   2.05
  1976          97     0.47803  0.38582  0.50     428     165     345      830   1.94
  1976          98     0.50704  0.40449  0.50     263     106     210      485   1.85
  1976          99     0.53600  0.42271  0.50     156      66     123      275   1.76
  1976         100     0.56472  0.44037  0.50      90      40      70      152   1.68
  1976         101     0.59301  0.45739  0.50      51      23      39       81   1.61
  1976         102     0.62070  0.47369  0.50      27      13      21       42   1.55
  1976         103     0.64763  0.48922  0.50      14       7      11       22   1.49
  1976         104     0.67365  0.50392  0.50       7       4       6       11   1.44
  1976         105     0.69863  0.51777  0.50       4       2       3        5   1.39
  1976         106     0.72245  0.53073  0.50       2       1       1        2   1.35
  1976         107     0.74500  0.54280  0.50       1       0       1        1   1.31
  1976         108     0.76632  0.55403  0.50       0       0       0        0   1.28
  1976         109     0.78656  0.56454  0.50       0       0       0        0   1.25
  1976         110+    0.81727  1.00000  1.22       0       0       0        0   1.22
  1977           0     0.00982  0.00974  0.14  100000     974   99167  7341478  73.41
  1977           1     0.00115  0.00115  0.50   99026     114   98969  7242311  73.14
  1977           2     0.00093  0.00093  0.50   98913      92   98867  7143342  72.22
  1977           3     0.00075  0.00075  0.50   98821      74   98784  7044475  71.29
  1977           4     0.00062  0.00062  0.50   98747      61   98716  6945691  70.34
  1977           5     0.00053  0.00053  0.50   98686      52   98660  6846975  69.38
  1977           6     0.00046  0.00046  0.50   98634      45   98611  6748315  68.42
  1977           7     0.00041  0.00041  0.50   98588      40   98568  6649704  67.45
  1977           8     0.00037  0.00037  0.50   98549      36   98530  6551136  66.48
  1977           9     0.00033  0.00033  0.50   98512      33   98496  6452605  65.50
  1977          10     0.00030  0.00030  0.50   98480      30   98465  6354109  64.52
  1977          11     0.00028  0.00028  0.50   98450      27   98436  6255645  63.54
  1977          12     0.00028  0.00028  0.50   98422      27   98409  6157208  62.56
  1977          13     0.00031  0.00031  0.50   98395      30   98380  6058800  61.58
  1977          14     0.00039  0.00039  0.50   98365      38   98346  5960420  60.60
  1977          15     0.00051  0.00051  0.50   98327      50   98302  5862074  59.62
  1977          16     0.00064  0.00064  0.50   98277      63   98246  5763772  58.65
  1977          17     0.00076  0.00076  0.50   98214      75   98177  5665526  57.69
  1977          18     0.00085  0.00085  0.50   98139      84   98097  5567350  56.73
  1977          19     0.00092  0.00092  0.50   98055      90   98010  5469252  55.78
  1977          20     0.00099  0.00099  0.50   97965      97   97917  5371242  54.83
  1977          21     0.00105  0.00105  0.50   97869     103   97817  5273325  53.88
  1977          22     0.00110  0.00109  0.50   97766     107   97712  5175508  52.94
  1977          23     0.00110  0.00110  0.50   97659     107   97605  5077795  52.00
  1977          24     0.00105  0.00105  0.50   97552     102   97500  4980190  51.05
  1977          25     0.00098  0.00097  0.50   97449      95   97402  4882690  50.10
  1977          26     0.00091  0.00091  0.50   97354      89   97310  4785288  49.15
  1977          27     0.00090  0.00090  0.50   97265      87   97222  4687978  48.20
  1977          28     0.00091  0.00091  0.50   97178      88   97134  4590756  47.24
  1977          29     0.00094  0.00094  0.50   97090      91   97044  4493622  46.28
  1977          30     0.00095  0.00095  0.50   96999      92   96953  4396578  45.33
  1977          31     0.00096  0.00096  0.50   96906      93   96860  4299626  44.37
  1977          32     0.00098  0.00098  0.50   96813      95   96766  4202766  43.41
  1977          33     0.00102  0.00102  0.50   96718      99   96669  4106001  42.45
  1977          34     0.00109  0.00109  0.50   96620     106   96567  4009332  41.50
  1977          35     0.00121  0.00121  0.50   96514     117   96456  3912765  40.54
  1977          36     0.00136  0.00136  0.50   96397     131   96332  3816309  39.59
  1977          37     0.00153  0.00153  0.50   96266     147   96193  3719977  38.64
  1977          38     0.00170  0.00170  0.50   96119     163   96037  3623785  37.70
  1977          39     0.00185  0.00185  0.50   95956     177   95867  3527748  36.76
  1977          40     0.00201  0.00201  0.50   95778     192   95682  3431880  35.83
  1977          41     0.00221  0.00221  0.50   95586     211   95480  3336198  34.90
  1977          42     0.00246  0.00245  0.50   95375     234   95258  3240718  33.98
  1977          43     0.00274  0.00274  0.50   95141     261   95010  3145460  33.06
  1977          44     0.00307  0.00307  0.50   94880     291   94734  3050450  32.15
  1977          45     0.00343  0.00343  0.50   94589     324   94427  2955716  31.25
  1977          46     0.00381  0.00380  0.50   94264     358   94085  2861289  30.35
  1977          47     0.00421  0.00420  0.50   93906     395   93709  2767204  29.47
  1977          48     0.00458  0.00457  0.50   93511     427   93298  2673495  28.59
  1977          49     0.00484  0.00483  0.50   93084     449   92859  2580198  27.72
  1977          50     0.00498  0.00497  0.50   92635     460   92404  2487339  26.85
  1977          51     0.00505  0.00504  0.50   92174     464   91942  2394934  25.98
  1977          52     0.00518  0.00517  0.50   91710     474   91473  2302992  25.11
  1977          53     0.00555  0.00554  0.50   91236     505   90983  2211519  24.24
  1977          54     0.00621  0.00620  0.50   90731     562   90450  2120536  23.37
  1977          55     0.00700  0.00698  0.50   90169     629   89854  2030086  22.51
  1977          56     0.00774  0.00771  0.50   89540     690   89194  1940232  21.67
  1977          57     0.00848  0.00844  0.50   88849     750   88474  1851038  20.83
  1977          58     0.00934  0.00930  0.50   88099     819   87690  1762563  20.01
  1977          59     0.01049  0.01044  0.50   87280     911   86825  1674874  19.19
  1977          60     0.01181  0.01174  0.50   86369    1014   85862  1588049  18.39
  1977          61     0.01315  0.01307  0.50   85355    1115   84797  1502187  17.60
  1977          62     0.01452  0.01442  0.50   84240    1214   83632  1417390  16.83
  1977          63     0.01596  0.01583  0.50   83025    1315   82368  1333757  16.06
  1977          64     0.01751  0.01736  0.50   81711    1418   81001  1251390  15.31
  1977          65     0.01923  0.01905  0.50   80292    1530   79528  1170388  14.58
  1977          66     0.02130  0.02108  0.50   78763    1660   77933  1090861  13.85
  1977          67     0.02394  0.02365  0.50   77103    1824   76191  1012928  13.14
  1977          68     0.02729  0.02692  0.50   75279    2027   74266   936737  12.44
  1977          69     0.03116  0.03069  0.50   73252    2248   72128   862471  11.77
  1977          70     0.03541  0.03479  0.50   71004    2470   69769   790343  11.13
  1977          71     0.04026  0.03946  0.50   68534    2705   67182   720574  10.51
  1977          72     0.04546  0.04445  0.50   65829    2926   64366   653392   9.93
  1977          73     0.05070  0.04944  0.50   62903    3110   61348   589026   9.36
  1977          74     0.05598  0.05446  0.50   59793    3256   58165   527678   8.83
  1977          75     0.06144  0.05961  0.50   56537    3370   54852   469513   8.30
  1977          76     0.06736  0.06516  0.50   53167    3464   51435   414661   7.80
  1977          77     0.07436  0.07170  0.50   49702    3564   47921   363226   7.31
  1977          78     0.08302  0.07971  0.50   46139    3678   44300   315306   6.83
  1977          79     0.09324  0.08909  0.50   42461    3783   40570   271006   6.38
  1977          80     0.10479  0.09957  0.50   38678    3851   36753   230436   5.96
  1977          81     0.11732  0.11082  0.50   34827    3859   32897   193683   5.56
  1977          82     0.13058  0.12258  0.50   30968    3796   29070   160786   5.19
  1977          83     0.14473  0.13497  0.50   27172    3667   25338   131716   4.85
  1977          84     0.15993  0.14809  0.50   23504    3481   21764   106378   4.53
  1977          85     0.17629  0.16201  0.50   20024    3244   18402    84614   4.23
  1977          86     0.19390  0.17676  0.50   16780    2966   15297    66212   3.95
  1977          87     0.21282  0.19235  0.50   13814    2657   12485    50915   3.69
  1977          88     0.23308  0.20875  0.50   11157    2329    9992    38430   3.44
  1977          89     0.25464  0.22588  0.50    8828    1994    7831    28438   3.22
  1977          90     0.27750  0.24369  0.50    6834    1665    6001    20607   3.02
  1977          91     0.30157  0.26206  0.50    5168    1354    4491    14606   2.83
  1977          92     0.32679  0.28090  0.50    3814    1071    3278    10115   2.65
  1977          93     0.35305  0.30008  0.50    2743     823    2331     6836   2.49
  1977          94     0.38023  0.31949  0.50    1920     613    1613     4505   2.35
  1977          95     0.40817  0.33899  0.50    1306     443    1085     2892   2.21
  1977          96     0.43672  0.35845  0.50     864     310     709     1807   2.09
  1977          97     0.46569  0.37773  0.50     554     209     449     1099   1.98
  1977          98     0.49489  0.39673  0.50     345     137     276      649   1.88
  1977          99     0.52414  0.41530  0.50     208      86     165      373   1.79
  1977         100     0.55322  0.43335  0.50     122      53      95      208   1.71
  1977         101     0.58193  0.45077  0.50      69      31      53      113   1.64
  1977         102     0.61009  0.46749  0.50      38      18      29       59   1.57
  1977         103     0.63750  0.48341  0.50      20      10      15       30   1.51
  1977         104     0.66400  0.49850  0.50      10       5       8       15   1.46
  1977         105     0.68944  0.51270  0.50       5       3       4        7   1.41
  1977         106     0.71375  0.52603  0.50       3       1       2        3   1.37
  1977         107     0.73691  0.53850  0.50       1       1       1        2   1.33
  1977         108     0.75907  0.55024  0.50       1       0       0        1   1.29
  1977         109     0.78047  0.56140  0.50       0       0       0        0   1.26
  1977         110+    0.81184  1.00000  1.23       0       0       0        0   1.23
  1978           0     0.00921  0.00913  0.14  100000     913   99218  7355078  73.55
  1978           1     0.00154  0.00154  0.50   99087     153   99010  7255860  73.23
  1978           2     0.00111  0.00111  0.50   98934     110   98879  7156850  72.34
  1978           3     0.00076  0.00076  0.50   98824      75   98786  7057971  71.42
  1978           4     0.00052  0.00052  0.50   98748      52   98723  6959184  70.47
  1978           5     0.00040  0.00040  0.50   98697      39   98677  6860462  69.51
  1978           6     0.00038  0.00038  0.50   98658      37   98639  6761785  68.54
  1978           7     0.00042  0.00042  0.50   98620      41   98600  6663146  67.56
  1978           8     0.00041  0.00041  0.50   98579      41   98559  6564546  66.59
  1978           9     0.00036  0.00036  0.50   98538      35   98521  6465987  65.62
  1978          10     0.00026  0.00026  0.50   98503      25   98491  6367466  64.64
  1978          11     0.00017  0.00017  0.50   98478      17   98469  6268976  63.66
  1978          12     0.00015  0.00015  0.50   98461      15   98453  6170507  62.67
  1978          13     0.00019  0.00019  0.50   98446      19   98436  6072053  61.68
  1978          14     0.00029  0.00029  0.50   98427      29   98412  5973617  60.69
  1978          15     0.00046  0.00046  0.50   98398      45   98375  5875205  59.71
  1978          16     0.00064  0.00064  0.50   98353      63   98321  5776829  58.74
  1978          17     0.00077  0.00077  0.50   98290      76   98252  5678508  57.77
  1978          18     0.00085  0.00085  0.50   98214      83   98173  5580256  56.82
  1978          19     0.00088  0.00088  0.50   98131      86   98088  5482083  55.86
  1978          20     0.00098  0.00098  0.50   98045      96   97997  5383995  54.91
  1978          21     0.00110  0.00110  0.50   97949     107   97895  5285998  53.97
  1978          22     0.00114  0.00114  0.50   97841     111   97786  5188103  53.03
  1978          23     0.00106  0.00106  0.50   97730     104   97678  5090318  52.09
  1978          24     0.00090  0.00090  0.50   97626      88   97582  4992640  51.14
  1978          25     0.00084  0.00084  0.50   97538      82   97497  4895058  50.19
  1978          26     0.00084  0.00084  0.50   97456      81   97415  4797561  49.23
  1978          27     0.00082  0.00082  0.50   97375      80   97335  4700145  48.27
  1978          28     0.00082  0.00082  0.50   97295      80   97255  4602811  47.31
  1978          29     0.00087  0.00087  0.50   97215      85   97172  4505556  46.35
  1978          30     0.00094  0.00094  0.50   97130      91   97084  4408384  45.39
  1978          31     0.00099  0.00099  0.50   97039      96   96991  4311299  44.43
  1978          32     0.00102  0.00102  0.50   96943      99   96894  4214308  43.47
  1978          33     0.00106  0.00106  0.50   96844     102   96793  4117415  42.52
  1978          34     0.00112  0.00112  0.50   96742     108   96688  4020622  41.56
  1978          35     0.00119  0.00119  0.50   96633     115   96576  3923934  40.61
  1978          36     0.00124  0.00124  0.50   96518     119   96458  3827358  39.65
  1978          37     0.00123  0.00123  0.50   96399     118   96340  3730900  38.70
  1978          38     0.00130  0.00129  0.50   96281     125   96218  3634560  37.75
  1978          39     0.00157  0.00157  0.50   96156     151   96080  3538342  36.80
  1978          40     0.00195  0.00195  0.50   96005     188   95911  3442261  35.85
  1978          41     0.00233  0.00233  0.50   95818     223   95706  3346350  34.92
  1978          42     0.00267  0.00266  0.50   95595     255   95467  3250644  34.00
  1978          43     0.00293  0.00292  0.50   95340     279   95201  3155177  33.09
  1978          44     0.00309  0.00309  0.50   95061     293   94915  3059976  32.19
  1978          45     0.00323  0.00322  0.50   94768     305   94615  2965061  31.29
  1978          46     0.00342  0.00341  0.50   94463     322   94301  2870446  30.39
  1978          47     0.00367  0.00367  0.50   94140     345   93968  2776144  29.49
  1978          48     0.00396  0.00395  0.50   93795     371   93610  2682177  28.60
  1978          49     0.00428  0.00427  0.50   93424     399   93225  2588567  27.71
  1978          50     0.00473  0.00472  0.50   93026     439   92806  2495342  26.82
  1978          51     0.00541  0.00540  0.50   92587     500   92337  2402536  25.95
  1978          52     0.00617  0.00615  0.50   92087     567   91804  2310199  25.09
  1978          53     0.00685  0.00682  0.50   91520     624   91208  2218395  24.24
  1978          54     0.00744  0.00741  0.50   90896     674   90559  2127187  23.40
  1978          55     0.00796  0.00793  0.50   90222     715   89864  2036629  22.57
  1978          56     0.00842  0.00838  0.50   89507     750   89131  1946764  21.75
  1978          57     0.00885  0.00881  0.50   88756     782   88365  1857633  20.93
  1978          58     0.00928  0.00924  0.50   87975     813   87568  1769267  20.11
  1978          59     0.00974  0.00969  0.50   87162     844   86739  1681699  19.29
  1978          60     0.01049  0.01044  0.50   86317     901   85867  1594960  18.48
  1978          61     0.01181  0.01175  0.50   85416    1003   84915  1509093  17.67
  1978          62     0.01354  0.01345  0.50   84413    1136   83845  1424179  16.87
  1978          63     0.01545  0.01534  0.50   83277    1277   82639  1340333  16.09
  1978          64     0.01746  0.01731  0.50   82000    1419   81291  1257695  15.34
  1978          65     0.01957  0.01938  0.50   80581    1562   79800  1176404  14.60
  1978          66     0.02203  0.02179  0.50   79019    1722   78159  1096604  13.88
  1978          67     0.02494  0.02463  0.50   77298    1904   76346  1018445  13.18
  1978          68     0.02826  0.02786  0.50   75394    2101   74344   942099  12.50
  1978          69     0.03153  0.03104  0.50   73293    2275   72156   867755  11.84
  1978          70     0.03452  0.03393  0.50   71018    2410   69813   795600  11.20
  1978          71     0.03805  0.03734  0.50   68608    2562   67327   725786  10.58
  1978          72     0.04286  0.04196  0.50   66046    2771   64661   658459   9.97
  1978          73     0.04923  0.04805  0.50   63275    3040   61755   593799   9.38
  1978          74     0.05602  0.05450  0.50   60235    3283   58593   532044   8.83
  1978          75     0.06200  0.06014  0.50   56952    3425   55240   473450   8.31
  1978          76     0.06719  0.06501  0.50   53527    3480   51787   418211   7.81
  1978          77     0.07304  0.07047  0.50   50047    3527   48284   366424   7.32
  1978          78     0.08095  0.07781  0.50   46521    3620   44711   318140   6.84
  1978          79     0.09113  0.08716  0.50   42901    3739   41031   273429   6.37
  1978          80     0.10332  0.09824  0.50   39162    3847   37238   232397   5.93
  1978          81     0.11661  0.11018  0.50   35314    3891   33369   195159   5.53
  1978          82     0.13030  0.12233  0.50   31423    3844   29501   161790   5.15
  1978          83     0.14490  0.13511  0.50   27579    3726   25716   132289   4.80
  1978          84     0.16071  0.14875  0.50   23853    3548   22079   106573   4.47
  1978          85     0.17787  0.16334  0.50   20305    3317   18647    84494   4.16
  1978          86     0.19646  0.17889  0.50   16988    3039   15469    65847   3.88
  1978          87     0.21651  0.19536  0.50   13949    2725   12587    50379   3.61
  1978          88     0.23802  0.21271  0.50   11224    2387   10030    37792   3.37
  1978          89     0.26096  0.23084  0.50    8837    2040    7817    27762   3.14
  1978          90     0.28528  0.24967  0.50    6797    1697    5948    19945   2.93
  1978          91     0.31091  0.26908  0.50    5100    1372    4414    13997   2.74
  1978          92     0.33775  0.28896  0.50    3728    1077    3189     9583   2.57
  1978          93     0.36568  0.30916  0.50    2650     819    2241     6394   2.41
  1978          94     0.39454  0.32953  0.50    1831     603    1529     4153   2.27
  1978          95     0.42416  0.34994  0.50    1228     430    1013     2624   2.14
  1978          96     0.45432  0.37022  0.50     798     295     650     1611   2.02
  1978          97     0.48483  0.39023  0.50     503     196     405      961   1.91
  1978          98     0.51545  0.40983  0.50     306     126     244      556   1.81
  1978          99     0.54595  0.42888  0.50     181      78     142      312   1.73
  1978         100     0.57612  0.44728  0.50     103      46      80      170   1.65
  1978         101     0.60573  0.46492  0.50      57      27      44       90   1.58
  1978         102     0.63459  0.48174  0.50      31      15      23       46   1.51
  1978         103     0.66251  0.49766  0.50      16       8      12       23   1.46
  1978         104     0.68934  0.51265  0.50       8       4       6       11   1.41
  1978         105     0.71493  0.52666  0.50       4       2       3        5   1.36
  1978         106     0.73915  0.53969  0.50       2       1       1        2   1.32
  1978         107     0.76192  0.55173  0.50       1       0       1        1   1.29
  1978         108     0.78333  0.56287  0.50       0       0       0        0   1.25
  1978         109     0.80359  0.57326  0.50       0       0       0        0   1.23
  1978         110+    0.83345  1.00000  1.20       0       0       0        0   1.20
  1979           0     0.00834  0.00828  0.15  100000     828   99294  7413906  74.14
  1979           1     0.00145  0.00145  0.50   99172     144   99100  7314612  73.76
  1979           2     0.00114  0.00114  0.50   99028     112   98972  7215512  72.86
  1979           3     0.00086  0.00086  0.50   98916      85   98873  7116540  71.95
  1979           4     0.00065  0.00065  0.50   98831      64   98799  7017667  71.01
  1979           5     0.00049  0.00049  0.50   98767      48   98743  6918867  70.05
  1979           6     0.00038  0.00038  0.50   98719      37   98700  6820124  69.09
  1979           7     0.00031  0.00031  0.50   98682      31   98666  6721424  68.11
  1979           8     0.00028  0.00028  0.50   98651      28   98637  6622758  67.13
  1979           9     0.00024  0.00024  0.50   98623      23   98611  6524121  66.15
  1979          10     0.00013  0.00013  0.50   98599      13   98593  6425510  65.17
  1979          11     0.00006  0.00006  0.50   98587       6   98584  6326917  64.18
  1979          12     0.00011  0.00011  0.50   98581      11   98575  6228333  63.18
  1979          13     0.00010  0.00010  0.50   98570      10   98564  6129758  62.19
  1979          14     0.00010  0.00010  0.50   98559      10   98554  6031194  61.19
  1979          15     0.00020  0.00020  0.50   98550      20   98540  5932639  60.20
  1979          16     0.00045  0.00045  0.50   98530      44   98508  5834099  59.21
  1979          17     0.00081  0.00081  0.50   98486      80   98446  5735592  58.24
  1979          18     0.00112  0.00112  0.50   98406     110   98351  5637146  57.28
  1979          19     0.00121  0.00121  0.50   98296     118   98237  5538795  56.35
  1979          20     0.00116  0.00116  0.50   98178     114   98121  5440558  55.42
  1979          21     0.00112  0.00112  0.50   98064     109   98009  5342438  54.48
  1979          22     0.00117  0.00117  0.50   97955     114   97897  5244428  53.54
  1979          23     0.00115  0.00115  0.50   97840     112   97784  5146531  52.60
  1979          24     0.00093  0.00093  0.50   97728      90   97683  5048747  51.66
  1979          25     0.00075  0.00075  0.50   97637      73   97601  4951064  50.71
  1979          26     0.00065  0.00065  0.50   97564      63   97533  4853464  49.75
  1979          27     0.00057  0.00057  0.50   97501      55   97474  4755931  48.78
  1979          28     0.00056  0.00056  0.50   97446      55   97418  4658458  47.81
  1979          29     0.00068  0.00068  0.50   97391      66   97358  4561039  46.83
  1979          30     0.00087  0.00087  0.50   97325      85   97283  4463681  45.86
  1979          31     0.00100  0.00100  0.50   97241      97   97192  4366398  44.90
  1979          32     0.00099  0.00099  0.50   97143      96   97095  4269206  43.95
  1979          33     0.00105  0.00104  0.50   97047     101   96996  4172111  42.99
  1979          34     0.00132  0.00132  0.50   96945     128   96882  4075115  42.04
  1979          35     0.00151  0.00150  0.50   96818     146   96745  3978233  41.09
  1979          36     0.00141  0.00141  0.50   96672     136   96604  3881488  40.15
  1979          37     0.00151  0.00151  0.50   96536     146   96463  3784884  39.21
  1979          38     0.00174  0.00173  0.50   96390     167   96306  3688422  38.27
  1979          39     0.00187  0.00187  0.50   96223     180   96133  3592115  37.33
  1979          40     0.00191  0.00191  0.50   96043     183   95951  3495983  36.40
  1979          41     0.00194  0.00193  0.50   95859     185   95767  3400031  35.47
  1979          42     0.00206  0.00206  0.50   95674     197   95576  3304265  34.54
  1979          43     0.00232  0.00232  0.50   95477     221   95367  3208689  33.61
  1979          44     0.00272  0.00272  0.50   95256     259   95126  3113322  32.68
  1979          45     0.00313  0.00312  0.50   94997     297   94849  3018196  31.77
  1979          46     0.00348  0.00348  0.50   94700     329   94536  2923347  30.87
  1979          47     0.00404  0.00403  0.50   94371     380   94181  2828812  29.98
  1979          48     0.00449  0.00448  0.50   93990     421   93780  2734631  29.09
  1979          49     0.00455  0.00454  0.50   93569     425   93357  2640851  28.22
  1979          50     0.00468  0.00467  0.50   93144     435   92927  2547494  27.35
  1979          51     0.00527  0.00525  0.50   92710     487   92466  2454567  26.48
  1979          52     0.00572  0.00571  0.50   92222     526   91959  2362101  25.61
  1979          53     0.00553  0.00552  0.50   91696     506   91443  2270142  24.76
  1979          54     0.00539  0.00538  0.50   91190     490   90945  2178699  23.89
  1979          55     0.00577  0.00575  0.50   90700     521   90439  2087754  23.02
  1979          56     0.00686  0.00684  0.50   90178     617   89870  1997315  22.15
  1979          57     0.00836  0.00833  0.50   89562     746   89189  1907445  21.30
  1979          58     0.00969  0.00964  0.50   88816     856   88388  1818256  20.47
  1979          59     0.01015  0.01010  0.50   87960     888   87516  1729868  19.67
  1979          60     0.01093  0.01087  0.50   87071     947   86598  1642352  18.86
  1979          61     0.01305  0.01297  0.50   86124    1117   85566  1555755  18.06
  1979          62     0.01495  0.01484  0.50   85008    1261   84377  1470188  17.29
  1979          63     0.01512  0.01500  0.50   83747    1256   83118  1385811  16.55
  1979          64     0.01482  0.01471  0.50   82490    1213   81884  1302693  15.79
  1979          65     0.01610  0.01598  0.50   81277    1298   80628  1220809  15.02
  1979          66     0.02042  0.02021  0.50   79979    1617   79170  1140181  14.26
  1979          67     0.02532  0.02500  0.50   78362    1959   77382  1061011  13.54
  1979          68     0.02817  0.02778  0.50   76403    2123   75341   983629  12.87
  1979          69     0.02953  0.02910  0.50   74280    2162   73199   908288  12.23
  1979          70     0.03114  0.03067  0.50   72118    2212   71012   835089  11.58
  1979          71     0.03529  0.03468  0.50   69906    2424   68694   764077  10.93
  1979          72     0.04081  0.03999  0.50   67482    2699   66133   695382  10.30
  1979          73     0.04584  0.04481  0.50   64783    2903   63332   629250   9.71
  1979          74     0.04962  0.04842  0.50   61880    2996   60382   565918   9.15
  1979          75     0.05363  0.05223  0.50   58884    3076   57346   505536   8.59
  1979          76     0.06397  0.06199  0.50   55808    3460   54079   448189   8.03
  1979          77     0.07558  0.07283  0.50   52349    3813   50443   394111   7.53
  1979          78     0.08254  0.07927  0.50   48536    3847   46613   343668   7.08
  1979          79     0.08859  0.08484  0.50   44689    3791   42793   297056   6.65
  1979          80     0.09840  0.09379  0.50   40898    3836   38980   254262   6.22
  1979          81     0.11050  0.10471  0.50   37062    3881   35122   215282   5.81
  1979          82     0.12271  0.11561  0.50   33181    3836   31263   180161   5.43
  1979          83     0.13573  0.12710  0.50   29345    3730   27480   148898   5.07
  1979          84     0.14991  0.13946  0.50   25615    3572   23829   121418   4.74
  1979          85     0.16533  0.15271  0.50   22043    3366   20360    97588   4.43
  1979          86     0.18201  0.16683  0.50   18677    3116   17119    77229   4.14
  1979          87     0.19996  0.18179  0.50   15561    2829   14147    60110   3.86
  1979          88     0.21921  0.19756  0.50   12732    2515   11475    45963   3.61
  1979          89     0.23975  0.21409  0.50   10217    2187    9123    34489   3.38
  1979          90     0.26158  0.23132  0.50    8030    1857    7101    25365   3.16
  1979          91     0.28464  0.24918  0.50    6172    1538    5403    18265   2.96
  1979          92     0.30889  0.26757  0.50    4634    1240    4014    12861   2.78
  1979          93     0.33425  0.28638  0.50    3394     972    2908     8847   2.61
  1979          94     0.36059  0.30551  0.50    2422     740    2052     5939   2.45
  1979          95     0.38780  0.32482  0.50    1682     546    1409     3887   2.31
  1979          96     0.41573  0.34419  0.50    1136     391     940     2478   2.18
  1979          97     0.44422  0.36348  0.50     745     271     609     1538   2.06
  1979          98     0.47307  0.38258  0.50     474     181     383      928   1.96
  1979          99     0.50211  0.40135  0.50     293     117     234      545   1.86
  1979         100     0.53113  0.41968  0.50     175      74     138      311   1.77
  1979         101     0.55994  0.43746  0.50     102      44      79      172   1.69
  1979         102     0.58835  0.45461  0.50      57      26      44       93   1.62
  1979         103     0.61619  0.47106  0.50      31      15      24       49   1.56
  1979         104     0.64329  0.48673  0.50      17       8      12       25   1.50
  1979         105     0.66949  0.50159  0.50       8       4       6       12   1.45
  1979         106     0.69469  0.51560  0.50       4       2       3        6   1.40
  1979         107     0.71879  0.52876  0.50       2       1       2        3   1.36
  1979         108     0.74164  0.54102  0.50       1       1       1        1   1.32
  1979         109     0.76317  0.55239  0.50       0       0       0        1   1.29
  1979         110+    0.79691  1.00000  1.25       0       0       0        0   1.25
  1980           0     0.00875  0.00868  0.14  100000     868   99256  7369721  73.70
  1980           1     0.00093  0.00093  0.50   99132      93   99085  7270465  73.34
  1980           2     0.00080  0.00080  0.50   99039      80   98999  7171379  72.41
  1980           3     0.00069  0.00069  0.50   98960      68   98926  7072380  71.47
  1980           4     0.00058  0.00058  0.50   98892      58   98863  6973454  70.52
  1980           5     0.00050  0.00050  0.50   98834      49   98809  6874592  69.56
  1980           6     0.00042  0.00042  0.50   98785      41   98764  6775782  68.59
  1980           7     0.00036  0.00036  0.50   98743      35   98726  6677018  67.62
  1980           8     0.00030  0.00030  0.50   98708      30   98693  6578293  66.64
  1980           9     0.00025  0.00025  0.50   98679      25   98666  6479599  65.66
  1980          10     0.00021  0.00021  0.50   98654      21   98643  6380933  64.68
  1980          11     0.00020  0.00020  0.50   98633      19   98623  6282290  63.69
  1980          12     0.00021  0.00021  0.50   98613      21   98603  6183667  62.71
  1980          13     0.00026  0.00026  0.50   98593      25   98580  6085064  61.72
  1980          14     0.00034  0.00034  0.50   98567      33   98551  5986484  60.73
  1980          15     0.00046  0.00046  0.50   98534      45   98511  5887933  59.76
  1980          16     0.00063  0.00063  0.50   98489      62   98458  5789421  58.78
  1980          17     0.00083  0.00083  0.50   98427      82   98386  5690963  57.82
  1980          18     0.00104  0.00104  0.50   98345     102   98294  5592577  56.87
  1980          19     0.00119  0.00119  0.50   98243     117   98185  5494283  55.93
  1980          20     0.00126  0.00125  0.50   98127     123   98065  5396098  54.99
  1980          21     0.00124  0.00124  0.50   98003     122   97943  5298033  54.06
  1980          22     0.00118  0.00118  0.50   97882     115   97824  5200090  53.13
  1980          23     0.00108  0.00108  0.50   97767     106   97714  5102266  52.19
  1980          24     0.00098  0.00098  0.50   97661      96   97613  5004553  51.24
  1980          25     0.00090  0.00090  0.50   97565      88   97521  4906939  50.29
  1980          26     0.00086  0.00086  0.50   97478      84   97436  4809418  49.34
  1980          27     0.00086  0.00086  0.50   97394      83   97352  4711982  48.38
  1980          28     0.00087  0.00087  0.50   97311      84   97268  4614630  47.42
  1980          29     0.00087  0.00087  0.50   97226      84   97184  4517362  46.46
  1980          30     0.00087  0.00087  0.50   97142      85   97099  4420178  45.50
  1980          31     0.00089  0.00089  0.50   97057      87   97014  4323078  44.54
  1980          32     0.00095  0.00094  0.50   96971      92   96925  4226064  43.58
  1980          33     0.00104  0.00104  0.50   96879     101   96828  4129140  42.62
  1980          34     0.00119  0.00119  0.50   96778     115   96720  4032311  41.67
  1980          35     0.00136  0.00136  0.50   96663     131   96597  3935591  40.71
  1980          36     0.00151  0.00151  0.50   96532     146   96459  3838994  39.77
  1980          37     0.00165  0.00165  0.50   96385     159   96306  3742535  38.83
  1980          38     0.00178  0.00178  0.50   96226     171   96141  3646229  37.89
  1980          39     0.00192  0.00191  0.50   96055     184   95963  3550089  36.96
  1980          40     0.00207  0.00206  0.50   95871     198   95772  3454125  36.03
  1980          41     0.00224  0.00223  0.50   95674     214   95567  3358353  35.10
  1980          42     0.00242  0.00242  0.50   95460     231   95344  3262786  34.18
  1980          43     0.00263  0.00263  0.50   95229     250   95104  3167442  33.26
  1980          44     0.00290  0.00290  0.50   94979     275   94841  3072338  32.35
  1980          45     0.00323  0.00323  0.50   94703     306   94550  2977497  31.44
  1980          46     0.00360  0.00360  0.50   94397     340   94228  2882946  30.54
  1980          47     0.00394  0.00393  0.50   94058     370   93873  2788719  29.65
  1980          48     0.00424  0.00423  0.50   93688     396   93490  2694846  28.76
  1980          49     0.00449  0.00448  0.50   93292     418   93083  2601356  27.88
  1980          50     0.00474  0.00473  0.50   92874     439   92654  2508273  27.01
  1980          51     0.00501  0.00500  0.50   92435     462   92204  2415619  26.13
  1980          52     0.00533  0.00532  0.50   91972     489   91728  2323415  25.26
  1980          53     0.00570  0.00569  0.50   91483     520   91223  2231688  24.39
  1980          54     0.00614  0.00612  0.50   90963     556   90685  2140464  23.53
  1980          55     0.00672  0.00670  0.50   90407     606   90104  2049779  22.67
  1980          56     0.00753  0.00750  0.50   89801     674   89464  1959675  21.82
  1980          57     0.00846  0.00842  0.50   89127     750   88752  1870211  20.98
  1980          58     0.00935  0.00930  0.50   88377     822   87966  1781459  20.16
  1980          59     0.01010  0.01005  0.50   87555     880   87115  1693493  19.34
  1980          60     0.01075  0.01069  0.50   86675     927   86211  1606378  18.53
  1980          61     0.01138  0.01131  0.50   85748     970   85263  1520167  17.73
  1980          62     0.01214  0.01206  0.50   84778    1023   84266  1434904  16.93
  1980          63     0.01321  0.01312  0.50   83755    1099   83206  1350638  16.13
  1980          64     0.01477  0.01466  0.50   82656    1212   82050  1267432  15.33
  1980          65     0.01697  0.01683  0.50   81444    1371   80759  1185382  14.55
  1980          66     0.01981  0.01962  0.50   80074    1571   79288  1104623  13.80
  1980          67     0.02326  0.02299  0.50   78503    1805   77600  1025334  13.06
  1980          68     0.02727  0.02690  0.50   76698    2063   75666   947734  12.36
  1980          69     0.03162  0.03113  0.50   74635    2323   73473   872068  11.68
  1980          70     0.03616  0.03552  0.50   72311    2568   71027   798595  11.04
  1980          71     0.04104  0.04021  0.50   69743    2805   68341   727568  10.43
  1980          72     0.04602  0.04498  0.50   66938    3011   65433   659227   9.85
  1980          73     0.05086  0.04959  0.50   63927    3170   62342   593794   9.29
  1980          74     0.05585  0.05434  0.50   60757    3301   59106   531452   8.75
  1980          75     0.06151  0.05967  0.50   57456    3428   55741   472346   8.22
  1980          76     0.06838  0.06612  0.50   54027    3572   52241   416604   7.71
  1980          77     0.07634  0.07353  0.50   50455    3710   48600   364363   7.22
  1980          78     0.08516  0.08168  0.50   46745    3818   44836   315763   6.75
  1980          79     0.09496  0.09066  0.50   42927    3892   40981   270927   6.31
  1980          80     0.10592  0.10059  0.50   39035    3927   37072   229946   5.89
  1980          81     0.11810  0.11152  0.50   35109    3915   33151   192874   5.49
  1980          82     0.13151  0.12340  0.50   31194    3849   29269   159723   5.12
  1980          83     0.14617  0.13622  0.50   27344    3725   25482   130454   4.77
  1980          84     0.16212  0.14996  0.50   23619    3542   21848   104972   4.44
  1980          85     0.17941  0.16464  0.50   20077    3305   18425    83123   4.14
  1980          86     0.19807  0.18022  0.50   16772    3023   15261    64699   3.86
  1980          87     0.21814  0.19669  0.50   13749    2704   12397    49438   3.60
  1980          88     0.23963  0.21399  0.50   11045    2363    9863    37041   3.35
  1980          89     0.26251  0.23205  0.50    8682    2015    7674    27178   3.13
  1980          90     0.28675  0.25079  0.50    6667    1672    5831    19503   2.93
  1980          91     0.31228  0.27010  0.50    4995    1349    4320    13673   2.74
  1980          92     0.33899  0.28986  0.50    3646    1057    3117     9352   2.57
  1980          93     0.36677  0.30993  0.50    2589     802    2188     6235   2.41
  1980          94     0.39546  0.33017  0.50    1787     590    1492     4047   2.27
  1980          95     0.42488  0.35043  0.50    1197     419     987     2555   2.14
  1980          96     0.45484  0.37057  0.50     777     288     633     1568   2.02
  1980          97     0.48514  0.39043  0.50     489     191     394      935   1.91
  1980          98     0.51554  0.40988  0.50     298     122     237      541   1.81
  1980          99     0.54583  0.42880  0.50     176      75     138      304   1.73
  1980         100     0.57578  0.44707  0.50     101      45      78      166   1.65
  1980         101     0.60517  0.46459  0.50      56      26      43       88   1.58
  1980         102     0.63380  0.48128  0.50      30      14      23       45   1.52
  1980         103     0.66146  0.49707  0.50      15       8      12       23   1.46
  1980         104     0.68800  0.51191  0.50       8       4       6       11   1.41
  1980         105     0.71330  0.52578  0.50       4       2       3        5   1.37
  1980         106     0.73733  0.53872  0.50       2       1       1        2   1.33
  1980         107     0.76010  0.55078  0.50       1       0       1        1   1.29
  1980         108     0.78184  0.56210  0.50       0       0       0        0   1.26
  1980         109     0.80282  0.57287  0.50       0       0       0        0   1.23
  1980         110+    0.83198  1.00000  1.20       0       0       0        0   1.20
  1981           0     0.00679  0.00676  0.16  100000     676   99436  7451605  74.52
  1981           1     0.00089  0.00089  0.50   99324      88   99280  7352169  74.02
  1981           2     0.00068  0.00068  0.50   99236      67   99203  7252889  73.09
  1981           3     0.00049  0.00049  0.50   99169      49   99145  7153686  72.14
  1981           4     0.00039  0.00039  0.50   99120      39   99101  7054542  71.17
  1981           5     0.00039  0.00039  0.50   99081      39   99062  6955441  70.20
  1981           6     0.00036  0.00036  0.50   99043      35   99025  6856379  69.23
  1981           7     0.00022  0.00022  0.50   99008      22   98996  6757353  68.25
  1981           8     0.00023  0.00023  0.50   98985      23   98974  6658357  67.27
  1981           9     0.00031  0.00031  0.50   98963      30   98948  6559383  66.28
  1981          10     0.00031  0.00031  0.50   98932      31   98917  6460435  65.30
  1981          11     0.00026  0.00026  0.50   98901      26   98888  6361518  64.32
  1981          12     0.00022  0.00022  0.50   98875      21   98865  6262630  63.34
  1981          13     0.00027  0.00027  0.50   98854      26   98841  6163765  62.35
  1981          14     0.00036  0.00036  0.50   98828      36   98810  6064924  61.37
  1981          15     0.00044  0.00044  0.50   98792      43   98771  5966114  60.39
  1981          16     0.00054  0.00054  0.50   98749      53   98723  5867344  59.42
  1981          17     0.00068  0.00068  0.50   98696      68   98662  5768621  58.45
  1981          18     0.00072  0.00072  0.50   98629      71   98593  5669959  57.49
  1981          19     0.00062  0.00062  0.50   98557      61   98527  5571366  56.53
  1981          20     0.00081  0.00081  0.50   98496      80   98456  5472839  55.56
  1981          21     0.00108  0.00108  0.50   98416     107   98363  5374383  54.61
  1981          22     0.00113  0.00113  0.50   98309     111   98254  5276021  53.67
  1981          23     0.00097  0.00097  0.50   98199      95   98151  5177767  52.73
  1981          24     0.00081  0.00081  0.50   98103      79   98064  5079616  51.78
  1981          25     0.00096  0.00096  0.50   98024      94   97977  4981552  50.82
  1981          26     0.00114  0.00114  0.50   97930     112   97874  4883575  49.87
  1981          27     0.00101  0.00101  0.50   97818      98   97769  4785701  48.92
  1981          28     0.00084  0.00084  0.50   97720      82   97679  4687933  47.97
  1981          29     0.00092  0.00092  0.50   97637      90   97593  4590254  47.01
  1981          30     0.00095  0.00095  0.50   97548      93   97501  4492661  46.06
  1981          31     0.00092  0.00092  0.50   97455      90   97410  4395160  45.10
  1981          32     0.00090  0.00090  0.50   97365      87   97321  4297750  44.14
  1981          33     0.00091  0.00091  0.50   97278      89   97233  4200429  43.18
  1981          34     0.00097  0.00097  0.50   97189      95   97141  4103196  42.22
  1981          35     0.00104  0.00104  0.50   97094     101   97043  4006054  41.26
  1981          36     0.00112  0.00112  0.50   96993     109   96939  3909011  40.30
  1981          37     0.00135  0.00135  0.50   96884     131   96819  3812072  39.35
  1981          38     0.00157  0.00157  0.50   96753     152   96677  3715254  38.40
  1981          39     0.00161  0.00161  0.50   96602     155   96524  3618576  37.46
  1981          40     0.00164  0.00164  0.50   96446     158   96367  3522052  36.52
  1981          41     0.00182  0.00182  0.50   96289     176   96201  3425685  35.58
  1981          42     0.00205  0.00204  0.50   96113     196   96015  3329484  34.64
  1981          43     0.00217  0.00217  0.50   95917     208   95813  3233469  33.71
  1981          44     0.00215  0.00215  0.50   95709     206   95606  3137656  32.78
  1981          45     0.00225  0.00225  0.50   95503     215   95396  3042050  31.85
  1981          46     0.00268  0.00268  0.50   95289     255   95161  2946654  30.92
  1981          47     0.00329  0.00328  0.50   95034     312   94877  2851493  30.01
  1981          48     0.00395  0.00394  0.50   94721     373   94535  2756616  29.10
  1981          49     0.00456  0.00455  0.50   94348     429   94133  2662081  28.22
  1981          50     0.00495  0.00494  0.50   93919     464   93687  2567948  27.34
  1981          51     0.00512  0.00511  0.50   93455     477   93216  2474261  26.48
  1981          52     0.00558  0.00556  0.50   92978     517   92719  2381045  25.61
  1981          53     0.00661  0.00659  0.50   92460     609   92156  2288326  24.75
  1981          54     0.00728  0.00725  0.50   91851     666   91518  2196170  23.91
  1981          55     0.00770  0.00767  0.50   91185     699   90836  2104652  23.08
  1981          56     0.00819  0.00816  0.50   90486     738   90117  2013816  22.26
  1981          57     0.00850  0.00846  0.50   89748     759   89368  1923699  21.43
  1981          58     0.00854  0.00850  0.50   88988     757   88610  1834331  20.61
  1981          59     0.00929  0.00925  0.50   88232     816   87824  1745721  19.79
  1981          60     0.01052  0.01047  0.50   87415     915   86958  1657898  18.97
  1981          61     0.01171  0.01165  0.50   86501    1007   85997  1570940  18.16
  1981          62     0.01292  0.01284  0.50   85493    1098   84944  1484943  17.37
  1981          63     0.01432  0.01422  0.50   84396    1200   83796  1399999  16.59
  1981          64     0.01604  0.01591  0.50   83196    1324   82534  1316203  15.82
  1981          65     0.01807  0.01791  0.50   81872    1466   81139  1233669  15.07
  1981          66     0.01997  0.01977  0.50   80406    1590   79611  1152530  14.33
  1981          67     0.02185  0.02162  0.50   78816    1704   77964  1072919  13.61
  1981          68     0.02407  0.02378  0.50   77112    1834   76195   994955  12.90
  1981          69     0.02730  0.02693  0.50   75278    2027   74265   918759  12.20
  1981          70     0.03173  0.03123  0.50   73251    2288   72107   844495  11.53
  1981          71     0.03598  0.03534  0.50   70963    2508   69709   772388  10.88
  1981          72     0.04066  0.03985  0.50   68455    2728   67091   702678  10.26
  1981          73     0.04653  0.04547  0.50   65727    2989   64233   635587   9.67
  1981          74     0.05216  0.05083  0.50   62738    3189   61144   571354   9.11
  1981          75     0.05633  0.05479  0.50   59549    3263   57918   510210   8.57
  1981          76     0.06083  0.05903  0.50   56287    3323   54625   452293   8.04
  1981          77     0.06796  0.06573  0.50   52964    3481   51223   397667   7.51
  1981          78     0.07902  0.07602  0.50   49483    3761   47602   346444   7.00
  1981          79     0.09135  0.08736  0.50   45721    3994   43724   298842   6.54
  1981          80     0.10228  0.09731  0.50   41727    4060   39697   255118   6.11
  1981          81     0.11300  0.10696  0.50   37667    4029   35652   215422   5.72
  1981          82     0.12516  0.11779  0.50   33638    3962   31657   179769   5.34
  1981          83     0.13858  0.12960  0.50   29676    3846   27753   148113   4.99
  1981          84     0.15319  0.14229  0.50   25830    3675   23992   120360   4.66
  1981          85     0.16905  0.15588  0.50   22154    3453   20428    96368   4.35
  1981          86     0.18619  0.17034  0.50   18701    3185   17108    75940   4.06
  1981          87     0.20464  0.18564  0.50   15516    2880   14075    58832   3.79
  1981          88     0.22440  0.20176  0.50   12635    2549   11361    44757   3.54
  1981          89     0.24549  0.21865  0.50   10086    2205    8983    33396   3.31
  1981          90     0.26787  0.23623  0.50    7881    1862    6950    24413   3.10
  1981          91     0.29150  0.25442  0.50    6019    1531    5253    17463   2.90
  1981          92     0.31632  0.27312  0.50    4488    1226    3875    12210   2.72
  1981          93     0.34224  0.29223  0.50    3262     953    2785     8335   2.56
  1981          94     0.36912  0.31161  0.50    2309     719    1949     5549   2.40
  1981          95     0.39685  0.33114  0.50    1589     526    1326     3600   2.27
  1981          96     0.42525  0.35069  0.50    1063     373     877     2274   2.14
  1981          97     0.45416  0.37011  0.50     690     255     562     1398   2.02
  1981          98     0.48338  0.38929  0.50     435     169     350      835   1.92
  1981          99     0.51271  0.40809  0.50     266     108     211      485   1.83
  1981         100     0.54195  0.42641  0.50     157      67     124      274   1.74
  1981         101     0.57091  0.44413  0.50      90      40      70      150   1.66
  1981         102     0.59939  0.46118  0.50      50      23      39       80   1.60
  1981         103     0.62722  0.47748  0.50      27      13      21       41   1.53
  1981         104     0.65423  0.49297  0.50      14       7      11       21   1.48
  1981         105     0.68028  0.50762  0.50       7       4       5       10   1.43
  1981         106     0.70525  0.52139  0.50       4       2       3        5   1.38
  1981         107     0.72903  0.53428  0.50       2       1       1        2   1.34
  1981         108     0.75151  0.54625  0.50       1       0       1        1   1.30
  1981         109     0.77269  0.55736  0.50       0       0       0        0   1.27
  1981         110+    0.80552  1.00000  1.24       0       0       0        0   1.24
  1982           0     0.00719  0.00715  0.16  100000     715   99399  7482375  74.82
  1982           1     0.00080  0.00080  0.50   99285      79   99245  7382976  74.36
  1982           2     0.00061  0.00061  0.50   99206      60   99176  7283730  73.42
  1982           3     0.00045  0.00045  0.50   99145      44   99123  7184555  72.46
  1982           4     0.00034  0.00034  0.50   99101      34   99084  7085431  71.50
  1982           5     0.00030  0.00030  0.50   99068      29   99053  6986347  70.52
  1982           6     0.00027  0.00027  0.50   99038      26   99025  6887294  69.54
  1982           7     0.00021  0.00021  0.50   99012      21   99001  6788269  68.56
  1982           8     0.00018  0.00018  0.50   98991      18   98982  6689268  67.57
  1982           9     0.00018  0.00018  0.50   98973      17   98964  6590286  66.59
  1982          10     0.00019  0.00019  0.50   98956      18   98946  6491322  65.60
  1982          11     0.00020  0.00020  0.50   98937      20   98927  6392375  64.61
  1982          12     0.00022  0.00022  0.50   98917      22   98906  6293448  63.62
  1982          13     0.00023  0.00023  0.50   98895      23   98884  6194542  62.64
  1982          14     0.00028  0.00028  0.50   98872      28   98858  6095659  61.65
  1982          15     0.00041  0.00041  0.50   98844      41   98824  5996800  60.67
  1982          16     0.00057  0.00057  0.50   98804      56   98776  5897976  59.69
  1982          17     0.00069  0.00069  0.50   98748      69   98713  5799201  58.73
  1982          18     0.00074  0.00073  0.50   98679      73   98643  5700487  57.77
  1982          19     0.00071  0.00071  0.50   98607      70   98572  5601844  56.81
  1982          20     0.00079  0.00079  0.50   98537      78   98498  5503272  55.85
  1982          21     0.00093  0.00093  0.50   98459      91   98413  5404774  54.89
  1982          22     0.00099  0.00099  0.50   98368      97   98319  5306361  53.94
  1982          23     0.00101  0.00101  0.50   98270     100   98220  5208042  53.00
  1982          24     0.00106  0.00106  0.50   98170     104   98119  5109822  52.05
  1982          25     0.00112  0.00112  0.50   98067     110   98012  5011704  51.11
  1982          26     0.00115  0.00114  0.50   97957     112   97901  4913692  50.16
  1982          27     0.00107  0.00107  0.50   97845     105   97792  4815791  49.22
  1982          28     0.00098  0.00098  0.50   97740      96   97692  4717999  48.27
  1982          29     0.00094  0.00094  0.50   97644      92   97597  4620307  47.32
  1982          30     0.00088  0.00088  0.50   97551      86   97509  4522710  46.36
  1982          31     0.00080  0.00080  0.50   97466      78   97427  4425201  45.40
  1982          32     0.00075  0.00075  0.50   97387      73   97351  4327775  44.44
  1982          33     0.00075  0.00075  0.50   97314      73   97278  4230424  43.47
  1982          34     0.00082  0.00082  0.50   97242      80   97202  4133146  42.50
  1982          35     0.00098  0.00098  0.50   97162      95   97114  4035944  41.54
  1982          36     0.00123  0.00123  0.50   97066     120   97006  3938830  40.58
  1982          37     0.00154  0.00154  0.50   96946     149   96872  3841824  39.63
  1982          38     0.00178  0.00178  0.50   96798     172   96712  3744952  38.69
  1982          39     0.00187  0.00187  0.50   96626     180   96535  3648240  37.76
  1982          40     0.00191  0.00191  0.50   96445     184   96353  3551705  36.83
  1982          41     0.00197  0.00197  0.50   96261     189   96167  3455351  35.90
  1982          42     0.00195  0.00195  0.50   96072     187   95979  3359185  34.97
  1982          43     0.00196  0.00196  0.50   95885     188   95791  3263206  34.03
  1982          44     0.00213  0.00213  0.50   95698     204   95596  3167415  33.10
  1982          45     0.00246  0.00245  0.50   95494     234   95377  3071819  32.17
  1982          46     0.00293  0.00292  0.50   95260     279   95120  2976442  31.25
  1982          47     0.00360  0.00359  0.50   94981     341   94811  2881322  30.34
  1982          48     0.00420  0.00419  0.50   94640     397   94442  2786511  29.44
  1982          49     0.00448  0.00447  0.50   94243     421   94033  2692069  28.57
  1982          50     0.00459  0.00458  0.50   93822     429   93607  2598037  27.69
  1982          51     0.00473  0.00472  0.50   93393     441   93172  2504429  26.82
  1982          52     0.00504  0.00503  0.50   92952     467   92718  2411257  25.94
  1982          53     0.00559  0.00557  0.50   92485     515   92227  2318538  25.07
  1982          54     0.00632  0.00631  0.50   91970     580   91680  2226311  24.21
  1982          55     0.00710  0.00707  0.50   91390     646   91067  2134631  23.36
  1982          56     0.00777  0.00774  0.50   90743     702   90392  2043565  22.52
  1982          57     0.00837  0.00834  0.50   90041     751   89666  1953173  21.69
  1982          58     0.00899  0.00895  0.50   89290     799   88891  1863507  20.87
  1982          59     0.00975  0.00970  0.50   88491     858   88062  1774616  20.05
  1982          60     0.01071  0.01066  0.50   87633     934   87166  1686554  19.25
  1982          61     0.01187  0.01180  0.50   86699    1023   86188  1599387  18.45
  1982          62     0.01290  0.01282  0.50   85676    1099   85127  1513200  17.66
  1982          63     0.01365  0.01356  0.50   84578    1147   84005  1428073  16.88
  1982          64     0.01473  0.01462  0.50   83431    1220   82821  1344068  16.11
  1982          65     0.01663  0.01649  0.50   82212    1356   81534  1261247  15.34
  1982          66     0.01873  0.01855  0.50   80856    1500   80106  1179713  14.59
  1982          67     0.02100  0.02078  0.50   79356    1649   78531  1099607  13.86
  1982          68     0.02365  0.02338  0.50   77706    1816   76798  1021076  13.14
  1982          69     0.02692  0.02656  0.50   75890    2016   74882   944278  12.44
  1982          70     0.03086  0.03039  0.50   73874    2245   72752   869396  11.77
  1982          71     0.03505  0.03445  0.50   71629    2467   70395   796644  11.12
  1982          72     0.03954  0.03877  0.50   69162    2682   67821   726249  10.50
  1982          73     0.04447  0.04350  0.50   66480    2892   65034   658428   9.90
  1982          74     0.04964  0.04844  0.50   63588    3080   62048   593394   9.33
  1982          75     0.05482  0.05336  0.50   60508    3228   58894   531347   8.78
  1982          76     0.06016  0.05840  0.50   57279    3345   55607   472453   8.25
  1982          77     0.06638  0.06425  0.50   53934    3465   52202   416846   7.73
  1982          78     0.07427  0.07161  0.50   50469    3614   48662   364645   7.23
  1982          79     0.08426  0.08086  0.50   46855    3789   44961   315983   6.74
  1982          80     0.09639  0.09195  0.50   43066    3960   41086   271022   6.29
  1982          81     0.10925  0.10359  0.50   39106    4051   37081   229936   5.88
  1982          82     0.12165  0.11467  0.50   35055    4020   33045   192855   5.50
  1982          83     0.13436  0.12590  0.50   31035    3907   29082   159810   5.15
  1982          84     0.14791  0.13773  0.50   27128    3736   25260   130728   4.82
  1982          85     0.16258  0.15036  0.50   23392    3517   21633   105468   4.51
  1982          86     0.17846  0.16384  0.50   19875    3256   18247    83835   4.22
  1982          87     0.19558  0.17816  0.50   16618    2961   15138    65588   3.95
  1982          88     0.21394  0.19327  0.50   13658    2640   12338    50450   3.69
  1982          89     0.23353  0.20911  0.50   11018    2304    9866    38112   3.46
  1982          90     0.25432  0.22563  0.50    8714    1966    7731    28246   3.24
  1982          91     0.27630  0.24276  0.50    6748    1638    5929    20515   3.04
  1982          92     0.29941  0.26042  0.50    5110    1331    4444    14586   2.85
  1982          93     0.32359  0.27853  0.50    3779    1053    3253    10141   2.68
  1982          94     0.34875  0.29696  0.50    2727     810    2322     6889   2.53
  1982          95     0.37478  0.31563  0.50    1917     605    1614     4567   2.38
  1982          96     0.40155  0.33441  0.50    1312     439    1092     2953   2.25
  1982          97     0.42893  0.35318  0.50     873     308     719     1860   2.13
  1982          98     0.45675  0.37183  0.50     565     210     460     1141   2.02
  1982          99     0.48483  0.39023  0.50     355     138     286      681   1.92
  1982         100     0.51302  0.40829  0.50     216      88     172      396   1.83
  1982         101     0.54112  0.42589  0.50     128      55     101      224   1.75
  1982         102     0.56897  0.44296  0.50      73      33      57      123   1.67
  1982         103     0.59639  0.45940  0.50      41      19      32       66   1.60
  1982         104     0.62322  0.47516  0.50      22      11      17       34   1.54
  1982         105     0.64930  0.49017  0.50      12       6       9       17   1.49
  1982         106     0.67447  0.50438  0.50       6       3       4        9   1.44
  1982         107     0.69862  0.51776  0.50       3       2       2        4   1.39
  1982         108     0.72173  0.53034  0.50       1       1       1        2   1.35
  1982         109     0.74389  0.54222  0.50       1       0       0        1   1.32
  1982         110+    0.77911  1.00000  1.28       0       0       0        0   1.28
  1983           0     0.00623  0.00619  0.17  100000     619   99486  7511353  75.11
  1983           1     0.00117  0.00117  0.50   99381     116   99323  7411867  74.58
  1983           2     0.00080  0.00080  0.50   99265      80   99225  7312544  73.67
  1983           3     0.00054  0.00054  0.50   99185      53   99158  7213319  72.73
  1983           4     0.00037  0.00037  0.50   99132      37   99113  7114161  71.76
  1983           5     0.00028  0.00028  0.50   99095      27   99081  7015048  70.79
  1983           6     0.00022  0.00022  0.50   99067      22   99057  6915967  69.81
  1983           7     0.00018  0.00018  0.50   99046      18   99037  6816910  68.83
  1983           8     0.00016  0.00016  0.50   99028      15   99020  6717873  67.84
  1983           9     0.00014  0.00014  0.50   99013      14   99006  6618853  66.85
  1983          10     0.00013  0.00013  0.50   98999      13   98992  6519847  65.86
  1983          11     0.00014  0.00014  0.50   98985      14   98979  6420855  64.87
  1983          12     0.00016  0.00016  0.50   98972      16   98964  6321877  63.88
  1983          13     0.00022  0.00022  0.50   98956      22   98945  6222913  62.89
  1983          14     0.00032  0.00032  0.50   98934      31   98919  6123967  61.90
  1983          15     0.00045  0.00045  0.50   98903      44   98881  6025049  60.92
  1983          16     0.00061  0.00061  0.50   98859      60   98829  5926168  59.95
  1983          17     0.00078  0.00078  0.50   98799      77   98760  5827339  58.98
  1983          18     0.00095  0.00095  0.50   98722      94   98675  5728579  58.03
  1983          19     0.00109  0.00108  0.50   98628     107   98575  5629904  57.08
  1983          20     0.00113  0.00113  0.50   98521     112   98465  5531329  56.14
  1983          21     0.00110  0.00110  0.50   98410     108   98355  5432864  55.21
  1983          22     0.00102  0.00102  0.50   98301     100   98251  5334508  54.27
  1983          23     0.00091  0.00091  0.50   98202      89   98157  5236257  53.32
  1983          24     0.00082  0.00081  0.50   98112      80   98072  5138100  52.37
  1983          25     0.00076  0.00076  0.50   98032      74   97995  5040028  51.41
  1983          26     0.00073  0.00073  0.50   97958      72   97922  4942033  50.45
  1983          27     0.00074  0.00074  0.50   97886      73   97850  4844110  49.49
  1983          28     0.00076  0.00076  0.50   97814      75   97776  4746261  48.52
  1983          29     0.00078  0.00078  0.50   97739      76   97701  4648484  47.56
  1983          30     0.00079  0.00079  0.50   97663      78   97624  4550783  46.60
  1983          31     0.00080  0.00080  0.50   97585      78   97546  4453160  45.63
  1983          32     0.00081  0.00081  0.50   97507      79   97467  4355614  44.67
  1983          33     0.00081  0.00081  0.50   97428      79   97388  4258147  43.71
  1983          34     0.00084  0.00084  0.50   97349      81   97308  4160758  42.74
  1983          35     0.00092  0.00092  0.50   97267      89   97223  4063450  41.78
  1983          36     0.00108  0.00108  0.50   97178     105   97126  3966227  40.81
  1983          37     0.00126  0.00126  0.50   97073     122   97012  3869101  39.86
  1983          38     0.00142  0.00142  0.50   96951     138   96883  3772089  38.91
  1983          39     0.00156  0.00156  0.50   96814     151   96738  3675206  37.96
  1983          40     0.00170  0.00170  0.50   96663     164   96581  3578468  37.02
  1983          41     0.00185  0.00185  0.50   96499     178   96410  3481887  36.08
  1983          42     0.00194  0.00194  0.50   96320     186   96227  3385478  35.15
  1983          43     0.00200  0.00200  0.50   96134     192   96038  3289250  34.22
  1983          44     0.00211  0.00211  0.50   95942     202   95841  3193213  33.28
  1983          45     0.00232  0.00232  0.50   95740     222   95629  3097372  32.35
  1983          46     0.00270  0.00270  0.50   95518     258   95389  3001743  31.43
  1983          47     0.00334  0.00333  0.50   95260     317   95101  2906354  30.51
  1983          48     0.00406  0.00405  0.50   94943     384   94751  2811252  29.61
  1983          49     0.00468  0.00467  0.50   94558     442   94338  2716502  28.73
  1983          50     0.00522  0.00520  0.50   94117     490   93872  2622164  27.86
  1983          51     0.00570  0.00569  0.50   93627     533   93361  2528292  27.00
  1983          52     0.00621  0.00619  0.50   93095     577   92806  2434931  26.16
  1983          53     0.00677  0.00675  0.50   92518     624   92206  2342125  25.32
  1983          54     0.00725  0.00722  0.50   91893     664   91562  2249919  24.48
  1983          55     0.00763  0.00760  0.50   91230     693   90883  2158358  23.66
  1983          56     0.00797  0.00794  0.50   90537     719   90177  2067474  22.84
  1983          57     0.00846  0.00842  0.50   89818     756   89440  1977297  22.01
  1983          58     0.00920  0.00916  0.50   89061     816   88653  1887858  21.20
  1983          59     0.01000  0.00995  0.50   88245     878   87807  1799204  20.39
  1983          60     0.01067  0.01061  0.50   87368     927   86904  1711398  19.59
  1983          61     0.01114  0.01108  0.50   86441     957   85962  1624494  18.79
  1983          62     0.01158  0.01151  0.50   85483     984   84991  1538532  18.00
  1983          63     0.01221  0.01213  0.50   84499    1025   83987  1453541  17.20
  1983          64     0.01324  0.01315  0.50   83474    1098   82925  1369554  16.41
  1983          65     0.01475  0.01464  0.50   82376    1206   81773  1286629  15.62
  1983          66     0.01649  0.01636  0.50   81170    1328   80506  1204856  14.84
  1983          67     0.01847  0.01830  0.50   79843    1461   79112  1124350  14.08
  1983          68     0.02082  0.02061  0.50   78382    1615   77574  1045238  13.34
  1983          69     0.02383  0.02355  0.50   76766    1808   75862   967664  12.61
  1983          70     0.02765  0.02728  0.50   74958    2045   73936   891801  11.90
  1983          71     0.03180  0.03130  0.50   72914    2282   71773   817865  11.22
  1983          72     0.03614  0.03549  0.50   70631    2507   69378   746093  10.56
  1983          73     0.04068  0.03987  0.50   68124    2716   66766   676715   9.93
  1983          74     0.04559  0.04457  0.50   65408    2915   63951   609949   9.33
  1983          75     0.05122  0.04994  0.50   62493    3121   60932   545998   8.74
  1983          76     0.05845  0.05679  0.50   59372    3372   57686   485066   8.17
  1983          77     0.06721  0.06503  0.50   56000    3642   54179   427380   7.63
  1983          78     0.07711  0.07425  0.50   52358    3887   50415   373201   7.13
  1983          79     0.08758  0.08391  0.50   48471    4067   46437   322786   6.66
  1983          80     0.09820  0.09361  0.50   44404    4157   42326   276349   6.22
  1983          81     0.10932  0.10366  0.50   40247    4172   38161   234023   5.81
  1983          82     0.12140  0.11446  0.50   36075    4129   34011   195862   5.43
  1983          83     0.13464  0.12614  0.50   31946    4030   29931   161851   5.07
  1983          84     0.14912  0.13877  0.50   27916    3874   25979   131920   4.73
  1983          85     0.16494  0.15237  0.50   24042    3663   22211   105940   4.41
  1983          86     0.18212  0.16692  0.50   20379    3402   18678    83730   4.11
  1983          87     0.20067  0.18237  0.50   16977    3096   15429    65051   3.83
  1983          88     0.22061  0.19869  0.50   13881    2758   12502    49622   3.57
  1983          89     0.24193  0.21582  0.50   11123    2401    9923    37120   3.34
  1983          90     0.26460  0.23369  0.50    8723    2038    7703    27197   3.12
  1983          91     0.28859  0.25220  0.50    6684    1686    5841    19494   2.92
  1983          92     0.31382  0.27125  0.50    4998    1356    4321    13653   2.73
  1983          93     0.34019  0.29074  0.50    3643    1059    3113     9332   2.56
  1983          94     0.36759  0.31052  0.50    2584     802    2182     6219   2.41
  1983          95     0.39588  0.33047  0.50    1781     589    1487     4037   2.27
  1983          96     0.42487  0.35043  0.50    1193     418     984     2550   2.14
  1983          97     0.45439  0.37027  0.50     775     287     631     1566   2.02
  1983          98     0.48424  0.38985  0.50     488     190     393      935   1.92
  1983          99     0.51420  0.40903  0.50     298     122     237      542   1.82
  1983         100     0.54406  0.42771  0.50     176      75     138      305   1.73
  1983         101     0.57361  0.44576  0.50     101      45      78      167   1.66
  1983         102     0.60263  0.46310  0.50      56      26      43       89   1.59
  1983         103     0.63094  0.47963  0.50      30      14      23       46   1.52
  1983         104     0.65834  0.49530  0.50      16       8      12       23   1.47
  1983         105     0.68467  0.51006  0.50       8       4       6       11   1.42
  1983         106     0.70980  0.52388  0.50       4       2       3        5   1.37
  1983         107     0.73368  0.53677  0.50       2       1       1        2   1.33
  1983         108     0.75644  0.54886  0.50       1       0       1        1   1.30
  1983         109     0.77832  0.56028  0.50       0       0       0        0   1.26
  1983         110+    0.81073  1.00000  1.23       0       0       0        0   1.23
  1984           0     0.00557  0.00554  0.18  100000     554   99545  7534130  75.34
  1984           1     0.00097  0.00097  0.50   99446      96   99398  7434586  74.76
  1984           2     0.00058  0.00058  0.50   99350      57   99321  7335188  73.83
  1984           3     0.00035  0.00035  0.50   99292      35   99275  7235867  72.87
  1984           4     0.00028  0.00028  0.50   99258      28   99244  7136592  71.90
  1984           5     0.00031  0.00031  0.50   99230      31   99215  7037348  70.92
  1984           6     0.00033  0.00033  0.50   99199      33   99183  6938134  69.94
  1984           7     0.00027  0.00027  0.50   99166      27   99153  6838951  68.96
  1984           8     0.00022  0.00022  0.50   99139      22   99128  6739798  67.98
  1984           9     0.00023  0.00023  0.50   99117      23   99106  6640670  67.00
  1984          10     0.00029  0.00029  0.50   99094      28   99080  6541564  66.01
  1984          11     0.00030  0.00030  0.50   99066      30   99051  6442485  65.03
  1984          12     0.00023  0.00023  0.50   99036      23   99024  6343434  64.05
  1984          13     0.00017  0.00017  0.50   99013      17   99005  6244409  63.07
  1984          14     0.00018  0.00018  0.50   98996      18   98987  6145405  62.08
  1984          15     0.00028  0.00028  0.50   98978      28   98964  6046418  61.09
  1984          16     0.00043  0.00043  0.50   98950      43   98929  5947453  60.11
  1984          17     0.00059  0.00059  0.50   98908      58   98879  5848524  59.13
  1984          18     0.00076  0.00076  0.50   98850      75   98812  5749646  58.17
  1984          19     0.00092  0.00092  0.50   98774      91   98729  5650834  57.21
  1984          20     0.00092  0.00092  0.50   98683      91   98638  5552105  56.26
  1984          21     0.00085  0.00085  0.50   98592      84   98550  5453467  55.31
  1984          22     0.00083  0.00083  0.50   98508      82   98467  5354917  54.36
  1984          23     0.00084  0.00084  0.50   98427      83   98385  5256449  53.40
  1984          24     0.00086  0.00086  0.50   98343      85   98301  5158064  52.45
  1984          25     0.00086  0.00086  0.50   98259      84   98217  5059763  51.49
  1984          26     0.00085  0.00085  0.50   98175      83   98133  4961546  50.54
  1984          27     0.00086  0.00086  0.50   98091      84   98049  4863413  49.58
  1984          28     0.00089  0.00089  0.50   98007      87   97964  4765364  48.62
  1984          29     0.00094  0.00094  0.50   97920      92   97874  4667401  47.67
  1984          30     0.00103  0.00103  0.50   97828     101   97777  4569527  46.71
  1984          31     0.00109  0.00109  0.50   97727     107   97673  4471750  45.76
  1984          32     0.00107  0.00107  0.50   97620     104   97568  4374076  44.81
  1984          33     0.00103  0.00103  0.50   97516     101   97466  4276508  43.85
  1984          34     0.00105  0.00105  0.50   97415     102   97364  4179042  42.90
  1984          35     0.00107  0.00107  0.50   97313     104   97261  4081678  41.94
  1984          36     0.00104  0.00104  0.50   97209     101   97158  3984417  40.99
  1984          37     0.00099  0.00099  0.50   97108      96   97060  3887259  40.03
  1984          38     0.00100  0.00100  0.50   97012      97   96963  3790199  39.07
  1984          39     0.00116  0.00116  0.50   96915     113   96859  3693235  38.11
  1984          40     0.00144  0.00144  0.50   96802     139   96733  3596377  37.15
  1984          41     0.00178  0.00178  0.50   96663     172   96577  3499644  36.20
  1984          42     0.00216  0.00215  0.50   96491     208   96387  3403068  35.27
  1984          43     0.00247  0.00246  0.50   96283     237   96164  3306681  34.34
  1984          44     0.00264  0.00264  0.50   96046     253   95919  3210516  33.43
  1984          45     0.00271  0.00270  0.50   95792     259   95663  3114598  32.51
  1984          46     0.00279  0.00278  0.50   95533     266   95400  3018935  31.60
  1984          47     0.00314  0.00313  0.50   95267     299   95118  2923534  30.69
  1984          48     0.00378  0.00377  0.50   94969     358   94790  2828416  29.78
  1984          49     0.00459  0.00458  0.50   94611     434   94394  2733627  28.89
  1984          50     0.00533  0.00531  0.50   94177     500   93927  2639233  28.02
  1984          51     0.00578  0.00576  0.50   93677     540   93407  2545305  27.17
  1984          52     0.00620  0.00618  0.50   93137     576   92849  2451898  26.33
  1984          53     0.00684  0.00682  0.50   92561     631   92246  2359049  25.49
  1984          54     0.00748  0.00746  0.50   91930     685   91587  2266803  24.66
  1984          55     0.00798  0.00795  0.50   91245     726   90882  2175216  23.84
  1984          56     0.00826  0.00822  0.50   90519     744   90147  2084334  23.03
  1984          57     0.00833  0.00829  0.50   89775     744   89403  1994187  22.21
  1984          58     0.00842  0.00838  0.50   89031     746   88657  1904784  21.39
  1984          59     0.00921  0.00917  0.50   88284     810   87880  1816126  20.57
  1984          60     0.01042  0.01036  0.50   87475     907   87021  1728247  19.76
  1984          61     0.01153  0.01146  0.50   86568     992   86072  1641226  18.96
  1984          62     0.01238  0.01231  0.50   85576    1053   85049  1555154  18.17
  1984          63     0.01303  0.01294  0.50   84523    1094   83976  1470104  17.39
  1984          64     0.01389  0.01379  0.50   83429    1151   82853  1386129  16.61
  1984          65     0.01551  0.01539  0.50   82278    1266   81645  1303275  15.84
  1984          66     0.01813  0.01797  0.50   81012    1456   80284  1221630  15.08
  1984          67     0.02113  0.02091  0.50   79556    1663   78724  1141347  14.35
  1984          68     0.02367  0.02339  0.50   77892    1822   76981  1062622  13.64
  1984          69     0.02511  0.02480  0.50   76070    1886   75127   985641  12.96
  1984          70     0.02570  0.02538  0.50   74184    1883   73243   910514  12.27
  1984          71     0.02825  0.02785  0.50   72301    2014   71294   837271  11.58
  1984          72     0.03278  0.03225  0.50   70287    2267   69154   765977  10.90
  1984          73     0.03852  0.03779  0.50   68021    2571   66735   696823  10.24
  1984          74     0.04510  0.04411  0.50   65450    2887   64007   630088   9.63
  1984          75     0.05217  0.05085  0.50   62563    3181   60973   566081   9.05
  1984          76     0.05923  0.05752  0.50   59382    3416   57674   505109   8.51
  1984          77     0.06635  0.06422  0.50   55966    3594   54169   447434   7.99
  1984          78     0.07378  0.07116  0.50   52372    3727   50509   393265   7.51
  1984          79     0.08174  0.07853  0.50   48646    3820   46736   342756   7.05
  1984          80     0.09044  0.08652  0.50   44826    3879   42886   296021   6.60
  1984          81     0.10014  0.09536  0.50   40947    3905   38995   253134   6.18
  1984          82     0.11104  0.10520  0.50   37042    3897   35094   214140   5.78
  1984          83     0.12313  0.11599  0.50   33146    3845   31223   179046   5.40
  1984          84     0.13639  0.12769  0.50   29301    3741   27430   147822   5.04
  1984          85     0.15084  0.14026  0.50   25560    3585   23767   120392   4.71
  1984          86     0.16650  0.15370  0.50   21975    3378   20286    96625   4.40
  1984          87     0.18343  0.16802  0.50   18597    3125   17035    76339   4.10
  1984          88     0.20166  0.18319  0.50   15473    2834   14055    59304   3.83
  1984          89     0.22121  0.19918  0.50   12638    2517   11379    45249   3.58
  1984          90     0.24208  0.21595  0.50   10121    2186    9028    33869   3.35
  1984          91     0.26426  0.23342  0.50    7935    1852    7009    24841   3.13
  1984          92     0.28769  0.25151  0.50    6083    1530    5318    17832   2.93
  1984          93     0.31232  0.27014  0.50    4553    1230    3938    12514   2.75
  1984          94     0.33805  0.28918  0.50    3323     961    2843     8576   2.58
  1984          95     0.36479  0.30852  0.50    2362     729    1998     5733   2.43
  1984          96     0.39238  0.32802  0.50    1633     536    1366     3735   2.29
  1984          97     0.42067  0.34757  0.50    1098     381     907     2370   2.16
  1984          98     0.44950  0.36701  0.50     716     263     585     1463   2.04
  1984          99     0.47867  0.38623  0.50     453     175     366      878   1.94
  1984         100     0.50798  0.40509  0.50     278     113     222      512   1.84
  1984         101     0.53724  0.42348  0.50     166      70     130      290   1.75
  1984         102     0.56625  0.44130  0.50      95      42      74      160   1.68
  1984         103     0.59481  0.45846  0.50      53      24      41       86   1.61
  1984         104     0.62275  0.47488  0.50      29      14      22       45   1.54
  1984         105     0.64988  0.49050  0.50      15       7      11       23   1.49
  1984         106     0.67604  0.50526  0.50       8       4       6       11   1.43
  1984         107     0.70108  0.51911  0.50       4       2       3        5   1.39
  1984         108     0.72497  0.53209  0.50       2       1       1        2   1.35
  1984         109     0.74780  0.54429  0.50       1       0       1        1   1.31
  1984         110+    0.78378  1.00000  1.28       0       0       0        0   1.28
  1985           0     0.00668  0.00665  0.17  100000     665   99445  7526851  75.27
  1985           1     0.00102  0.00102  0.50   99335     101   99285  7427406  74.77
  1985           2     0.00074  0.00074  0.50   99234      73   99198  7328121  73.85
  1985           3     0.00053  0.00053  0.50   99161      52   99135  7228923  72.90
  1985           4     0.00040  0.00040  0.50   99109      39   99089  7129788  71.94
  1985           5     0.00034  0.00034  0.50   99069      34   99052  7030699  70.97
  1985           6     0.00032  0.00032  0.50   99035      32   99020  6931647  69.99
  1985           7     0.00030  0.00030  0.50   99004      29   98989  6832627  69.01
  1985           8     0.00025  0.00025  0.50   98974      25   98962  6733638  68.03
  1985           9     0.00019  0.00019  0.50   98950      19   98940  6634676  67.05
  1985          10     0.00016  0.00016  0.50   98930      16   98923  6535736  66.06
  1985          11     0.00014  0.00014  0.50   98915      14   98908  6436814  65.07
  1985          12     0.00014  0.00014  0.50   98901      14   98894  6337906  64.08
  1985          13     0.00017  0.00017  0.50   98887      17   98878  6239012  63.09
  1985          14     0.00023  0.00023  0.50   98870      23   98859  6140133  62.10
  1985          15     0.00034  0.00034  0.50   98847      34   98831  6041274  61.12
  1985          16     0.00049  0.00049  0.50   98814      48   98789  5942444  60.14
  1985          17     0.00066  0.00066  0.50   98765      65   98733  5843655  59.17
  1985          18     0.00082  0.00082  0.50   98700      81   98660  5744922  58.21
  1985          19     0.00094  0.00094  0.50   98620      93   98573  5646262  57.25
  1985          20     0.00100  0.00100  0.50   98527      98   98478  5547688  56.31
  1985          21     0.00102  0.00102  0.50   98428     101   98378  5449211  55.36
  1985          22     0.00105  0.00105  0.50   98328     103   98276  5350833  54.42
  1985          23     0.00105  0.00105  0.50   98225     103   98173  5252556  53.47
  1985          24     0.00101  0.00101  0.50   98122      99   98072  5154383  52.53
  1985          25     0.00094  0.00094  0.50   98023      93   97976  5056311  51.58
  1985          26     0.00088  0.00088  0.50   97930      86   97887  4958334  50.63
  1985          27     0.00085  0.00085  0.50   97844      83   97802  4860447  49.68
  1985          28     0.00083  0.00082  0.50   97761      81   97721  4762645  48.72
  1985          29     0.00080  0.00080  0.50   97680      78   97641  4664924  47.76
  1985          30     0.00075  0.00075  0.50   97603      73   97566  4567282  46.79
  1985          31     0.00071  0.00071  0.50   97529      69   97495  4469716  45.83
  1985          32     0.00070  0.00070  0.50   97461      68   97426  4372221  44.86
  1985          33     0.00074  0.00074  0.50   97392      72   97356  4274795  43.89
  1985          34     0.00083  0.00083  0.50   97320      81   97280  4177439  42.92
  1985          35     0.00095  0.00095  0.50   97240      92   97194  4080158  41.96
  1985          36     0.00109  0.00109  0.50   97147     106   97095  3982965  41.00
  1985          37     0.00123  0.00123  0.50   97042     119   96982  3885870  40.04
  1985          38     0.00137  0.00137  0.50   96923     132   96857  3788888  39.09
  1985          39     0.00151  0.00150  0.50   96790     146   96718  3692031  38.14
  1985          40     0.00163  0.00163  0.50   96645     158   96566  3595314  37.20
  1985          41     0.00174  0.00173  0.50   96487     167   96404  3498747  36.26
  1985          42     0.00184  0.00184  0.50   96320     177   96231  3402344  35.32
  1985          43     0.00196  0.00195  0.50   96143     188   96049  3306112  34.39
  1985          44     0.00208  0.00208  0.50   95955     199   95855  3210063  33.45
  1985          45     0.00228  0.00227  0.50   95755     218   95647  3114208  32.52
  1985          46     0.00260  0.00259  0.50   95538     248   95414  3018562  31.60
  1985          47     0.00305  0.00305  0.50   95290     291   95145  2923148  30.68
  1985          48     0.00363  0.00363  0.50   95000     344   94827  2828003  29.77
  1985          49     0.00429  0.00428  0.50   94655     406   94452  2733176  28.88
  1985          50     0.00496  0.00495  0.50   94250     466   94016  2638723  28.00
  1985          51     0.00556  0.00555  0.50   93783     520   93523  2544707  27.13
  1985          52     0.00611  0.00609  0.50   93263     568   92979  2451184  26.28
  1985          53     0.00663  0.00661  0.50   92695     612   92388  2358205  25.44
  1985          54     0.00711  0.00709  0.50   92082     653   91756  2265817  24.61
  1985          55     0.00758  0.00755  0.50   91429     691   91084  2174061  23.78
  1985          56     0.00807  0.00803  0.50   90739     729   90374  2082977  22.96
  1985          57     0.00860  0.00856  0.50   90010     771   89624  1992603  22.14
  1985          58     0.00919  0.00915  0.50   89239     816   88831  1902978  21.32
  1985          59     0.00978  0.00974  0.50   88423     861   87993  1814147  20.52
  1985          60     0.01039  0.01034  0.50   87562     905   87109  1726155  19.71
  1985          61     0.01106  0.01100  0.50   86657     953   86180  1639045  18.91
  1985          62     0.01187  0.01180  0.50   85704    1011   85198  1552865  18.12
  1985          63     0.01291  0.01283  0.50   84692    1086   84149  1467667  17.33
  1985          64     0.01416  0.01406  0.50   83606    1175   83019  1383518  16.55
  1985          65     0.01556  0.01544  0.50   82431    1273   81794  1300499  15.78
  1985          66     0.01710  0.01695  0.50   81158    1376   80470  1218705  15.02
  1985          67     0.01888  0.01870  0.50   79782    1492   79036  1138235  14.27
  1985          68     0.02108  0.02086  0.50   78290    1633   77473  1059199  13.53
  1985          69     0.02384  0.02356  0.50   76656    1806   75753   981725  12.81
  1985          70     0.02725  0.02688  0.50   74850    2012   73844   905972  12.10
  1985          71     0.03126  0.03078  0.50   72838    2242   71717   832128  11.42
  1985          72     0.03591  0.03528  0.50   70596    2490   69351   760411  10.77
  1985          73     0.04122  0.04038  0.50   68106    2750   66731   691060  10.15
  1985          74     0.04691  0.04584  0.50   65355    2996   63858   624330   9.55
  1985          75     0.05277  0.05141  0.50   62360    3206   60757   560472   8.99
  1985          76     0.05894  0.05725  0.50   59154    3387   57460   499715   8.45
  1985          77     0.06573  0.06364  0.50   55767    3549   53993   442255   7.93
  1985          78     0.07341  0.07081  0.50   52218    3697   50369   388262   7.44
  1985          79     0.08204  0.07881  0.50   48521    3824   46609   337893   6.96
  1985          80     0.09164  0.08763  0.50   44697    3917   42739   291284   6.52
  1985          81     0.10215  0.09719  0.50   40780    3963   38799   248545   6.09
  1985          82     0.11354  0.10744  0.50   36817    3956   34839   209747   5.70
  1985          83     0.12594  0.11848  0.50   32861    3893   30915   174908   5.32
  1985          84     0.13944  0.13035  0.50   28968    3776   27080   143993   4.97
  1985          85     0.15412  0.14309  0.50   25192    3605   23390   116913   4.64
  1985          86     0.17004  0.15671  0.50   21587    3383   19896    93523   4.33
  1985          87     0.18724  0.17121  0.50   18204    3117   16646    73628   4.04
  1985          88     0.20576  0.18656  0.50   15087    2815   13680    56982   3.78
  1985          89     0.22560  0.20273  0.50   12273    2488   11029    43302   3.53
  1985          90     0.24676  0.21966  0.50    9785    2149    8710    32273   3.30
  1985          91     0.26922  0.23728  0.50    7635    1812    6729    23563   3.09
  1985          92     0.29292  0.25550  0.50    5824    1488    5080    16833   2.89
  1985          93     0.31780  0.27422  0.50    4336    1189    3741    11754   2.71
  1985          94     0.34375  0.29333  0.50    3147     923    2685     8013   2.55
  1985          95     0.37068  0.31272  0.50    2224     695    1876     5327   2.40
  1985          96     0.39842  0.33224  0.50    1528     508    1274     3451   2.26
  1985          97     0.42684  0.35177  0.50    1021     359     841     2177   2.13
  1985          98     0.45575  0.37117  0.50     662     246     539     1336   2.02
  1985          99     0.48496  0.39031  0.50     416     162     335      797   1.92
  1985         100     0.51427  0.40908  0.50     254     104     202      462   1.82
  1985         101     0.54348  0.42735  0.50     150      64     118      260   1.74
  1985         102     0.57237  0.44501  0.50      86      38      67      143   1.66
  1985         103     0.60075  0.46198  0.50      48      22      37       76   1.59
  1985         104     0.62842  0.47817  0.50      26      12      20       39   1.53
  1985         105     0.65521  0.49353  0.50      13       7      10       20   1.47
  1985         106     0.68102  0.50803  0.50       7       3       5       10   1.42
  1985         107     0.70579  0.52169  0.50       3       2       2        5   1.38
  1985         108     0.72965  0.53461  0.50       2       1       1        2   1.34
  1985         109     0.75280  0.54693  0.50       1       0       1        1   1.30
  1985         110+    0.78771  1.00000  1.27       0       0       0        0   1.27
  1986           0     0.00454  0.00452  0.19  100000     452   99634  7587477  75.87
  1986           1     0.00069  0.00069  0.50   99548      69   99513  7487843  75.22
  1986           2     0.00057  0.00057  0.50   99479      57   99451  7388330  74.27
  1986           3     0.00047  0.00047  0.50   99422      47   99399  7288879  73.31
  1986           4     0.00041  0.00041  0.50   99375      40   99355  7189480  72.35
  1986           5     0.00037  0.00037  0.50   99335      37   99316  7090125  71.38
  1986           6     0.00035  0.00035  0.50   99298      35   99280  6990809  70.40
  1986           7     0.00030  0.00030  0.50   99263      30   99248  6891529  69.43
  1986           8     0.00024  0.00024  0.50   99233      24   99221  6792281  68.45
  1986           9     0.00019  0.00019  0.50   99209      18   99199  6693060  67.46
  1986          10     0.00015  0.00015  0.50   99190      15   99183  6593861  66.48
  1986          11     0.00014  0.00014  0.50   99175      13   99169  6494678  65.49
  1986          12     0.00014  0.00014  0.50   99162      14   99155  6395509  64.50
  1986          13     0.00017  0.00017  0.50   99148      17   99139  6296354  63.50
  1986          14     0.00025  0.00025  0.50   99131      24   99119  6197215  62.52
  1986          15     0.00037  0.00037  0.50   99106      37   99088  6098096  61.53
  1986          16     0.00054  0.00054  0.50   99069      53   99043  5999008  60.55
  1986          17     0.00071  0.00071  0.50   99016      70   98981  5899966  59.59
  1986          18     0.00085  0.00085  0.50   98946      84   98904  5800985  58.63
  1986          19     0.00094  0.00094  0.50   98862      93   98815  5702081  57.68
  1986          20     0.00099  0.00099  0.50   98769      98   98720  5603266  56.73
  1986          21     0.00101  0.00101  0.50   98671     100   98621  5504546  55.79
  1986          22     0.00100  0.00100  0.50   98571      98   98522  5405925  54.84
  1986          23     0.00098  0.00098  0.50   98473      96   98425  5307403  53.90
  1986          24     0.00097  0.00097  0.50   98377      96   98329  5208979  52.95
  1986          25     0.00094  0.00094  0.50   98281      93   98235  5110650  52.00
  1986          26     0.00088  0.00088  0.50   98188      87   98145  5012415  51.05
  1986          27     0.00080  0.00080  0.50   98102      78   98063  4914270  50.09
  1986          28     0.00073  0.00073  0.50   98023      72   97987  4816208  49.13
  1986          29     0.00071  0.00071  0.50   97952      70   97917  4718220  48.17
  1986          30     0.00071  0.00071  0.50   97882      69   97847  4620304  47.20
  1986          31     0.00071  0.00071  0.50   97813      69   97778  4522456  46.24
  1986          32     0.00072  0.00072  0.50   97744      70   97709  4424678  45.27
  1986          33     0.00077  0.00077  0.50   97673      75   97636  4326970  44.30
  1986          34     0.00087  0.00087  0.50   97598      85   97556  4229334  43.33
  1986          35     0.00097  0.00097  0.50   97513      95   97466  4131778  42.37
  1986          36     0.00103  0.00103  0.50   97419     101   97369  4034312  41.41
  1986          37     0.00105  0.00105  0.50   97318     102   97267  3936943  40.45
  1986          38     0.00105  0.00105  0.50   97216     102   97165  3839676  39.50
  1986          39     0.00108  0.00108  0.50   97114     104   97062  3742511  38.54
  1986          40     0.00119  0.00119  0.50   97010     115   96952  3645449  37.58
  1986          41     0.00144  0.00143  0.50   96894     139   96825  3548497  36.62
  1986          42     0.00175  0.00175  0.50   96755     170   96670  3451672  35.67
  1986          43     0.00212  0.00212  0.50   96586     205   96483  3355002  34.74
  1986          44     0.00252  0.00252  0.50   96381     243   96259  3258519  33.81
  1986          45     0.00289  0.00289  0.50   96138     277   95999  3162259  32.89
  1986          46     0.00316  0.00315  0.50   95860     302   95709  3066260  31.99
  1986          47     0.00329  0.00328  0.50   95558     314   95401  2970551  31.09
  1986          48     0.00339  0.00339  0.50   95245     323   95083  2875150  30.19
  1986          49     0.00360  0.00359  0.50   94922     341   94752  2780066  29.29
  1986          50     0.00392  0.00392  0.50   94581     370   94396  2685315  28.39
  1986          51     0.00437  0.00436  0.50   94211     410   94005  2590919  27.50
  1986          52     0.00490  0.00488  0.50   93800     458   93571  2496913  26.62
  1986          53     0.00550  0.00548  0.50   93342     512   93086  2403342  25.75
  1986          54     0.00620  0.00619  0.50   92830     574   92543  2310256  24.89
  1986          55     0.00696  0.00694  0.50   92256     640   91936  2217713  24.04
  1986          56     0.00773  0.00770  0.50   91616     705   91263  2125777  23.20
  1986          57     0.00856  0.00853  0.50   90911     775   90523  2034514  22.38
  1986          58     0.00950  0.00946  0.50   90135     852   89709  1943991  21.57
  1986          59     0.01037  0.01032  0.50   89283     921   88822  1854282  20.77
  1986          60     0.01106  0.01100  0.50   88361     972   87876  1765460  19.98
  1986          61     0.01151  0.01145  0.50   87390    1000   86890  1677584  19.20
  1986          62     0.01196  0.01188  0.50   86389    1027   85876  1590694  18.41
  1986          63     0.01259  0.01251  0.50   85363    1068   84829  1504818  17.63
  1986          64     0.01335  0.01326  0.50   84295    1118   83736  1419989  16.85
  1986          65     0.01426  0.01416  0.50   83177    1177   82588  1336254  16.07
  1986          66     0.01587  0.01575  0.50   82000    1291   81354  1253665  15.29
  1986          67     0.01821  0.01804  0.50   80708    1456   79980  1172311  14.53
  1986          68     0.02109  0.02087  0.50   79252    1654   78425  1092331  13.78
  1986          69     0.02435  0.02405  0.50   77598    1867   76665  1013906  13.07
  1986          70     0.02778  0.02740  0.50   75731    2075   74694   937241  12.38
  1986          71     0.03118  0.03070  0.50   73656    2261   72526   862547  11.71
  1986          72     0.03443  0.03385  0.50   71395    2416   70187   790022  11.07
  1986          73     0.03762  0.03692  0.50   68979    2547   67705   719835  10.44
  1986          74     0.04164  0.04079  0.50   66432    2710   65077   652130   9.82
  1986          75     0.04727  0.04618  0.50   63722    2943   62251   587053   9.21
  1986          76     0.05424  0.05281  0.50   60779    3210   59175   524802   8.63
  1986          77     0.06230  0.06042  0.50   57570    3478   55831   465627   8.09
  1986          78     0.07127  0.06882  0.50   54092    3722   52230   409797   7.58
  1986          79     0.08086  0.07771  0.50   50369    3914   48412   357566   7.10
  1986          80     0.09080  0.08686  0.50   46455    4035   44437   309154   6.65
  1986          81     0.10110  0.09624  0.50   42420    4082   40379   264717   6.24
  1986          82     0.11186  0.10593  0.50   38338    4061   36307   224338   5.85
  1986          83     0.12332  0.11616  0.50   34276    3981   32286   188031   5.49
  1986          84     0.13567  0.12705  0.50   30295    3849   28370   155746   5.14
  1986          85     0.14904  0.13870  0.50   26446    3668   24612   127375   4.82
  1986          86     0.16350  0.15115  0.50   22778    3443   21057   102763   4.51
  1986          87     0.17911  0.16439  0.50   19335    3178   17746    81707   4.23
  1986          88     0.19587  0.17840  0.50   16157    2882   14715    63961   3.96
  1986          89     0.21381  0.19316  0.50   13274    2564   11992    49245   3.71
  1986          90     0.23291  0.20862  0.50   10710    2234    9593    37253   3.48
  1986          91     0.25317  0.22472  0.50    8476    1905    7524    27660   3.26
  1986          92     0.27456  0.24142  0.50    6571    1586    5778    20137   3.06
  1986          93     0.29703  0.25862  0.50    4985    1289    4340    14359   2.88
  1986          94     0.32053  0.27625  0.50    3696    1021    3185    10018   2.71
  1986          95     0.34497  0.29422  0.50    2675     787    2281     6833   2.55
  1986          96     0.37026  0.31242  0.50    1888     590    1593     4552   2.41
  1986          97     0.39628  0.33075  0.50    1298     429    1083     2959   2.28
  1986          98     0.42290  0.34909  0.50     869     303     717     1876   2.16
  1986          99     0.44998  0.36733  0.50     565     208     462     1159   2.05
  1986         100     0.47735  0.38537  0.50     358     138     289      697   1.95
  1986         101     0.50487  0.40311  0.50     220      89     176      408   1.86
  1986         102     0.53235  0.42044  0.50     131      55     104      233   1.77
  1986         103     0.55963  0.43727  0.50      76      33      59      129   1.70
  1986         104     0.58652  0.45352  0.50      43      19      33       70   1.63
  1986         105     0.61287  0.46912  0.50      23      11      18       37   1.57
  1986         106     0.63852  0.48400  0.50      12       6       9       19   1.51
  1986         107     0.66338  0.49815  0.50       6       3       5        9   1.46
  1986         108     0.68749  0.51162  0.50       3       2       2        5   1.41
  1986         109     0.71098  0.52452  0.50       2       1       1        2   1.37
  1986         110+    0.74918  1.00000  1.33       1       1       1        1   1.33
  1987           0     0.00446  0.00445  0.19  100000     445   99640  7625878  76.26
  1987           1     0.00069  0.00069  0.50   99555      69   99521  7526238  75.60
  1987           2     0.00052  0.00052  0.50   99486      52   99460  7426718  74.65
  1987           3     0.00039  0.00039  0.50   99434      39   99415  7327257  73.69
  1987           4     0.00029  0.00029  0.50   99396      29   99381  7227842  72.72
  1987           5     0.00024  0.00024  0.50   99367      23   99355  7128461  71.74
  1987           6     0.00020  0.00020  0.50   99343      20   99333  7029106  70.76
  1987           7     0.00018  0.00018  0.50   99323      18   99314  6929773  69.77
  1987           8     0.00016  0.00016  0.50   99305      16   99297  6830460  68.78
  1987           9     0.00015  0.00015  0.50   99289      15   99281  6731163  67.79
  1987          10     0.00015  0.00015  0.50   99274      15   99266  6631882  66.80
  1987          11     0.00015  0.00015  0.50   99259      15   99251  6532615  65.81
  1987          12     0.00017  0.00017  0.50   99244      17   99235  6433364  64.82
  1987          13     0.00021  0.00021  0.50   99227      20   99217  6334128  63.83
  1987          14     0.00028  0.00028  0.50   99207      28   99193  6234912  62.85
  1987          15     0.00040  0.00040  0.50   99179      40   99159  6135719  61.87
  1987          16     0.00055  0.00055  0.50   99139      54   99112  6036560  60.89
  1987          17     0.00069  0.00069  0.50   99084      69   99050  5937449  59.92
  1987          18     0.00081  0.00081  0.50   99016      81   98976  5838398  58.96
  1987          19     0.00090  0.00089  0.50   98935      89   98891  5739423  58.01
  1987          20     0.00092  0.00091  0.50   98847      90   98802  5640532  57.06
  1987          21     0.00090  0.00090  0.50   98756      89   98712  5541730  56.12
  1987          22     0.00087  0.00087  0.50   98668      86   98625  5443018  55.17
  1987          23     0.00085  0.00085  0.50   98582      84   98540  5344394  54.21
  1987          24     0.00083  0.00083  0.50   98498      82   98457  5245854  53.26
  1987          25     0.00082  0.00082  0.50   98417      80   98376  5147396  52.30
  1987          26     0.00081  0.00081  0.50   98336      80   98296  5049020  51.34
  1987          27     0.00082  0.00082  0.50   98256      80   98216  4950724  50.39
  1987          28     0.00082  0.00082  0.50   98176      81   98135  4852508  49.43
  1987          29     0.00081  0.00081  0.50   98095      80   98055  4754373  48.47
  1987          30     0.00080  0.00080  0.50   98015      78   97976  4656318  47.51
  1987          31     0.00079  0.00079  0.50   97937      78   97898  4558342  46.54
  1987          32     0.00081  0.00081  0.50   97859      79   97820  4460445  45.58
  1987          33     0.00084  0.00084  0.50   97780      82   97739  4362625  44.62
  1987          34     0.00088  0.00088  0.50   97698      86   97656  4264886  43.65
  1987          35     0.00093  0.00093  0.50   97613      91   97567  4167230  42.69
  1987          36     0.00102  0.00101  0.50   97522      99   97472  4069663  41.73
  1987          37     0.00114  0.00114  0.50   97423     111   97368  3972190  40.77
  1987          38     0.00129  0.00129  0.50   97312     126   97249  3874823  39.82
  1987          39     0.00146  0.00146  0.50   97186     142   97116  3777573  38.87
  1987          40     0.00165  0.00164  0.50   97045     160   96965  3680458  37.93
  1987          41     0.00185  0.00185  0.50   96885     179   96796  3583493  36.99
  1987          42     0.00202  0.00202  0.50   96706     195   96609  3486697  36.05
  1987          43     0.00218  0.00217  0.50   96511     210   96406  3390088  35.13
  1987          44     0.00234  0.00234  0.50   96302     225   96189  3293682  34.20
  1987          45     0.00253  0.00253  0.50   96076     243   95955  3197493  33.28
  1987          46     0.00274  0.00274  0.50   95833     262   95702  3101538  32.36
  1987          47     0.00299  0.00299  0.50   95571     286   95428  3005836  31.45
  1987          48     0.00332  0.00331  0.50   95285     316   95127  2910408  30.54
  1987          49     0.00375  0.00374  0.50   94969     355   94792  2815281  29.64
  1987          50     0.00422  0.00421  0.50   94614     399   94415  2720489  28.75
  1987          51     0.00468  0.00467  0.50   94215     440   93996  2626074  27.87
  1987          52     0.00514  0.00513  0.50   93776     481   93535  2532079  27.00
  1987          53     0.00565  0.00564  0.50   93294     526   93031  2438544  26.14
  1987          54     0.00624  0.00622  0.50   92768     577   92480  2345513  25.28
  1987          55     0.00688  0.00686  0.50   92191     632   91875  2253033  24.44
  1987          56     0.00752  0.00749  0.50   91559     686   91216  2161158  23.60
  1987          57     0.00811  0.00808  0.50   90873     734   90506  2069942  22.78
  1987          58     0.00863  0.00859  0.50   90139     775   89752  1979436  21.96
  1987          59     0.00915  0.00910  0.50   89364     814   88958  1889685  21.15
  1987          60     0.00973  0.00969  0.50   88551     858   88122  1800727  20.34
  1987          61     0.01046  0.01040  0.50   87693     912   87237  1712605  19.53
  1987          62     0.01133  0.01127  0.50   86781     978   86292  1625368  18.73
  1987          63     0.01236  0.01229  0.50   85803    1054   85276  1539077  17.94
  1987          64     0.01358  0.01349  0.50   84749    1143   84177  1453801  17.15
  1987          65     0.01499  0.01488  0.50   83606    1244   82984  1369623  16.38
  1987          66     0.01658  0.01644  0.50   82362    1354   81685  1286639  15.62
  1987          67     0.01839  0.01823  0.50   81008    1476   80270  1204955  14.87
  1987          68     0.02049  0.02029  0.50   79531    1613   78725  1124685  14.14
  1987          69     0.02290  0.02264  0.50   77918    1764   77036  1045960  13.42
  1987          70     0.02569  0.02536  0.50   76154    1931   75188   968925  12.72
  1987          71     0.02904  0.02862  0.50   74222    2125   73160   893737  12.04
  1987          72     0.03298  0.03245  0.50   72098    2339   70928   820577  11.38
  1987          73     0.03748  0.03679  0.50   69758    2566   68475   749649  10.75
  1987          74     0.04244  0.04156  0.50   67192    2792   65796   681174  10.14
  1987          75     0.04781  0.04669  0.50   64400    3007   62896   615378   9.56
  1987          76     0.05358  0.05218  0.50   61393    3204   59791   552482   9.00
  1987          77     0.05984  0.05810  0.50   58189    3381   56498   492691   8.47
  1987          78     0.06670  0.06454  0.50   54808    3538   53039   436193   7.96
  1987          79     0.07433  0.07167  0.50   51271    3674   49433   383154   7.47
  1987          80     0.08288  0.07958  0.50   47596    3788   45702   333720   7.01
  1987          81     0.09226  0.08819  0.50   43808    3864   41877   288018   6.57
  1987          82     0.10239  0.09740  0.50   39945    3891   37999   246142   6.16
  1987          83     0.11332  0.10724  0.50   36054    3867   34121   208142   5.77
  1987          84     0.12515  0.11778  0.50   32187    3791   30292   174021   5.41
  1987          85     0.13796  0.12905  0.50   28396    3665   26564   143729   5.06
  1987          86     0.15181  0.14110  0.50   24732    3490   22987   117165   4.74
  1987          87     0.16679  0.15395  0.50   21242    3270   19607    94178   4.43
  1987          88     0.18292  0.16759  0.50   17972    3012   16466    74571   4.15
  1987          89     0.20025  0.18202  0.50   14960    2723   13598    58106   3.88
  1987          90     0.21878  0.19721  0.50   12237    2413   11030    44507   3.64
  1987          91     0.23852  0.21310  0.50    9824    2093    8777    33477   3.41
  1987          92     0.25945  0.22966  0.50    7730    1775    6843    24700   3.20
  1987          93     0.28153  0.24679  0.50    5955    1470    5220    17857   3.00
  1987          94     0.30472  0.26443  0.50    4485    1186    3892    12637   2.82
  1987          95     0.32894  0.28248  0.50    3299     932    2833     8745   2.65
  1987          96     0.35410  0.30084  0.50    2367     712    2011     5912   2.50
  1987          97     0.38009  0.31939  0.50    1655     529    1391     3901   2.36
  1987          98     0.40679  0.33804  0.50    1126     381     936     2510   2.23
  1987          99     0.43405  0.35665  0.50     746     266     613     1574   2.11
  1987         100     0.46172  0.37512  0.50     480     180     390      961   2.00
  1987         101     0.48960  0.39332  0.50     300     118     241      571   1.91
  1987         102     0.51754  0.41114  0.50     182      75     144      330   1.82
  1987         103     0.54533  0.42849  0.50     107      46      84      186   1.74
  1987         104     0.57279  0.44527  0.50      61      27      48      102   1.66
  1987         105     0.59976  0.46140  0.50      34      16      26       54   1.60
  1987         106     0.62613  0.47684  0.50      18       9      14       28   1.54
  1987         107     0.65180  0.49159  0.50      10       5       7       14   1.48
  1987         108     0.67687  0.50572  0.50       5       2       4        7   1.43
  1987         109     0.70144  0.51931  0.50       2       1       2        3   1.39
  1987         110+    0.74100  1.00000  1.35       1       1       2        2   1.35
  1988           0     0.00511  0.00508  0.18  100000     508   99585  7594528  75.95
  1988           1     0.00026  0.00026  0.50   99492      26   99478  7494943  75.33
  1988           2     0.00028  0.00028  0.50   99465      28   99451  7395465  74.35
  1988           3     0.00032  0.00032  0.50   99437      31   99422  7296013  73.37
  1988           4     0.00036  0.00036  0.50   99406      35   99388  7196592  72.40
  1988           5     0.00038  0.00038  0.50   99371      38   99352  7097204  71.42
  1988           6     0.00038  0.00038  0.50   99333      38   99314  6997852  70.45
  1988           7     0.00036  0.00036  0.50   99295      36   99277  6898538  69.48
  1988           8     0.00030  0.00030  0.50   99259      30   99245  6799261  68.50
  1988           9     0.00023  0.00023  0.50   99230      23   99218  6700016  67.52
  1988          10     0.00016  0.00016  0.50   99207      16   99199  6600798  66.54
  1988          11     0.00012  0.00012  0.50   99191      12   99185  6501599  65.55
  1988          12     0.00012  0.00012  0.50   99178      12   99173  6402414  64.55
  1988          13     0.00016  0.00016  0.50   99167      16   99159  6303242  63.56
  1988          14     0.00024  0.00024  0.50   99151      24   99139  6204083  62.57
  1988          15     0.00038  0.00038  0.50   99127      37   99108  6104944  61.59
  1988          16     0.00053  0.00053  0.50   99089      53   99063  6005836  60.61
  1988          17     0.00070  0.00070  0.50   99036      69   99002  5906774  59.64
  1988          18     0.00084  0.00084  0.50   98968      83   98926  5807772  58.68
  1988          19     0.00094  0.00094  0.50   98885      93   98838  5708846  57.73
  1988          20     0.00098  0.00098  0.50   98791      97   98743  5610008  56.79
  1988          21     0.00097  0.00097  0.50   98694      96   98646  5511265  55.84
  1988          22     0.00091  0.00091  0.50   98599      89   98554  5412618  54.90
  1988          23     0.00085  0.00085  0.50   98509      84   98468  5314064  53.94
  1988          24     0.00084  0.00084  0.50   98426      83   98384  5215597  52.99
  1988          25     0.00081  0.00081  0.50   98343      80   98303  5117212  52.03
  1988          26     0.00076  0.00076  0.50   98263      75   98226  5018909  51.08
  1988          27     0.00071  0.00071  0.50   98189      69   98154  4920683  50.11
  1988          28     0.00068  0.00068  0.50   98119      66   98086  4822529  49.15
  1988          29     0.00070  0.00070  0.50   98053      69   98019  4724443  48.18
  1988          30     0.00078  0.00078  0.50   97984      76   97946  4626424  47.22
  1988          31     0.00087  0.00087  0.50   97908      85   97866  4528478  46.25
  1988          32     0.00093  0.00093  0.50   97823      91   97778  4430612  45.29
  1988          33     0.00098  0.00097  0.50   97732      95   97684  4332834  44.33
  1988          34     0.00100  0.00100  0.50   97637      98   97588  4235150  43.38
  1988          35     0.00102  0.00102  0.50   97539      99   97490  4137562  42.42
  1988          36     0.00104  0.00104  0.50   97440     101   97390  4040072  41.46
  1988          37     0.00108  0.00108  0.50   97339     106   97286  3942683  40.50
  1988          38     0.00114  0.00114  0.50   97233     111   97178  3845397  39.55
  1988          39     0.00118  0.00118  0.50   97123     115   97065  3748218  38.59
  1988          40     0.00123  0.00123  0.50   97008     120   96948  3651153  37.64
  1988          41     0.00131  0.00131  0.50   96889     127   96825  3554205  36.68
  1988          42     0.00141  0.00141  0.50   96762     136   96693  3457380  35.73
  1988          43     0.00155  0.00155  0.50   96625     150   96550  3360686  34.78
  1988          44     0.00178  0.00178  0.50   96475     171   96390  3264136  33.83
  1988          45     0.00207  0.00207  0.50   96304     199   96204  3167746  32.89
  1988          46     0.00243  0.00242  0.50   96105     233   95988  3071542  31.96
  1988          47     0.00288  0.00287  0.50   95872     275   95734  2975553  31.04
  1988          48     0.00339  0.00339  0.50   95597     324   95435  2879819  30.12
  1988          49     0.00393  0.00392  0.50   95273     374   95086  2784384  29.23
  1988          50     0.00441  0.00440  0.50   94899     418   94690  2689298  28.34
  1988          51     0.00479  0.00478  0.50   94481     452   94255  2594608  27.46
  1988          52     0.00515  0.00514  0.50   94030     483   93788  2500353  26.59
  1988          53     0.00561  0.00559  0.50   93546     523   93285  2406565  25.73
  1988          54     0.00622  0.00620  0.50   93023     577   92735  2313280  24.87
  1988          55     0.00697  0.00695  0.50   92447     642   92126  2220546  24.02
  1988          56     0.00781  0.00778  0.50   91805     715   91447  2128420  23.18
  1988          57     0.00861  0.00858  0.50   91090     781   90699  2036973  22.36
  1988          58     0.00925  0.00921  0.50   90309     832   89893  1946273  21.55
  1988          59     0.00977  0.00973  0.50   89477     870   89042  1856381  20.75
  1988          60     0.01027  0.01022  0.50   88607     905   88154  1767339  19.95
  1988          61     0.01082  0.01076  0.50   87702     944   87230  1679185  19.15
  1988          62     0.01149  0.01143  0.50   86758     991   86262  1591955  18.35
  1988          63     0.01234  0.01227  0.50   85766    1052   85240  1505693  17.56
  1988          64     0.01348  0.01339  0.50   84714    1135   84147  1420453  16.77
  1988          65     0.01500  0.01489  0.50   83579    1245   82957  1336306  15.99
  1988          66     0.01692  0.01678  0.50   82335    1381   81644  1253349  15.22
  1988          67     0.01914  0.01896  0.50   80954    1535   80186  1171705  14.47
  1988          68     0.02159  0.02136  0.50   79419    1696   78571  1091518  13.74
  1988          69     0.02420  0.02391  0.50   77723    1858   76793  1012948  13.03
  1988          70     0.02698  0.02662  0.50   75864    2020   74854   936154  12.34
  1988          71     0.03003  0.02959  0.50   73844    2185   72752   861300  11.66
  1988          72     0.03353  0.03298  0.50   71659    2363   70478   788548  11.00
  1988          73     0.03766  0.03696  0.50   69296    2561   68015   718071  10.36
  1988          74     0.04262  0.04173  0.50   66735    2785   65343   650055   9.74
  1988          75     0.04840  0.04726  0.50   63950    3022   62439   584713   9.14
  1988          76     0.05451  0.05306  0.50   60928    3233   59312   522274   8.57
  1988          77     0.06133  0.05951  0.50   57695    3433   55979   462962   8.02
  1988          78     0.06944  0.06711  0.50   54262    3641   52441   406983   7.50
  1988          79     0.07889  0.07589  0.50   50620    3842   48700   354542   7.00
  1988          80     0.08954  0.08570  0.50   46779    4009   44774   305843   6.54
  1988          81     0.10103  0.09618  0.50   42770    4113   40713   261068   6.10
  1988          82     0.11305  0.10701  0.50   38656    4136   36588   220356   5.70
  1988          83     0.12577  0.11833  0.50   34520    4085   32477   183768   5.32
  1988          84     0.13939  0.13031  0.50   30435    3966   28452   151290   4.97
  1988          85     0.15409  0.14306  0.50   26469    3787   24576   122838   4.64
  1988          86     0.16998  0.15667  0.50   22682    3554   20906    98262   4.33
  1988          87     0.18718  0.17116  0.50   19129    3274   17492    77357   4.04
  1988          88     0.20571  0.18653  0.50   15855    2957   14376    59865   3.78
  1988          89     0.22559  0.20272  0.50   12897    2615   11590    45489   3.53
  1988          90     0.24680  0.21969  0.50   10283    2259    9153    33899   3.30
  1988          91     0.26932  0.23735  0.50    8024    1904    7072    24746   3.08
  1988          92     0.29309  0.25563  0.50    6119    1564    5337    17674   2.89
  1988          93     0.31804  0.27441  0.50    4555    1250    3930    12337   2.71
  1988          94     0.34408  0.29358  0.50    3305     970    2820     8407   2.54
  1988          95     0.37109  0.31301  0.50    2335     731    1969     5587   2.39
  1988          96     0.39893  0.33259  0.50    1604     533    1337     3618   2.26
  1988          97     0.42743  0.35217  0.50    1071     377     882     2280   2.13
  1988          98     0.45643  0.37162  0.50     694     258     565     1398   2.02
  1988          99     0.48572  0.39081  0.50     436     170     351      834   1.91
  1988         100     0.51511  0.40961  0.50     265     109     211      483   1.82
  1988         101     0.54440  0.42792  0.50     157      67     123      272   1.73
  1988         102     0.57337  0.44562  0.50      90      40      70      149   1.66
  1988         103     0.60183  0.46262  0.50      50      23      38       79   1.59
  1988         104     0.62957  0.47884  0.50      27      13      20       41   1.53
  1988         105     0.65642  0.49421  0.50      14       7      10       20   1.47
  1988         106     0.68226  0.50872  0.50       7       4       5       10   1.42
  1988         107     0.70702  0.52236  0.50       3       2       3        5   1.38
  1988         108     0.73083  0.53524  0.50       2       1       1        2   1.34
  1988         109     0.75388  0.54750  0.50       1       0       1        1   1.30
  1988         110+    0.78881  1.00000  1.27       0       0       0        0   1.27
  1989           0     0.00395  0.00394  0.20  100000     394   99684  7662797  76.63
  1989           1     0.00098  0.00098  0.50   99606      97   99558  7563114  75.93
  1989           2     0.00077  0.00077  0.50   99509      76   99471  7463556  75.00
  1989           3     0.00055  0.00055  0.50   99433      55   99406  7364085  74.06
  1989           4     0.00036  0.00036  0.50   99378      36   99360  7264679  73.10
  1989           5     0.00025  0.00025  0.50   99342      24   99330  7165319  72.13
  1989           6     0.00019  0.00019  0.50   99318      19   99308  7065989  71.15
  1989           7     0.00018  0.00018  0.50   99299      18   99290  6966680  70.16
  1989           8     0.00016  0.00016  0.50   99281      16   99273  6867391  69.17
  1989           9     0.00013  0.00013  0.50   99265      13   99259  6768118  68.18
  1989          10     0.00011  0.00011  0.50   99252      11   99247  6668859  67.19
  1989          11     0.00011  0.00011  0.50   99241      11   99236  6569612  66.20
  1989          12     0.00013  0.00013  0.50   99230      13   99224  6470377  65.21
  1989          13     0.00018  0.00018  0.50   99217      18   99208  6371153  64.21
  1989          14     0.00026  0.00026  0.50   99199      26   99186  6271945  63.23
  1989          15     0.00038  0.00038  0.50   99173      38   99154  6172759  62.24
  1989          16     0.00057  0.00057  0.50   99135      56   99107  6073604  61.27
  1989          17     0.00082  0.00082  0.50   99079      81   99039  5974497  60.30
  1989          18     0.00108  0.00108  0.50   98998     107   98945  5875458  59.35
  1989          19     0.00124  0.00124  0.50   98891     123   98830  5776514  58.41
  1989          20     0.00122  0.00122  0.50   98769     121   98708  5677684  57.48
  1989          21     0.00105  0.00105  0.50   98648     104   98596  5578976  56.55
  1989          22     0.00082  0.00082  0.50   98544      81   98503  5480380  55.61
  1989          23     0.00064  0.00064  0.50   98463      63   98432  5381876  54.66
  1989          24     0.00058  0.00058  0.50   98400      57   98372  5283445  53.69
  1989          25     0.00063  0.00063  0.50   98343      62   98312  5185073  52.72
  1989          26     0.00071  0.00071  0.50   98281      70   98246  5086761  51.76
  1989          27     0.00076  0.00076  0.50   98211      74   98174  4988515  50.79
  1989          28     0.00079  0.00079  0.50   98136      77   98098  4890341  49.83
  1989          29     0.00083  0.00083  0.50   98059      82   98018  4792243  48.87
  1989          30     0.00088  0.00087  0.50   97978      86   97935  4694225  47.91
  1989          31     0.00090  0.00090  0.50   97892      88   97848  4596290  46.95
  1989          32     0.00091  0.00091  0.50   97804      89   97759  4498442  45.99
  1989          33     0.00088  0.00088  0.50   97715      86   97672  4400683  45.04
  1989          34     0.00081  0.00081  0.50   97629      79   97590  4303011  44.07
  1989          35     0.00074  0.00074  0.50   97551      72   97515  4205421  43.11
  1989          36     0.00074  0.00074  0.50   97478      72   97442  4107906  42.14
  1989          37     0.00084  0.00084  0.50   97406      82   97365  4010464  41.17
  1989          38     0.00099  0.00099  0.50   97324      97   97276  3913099  40.21
  1989          39     0.00115  0.00115  0.50   97227     112   97172  3815823  39.25
  1989          40     0.00126  0.00126  0.50   97116     122   97055  3718652  38.29
  1989          41     0.00133  0.00133  0.50   96993     129   96929  3621597  37.34
  1989          42     0.00147  0.00147  0.50   96864     142   96793  3524669  36.39
  1989          43     0.00170  0.00170  0.50   96722     165   96640  3427875  35.44
  1989          44     0.00203  0.00203  0.50   96557     196   96459  3331236  34.50
  1989          45     0.00241  0.00241  0.50   96361     232   96245  3234776  33.57
  1989          46     0.00279  0.00278  0.50   96129     268   95995  3138531  32.65
  1989          47     0.00315  0.00314  0.50   95861     301   95711  3042536  31.74
  1989          48     0.00343  0.00343  0.50   95560     328   95396  2946825  30.84
  1989          49     0.00362  0.00361  0.50   95232     344   95061  2851429  29.94
  1989          50     0.00375  0.00374  0.50   94889     355   94711  2756368  29.05
  1989          51     0.00391  0.00390  0.50   94534     369   94350  2661657  28.16
  1989          52     0.00422  0.00421  0.50   94165     397   93967  2567307  27.26
  1989          53     0.00479  0.00478  0.50   93768     448   93544  2473341  26.38
  1989          54     0.00565  0.00563  0.50   93320     525   93057  2379797  25.50
  1989          55     0.00663  0.00660  0.50   92795     613   92488  2286739  24.64
  1989          56     0.00755  0.00752  0.50   92182     693   91835  2194251  23.80
  1989          57     0.00836  0.00832  0.50   91489     761   91108  2102416  22.98
  1989          58     0.00902  0.00898  0.50   90727     815   90320  2011308  22.17
  1989          59     0.00956  0.00952  0.50   89912     856   89485  1920988  21.37
  1989          60     0.01004  0.00999  0.50   89057     889   88612  1831503  20.57
  1989          61     0.01053  0.01048  0.50   88167     924   87705  1742891  19.77
  1989          62     0.01115  0.01109  0.50   87243     968   86760  1655186  18.97
  1989          63     0.01196  0.01189  0.50   86276    1026   85763  1568426  18.18
  1989          64     0.01294  0.01286  0.50   85250    1096   84702  1482663  17.39
  1989          65     0.01403  0.01394  0.50   84154    1173   83568  1397961  16.61
  1989          66     0.01531  0.01519  0.50   82981    1261   82351  1314394  15.84
  1989          67     0.01699  0.01684  0.50   81720    1376   81032  1232043  15.08
  1989          68     0.01923  0.01905  0.50   80344    1530   79579  1151011  14.33
  1989          69     0.02189  0.02165  0.50   78814    1707   77960  1071432  13.59
  1989          70     0.02486  0.02456  0.50   77107    1893   76160   993472  12.88
  1989          71     0.02837  0.02797  0.50   75214    2104   74162   917312  12.20
  1989          72     0.03210  0.03159  0.50   73110    2310   71955   843150  11.53
  1989          73     0.03572  0.03510  0.50   70800    2485   69558   771195  10.89
  1989          74     0.03947  0.03871  0.50   68315    2644   66993   701637  10.27
  1989          75     0.04367  0.04274  0.50   65671    2807   64268   634644   9.66
  1989          76     0.04860  0.04745  0.50   62864    2983   61373   570376   9.07
  1989          77     0.05477  0.05331  0.50   59882    3192   58285   509003   8.50
  1989          78     0.06254  0.06064  0.50   56689    3438   54970   450717   7.95
  1989          79     0.07127  0.06882  0.50   53252    3665   51419   395747   7.43
  1989          80     0.08036  0.07725  0.50   49587    3831   47671   344328   6.94
  1989          81     0.09003  0.08615  0.50   45756    3942   43785   296657   6.48
  1989          82     0.10069  0.09586  0.50   41814    4008   39810   252872   6.05
  1989          83     0.11250  0.10651  0.50   37806    4027   35792   213062   5.64
  1989          84     0.12556  0.11814  0.50   33779    3991   31784   177270   5.25
  1989          85     0.13994  0.13079  0.50   29788    3896   27840   145486   4.88
  1989          86     0.15570  0.14446  0.50   25892    3740   24022   117646   4.54
  1989          87     0.17289  0.15913  0.50   22152    3525   20389    93623   4.23
  1989          88     0.19153  0.17479  0.50   18627    3256   16999    73234   3.93
  1989          89     0.21167  0.19141  0.50   15371    2942   13900    56235   3.66
  1989          90     0.23332  0.20894  0.50   12429    2597   11130    42335   3.41
  1989          91     0.25645  0.22730  0.50    9832    2235    8714    31205   3.17
  1989          92     0.28104  0.24641  0.50    7597    1872    6661    22491   2.96
  1989          93     0.30700  0.26615  0.50    5725    1524    4963    15829   2.76
  1989          94     0.33425  0.28639  0.50    4201    1203    3600    10866   2.59
  1989          95     0.36265  0.30698  0.50    2998     920    2538     7267   2.42
  1989          96     0.39204  0.32778  0.50    2078     681    1737     4729   2.28
  1989          97     0.42223  0.34863  0.50    1397     487    1153     2991   2.14
  1989          98     0.45301  0.36935  0.50     910     336     742     1838   2.02
  1989          99     0.48415  0.38979  0.50     574     224     462     1096   1.91
  1989         100     0.51543  0.40981  0.50     350     143     278      635   1.81
  1989         101     0.54658  0.42927  0.50     207      89     162      356   1.72
  1989         102     0.57737  0.44803  0.50     118      53      92      194   1.64
  1989         103     0.60758  0.46601  0.50      65      30      50      102   1.57
  1989         104     0.63695  0.48310  0.50      35      17      26       52   1.51
  1989         105     0.66530  0.49923  0.50      18       9      13       26   1.45
  1989         106     0.69244  0.51436  0.50       9       5       7       13   1.40
  1989         107     0.71824  0.52846  0.50       4       2       3        6   1.36
  1989         108     0.74278  0.54163  0.50       2       1       2        3   1.32
  1989         109     0.76628  0.55401  0.50       1       1       1        1   1.28
  1989         110+    0.80176  1.00000  1.25       0       0       1        1   1.25
  1990           0     0.00411  0.00409  0.20  100000     409   99671  7668555  76.69
  1990           1     0.00084  0.00084  0.50   99591      84   99549  7568885  76.00
  1990           2     0.00060  0.00060  0.50   99507      60   99477  7469336  75.06
  1990           3     0.00046  0.00046  0.50   99447      46   99424  7369860  74.11
  1990           4     0.00040  0.00040  0.50   99401      40   99381  7270436  73.14
  1990           5     0.00039  0.00039  0.50   99361      39   99341  7171055  72.17
  1990           6     0.00037  0.00037  0.50   99322      36   99304  7071714  71.20
  1990           7     0.00030  0.00030  0.50   99286      30   99271  6972410  70.23
  1990           8     0.00022  0.00022  0.50   99256      22   99245  6873139  69.25
  1990           9     0.00015  0.00015  0.50   99234      15   99227  6773894  68.26
  1990          10     0.00012  0.00012  0.50   99219      12   99213  6674667  67.27
  1990          11     0.00014  0.00014  0.50   99207      14   99200  6575454  66.28
  1990          12     0.00016  0.00016  0.50   99194      16   99186  6476254  65.29
  1990          13     0.00020  0.00020  0.50   99178      20   99168  6377068  64.30
  1990          14     0.00027  0.00027  0.50   99158      27   99145  6277900  63.31
  1990          15     0.00038  0.00038  0.50   99131      38   99112  6178756  62.33
  1990          16     0.00053  0.00053  0.50   99093      52   99067  6079643  61.35
  1990          17     0.00067  0.00067  0.50   99041      67   99008  5980576  60.38
  1990          18     0.00081  0.00081  0.50   98974      80   98934  5881569  59.43
  1990          19     0.00092  0.00092  0.50   98894      91   98849  5782634  58.47
  1990          20     0.00097  0.00097  0.50   98803      96   98756  5683786  57.53
  1990          21     0.00095  0.00095  0.50   98708      94   98661  5585030  56.58
  1990          22     0.00087  0.00087  0.50   98614      86   98571  5486369  55.63
  1990          23     0.00078  0.00078  0.50   98528      77   98489  5387799  54.68
  1990          24     0.00074  0.00074  0.50   98451      73   98414  5289309  53.73
  1990          25     0.00074  0.00074  0.50   98377      72   98341  5190895  52.77
  1990          26     0.00072  0.00072  0.50   98305      71   98270  5092554  51.80
  1990          27     0.00067  0.00067  0.50   98234      66   98201  4994285  50.84
  1990          28     0.00060  0.00060  0.50   98168      59   98139  4896083  49.87
  1990          29     0.00054  0.00054  0.50   98109      53   98082  4797945  48.90
  1990          30     0.00056  0.00056  0.50   98056      55   98028  4699862  47.93
  1990          31     0.00063  0.00063  0.50   98001      62   97970  4601834  46.96
  1990          32     0.00073  0.00073  0.50   97939      72   97903  4503864  45.99
  1990          33     0.00084  0.00084  0.50   97867      82   97826  4405961  45.02
  1990          34     0.00093  0.00093  0.50   97785      91   97740  4308135  44.06
  1990          35     0.00099  0.00099  0.50   97695      97   97646  4210395  43.10
  1990          36     0.00104  0.00104  0.50   97598     101   97547  4112748  42.14
  1990          37     0.00108  0.00108  0.50   97496     105   97444  4015201  41.18
  1990          38     0.00112  0.00112  0.50   97391     109   97337  3917758  40.23
  1990          39     0.00118  0.00118  0.50   97282     114   97225  3820421  39.27
  1990          40     0.00129  0.00129  0.50   97168     125   97105  3723196  38.32
  1990          41     0.00148  0.00148  0.50   97042     143   96971  3626091  37.37
  1990          42     0.00165  0.00165  0.50   96899     160   96819  3529120  36.42
  1990          43     0.00183  0.00183  0.50   96739     177   96651  3432301  35.48
  1990          44     0.00208  0.00207  0.50   96562     200   96462  3335650  34.54
  1990          45     0.00230  0.00230  0.50   96362     221   96251  3239188  33.61
  1990          46     0.00246  0.00246  0.50   96140     237   96022  3142937  32.69
  1990          47     0.00272  0.00272  0.50   95904     261   95773  3046915  31.77
  1990          48     0.00305  0.00305  0.50   95643     291   95497  2951142  30.86
  1990          49     0.00338  0.00337  0.50   95352     321   95191  2855644  29.95
  1990          50     0.00373  0.00372  0.50   95030     354   94853  2760454  29.05
  1990          51     0.00415  0.00414  0.50   94676     392   94480  2665600  28.15
  1990          52     0.00462  0.00461  0.50   94285     434   94067  2571120  27.27
  1990          53     0.00514  0.00513  0.50   93850     482   93610  2477052  26.39
  1990          54     0.00581  0.00579  0.50   93369     541   93098  2383443  25.53
  1990          55     0.00645  0.00643  0.50   92828     597   92530  2290344  24.67
  1990          56     0.00694  0.00691  0.50   92231     638   91912  2197815  23.83
  1990          57     0.00744  0.00742  0.50   91594     679   91254  2105902  22.99
  1990          58     0.00817  0.00814  0.50   90914     740   90544  2014648  22.16
  1990          59     0.00906  0.00902  0.50   90175     813   89768  1924104  21.34
  1990          60     0.00998  0.00993  0.50   89361     887   88918  1834336  20.53
  1990          61     0.01085  0.01079  0.50   88474     955   87997  1745418  19.73
  1990          62     0.01188  0.01181  0.50   87519    1034   87002  1657422  18.94
  1990          63     0.01327  0.01318  0.50   86485    1140   85915  1570419  18.16
  1990          64     0.01475  0.01464  0.50   85345    1250   84720  1484504  17.39
  1990          65     0.01604  0.01591  0.50   84095    1338   83426  1399784  16.65
  1990          66     0.01710  0.01695  0.50   82757    1403   82056  1316357  15.91
  1990          67     0.01815  0.01798  0.50   81354    1463   80623  1234302  15.17
  1990          68     0.01943  0.01925  0.50   79891    1538   79123  1153679  14.44
  1990          69     0.02122  0.02100  0.50   78354    1645   77531  1074556  13.71
  1990          70     0.02364  0.02336  0.50   76709    1792   75813   997025  13.00
  1990          71     0.02639  0.02604  0.50   74917    1951   73941   921212  12.30
  1990          72     0.02921  0.02879  0.50   72965    2101   71915   847271  11.61
  1990          73     0.03209  0.03158  0.50   70865    2238   69746   775356  10.94
  1990          74     0.03574  0.03511  0.50   68627    2410   67422   705611  10.28
  1990          75     0.04092  0.04010  0.50   66217    2655   64889   638189   9.64
  1990          76     0.04766  0.04655  0.50   63562    2959   62082   573300   9.02
  1990          77     0.05550  0.05400  0.50   60603    3273   58967   511217   8.44
  1990          78     0.06394  0.06196  0.50   57330    3552   55554   452251   7.89
  1990          79     0.07270  0.07015  0.50   53778    3773   51892   396697   7.38
  1990          80     0.08170  0.07849  0.50   50006    3925   48043   344805   6.90
  1990          81     0.09130  0.08732  0.50   46081    4024   44069   296762   6.44
  1990          82     0.10195  0.09700  0.50   42057    4080   40017   252693   6.01
  1990          83     0.11381  0.10768  0.50   37977    4090   35933   212676   5.60
  1990          84     0.12695  0.11938  0.50   33888    4045   31865   176743   5.22
  1990          85     0.14142  0.13208  0.50   29842    3942   27872   144878   4.85
  1990          86     0.15725  0.14579  0.50   25901    3776   24013   117007   4.52
  1990          87     0.17449  0.16049  0.50   22125    3551   20349    92994   4.20
  1990          88     0.19318  0.17616  0.50   18574    3272   16938    72645   3.91
  1990          89     0.21335  0.19278  0.50   15302    2950   13827    55707   3.64
  1990          90     0.23501  0.21030  0.50   12352    2598   11053    41880   3.39
  1990          91     0.25814  0.22863  0.50    9754    2230    8639    30826   3.16
  1990          92     0.28271  0.24770  0.50    7524    1864    6592    22187   2.95
  1990          93     0.30865  0.26738  0.50    5661    1514    4904    15594   2.75
  1990          94     0.33584  0.28755  0.50    4147    1192    3551    10691   2.58
  1990          95     0.36417  0.30808  0.50    2955     910    2499     7140   2.42
  1990          96     0.39347  0.32879  0.50    2044     672    1708     4641   2.27
  1990          97     0.42356  0.34954  0.50    1372     480    1132     2932   2.14
  1990          98     0.45423  0.37016  0.50     893     330     727     1800   2.02
  1990          99     0.48524  0.39050  0.50     562     220     452     1073   1.91
  1990         100     0.51638  0.41041  0.50     343     141     272      620   1.81
  1990         101     0.54738  0.42976  0.50     202      87     159      348   1.72
  1990         102     0.57803  0.44843  0.50     115      52      89      189   1.64
  1990         103     0.60809  0.46631  0.50      64      30      49      100   1.57
  1990         104     0.63734  0.48332  0.50      34      16      26       51   1.51
  1990         105     0.66558  0.49939  0.50      18       9      13       25   1.45
  1990         106     0.69262  0.51446  0.50       9       5       7       12   1.40
  1990         107     0.71832  0.52850  0.50       4       2       3        6   1.36
  1990         108     0.74273  0.54160  0.50       2       1       1        3   1.32
  1990         109     0.76601  0.55387  0.50       1       1       1        1   1.28
  1990         110+    0.80148  1.00000  1.25       0       0       1        1   1.25
  1991           0     0.00418  0.00417  0.19  100000     417   99664  7677769  76.78
  1991           1     0.00088  0.00088  0.50   99583      88   99539  7578105  76.10
  1991           2     0.00060  0.00060  0.50   99496      60   99466  7478566  75.16
  1991           3     0.00039  0.00039  0.50   99436      39   99416  7379100  74.21
  1991           4     0.00028  0.00028  0.50   99396      27   99383  7279684  73.24
  1991           5     0.00024  0.00024  0.50   99369      24   99357  7180302  72.26
  1991           6     0.00022  0.00022  0.50   99345      22   99333  7080945  71.28
  1991           7     0.00016  0.00016  0.50   99322      16   99314  6981612  70.29
  1991           8     0.00012  0.00012  0.50   99307      12   99301  6882297  69.30
  1991           9     0.00011  0.00011  0.50   99295      11   99289  6782997  68.31
  1991          10     0.00010  0.00010  0.50   99284      10   99279  6683707  67.32
  1991          11     0.00010  0.00010  0.50   99274      10   99269  6584428  66.33
  1991          12     0.00012  0.00012  0.50   99264      12   99258  6485159  65.33
  1991          13     0.00018  0.00018  0.50   99253      18   99244  6385901  64.34
  1991          14     0.00026  0.00026  0.50   99235      26   99222  6286657  63.35
  1991          15     0.00033  0.00033  0.50   99209      32   99193  6187435  62.37
  1991          16     0.00042  0.00042  0.50   99177      41   99156  6088242  61.39
  1991          17     0.00056  0.00056  0.50   99135      56   99108  5989086  60.41
  1991          18     0.00070  0.00070  0.50   99080      70   99045  5889979  59.45
  1991          19     0.00077  0.00077  0.50   99010      76   98972  5790934  58.49
  1991          20     0.00074  0.00074  0.50   98934      73   98897  5691962  57.53
  1991          21     0.00068  0.00068  0.50   98860      67   98827  5593065  56.58
  1991          22     0.00065  0.00065  0.50   98794      64   98761  5494238  55.61
  1991          23     0.00065  0.00065  0.50   98729      64   98697  5395476  54.65
  1991          24     0.00065  0.00065  0.50   98665      64   98633  5296779  53.68
  1991          25     0.00068  0.00068  0.50   98601      67   98568  5198146  52.72
  1991          26     0.00070  0.00070  0.50   98534      69   98500  5099579  51.75
  1991          27     0.00072  0.00072  0.50   98465      71   98429  5001079  50.79
  1991          28     0.00076  0.00076  0.50   98394      75   98356  4902650  49.83
  1991          29     0.00082  0.00082  0.50   98319      81   98278  4804294  48.86
  1991          30     0.00087  0.00087  0.50   98238      85   98195  4706015  47.90
  1991          31     0.00089  0.00089  0.50   98153      87   98109  4607820  46.95
  1991          32     0.00091  0.00091  0.50   98066      89   98021  4509711  45.99
  1991          33     0.00094  0.00094  0.50   97976      92   97930  4411690  45.03
  1991          34     0.00097  0.00097  0.50   97885      95   97837  4313759  44.07
  1991          35     0.00097  0.00097  0.50   97790      95   97742  4215922  43.11
  1991          36     0.00091  0.00091  0.50   97695      88   97651  4118180  42.15
  1991          37     0.00086  0.00085  0.50   97607      83   97565  4020529  41.19
  1991          38     0.00088  0.00088  0.50   97523      86   97480  3922964  40.23
  1991          39     0.00101  0.00101  0.50   97438      98   97388  3825483  39.26
  1991          40     0.00123  0.00123  0.50   97339     119   97279  3728095  38.30
  1991          41     0.00147  0.00146  0.50   97220     142   97149  3630816  37.35
  1991          42     0.00166  0.00166  0.50   97077     161   96997  3533667  36.40
  1991          43     0.00181  0.00180  0.50   96916     175   96829  3436670  35.46
  1991          44     0.00192  0.00192  0.50   96741     185   96649  3339841  34.52
  1991          45     0.00209  0.00209  0.50   96556     201   96455  3243193  33.59
  1991          46     0.00237  0.00237  0.50   96354     228   96240  3146737  32.66
  1991          47     0.00269  0.00269  0.50   96126     259   95997  3050497  31.73
  1991          48     0.00299  0.00299  0.50   95867     286   95724  2954500  30.82
  1991          49     0.00324  0.00324  0.50   95581     309   95427  2858776  29.91
  1991          50     0.00352  0.00351  0.50   95272     334   95105  2763350  29.00
  1991          51     0.00388  0.00388  0.50   94937     368   94753  2668245  28.11
  1991          52     0.00434  0.00433  0.50   94569     409   94365  2573492  27.21
  1991          53     0.00485  0.00484  0.50   94160     456   93932  2479127  26.33
  1991          54     0.00540  0.00538  0.50   93705     504   93452  2385195  25.45
  1991          55     0.00604  0.00602  0.50   93200     561   92920  2291742  24.59
  1991          56     0.00684  0.00681  0.50   92639     631   92323  2198823  23.74
  1991          57     0.00772  0.00769  0.50   92008     707   91654  2106499  22.89
  1991          58     0.00864  0.00860  0.50   91300     785   90908  2014845  22.07
  1991          59     0.00971  0.00966  0.50   90515     875   90078  1923937  21.26
  1991          60     0.01087  0.01081  0.50   89640     969   89156  1833859  20.46
  1991          61     0.01198  0.01191  0.50   88671    1056   88143  1744704  19.68
  1991          62     0.01279  0.01271  0.50   87615    1114   87058  1656560  18.91
  1991          63     0.01319  0.01310  0.50   86502    1133   85935  1569502  18.14
  1991          64     0.01354  0.01345  0.50   85369    1148   84795  1483567  17.38
  1991          65     0.01440  0.01430  0.50   84221    1204   83619  1398772  16.61
  1991          66     0.01626  0.01613  0.50   83017    1339   82347  1315153  15.84
  1991          67     0.01852  0.01835  0.50   81678    1499   80928  1232806  15.09
  1991          68     0.02051  0.02030  0.50   80179    1628   79365  1151878  14.37
  1991          69     0.02232  0.02208  0.50   78551    1734   77684  1072513  13.65
  1991          70     0.02425  0.02396  0.50   76817    1840   75896   994829  12.95
  1991          71     0.02663  0.02628  0.50   74976    1970   73991   918933  12.26
  1991          72     0.02978  0.02935  0.50   73006    2142   71934   844942  11.57
  1991          73     0.03387  0.03331  0.50   70863    2360   69683   773007  10.91
  1991          74     0.03853  0.03780  0.50   68503    2589   67208   703324  10.27
  1991          75     0.04356  0.04263  0.50   65914    2810   64509   636116   9.65
  1991          76     0.04975  0.04854  0.50   63104    3063   61572   571607   9.06
  1991          77     0.05696  0.05538  0.50   60041    3325   58378   510035   8.49
  1991          78     0.06474  0.06271  0.50   56715    3557   54937   451657   7.96
  1991          79     0.07281  0.07025  0.50   53159    3735   51292   396720   7.46
  1991          80     0.08109  0.07793  0.50   49424    3852   47498   345428   6.99
  1991          81     0.09007  0.08619  0.50   45573    3928   43609   297930   6.54
  1991          82     0.10028  0.09550  0.50   41645    3977   39656   254321   6.11
  1991          83     0.11173  0.10582  0.50   37668    3986   35675   214665   5.70
  1991          84     0.12441  0.11712  0.50   33682    3945   31709   178990   5.31
  1991          85     0.13833  0.12938  0.50   29737    3847   27813   147281   4.95
  1991          86     0.15353  0.14258  0.50   25890    3691   24044   119468   4.61
  1991          87     0.17006  0.15673  0.50   22198    3479   20458    95424   4.30
  1991          88     0.18797  0.17182  0.50   18719    3216   17111    74966   4.00
  1991          89     0.20728  0.18782  0.50   15503    2912   14047    57855   3.73
  1991          90     0.22803  0.20469  0.50   12591    2577   11302    43808   3.48
  1991          91     0.25019  0.22237  0.50   10014    2227    8900    32506   3.25
  1991          92     0.27374  0.24078  0.50    7787    1875    6850    23605   3.03
  1991          93     0.29863  0.25983  0.50    5912    1536    5144    16756   2.83
  1991          94     0.32476  0.27939  0.50    4376    1223    3765    11612   2.65
  1991          95     0.35204  0.29935  0.50    3153     944    2681     7847   2.49
  1991          96     0.38031  0.31955  0.50    2209     706    1856     5166   2.34
  1991          97     0.40942  0.33985  0.50    1503     511    1248     3309   2.20
  1991          98     0.43917  0.36010  0.50     992     357     814     2062   2.08
  1991          99     0.46937  0.38016  0.50     635     241     514     1248   1.96
  1991         100     0.49980  0.39987  0.50     394     157     315      733   1.86
  1991         101     0.53023  0.41912  0.50     236      99     187      419   1.77
  1991         102     0.56044  0.43777  0.50     137      60     107      232   1.69
  1991         103     0.59021  0.45572  0.50      77      35      60      125   1.61
  1991         104     0.61932  0.47289  0.50      42      20      32       65   1.55
  1991         105     0.64758  0.48919  0.50      22      11      17       33   1.49
  1991         106     0.67479  0.50455  0.50      11       6       8       16   1.44
  1991         107     0.70079  0.51895  0.50       6       3       4        8   1.39
  1991         108     0.72560  0.53243  0.50       3       1       2        4   1.34
  1991         109     0.74935  0.54511  0.50       1       1       1        2   1.31
  1991         110+    0.78628  1.00000  1.27       1       1       1        1   1.27
  1992           0     0.00491  0.00489  0.19  100000     489   99602  7691523  76.92
  1992           1     0.00028  0.00028  0.50   99511      28   99498  7591920  76.29
  1992           2     0.00032  0.00032  0.50   99484      32   99468  7492423  75.31
  1992           3     0.00038  0.00038  0.50   99452      37   99433  7392955  74.34
  1992           4     0.00041  0.00041  0.50   99414      41   99394  7293522  73.36
  1992           5     0.00039  0.00039  0.50   99373      39   99354  7194128  72.39
  1992           6     0.00032  0.00032  0.50   99335      32   99319  7094774  71.42
  1992           7     0.00023  0.00023  0.50   99302      23   99291  6995456  70.45
  1992           8     0.00017  0.00017  0.50   99279      17   99271  6896165  69.46
  1992           9     0.00012  0.00012  0.50   99262      12   99256  6796894  68.47
  1992          10     0.00008  0.00008  0.50   99250       8   99247  6697638  67.48
  1992          11     0.00005  0.00005  0.50   99243       5   99240  6598391  66.49
  1992          12     0.00005  0.00005  0.50   99238       5   99236  6499151  65.49
  1992          13     0.00008  0.00008  0.50   99233       8   99229  6399915  64.49
  1992          14     0.00015  0.00015  0.50   99225      15   99218  6300686  63.50
  1992          15     0.00030  0.00030  0.50   99210      29   99195  6201468  62.51
  1992          16     0.00047  0.00047  0.50   99181      46   99157  6102273  61.53
  1992          17     0.00063  0.00063  0.50   99134      63   99103  6003115  60.56
  1992          18     0.00076  0.00076  0.50   99072      76   99034  5904012  59.59
  1992          19     0.00084  0.00084  0.50   98996      83   98955  5804979  58.64
  1992          20     0.00084  0.00084  0.50   98913      83   98872  5706024  57.69
  1992          21     0.00079  0.00079  0.50   98830      78   98791  5607152  56.74
  1992          22     0.00072  0.00072  0.50   98752      72   98716  5508361  55.78
  1992          23     0.00070  0.00070  0.50   98681      69   98646  5409645  54.82
  1992          24     0.00072  0.00072  0.50   98612      71   98576  5310999  53.86
  1992          25     0.00074  0.00074  0.50   98541      73   98504  5212422  52.90
  1992          26     0.00075  0.00075  0.50   98467      73   98431  5113918  51.94
  1992          27     0.00074  0.00074  0.50   98394      72   98358  5015488  50.97
  1992          28     0.00072  0.00072  0.50   98322      71   98286  4917130  50.01
  1992          29     0.00069  0.00069  0.50   98250      68   98216  4818844  49.05
  1992          30     0.00061  0.00061  0.50   98182      60   98153  4720627  48.08
  1992          31     0.00053  0.00053  0.50   98123      52   98097  4622475  47.11
  1992          32     0.00053  0.00053  0.50   98071      52   98045  4524378  46.13
  1992          33     0.00060  0.00060  0.50   98019      58   97990  4426333  45.16
  1992          34     0.00069  0.00069  0.50   97961      67   97927  4328343  44.18
  1992          35     0.00079  0.00079  0.50   97893      77   97855  4230416  43.21
  1992          36     0.00089  0.00089  0.50   97816      87   97773  4132561  42.25
  1992          37     0.00097  0.00097  0.50   97730      94   97683  4034788  41.29
  1992          38     0.00104  0.00104  0.50   97635     102   97584  3937106  40.32
  1992          39     0.00114  0.00114  0.50   97533     111   97478  3839521  39.37
  1992          40     0.00129  0.00129  0.50   97422     125   97360  3742043  38.41
  1992          41     0.00148  0.00148  0.50   97297     144   97225  3644684  37.46
  1992          42     0.00161  0.00160  0.50   97153     156   97075  3547458  36.51
  1992          43     0.00171  0.00171  0.50   96998     166   96914  3450383  35.57
  1992          44     0.00188  0.00188  0.50   96831     182   96741  3353468  34.63
  1992          45     0.00207  0.00207  0.50   96650     200   96550  3256728  33.70
  1992          46     0.00228  0.00227  0.50   96449     219   96340  3160178  32.77
  1992          47     0.00248  0.00248  0.50   96230     238   96111  3063838  31.84
  1992          48     0.00264  0.00264  0.50   95992     254   95865  2967727  30.92
  1992          49     0.00276  0.00275  0.50   95738     263   95607  2871862  30.00
  1992          50     0.00295  0.00294  0.50   95475     281   95335  2776255  29.08
  1992          51     0.00335  0.00334  0.50   95194     318   95035  2680921  28.16
  1992          52     0.00390  0.00389  0.50   94876     369   94691  2585886  27.26
  1992          53     0.00451  0.00450  0.50   94506     425   94294  2491195  26.36
  1992          54     0.00518  0.00516  0.50   94082     486   93839  2396901  25.48
  1992          55     0.00588  0.00586  0.50   93596     548   93321  2303062  24.61
  1992          56     0.00657  0.00655  0.50   93047     609   92743  2209741  23.75
  1992          57     0.00732  0.00729  0.50   92438     674   92101  2116998  22.90
  1992          58     0.00818  0.00815  0.50   91764     748   91390  2024897  22.07
  1992          59     0.00911  0.00907  0.50   91016     826   90604  1933507  21.24
  1992          60     0.01000  0.00995  0.50   90191     897   89742  1842903  20.43
  1992          61     0.01081  0.01075  0.50   89293     960   88813  1753161  19.63
  1992          62     0.01188  0.01181  0.50   88333    1043   87812  1664348  18.84
  1992          63     0.01348  0.01339  0.50   87290    1169   86706  1576536  18.06
  1992          64     0.01519  0.01508  0.50   86122    1299   85472  1489830  17.30
  1992          65     0.01667  0.01653  0.50   84823    1402   84122  1404358  16.56
  1992          66     0.01821  0.01805  0.50   83421    1506   82668  1320236  15.83
  1992          67     0.01970  0.01951  0.50   81915    1598   81116  1237569  15.11
  1992          68     0.02097  0.02075  0.50   80317    1667   79483  1156453  14.40
  1992          69     0.02228  0.02204  0.50   78650    1733   77783  1076969  13.69
  1992          70     0.02412  0.02383  0.50   76917    1833   76000   999186  12.99
  1992          71     0.02707  0.02670  0.50   75084    2005   74081   923186  12.30
  1992          72     0.03069  0.03022  0.50   73079    2209   71974   849104  11.62
  1992          73     0.03443  0.03385  0.50   70870    2399   69671   777130  10.97
  1992          74     0.03832  0.03760  0.50   68471    2575   67184   707460  10.33
  1992          75     0.04251  0.04163  0.50   65897    2743   64525   640276   9.72
  1992          76     0.04710  0.04602  0.50   63153    2906   61700   575751   9.12
  1992          77     0.05274  0.05139  0.50   60247    3096   58699   514051   8.53
  1992          78     0.06004  0.05829  0.50   57151    3331   55485   455352   7.97
  1992          79     0.06885  0.06656  0.50   53820    3582   52029   399866   7.43
  1992          80     0.07884  0.07585  0.50   50238    3811   48332   347837   6.92
  1992          81     0.08960  0.08576  0.50   46427    3982   44436   299505   6.45
  1992          82     0.10089  0.09604  0.50   42446    4077   40407   255068   6.01
  1992          83     0.11307  0.10702  0.50   38369    4106   36316   214661   5.59
  1992          84     0.12642  0.11890  0.50   34263    4074   32226   178345   5.21
  1992          85     0.14109  0.13179  0.50   30189    3979   28199   146120   4.84
  1992          86     0.15718  0.14573  0.50   26210    3819   24300   117920   4.50
  1992          87     0.17476  0.16072  0.50   22391    3599   20591    93620   4.18
  1992          88     0.19387  0.17674  0.50   18792    3321   17131    73029   3.89
  1992          89     0.21453  0.19375  0.50   15471    2997   13972    55897   3.61
  1992          90     0.23674  0.21169  0.50   12473    2640   11153    41925   3.36
  1992          91     0.26049  0.23047  0.50    9833    2266    8700    30772   3.13
  1992          92     0.28572  0.25001  0.50    7567    1892    6621    22072   2.92
  1992          93     0.31237  0.27017  0.50    5675    1533    4908    15451   2.72
  1992          94     0.34031  0.29083  0.50    4142    1205    3539    10543   2.55
  1992          95     0.36941  0.31182  0.50    2937     916    2479     7003   2.38
  1992          96     0.39949  0.33298  0.50    2021     673    1685     4524   2.24
  1992          97     0.43034  0.35414  0.50    1348     477    1110     2839   2.11
  1992          98     0.46174  0.37514  0.50     871     327     707     1730   1.99
  1992          99     0.49345  0.39580  0.50     544     215     436     1022   1.88
  1992         100     0.52522  0.41598  0.50     329     137     260      586   1.78
  1992         101     0.55678  0.43553  0.50     192      84     150      326   1.70
  1992         102     0.58790  0.45434  0.50     108      49      84      175   1.62
  1992         103     0.61832  0.47231  0.50      59      28      45       92   1.55
  1992         104     0.64783  0.48933  0.50      31      15      24       46   1.49
  1992         105     0.67622  0.50535  0.50      16       8      12       23   1.43
  1992         106     0.70330  0.52033  0.50       8       4       6       11   1.38
  1992         107     0.72894  0.53423  0.50       4       2       3        5   1.34
  1992         108     0.75323  0.54716  0.50       2       1       1        2   1.30
  1992         109     0.77638  0.55927  0.50       1       0       1        1   1.26
  1992         110+    0.81098  1.00000  1.23       0       0       0        0   1.23
  1993           0     0.00477  0.00475  0.19  100000     475   99614  7689529  76.90
  1993           1     0.00055  0.00055  0.50   99525      54   99498  7589914  76.26
  1993           2     0.00049  0.00049  0.50   99471      49   99446  7490416  75.30
  1993           3     0.00038  0.00038  0.50   99422      38   99403  7390970  74.34
  1993           4     0.00024  0.00024  0.50   99384      24   99372  7291567  73.37
  1993           5     0.00019  0.00019  0.50   99360      19   99351  7192195  72.39
  1993           6     0.00015  0.00015  0.50   99341      15   99333  7092844  71.40
  1993           7     0.00008  0.00008  0.50   99326       8   99322  6993511  70.41
  1993           8     0.00009  0.00009  0.50   99318       9   99314  6894189  69.42
  1993           9     0.00014  0.00014  0.50   99310      14   99303  6794875  68.42
  1993          10     0.00016  0.00016  0.50   99296      15   99288  6695572  67.43
  1993          11     0.00016  0.00016  0.50   99280      16   99273  6596284  66.44
  1993          12     0.00017  0.00017  0.50   99265      17   99256  6497011  65.45
  1993          13     0.00018  0.00018  0.50   99248      18   99238  6397755  64.46
  1993          14     0.00019  0.00019  0.50   99229      19   99220  6298517  63.47
  1993          15     0.00022  0.00022  0.50   99210      21   99200  6199297  62.49
  1993          16     0.00039  0.00039  0.50   99189      38   99170  6100097  61.50
  1993          17     0.00078  0.00078  0.50   99151      77   99112  6000927  60.52
  1993          18     0.00119  0.00119  0.50   99073     118   99014  5901815  59.57
  1993          19     0.00131  0.00131  0.50   98956     129   98891  5802801  58.64
  1993          20     0.00093  0.00093  0.50   98826      92   98780  5703910  57.72
  1993          21     0.00057  0.00057  0.50   98735      56   98707  5605130  56.77
  1993          22     0.00072  0.00072  0.50   98679      71   98643  5506423  55.80
  1993          23     0.00097  0.00096  0.50   98608      95   98560  5407780  54.84
  1993          24     0.00087  0.00087  0.50   98512      86   98470  5309220  53.89
  1993          25     0.00073  0.00073  0.50   98427      72   98391  5210751  52.94
  1993          26     0.00068  0.00068  0.50   98355      67   98322  5112360  51.98
  1993          27     0.00073  0.00073  0.50   98288      72   98252  5014038  51.01
  1993          28     0.00075  0.00075  0.50   98217      74   98180  4915786  50.05
  1993          29     0.00065  0.00065  0.50   98143      64   98111  4817606  49.09
  1993          30     0.00052  0.00052  0.50   98079      51   98053  4719496  48.12
  1993          31     0.00045  0.00045  0.50   98027      44   98005  4621443  47.14
  1993          32     0.00048  0.00048  0.50   97983      47   97960  4523437  46.17
  1993          33     0.00063  0.00063  0.50   97936      62   97905  4425478  45.19
  1993          34     0.00088  0.00088  0.50   97874      86   97831  4327573  44.22
  1993          35     0.00107  0.00107  0.50   97788     104   97736  4229741  43.25
  1993          36     0.00110  0.00110  0.50   97684     108   97630  4132005  42.30
  1993          37     0.00116  0.00116  0.50   97577     113   97520  4034375  41.35
  1993          38     0.00122  0.00122  0.50   97464     119   97404  3936854  40.39
  1993          39     0.00126  0.00126  0.50   97345     123   97283  3839450  39.44
  1993          40     0.00139  0.00139  0.50   97222     135   97154  3742167  38.49
  1993          41     0.00163  0.00163  0.50   97087     158   97008  3645013  37.54
  1993          42     0.00157  0.00157  0.50   96928     152   96852  3548005  36.60
  1993          43     0.00151  0.00151  0.50   96776     146   96703  3451153  35.66
  1993          44     0.00182  0.00182  0.50   96630     176   96542  3354449  34.71
  1993          45     0.00242  0.00242  0.50   96454     233   96338  3257907  33.78
  1993          46     0.00291  0.00291  0.50   96221     280   96081  3161569  32.86
  1993          47     0.00264  0.00263  0.50   95941     253   95815  3065489  31.95
  1993          48     0.00244  0.00244  0.50   95689     234   95572  2969674  31.03
  1993          49     0.00319  0.00318  0.50   95455     304   95303  2874102  30.11
  1993          50     0.00408  0.00407  0.50   95151     387   94957  2778799  29.20
  1993          51     0.00425  0.00424  0.50   94764     402   94563  2683842  28.32
  1993          52     0.00424  0.00423  0.50   94362     399   94162  2589279  27.44
  1993          53     0.00462  0.00461  0.50   93963     434   93746  2495117  26.55
  1993          54     0.00506  0.00505  0.50   93529     472   93293  2401371  25.68
  1993          55     0.00564  0.00562  0.50   93057     523   92795  2308078  24.80
  1993          56     0.00651  0.00649  0.50   92533     601   92233  2215283  23.94
  1993          57     0.00741  0.00738  0.50   91933     678   91593  2123050  23.09
  1993          58     0.00819  0.00816  0.50   91254     744   90882  2031457  22.26
  1993          59     0.00945  0.00940  0.50   90510     851   90084  1940575  21.44
  1993          60     0.01081  0.01075  0.50   89659     964   89177  1850491  20.64
  1993          61     0.01180  0.01174  0.50   88694    1041   88174  1761314  19.86
  1993          62     0.01279  0.01270  0.50   87654    1114   87097  1673140  19.09
  1993          63     0.01410  0.01400  0.50   86540    1212   85934  1586044  18.33
  1993          64     0.01522  0.01510  0.50   85328    1289   84684  1500109  17.58
  1993          65     0.01573  0.01561  0.50   84040    1312   83384  1415426  16.84
  1993          66     0.01637  0.01624  0.50   82728    1344   82056  1332042  16.10
  1993          67     0.01733  0.01719  0.50   81384    1399   80685  1249986  15.36
  1993          68     0.01867  0.01849  0.50   79986    1479   79246  1169301  14.62
  1993          69     0.02081  0.02059  0.50   78506    1617   77698  1090055  13.88
  1993          70     0.02414  0.02385  0.50   76890    1834   75973  1012357  13.17
  1993          71     0.02803  0.02764  0.50   75056    2075   74019   936384  12.48
  1993          72     0.03012  0.02967  0.50   72981    2166   71899   862365  11.82
  1993          73     0.02969  0.02926  0.50   70816    2072   69780   790467  11.16
  1993          74     0.03415  0.03358  0.50   68744    2308   67590   720687  10.48
  1993          75     0.04669  0.04563  0.50   66436    3031   64920   653097   9.83
  1993          76     0.05200  0.05068  0.50   63404    3213   61798   588177   9.28
  1993          77     0.05416  0.05274  0.50   60191    3174   58604   526379   8.75
  1993          78     0.06090  0.05910  0.50   57017    3370   55332   467775   8.20
  1993          79     0.06874  0.06646  0.50   53647    3565   51865   412443   7.69
  1993          80     0.07359  0.07098  0.50   50082    3555   48305   360579   7.20
  1993          81     0.07995  0.07688  0.50   46527    3577   44739   312274   6.71
  1993          82     0.09180  0.08777  0.50   42951    3770   41066   267535   6.23
  1993          83     0.10425  0.09909  0.50   39181    3882   37239   226469   5.78
  1993          84     0.11721  0.11073  0.50   35298    3908   33344   189230   5.36
  1993          85     0.13210  0.12392  0.50   31390    3890   29445   155886   4.97
  1993          86     0.14873  0.13843  0.50   27500    3807   25597   126441   4.60
  1993          87     0.16674  0.15391  0.50   23693    3647   21870   100844   4.26
  1993          88     0.18654  0.17062  0.50   20047    3420   18336    78974   3.94
  1993          89     0.20816  0.18853  0.50   16626    3135   15059    60638   3.65
  1993          90     0.23153  0.20751  0.50   13492    2800   12092    45579   3.38
  1993          91     0.25666  0.22747  0.50   10692    2432    9476    33487   3.13
  1993          92     0.28354  0.24833  0.50    8260    2051    7234    24011   2.91
  1993          93     0.31205  0.26993  0.50    6209    1676    5371    16777   2.70
  1993          94     0.34204  0.29209  0.50    4533    1324    3871    11406   2.52
  1993          95     0.37336  0.31463  0.50    3209    1010    2704     7535   2.35
  1993          96     0.40578  0.33734  0.50    2199     742    1828     4831   2.20
  1993          97     0.43905  0.36001  0.50    1457     525    1195     3003   2.06
  1993          98     0.47286  0.38244  0.50     933     357     754     1808   1.94
  1993          99     0.50693  0.40442  0.50     576     233     460     1054   1.83
  1993         100     0.54094  0.42578  0.50     343     146     270      594   1.73
  1993         101     0.57456  0.44634  0.50     197      88     153      324   1.64
  1993         102     0.60751  0.46597  0.50     109      51      84      171   1.57
  1993         103     0.63952  0.48457  0.50      58      28      44       87   1.50
  1993         104     0.67033  0.50206  0.50      30      15      22       43   1.44
  1993         105     0.69972  0.51837  0.50      15       8      11       21   1.39
  1993         106     0.72758  0.53350  0.50       7       4       5       10   1.34
  1993         107     0.75380  0.54746  0.50       3       2       2        4   1.30
  1993         108     0.77820  0.56022  0.50       2       1       1        2   1.26
  1993         109     0.80072  0.57180  0.50       1       0       0        1   1.23
  1993         110+    0.83374  1.00000  1.20       0       0       0        0   1.20
  1994           0     0.00544  0.00541  0.18  100000     541   99556  7687827  76.88
  1994           1     0.00063  0.00063  0.50   99459      63   99427  7588271  76.30
  1994           2     0.00054  0.00054  0.50   99396      54   99369  7488844  75.34
  1994           3     0.00045  0.00045  0.50   99342      45   99320  7389475  74.38
  1994           4     0.00036  0.00036  0.50   99297      35   99280  7290155  73.42
  1994           5     0.00027  0.00027  0.50   99262      27   99248  7190876  72.44
  1994           6     0.00021  0.00021  0.50   99235      21   99224  7091628  71.46
  1994           7     0.00017  0.00017  0.50   99214      17   99205  6992403  70.48
  1994           8     0.00013  0.00013  0.50   99197      13   99191  6893198  69.49
  1994           9     0.00010  0.00010  0.50   99184      10   99179  6794007  68.50
  1994          10     0.00009  0.00009  0.50   99174       9   99169  6694829  67.51
  1994          11     0.00009  0.00009  0.50   99165       9   99160  6595659  66.51
  1994          12     0.00011  0.00011  0.50   99156      11   99150  6496499  65.52
  1994          13     0.00015  0.00015  0.50   99145      15   99137  6397349  64.53
  1994          14     0.00021  0.00021  0.50   99130      21   99119  6298212  63.54
  1994          15     0.00029  0.00029  0.50   99109      29   99094  6199092  62.55
  1994          16     0.00038  0.00038  0.50   99080      38   99061  6099998  61.57
  1994          17     0.00047  0.00047  0.50   99042      47   99019  6000937  60.59
  1994          18     0.00056  0.00056  0.50   98995      55   98968  5901919  59.62
  1994          19     0.00064  0.00064  0.50   98940      63   98908  5802951  58.65
  1994          20     0.00072  0.00072  0.50   98877      72   98841  5704043  57.69
  1994          21     0.00081  0.00081  0.50   98805      80   98765  5605202  56.73
  1994          22     0.00089  0.00089  0.50   98725      88   98681  5506437  55.78
  1994          23     0.00093  0.00093  0.50   98638      92   98592  5407755  54.82
  1994          24     0.00092  0.00092  0.50   98546      91   98500  5309164  53.88
  1994          25     0.00086  0.00086  0.50   98455      85   98412  5210664  52.92
  1994          26     0.00077  0.00077  0.50   98370      76   98332  5112251  51.97
  1994          27     0.00068  0.00068  0.50   98294      67   98261  5013919  51.01
  1994          28     0.00062  0.00062  0.50   98227      61   98196  4915659  50.04
  1994          29     0.00059  0.00059  0.50   98166      58   98137  4817462  49.07
  1994          30     0.00057  0.00057  0.50   98108      56   98080  4719325  48.10
  1994          31     0.00056  0.00056  0.50   98052      55   98024  4621245  47.13
  1994          32     0.00057  0.00057  0.50   97997      56   97969  4523221  46.16
  1994          33     0.00061  0.00061  0.50   97941      59   97911  4425252  45.18
  1994          34     0.00066  0.00066  0.50   97881      65   97849  4327341  44.21
  1994          35     0.00073  0.00073  0.50   97817      72   97781  4229492  43.24
  1994          36     0.00082  0.00082  0.50   97745      80   97705  4131711  42.27
  1994          37     0.00094  0.00094  0.50   97665      92   97619  4034006  41.30
  1994          38     0.00109  0.00109  0.50   97573     106   97520  3936387  40.34
  1994          39     0.00125  0.00125  0.50   97467     122   97406  3838868  39.39
  1994          40     0.00145  0.00145  0.50   97345     141   97274  3741462  38.44
  1994          41     0.00168  0.00168  0.50   97203     163   97122  3644188  37.49
  1994          42     0.00190  0.00189  0.50   97040     184   96948  3547067  36.55
  1994          43     0.00208  0.00208  0.50   96856     202   96755  3450118  35.62
  1994          44     0.00225  0.00225  0.50   96654     217   96546  3353363  34.69
  1994          45     0.00241  0.00241  0.50   96437     233   96321  3256817  33.77
  1994          46     0.00259  0.00259  0.50   96205     249   96080  3160497  32.85
  1994          47     0.00278  0.00278  0.50   95955     266   95822  3064417  31.94
  1994          48     0.00302  0.00302  0.50   95689     289   95545  2968594  31.02
  1994          49     0.00338  0.00338  0.50   95400     322   95239  2873050  30.12
  1994          50     0.00383  0.00382  0.50   95078     363   94896  2777811  29.22
  1994          51     0.00430  0.00430  0.50   94715     407   94511  2682915  28.33
  1994          52     0.00476  0.00474  0.50   94308     447   94084  2588404  27.45
  1994          53     0.00514  0.00513  0.50   93860     481   93620  2494320  26.57
  1994          54     0.00550  0.00548  0.50   93379     512   93123  2400700  25.71
  1994          55     0.00590  0.00589  0.50   92867     547   92594  2307577  24.85
  1994          56     0.00641  0.00639  0.50   92321     590   92026  2214983  23.99
  1994          57     0.00701  0.00698  0.50   91730     640   91410  2122957  23.14
  1994          58     0.00766  0.00763  0.50   91090     695   90742  2031547  22.30
  1994          59     0.00849  0.00845  0.50   90394     764   90012  1940805  21.47
  1994          60     0.00956  0.00951  0.50   89630     852   89204  1850792  20.65
  1994          61     0.01091  0.01085  0.50   88778     963   88297  1761588  19.84
  1994          62     0.01249  0.01241  0.50   87815    1090   87270  1673291  19.05
  1994          63     0.01420  0.01410  0.50   86725    1223   86114  1586021  18.29
  1994          64     0.01582  0.01570  0.50   85502    1342   84831  1499908  17.54
  1994          65     0.01718  0.01703  0.50   84160    1433   83443  1415077  16.81
  1994          66     0.01833  0.01816  0.50   82726    1503   81975  1331634  16.10
  1994          67     0.01938  0.01920  0.50   81224    1559   80444  1249658  15.39
  1994          68     0.02046  0.02025  0.50   79664    1613   78858  1169214  14.68
  1994          69     0.02173  0.02150  0.50   78051    1678   77212  1090356  13.97
  1994          70     0.02339  0.02312  0.50   76373    1765   75491  1013144  13.27
  1994          71     0.02549  0.02517  0.50   74608    1878   73669   937653  12.57
  1994          72     0.02821  0.02782  0.50   72730    2023   71718   863985  11.88
  1994          73     0.03168  0.03118  0.50   70706    2205   69604   792267  11.21
  1994          74     0.03586  0.03523  0.50   68502    2413   67295   722663  10.55
  1994          75     0.04076  0.03995  0.50   66088    2640   64768   655368   9.92
  1994          76     0.04656  0.04550  0.50   63448    2887   62005   590599   9.31
  1994          77     0.05329  0.05190  0.50   60562    3143   58990   528594   8.73
  1994          78     0.06094  0.05913  0.50   57418    3395   55721   469605   8.18
  1994          79     0.06943  0.06710  0.50   54023    3625   52210   413884   7.66
  1994          80     0.07865  0.07567  0.50   50398    3814   48491   361674   7.18
  1994          81     0.08845  0.08471  0.50   46584    3946   44611   313182   6.72
  1994          82     0.09874  0.09409  0.50   42638    4012   40632   268571   6.30
  1994          83     0.10959  0.10390  0.50   38626    4013   36620   227939   5.90
  1994          84     0.12117  0.11425  0.50   34613    3955   32636   191319   5.53
  1994          85     0.13363  0.12526  0.50   30658    3840   28738   158684   5.18
  1994          86     0.14707  0.13700  0.50   26818    3674   24981   129945   4.85
  1994          87     0.16161  0.14953  0.50   23144    3461   21414   104964   4.54
  1994          88     0.17731  0.16287  0.50   19683    3206   18081    83550   4.24
  1994          89     0.19419  0.17700  0.50   16478    2917   15019    65470   3.97
  1994          90     0.21229  0.19192  0.50   13561    2603   12260    50450   3.72
  1994          91     0.23160  0.20756  0.50   10958    2275    9821    38191   3.49
  1994          92     0.25210  0.22388  0.50    8684    1944    7712    28370   3.27
  1994          93     0.27378  0.24082  0.50    6740    1623    5928    20658   3.07
  1994          94     0.29658  0.25828  0.50    5117    1322    4456    14729   2.88
  1994          95     0.32044  0.27619  0.50    3795    1048    3271    10274   2.71
  1994          96     0.34527  0.29444  0.50    2747     809    2343     7002   2.55
  1994          97     0.37098  0.31293  0.50    1938     607    1635     4660   2.40
  1994          98     0.39743  0.33155  0.50    1332     441    1111     3025   2.27
  1994          99     0.42449  0.35017  0.50     890     312     734     1914   2.15
  1994         100     0.45201  0.36868  0.50     578     213     472     1180   2.04
  1994         101     0.47981  0.38697  0.50     365     141     295      708   1.94
  1994         102     0.50770  0.40492  0.50     224      91     179      414   1.85
  1994         103     0.53552  0.42241  0.50     133      56     105      235   1.76
  1994         104     0.56306  0.43937  0.50      77      34      60      130   1.69
  1994         105     0.59018  0.45571  0.50      43      20      33       70   1.62
  1994         106     0.61675  0.47139  0.50      23      11      18       37   1.56
  1994         107     0.64270  0.48640  0.50      12       6       9       19   1.50
  1994         108     0.66810  0.50081  0.50       6       3       5        9   1.45
  1994         109     0.69307  0.51470  0.50       3       2       2        4   1.40
  1994         110+    0.73360  1.00000  1.36       2       2       2        2   1.36
  1995           0     0.00375  0.00374  0.20  100000     374   99700  7711220  77.11
  1995           1     0.00079  0.00079  0.50   99626      78   99587  7611520  76.40
  1995           2     0.00062  0.00062  0.50   99548      62   99517  7511933  75.46
  1995           3     0.00047  0.00047  0.50   99486      46   99463  7412417  74.51
  1995           4     0.00034  0.00034  0.50   99440      33   99423  7312954  73.54
  1995           5     0.00024  0.00024  0.50   99406      23   99395  7213530  72.57
  1995           6     0.00016  0.00016  0.50   99383      16   99375  7114136  71.58
  1995           7     0.00012  0.00012  0.50   99367      12   99360  7014761  70.59
  1995           8     0.00011  0.00011  0.50   99354      11   99349  6915401  69.60
  1995           9     0.00012  0.00012  0.50   99343      12   99337  6816052  68.61
  1995          10     0.00013  0.00013  0.50   99331      13   99324  6716716  67.62
  1995          11     0.00014  0.00014  0.50   99317      14   99310  6617392  66.63
  1995          12     0.00014  0.00014  0.50   99303      14   99297  6518081  65.64
  1995          13     0.00015  0.00015  0.50   99290      15   99282  6418785  64.65
  1995          14     0.00018  0.00018  0.50   99275      18   99266  6319502  63.66
  1995          15     0.00024  0.00024  0.50   99257      24   99245  6220237  62.67
  1995          16     0.00034  0.00034  0.50   99233      33   99216  6120992  61.68
  1995          17     0.00045  0.00045  0.50   99199      45   99177  6021776  60.70
  1995          18     0.00057  0.00057  0.50   99154      56   99126  5922599  59.73
  1995          19     0.00066  0.00066  0.50   99098      65   99065  5823473  58.76
  1995          20     0.00068  0.00068  0.50   99033      67   98999  5724408  57.80
  1995          21     0.00065  0.00065  0.50   98966      65   98933  5625408  56.84
  1995          22     0.00063  0.00063  0.50   98901      63   98870  5526475  55.88
  1995          23     0.00064  0.00064  0.50   98838      63   98807  5427605  54.91
  1995          24     0.00067  0.00067  0.50   98775      66   98742  5328799  53.95
  1995          25     0.00074  0.00074  0.50   98709      73   98673  5230056  52.98
  1995          26     0.00081  0.00081  0.50   98637      80   98597  5131383  52.02
  1995          27     0.00086  0.00086  0.50   98557      84   98514  5032787  51.06
  1995          28     0.00086  0.00086  0.50   98472      85   98430  4934273  50.11
  1995          29     0.00084  0.00084  0.50   98387      83   98346  4835843  49.15
  1995          30     0.00081  0.00081  0.50   98305      79   98265  4737497  48.19
  1995          31     0.00078  0.00078  0.50   98225      77   98187  4639232  47.23
  1995          32     0.00076  0.00076  0.50   98149      75   98111  4541045  46.27
  1995          33     0.00075  0.00075  0.50   98074      74   98037  4442934  45.30
  1995          34     0.00074  0.00074  0.50   98000      73   97964  4344897  44.34
  1995          35     0.00075  0.00075  0.50   97927      74   97891  4246933  43.37
  1995          36     0.00080  0.00080  0.50   97854      78   97814  4149043  42.40
  1995          37     0.00092  0.00092  0.50   97775      90   97730  4051228  41.43
  1995          38     0.00105  0.00105  0.50   97685     103   97634  3953498  40.47
  1995          39     0.00114  0.00114  0.50   97583     111   97527  3855864  39.51
  1995          40     0.00117  0.00117  0.50   97472     114   97415  3758337  38.56
  1995          41     0.00119  0.00119  0.50   97358     116   97300  3660922  37.60
  1995          42     0.00135  0.00135  0.50   97242     131   97177  3563622  36.65
  1995          43     0.00156  0.00156  0.50   97111     152   97035  3466445  35.70
  1995          44     0.00173  0.00173  0.50   96960     168   96876  3369410  34.75
  1995          45     0.00191  0.00191  0.50   96792     185   96699  3272534  33.81
  1995          46     0.00219  0.00219  0.50   96607     212   96501  3175835  32.87
  1995          47     0.00254  0.00254  0.50   96395     244   96273  3079334  31.94
  1995          48     0.00292  0.00291  0.50   96151     280   96011  2983061  31.02
  1995          49     0.00330  0.00329  0.50   95871     316   95713  2887050  30.11
  1995          50     0.00365  0.00364  0.50   95555     348   95381  2791337  29.21
  1995          51     0.00394  0.00393  0.50   95207     375   95020  2695955  28.32
  1995          52     0.00420  0.00420  0.50   94833     398   94634  2600935  27.43
  1995          53     0.00452  0.00451  0.50   94435     426   94222  2506301  26.54
  1995          54     0.00506  0.00504  0.50   94009     474   93772  2412079  25.66
  1995          55     0.00572  0.00571  0.50   93535     534   93268  2318307  24.79
  1995          56     0.00638  0.00636  0.50   93001     592   92706  2225038  23.92
  1995          57     0.00704  0.00702  0.50   92410     649   92085  2132333  23.07
  1995          58     0.00779  0.00776  0.50   91761     712   91405  2040247  22.23
  1995          59     0.00872  0.00868  0.50   91049     790   90654  1948842  21.40
  1995          60     0.00983  0.00978  0.50   90259     883   89818  1858188  20.59
  1995          61     0.01108  0.01102  0.50   89377     985   88884  1768370  19.79
  1995          62     0.01240  0.01232  0.50   88392    1089   87847  1679486  19.00
  1995          63     0.01368  0.01359  0.50   87303    1187   86709  1591638  18.23
  1995          64     0.01484  0.01473  0.50   86116    1268   85482  1504929  17.48
  1995          65     0.01574  0.01562  0.50   84848    1325   84185  1419447  16.73
  1995          66     0.01646  0.01632  0.50   83522    1363   82841  1335262  15.99
  1995          67     0.01746  0.01731  0.50   82159    1422   81448  1252421  15.24
  1995          68     0.01923  0.01905  0.50   80737    1538   79968  1170973  14.50
  1995          69     0.02167  0.02144  0.50   79199    1698   78350  1091005  13.78
  1995          70     0.02451  0.02422  0.50   77501    1877   76562  1012655  13.07
  1995          71     0.02747  0.02709  0.50   75624    2049   74599   936093  12.38
  1995          72     0.03060  0.03014  0.50   73575    2217   72466   861494  11.71
  1995          73     0.03408  0.03351  0.50   71357    2391   70162   789028  11.06
  1995          74     0.03800  0.03729  0.50   68966    2572   67680   718866  10.42
  1995          75     0.04240  0.04152  0.50   66394    2757   65016   651186   9.81
  1995          76     0.04724  0.04615  0.50   63638    2937   62169   586169   9.21
  1995          77     0.05297  0.05161  0.50   60701    3133   59135   524000   8.63
  1995          78     0.06001  0.05826  0.50   57568    3354   55891   464865   8.08
  1995          79     0.06812  0.06587  0.50   54214    3571   52429   408974   7.54
  1995          80     0.07700  0.07414  0.50   50643    3755   48766   356545   7.04
  1995          81     0.08675  0.08314  0.50   46888    3898   44939   307780   6.56
  1995          82     0.09754  0.09300  0.50   42990    3998   40991   262841   6.11
  1995          83     0.10947  0.10379  0.50   38992    4047   36968   221850   5.69
  1995          84     0.12266  0.11557  0.50   34945    4038   32925   184882   5.29
  1995          85     0.13719  0.12838  0.50   30906    3968   28922   151956   4.92
  1995          86     0.15314  0.14225  0.50   26938    3832   25022   123034   4.57
  1995          87     0.17059  0.15718  0.50   23106    3632   21291    98012   4.24
  1995          88     0.18958  0.17317  0.50   19475    3372   17788    76721   3.94
  1995          89     0.21015  0.19017  0.50   16102    3062   14571    58933   3.66
  1995          90     0.23232  0.20814  0.50   13040    2714   11683    44362   3.40
  1995          91     0.25606  0.22699  0.50   10326    2344    9154    32679   3.16
  1995          92     0.28133  0.24664  0.50    7982    1969    6998    23525   2.95
  1995          93     0.30806  0.26694  0.50    6013    1605    5211    16527   2.75
  1995          94     0.33614  0.28777  0.50    4408    1269    3774    11317   2.57
  1995          95     0.36543  0.30897  0.50    3140     970    2655     7543   2.40
  1995          96     0.39574  0.33037  0.50    2170     717    1811     4888   2.25
  1995          97     0.42687  0.35179  0.50    1453     511    1197     3077   2.12
  1995          98     0.45860  0.37306  0.50     942     351     766     1880   2.00
  1995          99     0.49066  0.39400  0.50     590     233     474     1114   1.89
  1995         100     0.52280  0.41446  0.50     358     148     284      640   1.79
  1995         101     0.55476  0.43430  0.50     209      91     164      356   1.70
  1995         102     0.58627  0.45337  0.50     119      54      92      192   1.62
  1995         103     0.61709  0.47158  0.50      65      31      50      100   1.55
  1995         104     0.64696  0.48883  0.50      34      17      26       51   1.49
  1995         105     0.67567  0.50505  0.50      17       9      13       25   1.43
  1995         106     0.70305  0.52019  0.50       9       5       6       12   1.38
  1995         107     0.72899  0.53426  0.50       4       2       3        6   1.34
  1995         108     0.75359  0.54735  0.50       2       1       1        3   1.30
  1995         109     0.77709  0.55965  0.50       1       0       1        1   1.26
  1995         110+    0.81188  1.00000  1.23       0       0       0        0   1.23
  1996           0     0.00439  0.00438  0.19  100000     438   99646  7752490  77.52
  1996           1     0.00041  0.00041  0.50   99562      41   99542  7652844  76.86
  1996           2     0.00036  0.00036  0.50   99521      36   99504  7553302  75.90
  1996           3     0.00030  0.00030  0.50   99486      30   99471  7453798  74.92
  1996           4     0.00024  0.00024  0.50   99456      24   99444  7354327  73.95
  1996           5     0.00020  0.00020  0.50   99432      20   99422  7254884  72.96
  1996           6     0.00017  0.00017  0.50   99412      17   99404  7155462  71.98
  1996           7     0.00014  0.00014  0.50   99396      14   99388  7056058  70.99
  1996           8     0.00012  0.00012  0.50   99381      12   99375  6956669  70.00
  1996           9     0.00010  0.00010  0.50   99369      10   99364  6857294  69.01
  1996          10     0.00009  0.00009  0.50   99360       9   99355  6757930  68.01
  1996          11     0.00009  0.00009  0.50   99351       9   99346  6658575  67.02
  1996          12     0.00011  0.00011  0.50   99342      11   99336  6559228  66.03
  1996          13     0.00014  0.00014  0.50   99331      14   99324  6459892  65.03
  1996          14     0.00019  0.00019  0.50   99317      19   99307  6360568  64.04
  1996          15     0.00028  0.00028  0.50   99298      28   99284  6261261  63.06
  1996          16     0.00040  0.00040  0.50   99270      40   99250  6161977  62.07
  1996          17     0.00054  0.00054  0.50   99230      53   99204  6062727  61.10
  1996          18     0.00065  0.00065  0.50   99177      64   99145  5963523  60.13
  1996          19     0.00071  0.00071  0.50   99113      70   99078  5864378  59.17
  1996          20     0.00073  0.00073  0.50   99043      72   99006  5765301  58.21
  1996          21     0.00074  0.00074  0.50   98970      73   98934  5666295  57.25
  1996          22     0.00073  0.00073  0.50   98897      73   98861  5567361  56.29
  1996          23     0.00074  0.00073  0.50   98825      73   98788  5468500  55.34
  1996          24     0.00075  0.00075  0.50   98752      74   98715  5369712  54.38
  1996          25     0.00076  0.00076  0.50   98678      75   98640  5270997  53.42
  1996          26     0.00073  0.00073  0.50   98603      72   98567  5172357  52.46
  1996          27     0.00068  0.00068  0.50   98531      67   98497  5073790  51.49
  1996          28     0.00061  0.00061  0.50   98464      60   98434  4975292  50.53
  1996          29     0.00056  0.00056  0.50   98403      55   98376  4876859  49.56
  1996          30     0.00054  0.00054  0.50   98348      54   98321  4778483  48.59
  1996          31     0.00056  0.00056  0.50   98295      55   98267  4680162  47.61
  1996          32     0.00061  0.00061  0.50   98239      60   98209  4581895  46.64
  1996          33     0.00068  0.00068  0.50   98179      66   98146  4483686  45.67
  1996          34     0.00073  0.00073  0.50   98113      72   98077  4385540  44.70
  1996          35     0.00079  0.00079  0.50   98041      77   98002  4287463  43.73
  1996          36     0.00086  0.00086  0.50   97964      84   97922  4189461  42.77
  1996          37     0.00095  0.00095  0.50   97879      93   97833  4091539  41.80
  1996          38     0.00104  0.00104  0.50   97786     102   97736  3993707  40.84
  1996          39     0.00112  0.00112  0.50   97685     110   97630  3895971  39.88
  1996          40     0.00120  0.00120  0.50   97575     118   97516  3798341  38.93
  1996          41     0.00130  0.00130  0.50   97458     126   97394  3700825  37.97
  1996          42     0.00142  0.00142  0.50   97331     138   97262  3603431  37.02
  1996          43     0.00161  0.00160  0.50   97193     156   97115  3506168  36.07
  1996          44     0.00185  0.00185  0.50   97037     179   96947  3409053  35.13
  1996          45     0.00211  0.00211  0.50   96858     204   96756  3312106  34.20
  1996          46     0.00234  0.00234  0.50   96654     226   96541  3215350  33.27
  1996          47     0.00262  0.00262  0.50   96427     252   96301  3118810  32.34
  1996          48     0.00290  0.00289  0.50   96175     278   96036  3022509  31.43
  1996          49     0.00315  0.00314  0.50   95897     301   95746  2926473  30.52
  1996          50     0.00345  0.00344  0.50   95596     329   95431  2830726  29.61
  1996          51     0.00388  0.00387  0.50   95266     369   95082  2735295  28.71
  1996          52     0.00435  0.00434  0.50   94897     412   94691  2640213  27.82
  1996          53     0.00477  0.00476  0.50   94485     450   94261  2545522  26.94
  1996          54     0.00518  0.00516  0.50   94036     486   93793  2451261  26.07
  1996          55     0.00557  0.00556  0.50   93550     520   93290  2357468  25.20
  1996          56     0.00595  0.00594  0.50   93031     552   92754  2264178  24.34
  1996          57     0.00640  0.00638  0.50   92478     590   92183  2171423  23.48
  1996          58     0.00699  0.00697  0.50   91888     640   91568  2079240  22.63
  1996          59     0.00776  0.00773  0.50   91248     705   90896  1987672  21.78
  1996          60     0.00870  0.00866  0.50   90543     785   90151  1896776  20.95
  1996          61     0.00983  0.00978  0.50   89759     878   89319  1806626  20.13
  1996          62     0.01120  0.01114  0.50   88880     990   88385  1717306  19.32
  1996          63     0.01281  0.01273  0.50   87890    1119   87331  1628921  18.53
  1996          64     0.01452  0.01441  0.50   86772    1251   86146  1541590  17.77
  1996          65     0.01617  0.01604  0.50   85521    1372   84835  1455444  17.02
  1996          66     0.01781  0.01766  0.50   84149    1486   83406  1370609  16.29
  1996          67     0.01944  0.01925  0.50   82663    1591   81868  1287202  15.57
  1996          68     0.02102  0.02080  0.50   81072    1686   80229  1205335  14.87
  1996          69     0.02260  0.02235  0.50   79386    1774   78499  1125106  14.17
  1996          70     0.02431  0.02402  0.50   77612    1864   76680  1046607  13.49
  1996          71     0.02642  0.02608  0.50   75747    1976   74760   969927  12.80
  1996          72     0.02914  0.02872  0.50   73772    2119   72713   895168  12.13
  1996          73     0.03255  0.03202  0.50   71653    2295   70506   822455  11.48
  1996          74     0.03640  0.03575  0.50   69358    2480   68119   751949  10.84
  1996          75     0.04048  0.03968  0.50   66879    2654   65552   683831  10.22
  1996          76     0.04497  0.04398  0.50   64225    2825   62813   618279   9.63
  1996          77     0.05027  0.04904  0.50   61400    3011   59895   555466   9.05
  1996          78     0.05666  0.05510  0.50   58389    3217   56781   495571   8.49
  1996          79     0.06388  0.06191  0.50   55172    3416   53464   438790   7.95
  1996          80     0.07168  0.06920  0.50   51757    3582   49966   385326   7.44
  1996          81     0.08021  0.07712  0.50   48175    3715   46317   335360   6.96
  1996          82     0.08970  0.08585  0.50   44460    3817   42551   289043   6.50
  1996          83     0.10029  0.09550  0.50   40643    3881   38702   246491   6.06
  1996          84     0.11206  0.10611  0.50   36762    3901   34811   207789   5.65
  1996          85     0.12507  0.11771  0.50   32861    3868   30927   172978   5.26
  1996          86     0.13939  0.13031  0.50   28993    3778   27104   142051   4.90
  1996          87     0.15507  0.14391  0.50   25215    3629   23400   114947   4.56
  1996          88     0.17216  0.15852  0.50   21586    3422   19875    91547   4.24
  1996          89     0.19070  0.17410  0.50   18164    3162   16583    71672   3.95
  1996          90     0.21073  0.19064  0.50   15002    2860   13572    55089   3.67
  1996          91     0.23225  0.20808  0.50   12142    2526   10879    41518   3.42
  1996          92     0.25525  0.22636  0.50    9615    2176    8527    30639   3.19
  1996          93     0.27969  0.24538  0.50    7439    1825    6526    22112   2.97
  1996          94     0.30551  0.26502  0.50    5614    1488    4870    15586   2.78
  1996          95     0.33261  0.28518  0.50    4126    1177    3537    10716   2.60
  1996          96     0.36086  0.30570  0.50    2949     902    2498     7179   2.43
  1996          97     0.39010  0.32643  0.50    2048     668    1713     4680   2.29
  1996          98     0.42015  0.34721  0.50    1379     479    1140     2967   2.15
  1996          99     0.45081  0.36789  0.50     900     331     735     1827   2.03
  1996         100     0.48185  0.38830  0.50     569     221     459     1092   1.92
  1996         101     0.51302  0.40829  0.50     348     142     277      634   1.82
  1996         102     0.54407  0.42772  0.50     206      88     162      357   1.73
  1996         103     0.57476  0.44646  0.50     118      53      92      195   1.65
  1996         104     0.60483  0.46439  0.50      65      30      50      103   1.58
  1996         105     0.63407  0.48144  0.50      35      17      27       53   1.52
  1996         106     0.66229  0.49754  0.50      18       9      14       26   1.46
  1996         107     0.68942  0.51269  0.50       9       5       7       13   1.41
  1996         108     0.71556  0.52700  0.50       4       2       3        6   1.36
  1996         109     0.74089  0.54062  0.50       2       1       2        3   1.32
  1996         110+    0.77937  1.00000  1.28       1       1       1        1   1.28
  1997           0     0.00386  0.00385  0.20  100000     385   99691  7743059  77.43
  1997           1     0.00104  0.00104  0.50   99615     104   99563  7643368  76.73
  1997           2     0.00066  0.00066  0.50   99511      66   99478  7543805  75.81
  1997           3     0.00037  0.00037  0.50   99445      36   99427  7444327  74.86
  1997           4     0.00018  0.00018  0.50   99409      18   99400  7344900  73.89
  1997           5     0.00011  0.00011  0.50   99391      11   99385  7245500  72.90
  1997           6     0.00010  0.00010  0.50   99380      10   99375  7146115  71.91
  1997           7     0.00012  0.00012  0.50   99370      12   99364  7046740  70.91
  1997           8     0.00016  0.00016  0.50   99358      16   99350  6947376  69.92
  1997           9     0.00021  0.00021  0.50   99342      21   99331  6848026  68.93
  1997          10     0.00025  0.00025  0.50   99321      25   99308  6748695  67.95
  1997          11     0.00027  0.00027  0.50   99296      26   99283  6649387  66.97
  1997          12     0.00026  0.00026  0.50   99269      26   99256  6550104  65.98
  1997          13     0.00027  0.00027  0.50   99243      26   99230  6450848  65.00
  1997          14     0.00032  0.00032  0.50   99217      31   99201  6351618  64.02
  1997          15     0.00043  0.00043  0.50   99186      43   99164  6252416  63.04
  1997          16     0.00054  0.00054  0.50   99143      54   99116  6153252  62.06
  1997          17     0.00061  0.00061  0.50   99089      60   99059  6054136  61.10
  1997          18     0.00066  0.00066  0.50   99029      66   98996  5955077  60.13
  1997          19     0.00075  0.00075  0.50   98963      74   98926  5856080  59.17
  1997          20     0.00082  0.00082  0.50   98890      81   98849  5757154  58.22
  1997          21     0.00085  0.00085  0.50   98809      84   98766  5658305  57.27
  1997          22     0.00085  0.00085  0.50   98724      83   98683  5559538  56.31
  1997          23     0.00082  0.00082  0.50   98641      81   98600  5460856  55.36
  1997          24     0.00080  0.00080  0.50   98560      79   98520  5362255  54.41
  1997          25     0.00079  0.00079  0.50   98481      78   98442  5263735  53.45
  1997          26     0.00077  0.00077  0.50   98403      76   98365  5165293  52.49
  1997          27     0.00076  0.00076  0.50   98327      74   98290  5066928  51.53
  1997          28     0.00072  0.00072  0.50   98253      70   98218  4968638  50.57
  1997          29     0.00065  0.00065  0.50   98182      63   98151  4870421  49.61
  1997          30     0.00061  0.00061  0.50   98119      60   98089  4772270  48.64
  1997          31     0.00059  0.00059  0.50   98059      58   98030  4674181  47.67
  1997          32     0.00056  0.00056  0.50   98001      55   97974  4576151  46.69
  1997          33     0.00056  0.00056  0.50   97946      55   97919  4478177  45.72
  1997          34     0.00063  0.00063  0.50   97892      62   97861  4380258  44.75
  1997          35     0.00075  0.00075  0.50   97830      74   97793  4282398  43.77
  1997          36     0.00090  0.00090  0.50   97756      88   97712  4184605  42.81
  1997          37     0.00101  0.00100  0.50   97669      98   97620  4086892  41.84
  1997          38     0.00109  0.00109  0.50   97571     107   97517  3989273  40.89
  1997          39     0.00119  0.00119  0.50   97464     116   97406  3891755  39.93
  1997          40     0.00131  0.00131  0.50   97348     128   97284  3794350  38.98
  1997          41     0.00146  0.00146  0.50   97220     142   97149  3697066  38.03
  1997          42     0.00166  0.00165  0.50   97078     161   96997  3599917  37.08
  1997          43     0.00187  0.00187  0.50   96917     181   96826  3502920  36.14
  1997          44     0.00209  0.00208  0.50   96736     202   96635  3406094  35.21
  1997          45     0.00222  0.00222  0.50   96534     214   96427  3309459  34.28
  1997          46     0.00227  0.00227  0.50   96320     219   96210  3213032  33.36
  1997          47     0.00244  0.00244  0.50   96101     234   95984  3116821  32.43
  1997          48     0.00274  0.00273  0.50   95867     262   95736  3020837  31.51
  1997          49     0.00311  0.00310  0.50   95605     297   95457  2925101  30.60
  1997          50     0.00350  0.00349  0.50   95308     333   95142  2829645  29.69
  1997          51     0.00385  0.00384  0.50   94976     365   94793  2734503  28.79
  1997          52     0.00419  0.00418  0.50   94611     396   94413  2639710  27.90
  1997          53     0.00459  0.00458  0.50   94215     431   93999  2545297  27.02
  1997          54     0.00510  0.00509  0.50   93783     477   93545  2451298  26.14
  1997          55     0.00563  0.00562  0.50   93306     524   93044  2357753  25.27
  1997          56     0.00608  0.00606  0.50   92782     563   92500  2264709  24.41
  1997          57     0.00660  0.00657  0.50   92219     606   91916  2172209  23.55
  1997          58     0.00732  0.00729  0.50   91613     668   91279  2080293  22.71
  1997          59     0.00817  0.00813  0.50   90945     740   90575  1989014  21.87
  1997          60     0.00909  0.00905  0.50   90205     817   89797  1898439  21.05
  1997          61     0.01009  0.01004  0.50   89389     897   88940  1808642  20.23
  1997          62     0.01125  0.01118  0.50   88491     990   87997  1719702  19.43
  1997          63     0.01265  0.01257  0.50   87502    1100   86952  1631705  18.65
  1997          64     0.01416  0.01406  0.50   86402    1214   85795  1544753  17.88
  1997          65     0.01570  0.01558  0.50   85188    1327   84524  1458958  17.13
  1997          66     0.01750  0.01734  0.50   83861    1455   83134  1374434  16.39
  1997          67     0.01940  0.01921  0.50   82406    1583   81615  1291300  15.67
  1997          68     0.02120  0.02097  0.50   80823    1695   79976  1209685  14.97
  1997          69     0.02295  0.02269  0.50   79128    1796   78230  1129710  14.28
  1997          70     0.02474  0.02443  0.50   77332    1890   76388  1051480  13.60
  1997          71     0.02650  0.02615  0.50   75443    1973   74456   975092  12.92
  1997          72     0.02858  0.02818  0.50   73470    2070   72435   900636  12.26
  1997          73     0.03137  0.03088  0.50   71400    2205   70297   828201  11.60
  1997          74     0.03509  0.03449  0.50   69195    2386   68001   757904  10.95
  1997          75     0.03983  0.03906  0.50   66808    2609   65504   689903  10.33
  1997          76     0.04522  0.04422  0.50   64199    2839   62780   624399   9.73
  1997          77     0.05077  0.04951  0.50   61360    3038   59841   561620   9.15
  1997          78     0.05620  0.05467  0.50   58322    3188   56728   501778   8.60
  1997          79     0.06220  0.06033  0.50   55134    3326   53471   445050   8.07
  1997          80     0.06948  0.06715  0.50   51808    3479   50068   391579   7.56
  1997          81     0.07800  0.07507  0.50   48329    3628   46515   341511   7.07
  1997          82     0.08755  0.08388  0.50   44701    3749   42826   294996   6.60
  1997          83     0.09809  0.09350  0.50   40951    3829   39037   252170   6.16
  1997          84     0.10968  0.10398  0.50   37122    3860   35192   213133   5.74
  1997          85     0.12240  0.11534  0.50   33262    3837   31344   177941   5.35
  1997          86     0.13635  0.12765  0.50   29426    3756   27548   146597   4.98
  1997          87     0.15161  0.14093  0.50   25670    3618   23861   119049   4.64
  1997          88     0.16824  0.15519  0.50   22052    3422   20341    95188   4.32
  1997          89     0.18630  0.17043  0.50   18630    3175   17042    74847   4.02
  1997          90     0.20583  0.18662  0.50   15455    2884   14013    57805   3.74
  1997          91     0.22682  0.20372  0.50   12571    2561   11290    43792   3.48
  1997          92     0.24929  0.22166  0.50   10010    2219    8900    32502   3.25
  1997          93     0.27319  0.24036  0.50    7791    1873    6855    23601   3.03
  1997          94     0.29847  0.25972  0.50    5918    1537    5150    16747   2.83
  1997          95     0.32505  0.27961  0.50    4381    1225    3769    11597   2.65
  1997          96     0.35279  0.29989  0.50    3156     947    2683     7828   2.48
  1997          97     0.38157  0.32044  0.50    2210     708    1856     5145   2.33
  1997          98     0.41120  0.34107  0.50    1502     512    1246     3290   2.19
  1997          99     0.44149  0.36165  0.50     989     358     811     2044   2.07
  1997         100     0.47222  0.38202  0.50     632     241     511     1233   1.95
  1997         101     0.50316  0.40202  0.50     390     157     312      722   1.85
  1997         102     0.53408  0.42152  0.50     233      98     184      411   1.76
  1997         103     0.56474  0.44039  0.50     135      59     105      226   1.68
  1997         104     0.59489  0.45851  0.50      76      35      58      121   1.60
  1997         105     0.62431  0.47579  0.50      41      19      31       63   1.54
  1997         106     0.65277  0.49214  0.50      21      11      16       32   1.48
  1997         107     0.68012  0.50753  0.50      11       6       8       16   1.42
  1997         108     0.70636  0.52200  0.50       5       3       4        7   1.38
  1997         109     0.73165  0.53569  0.50       3       1       2        3   1.33
  1997         110+    0.77142  1.00000  1.30       1       1       2        2   1.30
  1998           0     0.00457  0.00455  0.19  100000     455   99631  7771955  77.72
  1998           1     0.00062  0.00062  0.50   99545      61   99514  7672323  77.07
  1998           2     0.00043  0.00043  0.50   99484      43   99462  7572809  76.12
  1998           3     0.00030  0.00030  0.50   99441      29   99426  7473347  75.15
  1998           4     0.00022  0.00022  0.50   99411      22   99400  7373921  74.18
  1998           5     0.00019  0.00019  0.50   99390      19   99380  7274521  73.19
  1998           6     0.00021  0.00021  0.50   99370      21   99360  7175140  72.21
  1998           7     0.00025  0.00025  0.50   99349      25   99337  7075781  71.22
  1998           8     0.00026  0.00026  0.50   99325      25   99312  6976444  70.24
  1998           9     0.00023  0.00023  0.50   99299      23   99288  6877132  69.26
  1998          10     0.00019  0.00019  0.50   99276      19   99267  6777844  68.27
  1998          11     0.00015  0.00015  0.50   99258      15   99250  6678577  67.29
  1998          12     0.00014  0.00014  0.50   99243      13   99236  6579326  66.30
  1998          13     0.00017  0.00017  0.50   99230      17   99221  6480090  65.30
  1998          14     0.00024  0.00024  0.50   99213      24   99201  6380869  64.31
  1998          15     0.00035  0.00035  0.50   99189      35   99172  6281667  63.33
  1998          16     0.00050  0.00050  0.50   99154      49   99129  6182496  62.35
  1998          17     0.00066  0.00066  0.50   99105      65   99072  6083367  61.38
  1998          18     0.00081  0.00081  0.50   99039      80   98999  5984295  60.42
  1998          19     0.00092  0.00092  0.50   98959      91   98914  5885295  59.47
  1998          20     0.00098  0.00098  0.50   98868      97   98820  5786381  58.53
  1998          21     0.00099  0.00099  0.50   98771      97   98722  5687562  57.58
  1998          22     0.00094  0.00094  0.50   98674      92   98627  5588840  56.64
  1998          23     0.00087  0.00087  0.50   98581      86   98538  5490212  55.69
  1998          24     0.00081  0.00081  0.50   98496      80   98456  5391674  54.74
  1998          25     0.00075  0.00075  0.50   98416      74   98379  5293218  53.78
  1998          26     0.00070  0.00070  0.50   98342      69   98307  5194839  52.82
  1998          27     0.00066  0.00066  0.50   98273      65   98240  5096532  51.86
  1998          28     0.00064  0.00064  0.50   98208      63   98177  4998291  50.89
  1998          29     0.00063  0.00063  0.50   98145      62   98114  4900115  49.93
  1998          30     0.00064  0.00064  0.50   98083      63   98052  4802001  48.96
  1998          31     0.00065  0.00065  0.50   98020      63   97989  4703949  47.99
  1998          32     0.00066  0.00066  0.50   97957      64   97925  4605960  47.02
  1998          33     0.00068  0.00068  0.50   97893      67   97859  4508035  46.05
  1998          34     0.00074  0.00074  0.50   97826      72   97790  4410176  45.08
  1998          35     0.00081  0.00081  0.50   97754      79   97714  4312386  44.11
  1998          36     0.00088  0.00088  0.50   97675      86   97632  4214672  43.15
  1998          37     0.00096  0.00096  0.50   97589      94   97542  4117040  42.19
  1998          38     0.00105  0.00105  0.50   97495     102   97444  4019498  41.23
  1998          39     0.00117  0.00117  0.50   97393     114   97336  3922054  40.27
  1998          40     0.00130  0.00130  0.50   97279     127   97216  3824718  39.32
  1998          41     0.00145  0.00145  0.50   97152     141   97082  3727503  38.37
  1998          42     0.00160  0.00160  0.50   97011     155   96934  3630421  37.42
  1998          43     0.00175  0.00175  0.50   96856     170   96771  3533487  36.48
  1998          44     0.00191  0.00191  0.50   96686     184   96594  3436717  35.55
  1998          45     0.00208  0.00208  0.50   96502     201   96401  3340123  34.61
  1998          46     0.00228  0.00228  0.50   96301     220   96191  3243721  33.68
  1998          47     0.00252  0.00251  0.50   96081     241   95961  3147530  32.76
  1998          48     0.00279  0.00279  0.50   95840     267   95707  3051569  31.84
  1998          49     0.00312  0.00311  0.50   95573     298   95424  2955863  30.93
  1998          50     0.00345  0.00345  0.50   95275     328   95111  2860438  30.02
  1998          51     0.00375  0.00374  0.50   94947     355   94769  2765327  29.12
  1998          52     0.00404  0.00403  0.50   94592     381   94401  2670558  28.23
  1998          53     0.00437  0.00436  0.50   94211     410   94006  2576156  27.34
  1998          54     0.00476  0.00475  0.50   93800     446   93578  2482151  26.46
  1998          55     0.00523  0.00522  0.50   93355     487   93111  2388573  25.59
  1998          56     0.00578  0.00576  0.50   92867     535   92600  2295462  24.72
  1998          57     0.00638  0.00636  0.50   92332     587   92039  2202863  23.86
  1998          58     0.00704  0.00701  0.50   91745     643   91423  2110824  23.01
  1998          59     0.00776  0.00773  0.50   91101     704   90749  2019401  22.17
  1998          60     0.00857  0.00854  0.50   90397     772   90011  1928652  21.34
  1998          61     0.00951  0.00946  0.50   89625     848   89201  1838640  20.51
  1998          62     0.01066  0.01060  0.50   88777     941   88307  1749439  19.71
  1998          63     0.01208  0.01201  0.50   87836    1055   87309  1661132  18.91
  1998          64     0.01365  0.01356  0.50   86781    1177   86193  1573823  18.14
  1998          65     0.01520  0.01509  0.50   85605    1292   84959  1487631  17.38
  1998          66     0.01668  0.01654  0.50   84313    1394   83616  1402672  16.64
  1998          67     0.01811  0.01795  0.50   82919    1488   82174  1319056  15.91
  1998          68     0.01958  0.01939  0.50   81430    1579   80641  1236882  15.19
  1998          69     0.02121  0.02099  0.50   79851    1676   79013  1156241  14.48
  1998          70     0.02315  0.02289  0.50   78175    1789   77281  1077228  13.78
  1998          71     0.02550  0.02518  0.50   76386    1923   75424   999947  13.09
  1998          72     0.02818  0.02779  0.50   74463    2069   73428   924522  12.42
  1998          73     0.03109  0.03061  0.50   72394    2216   71285   851094  11.76
  1998          74     0.03431  0.03373  0.50   70177    2367   68994   779809  11.11
  1998          75     0.03796  0.03725  0.50   67810    2526   66547   710815  10.48
  1998          76     0.04221  0.04134  0.50   65284    2699   63935   644268   9.87
  1998          77     0.04719  0.04610  0.50   62585    2885   61143   580334   9.27
  1998          78     0.05300  0.05163  0.50   59700    3083   58159   519191   8.70
  1998          79     0.05973  0.05800  0.50   56617    3284   54976   461032   8.14
  1998          80     0.06741  0.06522  0.50   53334    3478   51595   406057   7.61
  1998          81     0.07603  0.07324  0.50   49856    3652   48030   354462   7.11
  1998          82     0.08556  0.08205  0.50   46204    3791   44308   306432   6.63
  1998          83     0.09614  0.09173  0.50   42413    3890   40468   262124   6.18
  1998          84     0.10785  0.10233  0.50   38522    3942   36551   221656   5.75
  1998          85     0.12079  0.11391  0.50   34580    3939   32611   185105   5.35
  1998          86     0.13503  0.12649  0.50   30642    3876   28704   152494   4.98
  1998          87     0.15068  0.14012  0.50   26766    3750   24890   123791   4.62
  1998          88     0.16778  0.15480  0.50   23015    3563   21234    98900   4.30
  1998          89     0.18640  0.17051  0.50   19453    3317   17794    77666   3.99
  1998          90     0.20657  0.18723  0.50   16136    3021   14625    59872   3.71
  1998          91     0.22830  0.20491  0.50   13115    2687   11771    45247   3.45
  1998          92     0.25159  0.22347  0.50   10427    2330    9262    33476   3.21
  1998          93     0.27639  0.24284  0.50    8097    1966    7114    24214   2.99
  1998          94     0.30265  0.26287  0.50    6131    1612    5325    17100   2.79
  1998          95     0.33026  0.28345  0.50    4519    1281    3879    11775   2.61
  1998          96     0.35908  0.30442  0.50    3238     986    2745     7896   2.44
  1998          97     0.38895  0.32562  0.50    2252     733    1886     5151   2.29
  1998          98     0.41967  0.34688  0.50    1519     527    1256     3265   2.15
  1998          99     0.45102  0.36803  0.50     992     365     810     2009   2.03
  1998         100     0.48275  0.38889  0.50     627     244     505     1200   1.91
  1998         101     0.51461  0.40930  0.50     383     157     305      695   1.81
  1998         102     0.54631  0.42910  0.50     226      97     178      390   1.72
  1998         103     0.57759  0.44816  0.50     129      58     100      212   1.64
  1998         104     0.60820  0.46637  0.50      71      33      55      112   1.57
  1998         105     0.63791  0.48365  0.50      38      18      29       57   1.51
  1998         106     0.66659  0.49996  0.50      20      10      15       28   1.45
  1998         107     0.69419  0.51533  0.50      10       5       7       14   1.40
  1998         108     0.72085  0.52987  0.50       5       3       4        6   1.35
  1998         109     0.74680  0.54376  0.50       2       1       2        3   1.31
  1998         110+    0.78497  1.00000  1.27       1       1       1        1   1.27
  1999           0     0.00397  0.00396  0.20  100000     396   99682  7766814  77.67
  1999           1     0.00037  0.00037  0.50   99604      37   99586  7667131  76.98
  1999           2     0.00032  0.00032  0.50   99567      31   99552  7567545  76.00
  1999           3     0.00026  0.00026  0.50   99536      26   99523  7467994  75.03
  1999           4     0.00021  0.00021  0.50   99510      21   99500  7368470  74.05
  1999           5     0.00019  0.00019  0.50   99489      19   99479  7268971  73.06
  1999           6     0.00019  0.00019  0.50   99470      19   99461  7169491  72.08
  1999           7     0.00019  0.00019  0.50   99451      19   99442  7070031  71.09
  1999           8     0.00019  0.00019  0.50   99432      19   99423  6970589  70.10
  1999           9     0.00019  0.00019  0.50   99413      19   99404  6871167  69.12
  1999          10     0.00017  0.00017  0.50   99394      17   99386  6771763  68.13
  1999          11     0.00015  0.00015  0.50   99377      15   99370  6672377  67.14
  1999          12     0.00014  0.00014  0.50   99362      14   99356  6573007  66.15
  1999          13     0.00013  0.00013  0.50   99349      13   99342  6473652  65.16
  1999          14     0.00014  0.00014  0.50   99335      14   99328  6374310  64.17
  1999          15     0.00016  0.00016  0.50   99321      16   99314  6274981  63.18
  1999          16     0.00020  0.00020  0.50   99306      19   99296  6175668  62.19
  1999          17     0.00027  0.00027  0.50   99286      26   99273  6076372  61.20
  1999          18     0.00037  0.00037  0.50   99260      37   99241  5977099  60.22
  1999          19     0.00049  0.00049  0.50   99223      49   99199  5877857  59.24
  1999          20     0.00063  0.00063  0.50   99174      62   99143  5778659  58.27
  1999          21     0.00074  0.00074  0.50   99112      73   99075  5679516  57.30
  1999          22     0.00080  0.00080  0.50   99039      79   98999  5580440  56.35
  1999          23     0.00081  0.00081  0.50   98960      80   98920  5481441  55.39
  1999          24     0.00077  0.00077  0.50   98880      76   98842  5382522  54.44
  1999          25     0.00070  0.00070  0.50   98803      69   98769  5283680  53.48
  1999          26     0.00063  0.00063  0.50   98734      62   98703  5184912  52.51
  1999          27     0.00059  0.00059  0.50   98672      58   98643  5086208  51.55
  1999          28     0.00060  0.00060  0.50   98614      59   98585  4987565  50.58
  1999          29     0.00066  0.00066  0.50   98555      65   98523  4888981  49.61
  1999          30     0.00074  0.00074  0.50   98490      73   98454  4790458  48.64
  1999          31     0.00082  0.00082  0.50   98418      80   98378  4692004  47.67
  1999          32     0.00089  0.00089  0.50   98338      87   98294  4593626  46.71
  1999          33     0.00098  0.00098  0.50   98250      96   98202  4495332  45.75
  1999          34     0.00110  0.00110  0.50   98154     108   98100  4397130  44.80
  1999          35     0.00122  0.00122  0.50   98046     120   97986  4299030  43.85
  1999          36     0.00128  0.00128  0.50   97926     125   97863  4201044  42.90
  1999          37     0.00128  0.00128  0.50   97801     125   97738  4103181  41.95
  1999          38     0.00128  0.00128  0.50   97676     125   97613  4005443  41.01
  1999          39     0.00132  0.00132  0.50   97551     129   97486  3907829  40.06
  1999          40     0.00140  0.00140  0.50   97422     136   97354  3810343  39.11
  1999          41     0.00148  0.00148  0.50   97286     144   97214  3712989  38.17
  1999          42     0.00156  0.00156  0.50   97142     152   97066  3615775  37.22
  1999          43     0.00167  0.00167  0.50   96991     162   96909  3518709  36.28
  1999          44     0.00183  0.00183  0.50   96828     177   96740  3421799  35.34
  1999          45     0.00201  0.00201  0.50   96651     194   96554  3325059  34.40
  1999          46     0.00219  0.00219  0.50   96457     211   96352  3228505  33.47
  1999          47     0.00239  0.00239  0.50   96246     230   96131  3132153  32.54
  1999          48     0.00265  0.00264  0.50   96016     254   95890  3036022  31.62
  1999          49     0.00299  0.00299  0.50   95763     286   95620  2940132  30.70
  1999          50     0.00339  0.00339  0.50   95477     323   95315  2844512  29.79
  1999          51     0.00380  0.00380  0.50   95153     361   94972  2749197  28.89
  1999          52     0.00422  0.00421  0.50   94792     399   94592  2654225  28.00
  1999          53     0.00468  0.00467  0.50   94392     440   94172  2559633  27.12
  1999          54     0.00524  0.00523  0.50   93952     491   93706  2465461  26.24
  1999          55     0.00588  0.00586  0.50   93461     548   93187  2371754  25.38
  1999          56     0.00653  0.00651  0.50   92913     605   92611  2278567  24.52
  1999          57     0.00716  0.00713  0.50   92308     658   91979  2185956  23.68
  1999          58     0.00773  0.00770  0.50   91650     706   91297  2093978  22.85
  1999          59     0.00833  0.00830  0.50   90944     755   90567  2002681  22.02
  1999          60     0.00908  0.00903  0.50   90189     815   89782  1912114  21.20
  1999          61     0.01003  0.00998  0.50   89374     892   88928  1822333  20.39
  1999          62     0.01120  0.01114  0.50   88482     986   87989  1733404  19.59
  1999          63     0.01254  0.01246  0.50   87496    1090   86951  1645415  18.81
  1999          64     0.01386  0.01376  0.50   86406    1189   85811  1558464  18.04
  1999          65     0.01502  0.01491  0.50   85217    1271   84582  1472652  17.28
  1999          66     0.01627  0.01614  0.50   83946    1355   83269  1388071  16.54
  1999          67     0.01765  0.01750  0.50   82591    1445   81869  1304802  15.80
  1999          68     0.01919  0.01901  0.50   81146    1543   80375  1222933  15.07
  1999          69     0.02102  0.02080  0.50   79604    1656   78776  1142558  14.35
  1999          70     0.02326  0.02299  0.50   77948    1792   77052  1063782  13.65
  1999          71     0.02585  0.02552  0.50   76156    1943   75184   986730  12.96
  1999          72     0.02874  0.02834  0.50   74212    2103   73161   911546  12.28
  1999          73     0.03191  0.03141  0.50   72110    2265   70977   838385  11.63
  1999          74     0.03543  0.03481  0.50   69844    2431   68629   767408  10.99
  1999          75     0.03944  0.03867  0.50   67413    2607   66110   698779  10.37
  1999          76     0.04424  0.04328  0.50   64806    2805   63404   632670   9.76
  1999          77     0.04987  0.04866  0.50   62001    3017   60493   569266   9.18
  1999          78     0.05628  0.05473  0.50   58984    3229   57370   508773   8.63
  1999          79     0.06317  0.06123  0.50   55756    3414   54049   451403   8.10
  1999          80     0.07036  0.06797  0.50   52342    3558   50563   397354   7.59
  1999          81     0.07822  0.07527  0.50   48784    3672   46948   346791   7.11
  1999          82     0.08715  0.08351  0.50   45112    3767   43228   299843   6.65
  1999          83     0.09723  0.09272  0.50   41345    3833   39428   256614   6.21
  1999          84     0.10849  0.10290  0.50   37511    3860   35581   217186   5.79
  1999          85     0.12097  0.11407  0.50   33651    3839   31732   181605   5.40
  1999          86     0.13473  0.12623  0.50   29813    3763   27931   149873   5.03
  1999          87     0.14979  0.13935  0.50   26049    3630   24234   121942   4.68
  1999          88     0.16620  0.15344  0.50   22419    3440   20699    97708   4.36
  1999          89     0.18400  0.16850  0.50   18979    3198   17380    77008   4.06
  1999          90     0.20324  0.18450  0.50   15781    2912   14326    59628   3.78
  1999          91     0.22393  0.20139  0.50   12870    2592   11574    45303   3.52
  1999          92     0.24608  0.21912  0.50   10278    2252    9152    33729   3.28
  1999          93     0.26964  0.23761  0.50    8026    1907    7072    24577   3.06
  1999          94     0.29458  0.25676  0.50    6119    1571    5333    17504   2.86
  1999          95     0.32081  0.27646  0.50    4548    1257    3919    12171   2.68
  1999          96     0.34821  0.29658  0.50    3290     976    2803     8252   2.51
  1999          97     0.37666  0.31696  0.50    2315     734    1948     5449   2.35
  1999          98     0.40598  0.33747  0.50    1581     534    1314     3502   2.21
  1999          99     0.43598  0.35795  0.50    1047     375     860     2187   2.09
  1999         100     0.46646  0.37824  0.50     673     254     545     1327   1.97
  1999         101     0.49719  0.39820  0.50     418     166     335      782   1.87
  1999         102     0.52792  0.41767  0.50     252     105     199      447   1.78
  1999         103     0.55840  0.43653  0.50     147      64     115      248   1.69
  1999         104     0.58841  0.45465  0.50      83      38      64      134   1.62
  1999         105     0.61770  0.47194  0.50      45      21      34       70   1.55
  1999         106     0.64612  0.48836  0.50      24      12      18       35   1.49
  1999         107     0.67357  0.50387  0.50      12       6       9       17   1.44
  1999         108     0.70013  0.51859  0.50       6       3       4        8   1.39
  1999         109     0.72598  0.53264  0.50       3       2       2        4   1.34
  1999         110+    0.76592  1.00000  1.31       1       1       2        2   1.31
  2000           0     0.00272  0.00272  0.21  100000     272   99785  7804252  78.04
  2000           1     0.00037  0.00037  0.50   99728      36   99710  7704467  77.25
  2000           2     0.00036  0.00036  0.50   99692      36   99674  7604757  76.28
  2000           3     0.00035  0.00035  0.50   99655      34   99638  7505084  75.31
  2000           4     0.00032  0.00032  0.50   99621      32   99605  7405445  74.34
  2000           5     0.00030  0.00030  0.50   99589      30   99574  7305841  73.36
  2000           6     0.00028  0.00028  0.50   99559      28   99545  7206267  72.38
  2000           7     0.00025  0.00025  0.50   99531      25   99518  7106722  71.40
  2000           8     0.00020  0.00020  0.50   99506      20   99496  7007204  70.42
  2000           9     0.00016  0.00016  0.50   99486      16   99478  6907708  69.43
  2000          10     0.00014  0.00014  0.50   99470      14   99463  6808230  68.44
  2000          11     0.00015  0.00015  0.50   99456      15   99449  6708767  67.45
  2000          12     0.00018  0.00018  0.50   99441      18   99433  6609318  66.46
  2000          13     0.00021  0.00021  0.50   99424      21   99413  6509886  65.48
  2000          14     0.00025  0.00025  0.50   99403      25   99391  6410472  64.49
  2000          15     0.00031  0.00031  0.50   99378      31   99363  6311081  63.51
  2000          16     0.00039  0.00039  0.50   99348      38   99329  6211718  62.52
  2000          17     0.00048  0.00048  0.50   99309      47   99286  6112390  61.55
  2000          18     0.00056  0.00056  0.50   99262      56   99234  6013104  60.58
  2000          19     0.00063  0.00063  0.50   99206      62   99175  5913870  59.61
  2000          20     0.00067  0.00067  0.50   99143      67   99110  5814696  58.65
  2000          21     0.00070  0.00070  0.50   99077      70   99042  5715586  57.69
  2000          22     0.00073  0.00073  0.50   99007      73   98970  5616544  56.73
  2000          23     0.00077  0.00077  0.50   98934      76   98896  5517574  55.77
  2000          24     0.00081  0.00081  0.50   98858      80   98818  5418677  54.81
  2000          25     0.00082  0.00082  0.50   98778      81   98738  5319859  53.86
  2000          26     0.00080  0.00080  0.50   98697      79   98658  5221122  52.90
  2000          27     0.00074  0.00074  0.50   98619      73   98582  5122464  51.94
  2000          28     0.00069  0.00069  0.50   98546      68   98512  5023882  50.98
  2000          29     0.00068  0.00068  0.50   98478      67   98444  4925370  50.02
  2000          30     0.00070  0.00070  0.50   98411      69   98377  4826926  49.05
  2000          31     0.00074  0.00074  0.50   98342      73   98306  4728549  48.08
  2000          32     0.00078  0.00078  0.50   98269      77   98231  4630244  47.12
  2000          33     0.00081  0.00081  0.50   98192      80   98152  4532013  46.15
  2000          34     0.00081  0.00081  0.50   98113      80   98073  4433861  45.19
  2000          35     0.00081  0.00081  0.50   98033      79   97993  4335788  44.23
  2000          36     0.00083  0.00083  0.50   97953      81   97913  4237795  43.26
  2000          37     0.00090  0.00090  0.50   97872      88   97828  4139882  42.30
  2000          38     0.00100  0.00100  0.50   97784      98   97736  4042054  41.34
  2000          39     0.00113  0.00113  0.50   97687     111   97632  3944318  40.38
  2000          40     0.00131  0.00131  0.50   97576     128   97512  3846687  39.42
  2000          41     0.00154  0.00154  0.50   97448     150   97373  3749175  38.47
  2000          42     0.00178  0.00178  0.50   97298     173   97211  3651801  37.53
  2000          43     0.00199  0.00199  0.50   97125     193   97028  3554590  36.60
  2000          44     0.00216  0.00215  0.50   96932     209   96827  3457562  35.67
  2000          45     0.00230  0.00229  0.50   96723     222   96612  3360735  34.75
  2000          46     0.00246  0.00245  0.50   96501     237   96382  3264123  33.82
  2000          47     0.00268  0.00267  0.50   96264     257   96135  3167740  32.91
  2000          48     0.00295  0.00294  0.50   96007     283   95866  3071605  31.99
  2000          49     0.00324  0.00323  0.50   95724     309   95570  2975739  31.09
  2000          50     0.00354  0.00354  0.50   95415     338   95246  2880170  30.19
  2000          51     0.00388  0.00387  0.50   95077     368   94894  2784924  29.29
  2000          52     0.00419  0.00418  0.50   94710     396   94512  2690030  28.40
  2000          53     0.00447  0.00446  0.50   94314     421   94103  2595518  27.52
  2000          54     0.00482  0.00480  0.50   93893     451   93668  2501415  26.64
  2000          55     0.00525  0.00524  0.50   93442     489   93197  2407747  25.77
  2000          56     0.00578  0.00576  0.50   92953     536   92685  2314550  24.90
  2000          57     0.00641  0.00639  0.50   92417     591   92122  2221865  24.04
  2000          58     0.00716  0.00713  0.50   91826     655   91499  2129744  23.19
  2000          59     0.00800  0.00797  0.50   91171     726   90808  2038245  22.36
  2000          60     0.00893  0.00889  0.50   90445     804   90043  1947437  21.53
  2000          61     0.00996  0.00991  0.50   89640     889   89196  1857394  20.72
  2000          62     0.01106  0.01100  0.50   88752     977   88264  1768198  19.92
  2000          63     0.01223  0.01215  0.50   87775    1067   87242  1679934  19.14
  2000          64     0.01345  0.01336  0.50   86709    1158   86129  1592693  18.37
  2000          65     0.01474  0.01463  0.50   85550    1251   84925  1506563  17.61
  2000          66     0.01613  0.01600  0.50   84299    1349   83624  1421639  16.86
  2000          67     0.01764  0.01749  0.50   82950    1451   82224  1338014  16.13
  2000          68     0.01928  0.01909  0.50   81499    1556   80721  1255790  15.41
  2000          69     0.02113  0.02091  0.50   79943    1672   79107  1175069  14.70
  2000          70     0.02327  0.02300  0.50   78271    1801   77371  1095962  14.00
  2000          71     0.02556  0.02524  0.50   76471    1930   75506  1018591  13.32
  2000          72     0.02803  0.02764  0.50   74541    2060   73510   943085  12.65
  2000          73     0.03077  0.03031  0.50   72480    2197   71382   869575  12.00
  2000          74     0.03393  0.03336  0.50   70283    2345   69111   798193  11.36
  2000          75     0.03756  0.03686  0.50   67939    2505   66687   729082  10.73
  2000          76     0.04154  0.04070  0.50   65434    2663   64103   662396  10.12
  2000          77     0.04616  0.04512  0.50   62771    2832   61355   598293   9.53
  2000          78     0.05176  0.05045  0.50   59939    3024   58427   536938   8.96
  2000          79     0.05836  0.05670  0.50   56915    3227   55301   478511   8.41
  2000          80     0.06588  0.06378  0.50   53688    3424   51975   423210   7.88
  2000          81     0.07417  0.07151  0.50   50263    3595   48466   371234   7.39
  2000          82     0.08308  0.07977  0.50   46669    3723   44808   322768   6.92
  2000          83     0.09272  0.08861  0.50   42946    3806   41043   277961   6.47
  2000          84     0.10321  0.09814  0.50   39141    3841   37220   236917   6.05
  2000          85     0.11465  0.10843  0.50   35299    3828   33385   199697   5.66
  2000          86     0.12714  0.11955  0.50   31472    3762   29590   166312   5.28
  2000          87     0.14078  0.13152  0.50   27709    3644   25887   136721   4.93
  2000          88     0.15563  0.14439  0.50   24065    3475   22327   110834   4.61
  2000          89     0.17174  0.15816  0.50   20590    3256   18962    88507   4.30
  2000          90     0.18915  0.17281  0.50   17334    2995   15836    69545   4.01
  2000          91     0.20789  0.18831  0.50   14338    2700   12988    53709   3.75
  2000          92     0.22796  0.20463  0.50   11638    2382   10447    40721   3.50
  2000          93     0.24936  0.22171  0.50    9257    2052    8230    30274   3.27
  2000          94     0.27205  0.23947  0.50    7204    1725    6342    22043   3.06
  2000          95     0.29599  0.25783  0.50    5479    1413    4773    15702   2.87
  2000          96     0.32111  0.27668  0.50    4066    1125    3504    10929   2.69
  2000          97     0.34730  0.29591  0.50    2941     870    2506     7425   2.52
  2000          98     0.37445  0.31540  0.50    2071     653    1744     4919   2.38
  2000          99     0.40241  0.33500  0.50    1418     475    1180     3175   2.24
  2000         100     0.43101  0.35459  0.50     943     334     776     1994   2.12
  2000         101     0.46006  0.37403  0.50     608     228     495     1219   2.00
  2000         102     0.48937  0.39317  0.50     381     150     306      724   1.90
  2000         103     0.51872  0.41189  0.50     231      95     184      418   1.81
  2000         104     0.54789  0.43007  0.50     136      58     107      235   1.73
  2000         105     0.57668  0.44761  0.50      77      35      60      128   1.65
  2000         106     0.60493  0.46445  0.50      43      20      33       68   1.58
  2000         107     0.63255  0.48056  0.50      23      11      17       35   1.52
  2000         108     0.65957  0.49600  0.50      12       6       9       17   1.47
  2000         109     0.68611  0.51086  0.50       6       3       4        8   1.42
  2000         110+    0.72933  1.00000  1.37       3       3       4        4   1.37
  2001           0     0.00314  0.00313  0.21  100000     313   99751  7844628  78.45
  2001           1     0.00036  0.00036  0.50   99687      36   99669  7744877  77.69
  2001           2     0.00025  0.00025  0.50   99651      25   99639  7645209  76.72
  2001           3     0.00018  0.00018  0.50   99626      18   99618  7545570  75.74
  2001           4     0.00016  0.00016  0.50   99609      16   99601  7445952  74.75
  2001           5     0.00018  0.00018  0.50   99593      18   99584  7346351  73.76
  2001           6     0.00021  0.00021  0.50   99575      21   99564  7246767  72.78
  2001           7     0.00023  0.00023  0.50   99554      23   99542  7147203  71.79
  2001           8     0.00021  0.00021  0.50   99531      21   99520  7047661  70.81
  2001           9     0.00018  0.00018  0.50   99510      18   99501  6948140  69.82
  2001          10     0.00016  0.00016  0.50   99492      16   99484  6848640  68.84
  2001          11     0.00015  0.00015  0.50   99476      15   99468  6749156  67.85
  2001          12     0.00015  0.00015  0.50   99461      15   99454  6649687  66.86
  2001          13     0.00017  0.00017  0.50   99446      17   99438  6550234  65.87
  2001          14     0.00023  0.00023  0.50   99429      23   99418  6450796  64.88
  2001          15     0.00032  0.00032  0.50   99406      31   99391  6351379  63.89
  2001          16     0.00042  0.00042  0.50   99375      42   99354  6251988  62.91
  2001          17     0.00052  0.00052  0.50   99333      52   99307  6152634  61.94
  2001          18     0.00063  0.00063  0.50   99281      62   99250  6053327  60.97
  2001          19     0.00075  0.00075  0.50   99219      74   99182  5954077  60.01
  2001          20     0.00084  0.00084  0.50   99144      83   99103  5854895  59.05
  2001          21     0.00087  0.00087  0.50   99061      87   99018  5755792  58.10
  2001          22     0.00084  0.00084  0.50   98975      83   98933  5656774  57.15
  2001          23     0.00078  0.00078  0.50   98891      77   98853  5557841  56.20
  2001          24     0.00073  0.00073  0.50   98814      72   98778  5458988  55.25
  2001          25     0.00065  0.00065  0.50   98742      64   98710  5360210  54.28
  2001          26     0.00057  0.00057  0.50   98679      56   98650  5261500  53.32
  2001          27     0.00053  0.00053  0.50   98622      52   98596  5162849  52.35
  2001          28     0.00053  0.00053  0.50   98570      52   98545  5064253  51.38
  2001          29     0.00058  0.00058  0.50   98519      57   98490  4965708  50.40
  2001          30     0.00073  0.00073  0.50   98462      72   98426  4867218  49.43
  2001          31     0.00091  0.00091  0.50   98390      90   98345  4768793  48.47
  2001          32     0.00104  0.00104  0.50   98300     103   98249  4670448  47.51
  2001          33     0.00110  0.00110  0.50   98197     108   98144  4572199  46.56
  2001          34     0.00108  0.00107  0.50   98090     105   98037  4474055  45.61
  2001          35     0.00105  0.00105  0.50   97984     103   97933  4376018  44.66
  2001          36     0.00108  0.00108  0.50   97882     106   97829  4278086  43.71
  2001          37     0.00114  0.00114  0.50   97776     111   97720  4180257  42.75
  2001          38     0.00120  0.00120  0.50   97665     117   97606  4082537  41.80
  2001          39     0.00126  0.00126  0.50   97548     123   97486  3984930  40.85
  2001          40     0.00138  0.00138  0.50   97425     134   97358  3887444  39.90
  2001          41     0.00158  0.00158  0.50   97291     153   97214  3790086  38.96
  2001          42     0.00170  0.00170  0.50   97138     165   97055  3692871  38.02
  2001          43     0.00173  0.00172  0.50   96973     167   96889  3595816  37.08
  2001          44     0.00171  0.00171  0.50   96806     166   96723  3498927  36.14
  2001          45     0.00177  0.00177  0.50   96640     171   96554  3402204  35.20
  2001          46     0.00197  0.00197  0.50   96469     190   96374  3305650  34.27
  2001          47     0.00226  0.00225  0.50   96279     217   96170  3209276  33.33
  2001          48     0.00259  0.00258  0.50   96062     248   95938  3113105  32.41
  2001          49     0.00294  0.00294  0.50   95814     282   95673  3017168  31.49
  2001          50     0.00328  0.00327  0.50   95532     313   95376  2921495  30.58
  2001          51     0.00358  0.00357  0.50   95219     340   95050  2826119  29.68
  2001          52     0.00395  0.00395  0.50   94880     374   94692  2731069  28.78
  2001          53     0.00454  0.00453  0.50   94505     428   94291  2636377  27.90
  2001          54     0.00533  0.00531  0.50   94077     500   93827  2542086  27.02
  2001          55     0.00596  0.00594  0.50   93577     556   93299  2448259  26.16
  2001          56     0.00614  0.00613  0.50   93021     570   92736  2354960  25.32
  2001          57     0.00616  0.00614  0.50   92451     567   92167  2262224  24.47
  2001          58     0.00634  0.00632  0.50   91884     580   91594  2170057  23.62
  2001          59     0.00678  0.00676  0.50   91303     617   90995  2078463  22.76
  2001          60     0.00751  0.00748  0.50   90686     678   90347  1987468  21.92
  2001          61     0.00849  0.00845  0.50   90008     761   89628  1897121  21.08
  2001          62     0.00957  0.00953  0.50   89247     850   88822  1807494  20.25
  2001          63     0.01063  0.01057  0.50   88397     934   87930  1718672  19.44
  2001          64     0.01169  0.01162  0.50   87463    1016   86955  1630742  18.64
  2001          65     0.01287  0.01279  0.50   86446    1105   85894  1543787  17.86
  2001          66     0.01434  0.01424  0.50   85341    1215   84733  1457894  17.08
  2001          67     0.01613  0.01600  0.50   84126    1346   83453  1373160  16.32
  2001          68     0.01822  0.01805  0.50   82780    1494   82033  1289707  15.58
  2001          69     0.02054  0.02034  0.50   81286    1653   80459  1207674  14.86
  2001          70     0.02313  0.02287  0.50   79633    1821   78722  1127215  14.16
  2001          71     0.02622  0.02588  0.50   77811    2014   76805  1048493  13.47
  2001          72     0.02939  0.02896  0.50   75798    2195   74700   971688  12.82
  2001          73     0.03223  0.03172  0.50   73603    2335   72435   896988  12.19
  2001          74     0.03493  0.03433  0.50   71268    2447   70045   824553  11.57
  2001          75     0.03790  0.03719  0.50   68821    2560   67541   754508  10.96
  2001          76     0.04153  0.04068  0.50   66262    2696   64914   686967  10.37
  2001          77     0.04537  0.04436  0.50   63566    2820   62156   622053   9.79
  2001          78     0.04901  0.04784  0.50   60746    2906   59293   559897   9.22
  2001          79     0.05308  0.05171  0.50   57840    2991   56345   500603   8.65
  2001          80     0.05835  0.05670  0.50   54849    3110   53294   444259   8.10
  2001          81     0.06523  0.06317  0.50   51739    3268   50105   390964   7.56
  2001          82     0.07387  0.07124  0.50   48471    3453   46745   340859   7.03
  2001          83     0.08395  0.08057  0.50   45018    3627   43204   294115   6.53
  2001          84     0.09534  0.09101  0.50   41391    3767   39508   250910   6.06
  2001          85     0.10805  0.10251  0.50   37624    3857   35696   211403   5.62
  2001          86     0.12217  0.11514  0.50   33767    3888   31823   175707   5.20
  2001          87     0.13782  0.12893  0.50   29879    3852   27953   143884   4.82
  2001          88     0.15511  0.14394  0.50   26027    3746   24154   115931   4.45
  2001          89     0.17412  0.16018  0.50   22281    3569   20496    91777   4.12
  2001          90     0.19494  0.17762  0.50   18712    3324   17050    71281   3.81
  2001          91     0.21758  0.19623  0.50   15388    3020   13878    54231   3.52
  2001          92     0.24206  0.21593  0.50   12368    2671   11033    40353   3.26
  2001          93     0.26836  0.23661  0.50    9698    2295    8550    29320   3.02
  2001          94     0.29639  0.25813  0.50    7403    1911    6448    20769   2.81
  2001          95     0.32604  0.28034  0.50    5492    1540    4722    14322   2.61
  2001          96     0.35715  0.30303  0.50    3952    1198    3354     9599   2.43
  2001          97     0.38951  0.32601  0.50    2755     898    2306     6246   2.27
  2001          98     0.42287  0.34906  0.50    1857     648    1533     3940   2.12
  2001          99     0.45694  0.37196  0.50    1209     450     984     2407   1.99
  2001         100     0.49143  0.39450  0.50     759     299     609     1424   1.88
  2001         101     0.52600  0.41647  0.50     460     191     364      814   1.77
  2001         102     0.56032  0.43770  0.50     268     117     209      450   1.68
  2001         103     0.59408  0.45803  0.50     151      69     116      241   1.60
  2001         104     0.62697  0.47733  0.50      82      39      62      125   1.52
  2001         105     0.65870  0.49550  0.50      43      21      32       62   1.46
  2001         106     0.68900  0.51246  0.50      22      11      16       30   1.40
  2001         107     0.71766  0.52815  0.50      11       6       8       14   1.35
  2001         108     0.74470  0.54265  0.50       5       3       4        6   1.31
  2001         109     0.77030  0.55611  0.50       2       1       2        3   1.27
  2001         110+    0.80856  1.00000  1.24       1       1       1        1   1.24
  2002           0     0.00320  0.00319  0.21  100000     319   99746  7863722  78.64
  2002           1     0.00017  0.00017  0.50   99681      17   99672  7763976  77.89
  2002           2     0.00019  0.00019  0.50   99664      19   99654  7664304  76.90
  2002           3     0.00020  0.00020  0.50   99645      20   99635  7564649  75.92
  2002           4     0.00019  0.00019  0.50   99625      19   99615  7465015  74.93
  2002           5     0.00017  0.00017  0.50   99605      17   99597  7365400  73.95
  2002           6     0.00015  0.00015  0.50   99588      15   99581  7265803  72.96
  2002           7     0.00014  0.00014  0.50   99573      14   99566  7166222  71.97
  2002           8     0.00015  0.00015  0.50   99559      15   99552  7066656  70.98
  2002           9     0.00017  0.00017  0.50   99544      17   99536  6967105  69.99
  2002          10     0.00016  0.00016  0.50   99527      16   99519  6867569  69.00
  2002          11     0.00015  0.00015  0.50   99511      15   99503  6768050  68.01
  2002          12     0.00014  0.00014  0.50   99496      14   99489  6668547  67.02
  2002          13     0.00014  0.00014  0.50   99482      14   99475  6569058  66.03
  2002          14     0.00017  0.00017  0.50   99467      17   99459  6469583  65.04
  2002          15     0.00025  0.00025  0.50   99450      25   99438  6370125  64.05
  2002          16     0.00037  0.00037  0.50   99425      37   99407  6270687  63.07
  2002          17     0.00053  0.00053  0.50   99388      52   99362  6171280  62.09
  2002          18     0.00065  0.00065  0.50   99336      64   99304  6071918  61.13
  2002          19     0.00068  0.00068  0.50   99272      68   99238  5972614  60.16
  2002          20     0.00068  0.00068  0.50   99204      67   99170  5873376  59.21
  2002          21     0.00065  0.00065  0.50   99137      65   99104  5774206  58.24
  2002          22     0.00063  0.00063  0.50   99072      63   99041  5675101  57.28
  2002          23     0.00061  0.00061  0.50   99009      61   98979  5576061  56.32
  2002          24     0.00060  0.00060  0.50   98949      59   98919  5477082  55.35
  2002          25     0.00058  0.00058  0.50   98890      57   98861  5378163  54.39
  2002          26     0.00056  0.00056  0.50   98833      55   98805  5279301  53.42
  2002          27     0.00054  0.00054  0.50   98778      53   98751  5180496  52.45
  2002          28     0.00052  0.00052  0.50   98725      52   98699  5081745  51.47
  2002          29     0.00052  0.00052  0.50   98673      52   98647  4983046  50.50
  2002          30     0.00055  0.00055  0.50   98622      54   98595  4884399  49.53
  2002          31     0.00060  0.00060  0.50   98568      59   98538  4785804  48.55
  2002          32     0.00070  0.00070  0.50   98508      69   98474  4687266  47.58
  2002          33     0.00081  0.00081  0.50   98440      80   98400  4588792  46.62
  2002          34     0.00092  0.00092  0.50   98360      90   98315  4490392  45.65
  2002          35     0.00099  0.00099  0.50   98270      98   98221  4392078  44.69
  2002          36     0.00104  0.00104  0.50   98172     102   98121  4293857  43.74
  2002          37     0.00110  0.00110  0.50   98070     107   98016  4195736  42.78
  2002          38     0.00116  0.00116  0.50   97962     114   97905  4097720  41.83
  2002          39     0.00125  0.00124  0.50   97848     122   97787  3999815  40.88
  2002          40     0.00135  0.00135  0.50   97726     132   97661  3902027  39.93
  2002          41     0.00148  0.00148  0.50   97595     145   97522  3804367  38.98
  2002          42     0.00162  0.00162  0.50   97450     158   97371  3706844  38.04
  2002          43     0.00175  0.00175  0.50   97292     170   97207  3609474  37.10
  2002          44     0.00187  0.00186  0.50   97122     181   97031  3512267  36.16
  2002          45     0.00199  0.00199  0.50   96940     193   96844  3415236  35.23
  2002          46     0.00214  0.00213  0.50   96748     206   96645  3318392  34.30
  2002          47     0.00228  0.00228  0.50   96541     220   96432  3221747  33.37
  2002          48     0.00246  0.00246  0.50   96322     237   96203  3125316  32.45
  2002          49     0.00274  0.00274  0.50   96085     263   95953  3029112  31.53
  2002          50     0.00313  0.00313  0.50   95821     300   95672  2933159  30.61
  2002          51     0.00361  0.00361  0.50   95522     344   95350  2837488  29.71
  2002          52     0.00417  0.00416  0.50   95177     396   94979  2742138  28.81
  2002          53     0.00475  0.00474  0.50   94781     450   94557  2647159  27.93
  2002          54     0.00525  0.00523  0.50   94332     494   94085  2552602  27.06
  2002          55     0.00565  0.00564  0.50   93838     529   93574  2458517  26.20
  2002          56     0.00604  0.00602  0.50   93309     562   93028  2364943  25.35
  2002          57     0.00647  0.00645  0.50   92747     598   92448  2271915  24.50
  2002          58     0.00703  0.00701  0.50   92149     646   91826  2179467  23.65
  2002          59     0.00773  0.00770  0.50   91504     705   91151  2087641  22.81
  2002          60     0.00848  0.00844  0.50   90799     766   90416  1996489  21.99
  2002          61     0.00919  0.00914  0.50   90033     823   89621  1906073  21.17
  2002          62     0.00994  0.00989  0.50   89209     882   88768  1816452  20.36
  2002          63     0.01082  0.01077  0.50   88327     951   87852  1727684  19.56
  2002          64     0.01177  0.01170  0.50   87376    1023   86865  1639833  18.77
  2002          65     0.01275  0.01267  0.50   86353    1094   85806  1552968  17.98
  2002          66     0.01396  0.01386  0.50   85259    1182   84668  1467162  17.21
  2002          67     0.01550  0.01538  0.50   84077    1293   83431  1382494  16.44
  2002          68     0.01741  0.01726  0.50   82785    1429   82070  1299063  15.69
  2002          69     0.01956  0.01937  0.50   81356    1576   80568  1216993  14.96
  2002          70     0.02183  0.02160  0.50   79780    1723   78918  1136425  14.24
  2002          71     0.02441  0.02411  0.50   78057    1882   77116  1057507  13.55
  2002          72     0.02721  0.02685  0.50   76175    2045   75152   980391  12.87
  2002          73     0.03011  0.02967  0.50   74130    2199   73030   905239  12.21
  2002          74     0.03304  0.03251  0.50   71930    2338   70761   832209  11.57
  2002          75     0.03606  0.03543  0.50   69592    2465   68360   761447  10.94
  2002          76     0.03961  0.03884  0.50   67127    2607   65823   693088  10.33
  2002          77     0.04391  0.04297  0.50   64520    2772   63133   627265   9.72
  2002          78     0.04907  0.04790  0.50   61747    2958   60269   564131   9.14
  2002          79     0.05514  0.05367  0.50   58790    3155   57212   503863   8.57
  2002          80     0.06213  0.06026  0.50   55635    3352   53959   446650   8.03
  2002          81     0.06998  0.06761  0.50   52282    3535   50515   392692   7.51
  2002          82     0.07866  0.07568  0.50   48747    3689   46903   342177   7.02
  2002          83     0.08827  0.08454  0.50   45058    3809   43154   295274   6.55
  2002          84     0.09889  0.09423  0.50   41249    3887   39306   252121   6.11
  2002          85     0.11062  0.10482  0.50   37362    3916   35404   212815   5.70
  2002          86     0.12354  0.11635  0.50   33446    3891   31500   177411   5.30
  2002          87     0.13773  0.12886  0.50   29555    3808   27650   145911   4.94
  2002          88     0.15328  0.14237  0.50   25746    3665   23913   118260   4.59
  2002          89     0.17023  0.15688  0.50   22081    3464   20349    94347   4.27
  2002          90     0.18865  0.17239  0.50   18617    3209   17012    73998   3.97
  2002          91     0.20855  0.18886  0.50   15407    2910   13953    56986   3.70
  2002          92     0.22995  0.20624  0.50   12498    2578   11209    43034   3.44
  2002          93     0.25285  0.22447  0.50    9920    2227    8807    31825   3.21
  2002          94     0.27721  0.24346  0.50    7693    1873    6757    23018   2.99
  2002          95     0.30295  0.26310  0.50    5820    1531    5055    16261   2.79
  2002          96     0.33000  0.28326  0.50    4289    1215    3682    11207   2.61
  2002          97     0.35821  0.30380  0.50    3074     934    2607     7525   2.45
  2002          98     0.38744  0.32456  0.50    2140     695    1793     4918   2.30
  2002          99     0.41750  0.34540  0.50    1446     499    1196     3125   2.16
  2002         100     0.44819  0.36614  0.50     946     346     773     1929   2.04
  2002         101     0.47927  0.38662  0.50     600     232     484     1156   1.93
  2002         102     0.51051  0.40670  0.50     368     150     293      672   1.83
  2002         103     0.54165  0.42622  0.50     218      93     172      379   1.74
  2002         104     0.57244  0.44506  0.50     125      56      97      207   1.66
  2002         105     0.60262  0.46308  0.50      70      32      53      110   1.58
  2002         106     0.63197  0.48023  0.50      37      18      28       57   1.52
  2002         107     0.66035  0.49644  0.50      19      10      15       28   1.46
  2002         108     0.68779  0.51179  0.50      10       5       7       14   1.41
  2002         109     0.71444  0.52640  0.50       5       3       4        6   1.36
  2002         110+    0.75666  1.00000  1.32       2       2       3        3   1.32
  2003           0     0.00295  0.00294  0.21  100000     294   99767  7902608  79.03
  2003           1     0.00018  0.00018  0.50   99706      18   99697  7802841  78.26
  2003           2     0.00017  0.00017  0.50   99688      17   99679  7703144  77.27
  2003           3     0.00015  0.00015  0.50   99671      15   99663  7603464  76.29
  2003           4     0.00014  0.00014  0.50   99656      14   99649  7503801  75.30
  2003           5     0.00013  0.00013  0.50   99642      13   99636  7404152  74.31
  2003           6     0.00011  0.00011  0.50   99629      11   99624  7304517  73.32
  2003           7     0.00009  0.00009  0.50   99618       9   99614  7204893  72.33
  2003           8     0.00007  0.00007  0.50   99609       7   99606  7105279  71.33
  2003           9     0.00006  0.00006  0.50   99602       6   99599  7005674  70.34
  2003          10     0.00006  0.00006  0.50   99596       6   99593  6906075  69.34
  2003          11     0.00008  0.00008  0.50   99590       8   99586  6806482  68.35
  2003          12     0.00010  0.00010  0.50   99582      10   99577  6706896  67.35
  2003          13     0.00012  0.00012  0.50   99572      12   99566  6607318  66.36
  2003          14     0.00014  0.00014  0.50   99560      14   99553  6507752  65.37
  2003          15     0.00016  0.00016  0.50   99546      16   99538  6408199  64.37
  2003          16     0.00019  0.00019  0.50   99531      19   99521  6308661  63.38
  2003          17     0.00025  0.00025  0.50   99512      25   99499  6209139  62.40
  2003          18     0.00036  0.00036  0.50   99487      36   99469  6109640  61.41
  2003          19     0.00049  0.00049  0.50   99451      49   99427  6010171  60.43
  2003          20     0.00062  0.00062  0.50   99402      62   99371  5910744  59.46
  2003          21     0.00072  0.00072  0.50   99341      71   99305  5811373  58.50
  2003          22     0.00077  0.00077  0.50   99269      77   99231  5712068  57.54
  2003          23     0.00080  0.00080  0.50   99193      79   99153  5612837  56.59
  2003          24     0.00081  0.00081  0.50   99113      81   99073  5513684  55.63
  2003          25     0.00080  0.00080  0.50   99033      79   98993  5414611  54.68
  2003          26     0.00077  0.00076  0.50   98953      76   98915  5315618  53.72
  2003          27     0.00071  0.00071  0.50   98878      70   98842  5216703  52.76
  2003          28     0.00066  0.00066  0.50   98807      66   98774  5117860  51.80
  2003          29     0.00065  0.00065  0.50   98742      64   98710  5019086  50.83
  2003          30     0.00069  0.00069  0.50   98678      68   98644  4920376  49.86
  2003          31     0.00077  0.00077  0.50   98610      76   98572  4821733  48.90
  2003          32     0.00085  0.00085  0.50   98534      84   98492  4723161  47.93
  2003          33     0.00092  0.00092  0.50   98450      90   98405  4624669  46.97
  2003          34     0.00093  0.00093  0.50   98360      92   98314  4526264  46.02
  2003          35     0.00094  0.00094  0.50   98268      92   98222  4427950  45.06
  2003          36     0.00096  0.00096  0.50   98176      94   98129  4329729  44.10
  2003          37     0.00098  0.00098  0.50   98082      96   98034  4231600  43.14
  2003          38     0.00101  0.00101  0.50   97986      99   97937  4133566  42.19
  2003          39     0.00109  0.00108  0.50   97887     106   97834  4035630  41.23
  2003          40     0.00121  0.00120  0.50   97781     118   97722  3937796  40.27
  2003          41     0.00136  0.00136  0.50   97663     133   97597  3840074  39.32
  2003          42     0.00151  0.00151  0.50   97530     147   97457  3742477  38.37
  2003          43     0.00166  0.00166  0.50   97383     162   97302  3645021  37.43
  2003          44     0.00183  0.00183  0.50   97221     178   97132  3547718  36.49
  2003          45     0.00205  0.00205  0.50   97043     199   96944  3450586  35.56
  2003          46     0.00234  0.00233  0.50   96844     226   96731  3353642  34.63
  2003          47     0.00262  0.00262  0.50   96618     253   96492  3256911  33.71
  2003          48     0.00291  0.00291  0.50   96365     280   96225  3160419  32.80
  2003          49     0.00322  0.00321  0.50   96085     309   95931  3064194  31.89
  2003          50     0.00353  0.00352  0.50   95776     337   95608  2968263  30.99
  2003          51     0.00381  0.00381  0.50   95439     363   95258  2872655  30.10
  2003          52     0.00409  0.00408  0.50   95076     388   94882  2777398  29.21
  2003          53     0.00438  0.00437  0.50   94688     413   94481  2682516  28.33
  2003          54     0.00469  0.00468  0.50   94275     441   94054  2588034  27.45
  2003          55     0.00508  0.00507  0.50   93833     476   93595  2493980  26.58
  2003          56     0.00559  0.00558  0.50   93357     521   93097  2400385  25.71
  2003          57     0.00621  0.00619  0.50   92837     574   92550  2307288  24.85
  2003          58     0.00688  0.00685  0.50   92263     632   91946  2214738  24.00
  2003          59     0.00749  0.00746  0.50   91630     683   91289  2122792  23.17
  2003          60     0.00804  0.00801  0.50   90947     728   90583  2031503  22.34
  2003          61     0.00859  0.00856  0.50   90219     772   89833  1940920  21.51
  2003          62     0.00926  0.00921  0.50   89447     824   89035  1851088  20.69
  2003          63     0.01011  0.01006  0.50   88623     892   88177  1762053  19.88
  2003          64     0.01113  0.01107  0.50   87731     971   87245  1673876  19.08
  2003          65     0.01223  0.01216  0.50   86760    1055   86232  1586631  18.29
  2003          66     0.01344  0.01335  0.50   85705    1144   85133  1500399  17.51
  2003          67     0.01491  0.01480  0.50   84561    1251   83935  1415266  16.74
  2003          68     0.01679  0.01665  0.50   83310    1387   82616  1331330  15.98
  2003          69     0.01901  0.01884  0.50   81923    1543   81151  1248714  15.24
  2003          70     0.02146  0.02123  0.50   80380    1706   79527  1167563  14.53
  2003          71     0.02399  0.02370  0.50   78673    1865   77741  1088036  13.83
  2003          72     0.02654  0.02619  0.50   76809    2012   75803  1010295  13.15
  2003          73     0.02912  0.02870  0.50   74797    2147   73723   934492  12.49
  2003          74     0.03184  0.03134  0.50   72650    2277   71512   860769  11.85
  2003          75     0.03485  0.03426  0.50   70373    2411   69168   789257  11.22
  2003          76     0.03837  0.03765  0.50   67963    2559   66683   720089  10.60
  2003          77     0.04248  0.04159  0.50   65404    2720   64044   653406   9.99
  2003          78     0.04721  0.04612  0.50   62683    2891   61238   589362   9.40
  2003          79     0.05257  0.05123  0.50   59792    3063   58261   528124   8.83
  2003          80     0.05860  0.05693  0.50   56729    3230   55115   469863   8.28
  2003          81     0.06552  0.06344  0.50   53500    3394   51803   414749   7.75
  2003          82     0.07355  0.07094  0.50   50106    3554   48329   362946   7.24
  2003          83     0.08268  0.07940  0.50   46551    3696   44703   314617   6.76
  2003          84     0.09295  0.08882  0.50   42855    3806   40952   269914   6.30
  2003          85     0.10439  0.09921  0.50   39049    3874   37112   228962   5.86
  2003          86     0.11706  0.11059  0.50   35175    3890   33230   191850   5.45
  2003          87     0.13103  0.12297  0.50   31285    3847   29362   158620   5.07
  2003          88     0.14638  0.13640  0.50   27438    3742   25567   129258   4.71
  2003          89     0.16318  0.15087  0.50   23695    3575   21908   103692   4.38
  2003          90     0.18149  0.16639  0.50   20121    3348   18447    81784   4.06
  2003          91     0.20135  0.18293  0.50   16773    3068   15239    63337   3.78
  2003          92     0.22279  0.20046  0.50   13704    2747   12331    48099   3.51
  2003          93     0.24580  0.21890  0.50   10957    2399    9758    35768   3.26
  2003          94     0.27036  0.23817  0.50    8559    2038    7540    26010   3.04
  2003          95     0.29641  0.25815  0.50    6520    1683    5679    18470   2.83
  2003          96     0.32385  0.27872  0.50    4837    1348    4163    12791   2.64
  2003          97     0.35255  0.29972  0.50    3489    1046    2966     8628   2.47
  2003          98     0.38235  0.32098  0.50    2443     784    2051     5662   2.32
  2003          99     0.41306  0.34235  0.50    1659     568    1375     3611   2.18
  2003         100     0.44446  0.36365  0.50    1091     397     893     2236   2.05
  2003         101     0.47630  0.38469  0.50     694     267     561     1343   1.93
  2003         102     0.50831  0.40530  0.50     427     173     341      783   1.83
  2003         103     0.54022  0.42533  0.50     254     108     200      442   1.74
  2003         104     0.57175  0.44464  0.50     146      65     114      242   1.66
  2003         105     0.60263  0.46310  0.50      81      38      62      128   1.58
  2003         106     0.63268  0.48064  0.50      44      21      33       66   1.52
  2003         107     0.66176  0.49723  0.50      23      11      17       33   1.46
  2003         108     0.68994  0.51298  0.50      11       6       8       16   1.40
  2003         109     0.71739  0.52800  0.50       6       3       4        8   1.36
  2003         110+    0.75997  1.00000  1.32       3       3       3        3   1.32
  2004           0     0.00199  0.00199  0.22  100000     199   99845  7898982  78.99
  2004           1     0.00045  0.00045  0.50   99801      45   99778  7799137  78.15
  2004           2     0.00039  0.00039  0.50   99756      39   99736  7699359  77.18
  2004           3     0.00032  0.00032  0.50   99717      32   99701  7599622  76.21
  2004           4     0.00027  0.00027  0.50   99685      26   99672  7499921  75.24
  2004           5     0.00021  0.00021  0.50   99659      21   99648  7400249  74.26
  2004           6     0.00017  0.00017  0.50   99637      17   99629  7300601  73.27
  2004           7     0.00013  0.00013  0.50   99621      13   99614  7200972  72.28
  2004           8     0.00011  0.00011  0.50   99608      11   99602  7101358  71.29
  2004           9     0.00010  0.00010  0.50   99597      10   99592  7001756  70.30
  2004          10     0.00010  0.00010  0.50   99587      10   99582  6902164  69.31
  2004          11     0.00012  0.00012  0.50   99577      12   99570  6802583  68.32
  2004          12     0.00015  0.00015  0.50   99564      15   99557  6703012  67.32
  2004          13     0.00019  0.00019  0.50   99549      19   99540  6603456  66.33
  2004          14     0.00023  0.00023  0.50   99530      23   99519  6503916  65.35
  2004          15     0.00027  0.00027  0.50   99507      27   99494  6404398  64.36
  2004          16     0.00031  0.00031  0.50   99480      31   99465  6304904  63.38
  2004          17     0.00035  0.00035  0.50   99449      34   99432  6205439  62.40
  2004          18     0.00038  0.00038  0.50   99415      38   99396  6106008  61.42
  2004          19     0.00043  0.00043  0.50   99377      42   99355  6006612  60.44
  2004          20     0.00048  0.00048  0.50   99334      47   99311  5907257  59.47
  2004          21     0.00053  0.00053  0.50   99287      53   99261  5807946  58.50
  2004          22     0.00059  0.00059  0.50   99234      59   99205  5708685  57.53
  2004          23     0.00064  0.00064  0.50   99176      64   99144  5609480  56.56
  2004          24     0.00067  0.00067  0.50   99112      66   99079  5510336  55.60
  2004          25     0.00067  0.00067  0.50   99046      66   99013  5411257  54.63
  2004          26     0.00065  0.00065  0.50   98980      64   98948  5312244  53.67
  2004          27     0.00064  0.00064  0.50   98916      64   98884  5213297  52.70
  2004          28     0.00065  0.00065  0.50   98852      64   98820  5114413  51.74
  2004          29     0.00066  0.00066  0.50   98788      66   98755  5015593  50.77
  2004          30     0.00069  0.00069  0.50   98722      68   98688  4916838  49.80
  2004          31     0.00072  0.00072  0.50   98654      71   98619  4818149  48.84
  2004          32     0.00075  0.00075  0.50   98584      73   98547  4719530  47.87
  2004          33     0.00077  0.00077  0.50   98510      76   98472  4620984  46.91
  2004          34     0.00078  0.00078  0.50   98434      77   98396  4522511  45.94
  2004          35     0.00079  0.00079  0.50   98358      77   98319  4424115  44.98
  2004          36     0.00080  0.00080  0.50   98280      78   98241  4325796  44.01
  2004          37     0.00081  0.00081  0.50   98202      80   98162  4227555  43.05
  2004          38     0.00084  0.00084  0.50   98122      83   98081  4129393  42.08
  2004          39     0.00090  0.00090  0.50   98039      88   97996  4031312  41.12
  2004          40     0.00098  0.00098  0.50   97952      96   97904  3933317  40.16
  2004          41     0.00110  0.00110  0.50   97856     107   97802  3835413  39.19
  2004          42     0.00127  0.00127  0.50   97749     124   97686  3737611  38.24
  2004          43     0.00151  0.00151  0.50   97624     147   97551  3639924  37.29
  2004          44     0.00180  0.00180  0.50   97477     175   97389  3542374  36.34
  2004          45     0.00210  0.00210  0.50   97302     204   97200  3444984  35.41
  2004          46     0.00239  0.00238  0.50   97097     232   96982  3347785  34.48
  2004          47     0.00265  0.00264  0.50   96866     256   96738  3250803  33.56
  2004          48     0.00290  0.00290  0.50   96610     280   96470  3154065  32.65
  2004          49     0.00317  0.00316  0.50   96330     305   96178  3057595  31.74
  2004          50     0.00348  0.00347  0.50   96025     334   95859  2961418  30.84
  2004          51     0.00384  0.00384  0.50   95692     367   95508  2865559  29.95
  2004          52     0.00426  0.00425  0.50   95325     405   95122  2770051  29.06
  2004          53     0.00470  0.00469  0.50   94920     446   94697  2674929  28.18
  2004          54     0.00517  0.00516  0.50   94474     488   94230  2580232  27.31
  2004          55     0.00566  0.00564  0.50   93987     531   93721  2486002  26.45
  2004          56     0.00616  0.00614  0.50   93456     574   93169  2392280  25.60
  2004          57     0.00667  0.00665  0.50   92882     618   92573  2299111  24.75
  2004          58     0.00719  0.00716  0.50   92264     661   91934  2206538  23.92
  2004          59     0.00768  0.00765  0.50   91604     701   91253  2114604  23.08
  2004          60     0.00819  0.00816  0.50   90903     741   90532  2023351  22.26
  2004          61     0.00876  0.00872  0.50   90161     786   89768  1932819  21.44
  2004          62     0.00945  0.00940  0.50   89375     841   88955  1843051  20.62
  2004          63     0.01030  0.01024  0.50   88534     907   88081  1754097  19.81
  2004          64     0.01131  0.01124  0.50   87627     985   87135  1666016  19.01
  2004          65     0.01248  0.01240  0.50   86642    1074   86105  1578881  18.22
  2004          66     0.01379  0.01369  0.50   85568    1172   84982  1492776  17.45
  2004          67     0.01528  0.01516  0.50   84397    1280   83757  1407794  16.68
  2004          68     0.01700  0.01685  0.50   83117    1401   82417  1324037  15.93
  2004          69     0.01895  0.01877  0.50   81716    1534   80949  1241620  15.19
  2004          70     0.02112  0.02090  0.50   80183    1676   79345  1160671  14.48
  2004          71     0.02348  0.02321  0.50   78507    1822   77596  1081326  13.77
  2004          72     0.02607  0.02573  0.50   76685    1973   75698  1003730  13.09
  2004          73     0.02894  0.02852  0.50   74711    2131   73646   928032  12.42
  2004          74     0.03215  0.03164  0.50   72581    2296   71432   854386  11.77
  2004          75     0.03577  0.03514  0.50   70284    2470   69049   782954  11.14
  2004          76     0.03988  0.03910  0.50   67814    2652   66488   713905  10.53
  2004          77     0.04444  0.04347  0.50   65163    2833   63746   647416   9.94
  2004          78     0.04943  0.04824  0.50   62330    3007   60826   583670   9.36
  2004          79     0.05506  0.05359  0.50   59323    3179   57734   522844   8.81
  2004          80     0.06152  0.05968  0.50   56144    3351   54469   465110   8.28
  2004          81     0.06879  0.06650  0.50   52793    3511   51038   410641   7.78
  2004          82     0.07683  0.07399  0.50   49283    3646   47460   359603   7.30
  2004          83     0.08564  0.08212  0.50   45636    3748   43762   312144   6.84
  2004          84     0.09527  0.09093  0.50   41889    3809   39984   268381   6.41
  2004          85     0.10576  0.10045  0.50   38079    3825   36167   228397   6.00
  2004          86     0.11719  0.11071  0.50   34254    3792   32358   192230   5.61
  2004          87     0.12964  0.12175  0.50   30462    3709   28608   159872   5.25
  2004          88     0.14317  0.13361  0.50   26754    3574   24966   131264   4.91
  2004          89     0.15784  0.14630  0.50   23179    3391   21484   106298   4.59
  2004          90     0.17371  0.15983  0.50   19788    3163   18207    84814   4.29
  2004          91     0.19080  0.17419  0.50   16625    2896   15177    66607   4.01
  2004          92     0.20916  0.18936  0.50   13730    2600   12430    51430   3.75
  2004          93     0.22878  0.20529  0.50   11130    2285    9987    39000   3.50
  2004          94     0.24965  0.22195  0.50    8845    1963    7863    29013   3.28
  2004          95     0.27176  0.23925  0.50    6882    1646    6059    21149   3.07
  2004          96     0.29504  0.25711  0.50    5235    1346    4562    15091   2.88
  2004          97     0.31944  0.27545  0.50    3889    1071    3354    10529   2.71
  2004          98     0.34485  0.29413  0.50    2818     829    2404     7175   2.55
  2004          99     0.37116  0.31306  0.50    1989     623    1678     4772   2.40
  2004         100     0.39823  0.33210  0.50    1366     454    1140     3094   2.26
  2004         101     0.42590  0.35113  0.50     913     320     752     1954   2.14
  2004         102     0.45400  0.37001  0.50     592     219     483     1202   2.03
  2004         103     0.48235  0.38862  0.50     373     145     301      719   1.93
  2004         104     0.51077  0.40686  0.50     228      93     182      419   1.84
  2004         105     0.53910  0.42464  0.50     135      57     107      237   1.75
  2004         106     0.56723  0.44190  0.50      78      34      61      130   1.68
  2004         107     0.59507  0.45862  0.50      43      20      33       70   1.61
  2004         108     0.62264  0.47482  0.50      24      11      18       36   1.54
  2004         109     0.64999  0.49056  0.50      12       6       9       18   1.49
  2004         110+    0.69610  1.00000  1.44       6       6       9        9   1.44
  2005           0     0.00353  0.00352  0.20  100000     352   99719  7883301  78.83
  2005           1     0.00044  0.00044  0.50   99648      44   99626  7783582  78.11
  2005           2     0.00038  0.00038  0.50   99604      38   99585  7683956  77.15
  2005           3     0.00030  0.00030  0.50   99566      30   99551  7584371  76.17
  2005           4     0.00022  0.00022  0.50   99536      22   99525  7484821  75.20
  2005           5     0.00017  0.00017  0.50   99514      17   99505  7385296  74.21
  2005           6     0.00014  0.00014  0.50   99497      14   99489  7285791  73.23
  2005           7     0.00012  0.00012  0.50   99482      12   99476  7186301  72.24
  2005           8     0.00013  0.00013  0.50   99470      13   99463  7086825  71.25
  2005           9     0.00015  0.00015  0.50   99457      15   99449  6987362  70.26
  2005          10     0.00016  0.00016  0.50   99442      16   99433  6887912  69.27
  2005          11     0.00016  0.00016  0.50   99425      16   99417  6788479  68.28
  2005          12     0.00015  0.00015  0.50   99409      15   99402  6689062  67.29
  2005          13     0.00015  0.00015  0.50   99395      14   99387  6589660  66.30
  2005          14     0.00016  0.00016  0.50   99380      16   99372  6490273  65.31
  2005          15     0.00021  0.00021  0.50   99364      21   99354  6390900  64.32
  2005          16     0.00030  0.00030  0.50   99344      29   99329  6291547  63.33
  2005          17     0.00043  0.00043  0.50   99314      43   99293  6192218  62.35
  2005          18     0.00057  0.00057  0.50   99272      57   99243  6092925  61.38
  2005          19     0.00068  0.00068  0.50   99215      67   99181  5993682  60.41
  2005          20     0.00074  0.00074  0.50   99148      73   99111  5894500  59.45
  2005          21     0.00077  0.00077  0.50   99075      76   99037  5795389  58.50
  2005          22     0.00077  0.00077  0.50   98999      76   98961  5696352  57.54
  2005          23     0.00073  0.00073  0.50   98923      72   98886  5597391  56.58
  2005          24     0.00065  0.00065  0.50   98850      64   98818  5498505  55.62
  2005          25     0.00062  0.00062  0.50   98786      62   98755  5399687  54.66
  2005          26     0.00066  0.00066  0.50   98725      65   98692  5300931  53.69
  2005          27     0.00073  0.00072  0.50   98660      72   98624  5202239  52.73
  2005          28     0.00079  0.00079  0.50   98588      78   98549  5103615  51.77
  2005          29     0.00081  0.00081  0.50   98510      80   98470  5005066  50.81
  2005          30     0.00077  0.00077  0.50   98430      76   98392  4906595  49.85
  2005          31     0.00074  0.00074  0.50   98354      73   98318  4808203  48.89
  2005          32     0.00078  0.00078  0.50   98281      77   98243  4709885  47.92
  2005          33     0.00086  0.00085  0.50   98205      84   98163  4611642  46.96
  2005          34     0.00091  0.00091  0.50   98121      89   98076  4513479  46.00
  2005          35     0.00092  0.00092  0.50   98031      90   97986  4415403  45.04
  2005          36     0.00089  0.00089  0.50   97941      87   97897  4317417  44.08
  2005          37     0.00092  0.00092  0.50   97854      90   97809  4219520  43.12
  2005          38     0.00104  0.00104  0.50   97763     101   97713  4121711  42.16
  2005          39     0.00122  0.00122  0.50   97662     119   97603  4023998  41.20
  2005          40     0.00139  0.00139  0.50   97543     136   97476  3926395  40.25
  2005          41     0.00150  0.00150  0.50   97408     146   97335  3828920  39.31
  2005          42     0.00158  0.00157  0.50   97262     153   97185  3731585  38.37
  2005          43     0.00166  0.00165  0.50   97109     161   97029  3634399  37.43
  2005          44     0.00176  0.00175  0.50   96948     170   96863  3537371  36.49
  2005          45     0.00188  0.00188  0.50   96778     182   96687  3440507  35.55
  2005          46     0.00204  0.00204  0.50   96596     197   96498  3343820  34.62
  2005          47     0.00224  0.00224  0.50   96399     216   96291  3247323  33.69
  2005          48     0.00247  0.00247  0.50   96183     237   96064  3151032  32.76
  2005          49     0.00273  0.00273  0.50   95946     261   95815  3054967  31.84
  2005          50     0.00298  0.00298  0.50   95684     285   95542  2959152  30.93
  2005          51     0.00321  0.00320  0.50   95399     306   95246  2863611  30.02
  2005          52     0.00342  0.00341  0.50   95093     325   94931  2768364  29.11
  2005          53     0.00368  0.00368  0.50   94769     348   94595  2673433  28.21
  2005          54     0.00418  0.00417  0.50   94421     394   94224  2578838  27.31
  2005          55     0.00485  0.00484  0.50   94027     455   93799  2484615  26.42
  2005          56     0.00558  0.00556  0.50   93572     520   93312  2390815  25.55
  2005          57     0.00631  0.00629  0.50   93051     585   92759  2297503  24.69
  2005          58     0.00700  0.00697  0.50   92466     645   92144  2204744  23.84
  2005          59     0.00762  0.00759  0.50   91822     697   91473  2112600  23.01
  2005          60     0.00824  0.00821  0.50   91124     748   90750  2021127  22.18
  2005          61     0.00894  0.00890  0.50   90376     804   89974  1930377  21.36
  2005          62     0.00976  0.00971  0.50   89572     870   89137  1840403  20.55
  2005          63     0.01073  0.01067  0.50   88703     947   88229  1751266  19.74
  2005          64     0.01176  0.01169  0.50   87756    1026   87243  1663037  18.95
  2005          65     0.01277  0.01268  0.50   86730    1100   86180  1575794  18.17
  2005          66     0.01390  0.01380  0.50   85630    1182   85039  1489614  17.40
  2005          67     0.01522  0.01510  0.50   84448    1276   83810  1404574  16.63
  2005          68     0.01675  0.01661  0.50   83172    1382   82482  1320764  15.88
  2005          69     0.01857  0.01840  0.50   81791    1505   81038  1238283  15.14
  2005          70     0.02072  0.02051  0.50   80286    1646   79463  1157244  14.41
  2005          71     0.02314  0.02288  0.50   78640    1799   77740  1077782  13.71
  2005          72     0.02587  0.02554  0.50   76840    1962   75859  1000042  13.01
  2005          73     0.02890  0.02848  0.50   74878    2133   73812   924183  12.34
  2005          74     0.03203  0.03152  0.50   72745    2293   71599   850371  11.69
  2005          75     0.03512  0.03451  0.50   70452    2432   69236   778772  11.05
  2005          76     0.03847  0.03775  0.50   68021    2568   66737   709536  10.43
  2005          77     0.04254  0.04166  0.50   65453    2727   64090   642799   9.82
  2005          78     0.04769  0.04658  0.50   62726    2922   61266   578709   9.23
  2005          79     0.05379  0.05238  0.50   59805    3132   58239   517444   8.65
  2005          80     0.06066  0.05887  0.50   56673    3336   55004   459205   8.10
  2005          81     0.06832  0.06606  0.50   53336    3523   51574   404201   7.58
  2005          82     0.07685  0.07400  0.50   49813    3686   47970   352626   7.08
  2005          83     0.08636  0.08278  0.50   46126    3818   44217   304657   6.60
  2005          84     0.09694  0.09246  0.50   42308    3912   40352   260439   6.16
  2005          85     0.10867  0.10307  0.50   38396    3958   36417   220087   5.73
  2005          86     0.12164  0.11467  0.50   34439    3949   32464   183670   5.33
  2005          87     0.13593  0.12728  0.50   30490    3881   28549   151206   4.96
  2005          88     0.15160  0.14092  0.50   26609    3750   24734   122657   4.61
  2005          89     0.16872  0.15559  0.50   22859    3557   21081    97923   4.28
  2005          90     0.18735  0.17130  0.50   19303    3307   17649    76842   3.98
  2005          91     0.20751  0.18801  0.50   15996    3007   14492    59192   3.70
  2005          92     0.22924  0.20566  0.50   12989    2671   11653    44700   3.44
  2005          93     0.25251  0.22420  0.50   10317    2313    9161    33047   3.20
  2005          94     0.27729  0.24353  0.50    8004    1949    7030    23886   2.98
  2005          95     0.30351  0.26352  0.50    6055    1596    5257    16857   2.78
  2005          96     0.33108  0.28405  0.50    4459    1267    3826    11599   2.60
  2005          97     0.35985  0.30498  0.50    3193     974    2706     7773   2.43
  2005          98     0.38966  0.32612  0.50    2219     724    1857     5068   2.28
  2005          99     0.42032  0.34732  0.50    1495     519    1236     3210   2.15
  2005         100     0.45161  0.36842  0.50     976     360     796     1975   2.02
  2005         101     0.48328  0.38923  0.50     616     240     496     1179   1.91
  2005         102     0.51509  0.40960  0.50     376     154     299      682   1.81
  2005         103     0.54676  0.42937  0.50     222      95     175      383   1.72
  2005         104     0.57802  0.44842  0.50     127      57      98      208   1.64
  2005         105     0.60861  0.46662  0.50      70      33      54      110   1.57
  2005         106     0.63831  0.48388  0.50      37      18      28       56   1.51
  2005         107     0.66694  0.50015  0.50      19      10      14       28   1.45
  2005         108     0.69456  0.51553  0.50      10       5       7       13   1.40
  2005         109     0.72130  0.53012  0.50       5       2       3        6   1.35
  2005         110+    0.76328  1.00000  1.31       2       2       3        3   1.31
  2006           0     0.00324  0.00323  0.20  100000     323   99743  7900657  79.01
  2006           1     0.00047  0.00047  0.50   99677      47   99654  7800914  78.26
  2006           2     0.00025  0.00025  0.50   99630      25   99618  7701260  77.30
  2006           3     0.00018  0.00018  0.50   99605      18   99596  7601642  76.32
  2006           4     0.00020  0.00020  0.50   99588      20   99577  7502046  75.33
  2006           5     0.00024  0.00024  0.50   99567      24   99555  7402468  74.35
  2006           6     0.00023  0.00023  0.50   99543      23   99532  7302913  73.36
  2006           7     0.00016  0.00016  0.50   99520      16   99512  7203382  72.38
  2006           8     0.00012  0.00012  0.50   99504      12   99498  7103870  71.39
  2006           9     0.00016  0.00016  0.50   99492      16   99484  7004371  70.40
  2006          10     0.00029  0.00029  0.50   99476      29   99462  6904887  69.41
  2006          11     0.00037  0.00037  0.50   99447      36   99429  6805425  68.43
  2006          12     0.00027  0.00027  0.50   99411      26   99398  6705996  67.46
  2006          13     0.00017  0.00017  0.50   99384      17   99376  6606598  66.48
  2006          14     0.00015  0.00015  0.50   99368      15   99360  6507222  65.49
  2006          15     0.00025  0.00025  0.50   99352      25   99340  6407862  64.50
  2006          16     0.00041  0.00041  0.50   99328      41   99307  6308522  63.51
  2006          17     0.00060  0.00060  0.50   99287      60   99257  6209215  62.54
  2006          18     0.00082  0.00082  0.50   99227      82   99186  6109958  61.58
  2006          19     0.00099  0.00099  0.50   99145      98   99096  6010772  60.63
  2006          20     0.00086  0.00086  0.50   99047      85   99005  5911675  59.69
  2006          21     0.00063  0.00063  0.50   98963      63   98931  5812670  58.74
  2006          22     0.00057  0.00057  0.50   98900      57   98872  5713739  57.77
  2006          23     0.00058  0.00058  0.50   98843      57   98815  5614867  56.81
  2006          24     0.00053  0.00053  0.50   98786      52   98760  5516052  55.84
  2006          25     0.00055  0.00055  0.50   98734      54   98707  5417292  54.87
  2006          26     0.00060  0.00060  0.50   98681      59   98651  5318585  53.90
  2006          27     0.00061  0.00061  0.50   98622      60   98592  5219933  52.93
  2006          28     0.00068  0.00068  0.50   98562      67   98528  5121342  51.96
  2006          29     0.00087  0.00087  0.50   98495      85   98452  5022813  51.00
  2006          30     0.00091  0.00091  0.50   98409      90   98364  4924361  50.04
  2006          31     0.00085  0.00085  0.50   98319      83   98278  4825997  49.08
  2006          32     0.00077  0.00077  0.50   98236      76   98198  4727719  48.13
  2006          33     0.00074  0.00074  0.50   98160      73   98124  4629521  47.16
  2006          34     0.00076  0.00076  0.50   98088      75   98050  4531397  46.20
  2006          35     0.00086  0.00086  0.50   98013      84   97971  4433346  45.23
  2006          36     0.00102  0.00102  0.50   97929     100   97879  4335376  44.27
  2006          37     0.00119  0.00119  0.50   97829     117   97771  4237497  43.32
  2006          38     0.00130  0.00130  0.50   97713     127   97649  4139726  42.37
  2006          39     0.00133  0.00133  0.50   97585     130   97520  4042077  41.42
  2006          40     0.00142  0.00142  0.50   97455     138   97386  3944557  40.48
  2006          41     0.00163  0.00162  0.50   97317     158   97238  3847171  39.53
  2006          42     0.00161  0.00160  0.50   97159     156   97081  3749933  38.60
  2006          43     0.00156  0.00156  0.50   97003     152   96927  3652852  37.66
  2006          44     0.00177  0.00177  0.50   96851     171   96766  3555925  36.72
  2006          45     0.00208  0.00208  0.50   96680     201   96579  3459160  35.78
  2006          46     0.00231  0.00231  0.50   96479     223   96368  3362580  34.85
  2006          47     0.00245  0.00245  0.50   96256     236   96138  3266213  33.93
  2006          48     0.00258  0.00257  0.50   96020     247   95897  3170075  33.01
  2006          49     0.00277  0.00277  0.50   95773     265   95640  3074178  32.10
  2006          50     0.00314  0.00314  0.50   95508     300   95358  2978537  31.19
  2006          51     0.00371  0.00370  0.50   95208     352   95032  2883179  30.28
  2006          52     0.00415  0.00414  0.50   94856     393   94659  2788147  29.39
  2006          53     0.00423  0.00423  0.50   94463     399   94263  2693488  28.51
  2006          54     0.00432  0.00431  0.50   94064     406   93861  2599225  27.63
  2006          55     0.00467  0.00466  0.50   93658     436   93440  2505364  26.75
  2006          56     0.00534  0.00533  0.50   93222     496   92973  2411925  25.87
  2006          57     0.00605  0.00603  0.50   92725     560   92445  2318951  25.01
  2006          58     0.00651  0.00649  0.50   92166     598   91867  2226506  24.16
  2006          59     0.00683  0.00681  0.50   91567     623   91256  2134640  23.31
  2006          60     0.00742  0.00739  0.50   90944     672   90608  2043384  22.47
  2006          61     0.00857  0.00854  0.50   90272     771   89887  1952776  21.63
  2006          62     0.00989  0.00984  0.50   89501     880   89061  1862889  20.81
  2006          63     0.01086  0.01080  0.50   88621     957   88142  1773828  20.02
  2006          64     0.01125  0.01119  0.50   87664     981   87174  1685685  19.23
  2006          65     0.01119  0.01113  0.50   86683     965   86201  1598512  18.44
  2006          66     0.01174  0.01167  0.50   85719    1001   85218  1512310  17.64
  2006          67     0.01318  0.01309  0.50   84718    1109   84164  1427092  16.85
  2006          68     0.01538  0.01527  0.50   83609    1276   82971  1342929  16.06
  2006          69     0.01779  0.01763  0.50   82333    1452   81607  1259958  15.30
  2006          70     0.01979  0.01960  0.50   80881    1585   80088  1178351  14.57
  2006          71     0.02136  0.02114  0.50   79296    1676   78458  1098262  13.85
  2006          72     0.02348  0.02320  0.50   77620    1801   76719  1019804  13.14
  2006          73     0.02706  0.02669  0.50   75819    2024   74807   943085  12.44
  2006          74     0.03197  0.03146  0.50   73795    2322   72634   868278  11.77
  2006          75     0.03729  0.03661  0.50   71473    2616   70165   795644  11.13
  2006          76     0.04090  0.04008  0.50   68856    2760   67477   725480  10.54
  2006          77     0.04360  0.04267  0.50   66097    2820   64687   658003   9.96
  2006          78     0.04690  0.04583  0.50   63277    2900   61827   593316   9.38
  2006          79     0.05170  0.05039  0.50   60377    3043   58855   531490   8.80
  2006          80     0.05841  0.05675  0.50   57334    3254   55707   472634   8.24
  2006          81     0.06628  0.06416  0.50   54080    3470   52346   416927   7.71
  2006          82     0.07462  0.07194  0.50   50611    3641   48790   364582   7.20
  2006          83     0.08386  0.08048  0.50   46970    3780   45080   315791   6.72
  2006          84     0.09417  0.08993  0.50   43190    3884   41248   270711   6.27
  2006          85     0.10560  0.10030  0.50   39306    3943   37334   229463   5.84
  2006          86     0.11823  0.11164  0.50   35363    3948   33389   192129   5.43
  2006          87     0.13217  0.12397  0.50   31415    3895   29468   158740   5.05
  2006          88     0.14746  0.13734  0.50   27521    3780   25631   129272   4.70
  2006          89     0.16419  0.15174  0.50   23741    3602   21940   103641   4.37
  2006          90     0.18242  0.16717  0.50   20139    3367   18455    81701   4.06
  2006          91     0.20217  0.18361  0.50   16772    3080   15232    63245   3.77
  2006          92     0.22348  0.20102  0.50   13693    2752   12316    48013   3.51
  2006          93     0.24634  0.21933  0.50   10940    2399    9740    35697   3.26
  2006          94     0.27073  0.23845  0.50    8541    2037    7522    25956   3.04
  2006          95     0.29658  0.25828  0.50    6504    1680    5664    18434   2.83
  2006          96     0.32380  0.27868  0.50    4824    1344    4152    12770   2.65
  2006          97     0.35227  0.29951  0.50    3480    1042    2959     8618   2.48
  2006          98     0.38182  0.32061  0.50    2438     782    2047     5659   2.32
  2006          99     0.41228  0.34182  0.50    1656     566    1373     3612   2.18
  2006         100     0.44343  0.36295  0.50    1090     396     892     2239   2.05
  2006         101     0.47502  0.38385  0.50     694     267     561     1347   1.94
  2006         102     0.50682  0.40435  0.50     428     173     341      786   1.84
  2006         103     0.53856  0.42430  0.50     255     108     201      445   1.74
  2006         104     0.56999  0.44358  0.50     147      65     114      244   1.66
  2006         105     0.60088  0.46206  0.50      82      38      63      130   1.59
  2006         106     0.63097  0.47965  0.50      44      21      33       67   1.52
  2006         107     0.66003  0.49626  0.50      23      11      17       33   1.46
  2006         108     0.68788  0.51184  0.50      12       6       9       16   1.41
  2006         109     0.71447  0.52641  0.50       6       3       4        8   1.36
  2006         110+    0.75760  1.00000  1.32       3       3       4        4   1.32
  2007           0     0.00319  0.00318  0.21  100000     318   99747  7951104  79.51
  2007           1     0.00042  0.00042  0.50   99682      42   99661  7851357  78.76
  2007           2     0.00033  0.00033  0.50   99640      32   99624  7751697  77.80
  2007           3     0.00024  0.00024  0.50   99607      24   99596  7652073  76.82
  2007           4     0.00017  0.00017  0.50   99584      17   99575  7552477  75.84
  2007           5     0.00015  0.00015  0.50   99567      15   99559  7452902  74.85
  2007           6     0.00014  0.00014  0.50   99552      14   99545  7353342  73.86
  2007           7     0.00011  0.00011  0.50   99538      11   99533  7253797  72.87
  2007           8     0.00008  0.00008  0.50   99527       7   99523  7154264  71.88
  2007           9     0.00004  0.00004  0.50   99520       4   99517  7054741  70.89
  2007          10     0.00003  0.00003  0.50   99515       3   99514  6955224  69.89
  2007          11     0.00004  0.00004  0.50   99512       4   99510  6855710  68.89
  2007          12     0.00006  0.00006  0.50   99508       6   99505  6756200  67.90
  2007          13     0.00010  0.00010  0.50   99502      10   99497  6656694  66.90
  2007          14     0.00016  0.00016  0.50   99492      16   99484  6557197  65.91
  2007          15     0.00023  0.00023  0.50   99476      23   99465  6457713  64.92
  2007          16     0.00031  0.00031  0.50   99453      30   99438  6358249  63.93
  2007          17     0.00039  0.00039  0.50   99423      39   99403  6258811  62.95
  2007          18     0.00049  0.00049  0.50   99384      49   99360  6159407  61.98
  2007          19     0.00061  0.00061  0.50   99335      61   99305  6060048  61.01
  2007          20     0.00070  0.00070  0.50   99275      70   99240  5960743  60.04
  2007          21     0.00075  0.00075  0.50   99205      74   99168  5861503  59.08
  2007          22     0.00075  0.00075  0.50   99130      74   99093  5762336  58.13
  2007          23     0.00072  0.00072  0.50   99056      71   99021  5663242  57.17
  2007          24     0.00068  0.00068  0.50   98985      67   98951  5564222  56.21
  2007          25     0.00067  0.00067  0.50   98918      66   98884  5465271  55.25
  2007          26     0.00067  0.00067  0.50   98851      66   98818  5366386  54.29
  2007          27     0.00066  0.00066  0.50   98785      65   98753  5267568  53.32
  2007          28     0.00063  0.00063  0.50   98720      62   98689  5168815  52.36
  2007          29     0.00060  0.00060  0.50   98658      59   98628  5070126  51.39
  2007          30     0.00057  0.00057  0.50   98599      56   98571  4971498  50.42
  2007          31     0.00056  0.00056  0.50   98543      56   98515  4872927  49.45
  2007          32     0.00059  0.00059  0.50   98487      58   98458  4774412  48.48
  2007          33     0.00063  0.00063  0.50   98429      62   98398  4675954  47.51
  2007          34     0.00069  0.00069  0.50   98367      68   98333  4577556  46.54
  2007          35     0.00078  0.00078  0.50   98299      76   98261  4479223  45.57
  2007          36     0.00089  0.00089  0.50   98223      87   98179  4380963  44.60
  2007          37     0.00103  0.00103  0.50   98135     101   98085  4282784  43.64
  2007          38     0.00116  0.00116  0.50   98034     114   97977  4184699  42.69
  2007          39     0.00126  0.00126  0.50   97920     123   97858  4086722  41.74
  2007          40     0.00133  0.00133  0.50   97797     130   97732  3988863  40.79
  2007          41     0.00141  0.00141  0.50   97666     138   97598  3891132  39.84
  2007          42     0.00154  0.00154  0.50   97529     151   97453  3793534  38.90
  2007          43     0.00171  0.00171  0.50   97378     166   97295  3696081  37.96
  2007          44     0.00187  0.00187  0.50   97212     182   97121  3598786  37.02
  2007          45     0.00203  0.00203  0.50   97030     197   96932  3501665  36.09
  2007          46     0.00219  0.00218  0.50   96833     211   96727  3404734  35.16
  2007          47     0.00235  0.00234  0.50   96622     226   96509  3308006  34.24
  2007          48     0.00249  0.00248  0.50   96395     239   96276  3211498  33.32
  2007          49     0.00260  0.00259  0.50   96156     249   96031  3115222  32.40
  2007          50     0.00275  0.00274  0.50   95907     263   95775  3019191  31.48
  2007          51     0.00299  0.00299  0.50   95643     286   95501  2923416  30.57
  2007          52     0.00327  0.00326  0.50   95358     311   95202  2827915  29.66
  2007          53     0.00353  0.00352  0.50   95047     335   94879  2732713  28.75
  2007          54     0.00387  0.00387  0.50   94712     366   94529  2637833  27.85
  2007          55     0.00434  0.00433  0.50   94346     408   94142  2543305  26.96
  2007          56     0.00492  0.00491  0.50   93937     461   93707  2449163  26.07
  2007          57     0.00557  0.00556  0.50   93477     520   93217  2355456  25.20
  2007          58     0.00625  0.00623  0.50   92957     579   92668  2262239  24.34
  2007          59     0.00688  0.00686  0.50   92378     634   92061  2169572  23.49
  2007          60     0.00757  0.00754  0.50   91745     692   91399  2077510  22.64
  2007          61     0.00840  0.00836  0.50   91053     761   90672  1986111  21.81
  2007          62     0.00934  0.00930  0.50   90292     840   89872  1895439  20.99
  2007          63     0.01033  0.01027  0.50   89452     919   88993  1805567  20.18
  2007          64     0.01124  0.01117  0.50   88533     989   88039  1716575  19.39
  2007          65     0.01199  0.01192  0.50   87544    1043   87022  1628536  18.60
  2007          66     0.01268  0.01260  0.50   86501    1090   85955  1541514  17.82
  2007          67     0.01349  0.01340  0.50   85410    1145   84838  1455558  17.04
  2007          68     0.01459  0.01448  0.50   84265    1220   83655  1370720  16.27
  2007          69     0.01606  0.01593  0.50   83045    1323   82384  1287065  15.50
  2007          70     0.01795  0.01779  0.50   81722    1454   80995  1204681  14.74
  2007          71     0.02022  0.02001  0.50   80268    1606   79465  1123686  14.00
  2007          72     0.02290  0.02264  0.50   78662    1781   77771  1044221  13.27
  2007          73     0.02604  0.02571  0.50   76881    1977   75892   966450  12.57
  2007          74     0.02944  0.02901  0.50   74904    2173   73818   890557  11.89
  2007          75     0.03296  0.03243  0.50   72731    2358   71552   816739  11.23
  2007          76     0.03700  0.03633  0.50   70373    2556   69095   745187  10.59
  2007          77     0.04155  0.04071  0.50   67816    2761   66436   676093   9.97
  2007          78     0.04655  0.04549  0.50   65056    2960   63576   609656   9.37
  2007          79     0.05222  0.05089  0.50   62096    3160   60516   546080   8.79
  2007          80     0.05879  0.05711  0.50   58936    3366   57253   485564   8.24
  2007          81     0.06630  0.06417  0.50   55570    3566   53787   428311   7.71
  2007          82     0.07471  0.07202  0.50   52004    3745   50131   374524   7.20
  2007          83     0.08405  0.08066  0.50   48259    3893   46312   324393   6.72
  2007          84     0.09439  0.09013  0.50   44366    3999   42367   278080   6.27
  2007          85     0.10581  0.10049  0.50   40367    4057   38339   235714   5.84
  2007          86     0.11841  0.11179  0.50   36311    4059   34281   197375   5.44
  2007          87     0.13228  0.12407  0.50   32251    4001   30251   163094   5.06
  2007          88     0.14750  0.13737  0.50   28250    3881   26310   132843   4.70
  2007          89     0.16414  0.15169  0.50   24369    3697   22521   106533   4.37
  2007          90     0.18225  0.16703  0.50   20673    3453   18946    84012   4.06
  2007          91     0.20188  0.18337  0.50   17220    3158   15641    65066   3.78
  2007          92     0.22305  0.20067  0.50   14062    2822   12651    49425   3.51
  2007          93     0.24576  0.21887  0.50   11240    2460   10010    36774   3.27
  2007          94     0.26997  0.23786  0.50    8780    2088    7736    26763   3.05
  2007          95     0.29562  0.25755  0.50    6692    1723    5830    19027   2.84
  2007          96     0.32263  0.27781  0.50    4968    1380    4278    13197   2.66
  2007          97     0.35088  0.29851  0.50    3588    1071    3052     8919   2.49
  2007          98     0.38020  0.31947  0.50    2517     804    2115     5867   2.33
  2007          99     0.41043  0.34055  0.50    1713     583    1421     3752   2.19
  2007         100     0.44135  0.36156  0.50    1130     408     925     2331   2.06
  2007         101     0.47273  0.38235  0.50     721     276     583     1405   1.95
  2007         102     0.50431  0.40275  0.50     445     179     356      822   1.85
  2007         103     0.53583  0.42261  0.50     266     112     210      466   1.75
  2007         104     0.56703  0.44178  0.50     154      68     120      256   1.67
  2007         105     0.59764  0.46014  0.50      86      39      66      137   1.60
  2007         106     0.62745  0.47761  0.50      46      22      35       71   1.53
  2007         107     0.65631  0.49415  0.50      24      12      18       36   1.47
  2007         108     0.68428  0.50984  0.50      12       6       9       17   1.42
  2007         109     0.71149  0.52480  0.50       6       3       4        8   1.37
  2007         110+    0.75442  1.00000  1.33       3       3       4        4   1.33
  2008           0     0.00376  0.00375  0.20  100000     375   99699  7950788  79.51
  2008           1     0.00049  0.00049  0.50   99625      48   99601  7851088  78.81
  2008           2     0.00036  0.00036  0.50   99576      36   99558  7751488  77.84
  2008           3     0.00027  0.00027  0.50   99540      27   99527  7651929  76.87
  2008           4     0.00022  0.00022  0.50   99513      22   99503  7552403  75.89
  2008           5     0.00019  0.00019  0.50   99492      19   99482  7452900  74.91
  2008           6     0.00016  0.00016  0.50   99473      16   99465  7353418  73.92
  2008           7     0.00011  0.00011  0.50   99456      11   99451  7253953  72.94
  2008           8     0.00007  0.00007  0.50   99445       7   99442  7154502  71.94
  2008           9     0.00006  0.00006  0.50   99438       6   99435  7055060  70.95
  2008          10     0.00008  0.00008  0.50   99433       8   99429  6955625  69.95
  2008          11     0.00012  0.00012  0.50   99425      12   99419  6856196  68.96
  2008          12     0.00017  0.00017  0.50   99413      17   99405  6756777  67.97
  2008          13     0.00021  0.00021  0.50   99396      21   99386  6657372  66.98
  2008          14     0.00025  0.00025  0.50   99375      25   99363  6557986  65.99
  2008          15     0.00029  0.00029  0.50   99351      29   99337  6458623  65.01
  2008          16     0.00032  0.00032  0.50   99322      32   99306  6359287  64.03
  2008          17     0.00034  0.00034  0.50   99290      34   99273  6259981  63.05
  2008          18     0.00032  0.00032  0.50   99257      32   99241  6160707  62.07
  2008          19     0.00029  0.00029  0.50   99225      28   99210  6061467  61.09
  2008          20     0.00030  0.00030  0.50   99196      30   99181  5962256  60.11
  2008          21     0.00037  0.00037  0.50   99167      37   99148  5863075  59.12
  2008          22     0.00048  0.00048  0.50   99130      48   99106  5763927  58.15
  2008          23     0.00064  0.00064  0.50   99082      64   99050  5664820  57.17
  2008          24     0.00082  0.00082  0.50   99019      81   98978  5565770  56.21
  2008          25     0.00088  0.00087  0.50   98938      87   98894  5466792  55.25
  2008          26     0.00083  0.00083  0.50   98851      82   98810  5367897  54.30
  2008          27     0.00075  0.00075  0.50   98769      74   98732  5269087  53.35
  2008          28     0.00069  0.00069  0.50   98694      68   98660  5170356  52.39
  2008          29     0.00068  0.00068  0.50   98626      67   98593  5071695  51.42
  2008          30     0.00069  0.00069  0.50   98560      68   98526  4973102  50.46
  2008          31     0.00071  0.00071  0.50   98491      70   98456  4874577  49.49
  2008          32     0.00072  0.00072  0.50   98421      71   98386  4776121  48.53
  2008          33     0.00071  0.00071  0.50   98351      70   98316  4677735  47.56
  2008          34     0.00071  0.00070  0.50   98281      69   98247  4579419  46.60
  2008          35     0.00078  0.00078  0.50   98212      77   98174  4481172  45.63
  2008          36     0.00098  0.00098  0.50   98135      96   98087  4382998  44.66
  2008          37     0.00121  0.00121  0.50   98039     118   97980  4284911  43.71
  2008          38     0.00136  0.00136  0.50   97921     133   97855  4186931  42.76
  2008          39     0.00136  0.00136  0.50   97788     133   97722  4089076  41.82
  2008          40     0.00126  0.00126  0.50   97655     123   97594  3991354  40.87
  2008          41     0.00113  0.00113  0.50   97532     110   97477  3893761  39.92
  2008          42     0.00109  0.00109  0.50   97422     106   97369  3796284  38.97
  2008          43     0.00122  0.00122  0.50   97316     118   97257  3698915  38.01
  2008          44     0.00152  0.00152  0.50   97198     148   97124  3601658  37.06
  2008          45     0.00192  0.00192  0.50   97050     186   96957  3504534  36.11
  2008          46     0.00230  0.00230  0.50   96863     223   96752  3407578  35.18
  2008          47     0.00261  0.00261  0.50   96640     252   96515  3310826  34.26
  2008          48     0.00283  0.00282  0.50   96389     272   96253  3214311  33.35
  2008          49     0.00297  0.00297  0.50   96116     285   95974  3118059  32.44
  2008          50     0.00311  0.00310  0.50   95831     297   95683  3022085  31.54
  2008          51     0.00332  0.00331  0.50   95534     316   95376  2926402  30.63
  2008          52     0.00361  0.00360  0.50   95218     343   95046  2831027  29.73
  2008          53     0.00397  0.00396  0.50   94874     376   94687  2735981  28.84
  2008          54     0.00430  0.00429  0.50   94499     405   94296  2641294  27.95
  2008          55     0.00465  0.00464  0.50   94093     437   93875  2546998  27.07
  2008          56     0.00508  0.00507  0.50   93657     475   93419  2453123  26.19
  2008          57     0.00554  0.00553  0.50   93182     515   92925  2359704  25.32
  2008          58     0.00599  0.00598  0.50   92667     554   92390  2266779  24.46
  2008          59     0.00650  0.00648  0.50   92113     597   91815  2174389  23.61
  2008          60     0.00706  0.00703  0.50   91517     643   91195  2082574  22.76
  2008          61     0.00767  0.00764  0.50   90873     694   90526  1991379  21.91
  2008          62     0.00839  0.00835  0.50   90179     753   89803  1900853  21.08
  2008          63     0.00928  0.00923  0.50   89426     826   89013  1811050  20.25
  2008          64     0.01029  0.01023  0.50   88600     907   88147  1722037  19.44
  2008          65     0.01131  0.01124  0.50   87694     986   87201  1633890  18.63
  2008          66     0.01215  0.01208  0.50   86708    1048   86184  1546689  17.84
  2008          67     0.01295  0.01287  0.50   85660    1102   85109  1460505  17.05
  2008          68     0.01392  0.01383  0.50   84558    1169   83973  1375396  16.27
  2008          69     0.01532  0.01521  0.50   83389    1268   82755  1291423  15.49
  2008          70     0.01738  0.01723  0.50   82121    1415   81413  1208668  14.72
  2008          71     0.02011  0.01991  0.50   80706    1606   79903  1127255  13.97
  2008          72     0.02336  0.02309  0.50   79099    1826   78186  1047352  13.24
  2008          73     0.02694  0.02658  0.50   77273    2054   76246   969166  12.54
  2008          74     0.03063  0.03016  0.50   75219    2269   74085   892919  11.87
  2008          75     0.03420  0.03362  0.50   72950    2453   71724   818835  11.22
  2008          76     0.03766  0.03697  0.50   70498    2606   69195   747111  10.60
  2008          77     0.04149  0.04064  0.50   67892    2759   66512   677916   9.99
  2008          78     0.04617  0.04513  0.50   65132    2939   63663   611404   9.39
  2008          79     0.05196  0.05065  0.50   62193    3150   60618   547742   8.81
  2008          80     0.05894  0.05725  0.50   59043    3380   57353   487124   8.25
  2008          81     0.06680  0.06464  0.50   55662    3598   53863   429771   7.72
  2008          82     0.07526  0.07253  0.50   52064    3776   50176   375908   7.22
  2008          83     0.08448  0.08106  0.50   48288    3914   46331   325731   6.75
  2008          84     0.09462  0.09034  0.50   44374    4009   42370   279400   6.30
  2008          85     0.10579  0.10048  0.50   40365    4056   38337   237031   5.87
  2008          86     0.11811  0.11152  0.50   36309    4049   34285   198694   5.47
  2008          87     0.13166  0.12353  0.50   32260    3985   30268   164409   5.10
  2008          88     0.14652  0.13651  0.50   28275    3860   26345   134141   4.74
  2008          89     0.16274  0.15049  0.50   24415    3674   22578   107796   4.42
  2008          90     0.18039  0.16546  0.50   20741    3432   19025    85218   4.11
  2008          91     0.19949  0.18139  0.50   17309    3140   15739    66193   3.82
  2008          92     0.22007  0.19825  0.50   14169    2809   12765    50454   3.56
  2008          93     0.24213  0.21598  0.50   11360    2454   10133    37689   3.32
  2008          94     0.26564  0.23449  0.50    8907    2089    7862    27555   3.09
  2008          95     0.29056  0.25370  0.50    6818    1730    5953    19693   2.89
  2008          96     0.31681  0.27348  0.50    5088    1392    4393    13740   2.70
  2008          97     0.34427  0.29371  0.50    3697    1086    3154     9347   2.53
  2008          98     0.37282  0.31424  0.50    2611     820    2201     6194   2.37
  2008          99     0.40227  0.33491  0.50    1790     600    1491     3993   2.23
  2008         100     0.43246  0.35557  0.50    1191     423     979     2502   2.10
  2008         101     0.46315  0.37606  0.50     767     289     623     1523   1.98
  2008         102     0.49413  0.39623  0.50     479     190     384      900   1.88
  2008         103     0.52514  0.41593  0.50     289     120     229      516   1.78
  2008         104     0.55594  0.43502  0.50     169      73     132      287   1.70
  2008         105     0.58627  0.45337  0.50      95      43      74      155   1.62
  2008         106     0.61590  0.47089  0.50      52      25      40       81   1.55
  2008         107     0.64464  0.48751  0.50      28      13      21       41   1.49
  2008         108     0.67247  0.50326  0.50      14       7      11       20   1.44
  2008         109     0.69950  0.51824  0.50       7       4       5       10   1.39
  2008         110+    0.74351  1.00000  1.34       3       3       5        5   1.34
  2009           0     0.00226  0.00226  0.22  100000     226   99823  8000331  80.00
  2009           1     0.00020  0.00020  0.50   99774      20   99764  7900508  79.18
  2009           2     0.00020  0.00020  0.50   99755      20   99744  7800744  78.20
  2009           3     0.00021  0.00021  0.50   99734      21   99724  7700999  77.22
  2009           4     0.00017  0.00017  0.50   99714      17   99705  7601275  76.23
  2009           5     0.00009  0.00009  0.50   99696       9   99692  7501570  75.24
  2009           6     0.00001  0.00001  0.50   99688       1   99687  7401878  74.25
  2009           7     0.00000  0.00000  0.50   99687       0   99687  7302191  73.25
  2009           8     0.00005  0.00005  0.50   99687       5   99684  7202505  72.25
  2009           9     0.00009  0.00009  0.50   99682       9   99677  7102821  71.25
  2009          10     0.00006  0.00006  0.50   99673       6   99670  7003143  70.26
  2009          11     0.00003  0.00003  0.50   99667       3   99665  6903473  69.27
  2009          12     0.00007  0.00007  0.50   99663       7   99660  6803808  68.27
  2009          13     0.00013  0.00013  0.50   99656      13   99650  6704149  67.27
  2009          14     0.00017  0.00017  0.50   99643      17   99635  6604499  66.28
  2009          15     0.00019  0.00019  0.50   99626      19   99617  6504864  65.29
  2009          16     0.00019  0.00019  0.50   99607      19   99598  6405247  64.30
  2009          17     0.00022  0.00022  0.50   99588      22   99577  6305650  63.32
  2009          18     0.00033  0.00033  0.50   99566      32   99550  6206072  62.33
  2009          19     0.00052  0.00052  0.50   99534      52   99508  6106523  61.35
  2009          20     0.00065  0.00065  0.50   99482      64   99450  6007015  60.38
  2009          21     0.00062  0.00062  0.50   99418      61   99387  5907565  59.42
  2009          22     0.00043  0.00043  0.50   99356      42   99335  5808178  58.46
  2009          23     0.00027  0.00027  0.50   99314      27   99300  5708843  57.48
  2009          24     0.00036  0.00036  0.50   99287      35   99269  5609543  56.50
  2009          25     0.00064  0.00064  0.50   99252      63   99220  5510273  55.52
  2009          26     0.00083  0.00083  0.50   99188      83   99147  5411053  54.55
  2009          27     0.00072  0.00072  0.50   99106      72   99070  5311906  53.60
  2009          28     0.00054  0.00054  0.50   99034      54   99007  5212836  52.64
  2009          29     0.00057  0.00057  0.50   98981      56   98953  5113829  51.66
  2009          30     0.00075  0.00075  0.50   98925      74   98888  5014876  50.69
  2009          31     0.00087  0.00087  0.50   98851      86   98808  4915989  49.73
  2009          32     0.00077  0.00077  0.50   98765      76   98727  4817181  48.77
  2009          33     0.00061  0.00060  0.50   98689      60   98659  4718454  47.81
  2009          34     0.00057  0.00057  0.50   98629      56   98601  4619794  46.84
  2009          35     0.00064  0.00064  0.50   98573      64   98542  4521193  45.87
  2009          36     0.00078  0.00078  0.50   98510      77   98471  4422651  44.90
  2009          37     0.00098  0.00098  0.50   98433      96   98384  4324180  43.93
  2009          38     0.00117  0.00117  0.50   98336     115   98279  4225796  42.97
  2009          39     0.00130  0.00130  0.50   98221     127   98158  4127517  42.02
  2009          40     0.00142  0.00142  0.50   98094     139   98024  4029359  41.08
  2009          41     0.00160  0.00160  0.50   97955     157   97876  3931335  40.13
  2009          42     0.00178  0.00178  0.50   97798     174   97711  3833459  39.20
  2009          43     0.00190  0.00189  0.50   97624     185   97532  3735748  38.27
  2009          44     0.00195  0.00195  0.50   97439     190   97344  3638217  37.34
  2009          45     0.00201  0.00200  0.50   97249     195   97152  3540872  36.41
  2009          46     0.00212  0.00212  0.50   97054     206   96951  3443721  35.48
  2009          47     0.00230  0.00229  0.50   96849     222   96737  3346769  34.56
  2009          48     0.00254  0.00254  0.50   96626     245   96504  3250032  33.64
  2009          49     0.00286  0.00285  0.50   96381     275   96244  3153528  32.72
  2009          50     0.00311  0.00311  0.50   96106     299   95957  3057284  31.81
  2009          51     0.00325  0.00324  0.50   95808     311   95652  2961327  30.91
  2009          52     0.00354  0.00353  0.50   95497     337   95328  2865675  30.01
  2009          53     0.00402  0.00401  0.50   95160     382   94969  2770346  29.11
  2009          54     0.00389  0.00388  0.50   94778     368   94594  2675378  28.23
  2009          55     0.00377  0.00376  0.50   94410     355   94232  2580784  27.34
  2009          56     0.00443  0.00442  0.50   94055     416   93847  2486551  26.44
  2009          57     0.00543  0.00542  0.50   93638     508   93385  2392705  25.55
  2009          58     0.00623  0.00621  0.50   93131     578   92842  2299320  24.69
  2009          59     0.00697  0.00695  0.50   92553     643   92231  2206478  23.84
  2009          60     0.00761  0.00758  0.50   91910     696   91561  2114247  23.00
  2009          61     0.00804  0.00801  0.50   91213     730   90848  2022686  22.18
  2009          62     0.00852  0.00849  0.50   90483     768   90099  1931838  21.35
  2009          63     0.00935  0.00931  0.50   89715     835   89298  1841739  20.53
  2009          64     0.01060  0.01055  0.50   88880     937   88412  1752441  19.72
  2009          65     0.01194  0.01187  0.50   87943    1044   87421  1664030  18.92
  2009          66     0.01219  0.01212  0.50   86899    1053   86373  1576609  18.14
  2009          67     0.01230  0.01222  0.50   85846    1049   85322  1490236  17.36
  2009          68     0.01353  0.01344  0.50   84797    1139   84227  1404914  16.57
  2009          69     0.01588  0.01575  0.50   83658    1318   82999  1320687  15.79
  2009          70     0.01868  0.01851  0.50   82340    1524   81578  1237688  15.03
  2009          71     0.02037  0.02016  0.50   80816    1630   80001  1156111  14.31
  2009          72     0.02125  0.02103  0.50   79186    1665   78354  1076109  13.59
  2009          73     0.02238  0.02213  0.50   77521    1716   76663   997756  12.87
  2009          74     0.02561  0.02529  0.50   75805    1917   74847   921092  12.15
  2009          75     0.03159  0.03110  0.50   73888    2298   72740   846246  11.45
  2009          76     0.03662  0.03597  0.50   71591    2575   70303   773506  10.80
  2009          77     0.04064  0.03983  0.50   69016    2749   67642   703203  10.19
  2009          78     0.04475  0.04377  0.50   66267    2900   64817   635561   9.59
  2009          79     0.04984  0.04863  0.50   63367    3082   61826   570744   9.01
  2009          80     0.05647  0.05491  0.50   60285    3311   58630   508918   8.44
  2009          81     0.06398  0.06200  0.50   56975    3532   55208   450288   7.90
  2009          82     0.07182  0.06933  0.50   53442    3705   51589   395080   7.39
  2009          83     0.08061  0.07749  0.50   49737    3854   47810   343491   6.91
  2009          84     0.09048  0.08656  0.50   45883    3972   43897   295681   6.44
  2009          85     0.10139  0.09650  0.50   41911    4044   39889   251784   6.01
  2009          86     0.11344  0.10735  0.50   37867    4065   35834   211895   5.60
  2009          87     0.12673  0.11918  0.50   33802    4028   31787   176061   5.21
  2009          88     0.14133  0.13200  0.50   29773    3930   27808   144274   4.85
  2009          89     0.15731  0.14584  0.50   25843    3769   23959   116466   4.51
  2009          90     0.17472  0.16068  0.50   22074    3547   20301    92507   4.19
  2009          91     0.19362  0.17653  0.50   18527    3271   16892    72207   3.90
  2009          92     0.21403  0.19334  0.50   15257    2950   13782    55315   3.63
  2009          93     0.23597  0.21107  0.50   12307    2598   11008    41533   3.37
  2009          94     0.25941  0.22963  0.50    9709    2230    8595    30525   3.14
  2009          95     0.28432  0.24893  0.50    7480    1862    6549    21930   2.93
  2009          96     0.31061  0.26885  0.50    5618    1510    4863    15382   2.74
  2009          97     0.33818  0.28927  0.50    4107    1188    3513    10519   2.56
  2009          98     0.36690  0.31003  0.50    2919     905    2467     7006   2.40
  2009          99     0.39660  0.33097  0.50    2014     667    1681     4539   2.25
  2009         100     0.42708  0.35193  0.50    1348     474    1110     2858   2.12
  2009         101     0.45812  0.37274  0.50     873     326     711     1747   2.00
  2009         102     0.48949  0.39324  0.50     548     215     440     1037   1.89
  2009         103     0.52094  0.41329  0.50     332     137     264      597   1.80
  2009         104     0.55223  0.43274  0.50     195      84     153      333   1.71
  2009         105     0.58311  0.45148  0.50     111      50      86      180   1.63
  2009         106     0.61335  0.46940  0.50      61      28      46       95   1.56
  2009         107     0.64275  0.48643  0.50      32      16      24       48   1.50
  2009         108     0.67105  0.50246  0.50      17       8      12       24   1.44
  2009         109     0.69810  0.51747  0.50       8       4       6       11   1.39
  2009         110+    0.74287  1.00000  1.35       4       4       5        5   1.35
  2010           0     0.00327  0.00326  0.20  100000     326   99741  7984064  79.84
  2010           1     0.00053  0.00052  0.50   99674      52   99648  7884323  79.10
  2010           2     0.00032  0.00032  0.50   99622      32   99605  7784675  78.14
  2010           3     0.00020  0.00020  0.50   99589      20   99579  7685070  77.17
  2010           4     0.00014  0.00014  0.50   99570      14   99562  7585490  76.18
  2010           5     0.00013  0.00013  0.50   99555      13   99549  7485928  75.19
  2010           6     0.00013  0.00013  0.50   99542      13   99536  7386379  74.20
  2010           7     0.00009  0.00009  0.50   99529       9   99525  7286844  73.21
  2010           8     0.00006  0.00006  0.50   99520       6   99517  7187319  72.22
  2010           9     0.00004  0.00004  0.50   99514       4   99512  7087802  71.22
  2010          10     0.00006  0.00006  0.50   99510       6   99507  6988289  70.23
  2010          11     0.00011  0.00011  0.50   99504      11   99499  6888782  69.23
  2010          12     0.00017  0.00017  0.50   99494      17   99485  6789283  68.24
  2010          13     0.00024  0.00024  0.50   99477      24   99465  6689798  67.25
  2010          14     0.00031  0.00031  0.50   99453      31   99438  6590333  66.27
  2010          15     0.00035  0.00035  0.50   99422      35   99405  6490895  65.29
  2010          16     0.00040  0.00040  0.50   99388      40   99368  6391490  64.31
  2010          17     0.00050  0.00050  0.50   99348      50   99323  6292122  63.33
  2010          18     0.00065  0.00065  0.50   99298      65   99265  6192800  62.37
  2010          19     0.00082  0.00082  0.50   99233      81   99192  6093534  61.41
  2010          20     0.00090  0.00090  0.50   99152      89   99107  5994342  60.46
  2010          21     0.00088  0.00088  0.50   99062      88   99019  5895235  59.51
  2010          22     0.00079  0.00079  0.50   98975      79   98936  5796216  58.56
  2010          23     0.00069  0.00069  0.50   98896      68   98862  5697280  57.61
  2010          24     0.00064  0.00064  0.50   98828      63   98797  5598418  56.65
  2010          25     0.00065  0.00065  0.50   98765      64   98733  5499622  55.68
  2010          26     0.00068  0.00068  0.50   98701      67   98667  5400889  54.72
  2010          27     0.00070  0.00070  0.50   98634      69   98599  5302221  53.76
  2010          28     0.00069  0.00069  0.50   98565      68   98531  5203622  52.79
  2010          29     0.00067  0.00066  0.50   98496      65   98464  5105091  51.83
  2010          30     0.00064  0.00064  0.50   98431      63   98400  5006628  50.86
  2010          31     0.00064  0.00064  0.50   98368      63   98337  4908228  49.90
  2010          32     0.00070  0.00070  0.50   98305      68   98271  4809891  48.93
  2010          33     0.00077  0.00077  0.50   98237      76   98199  4711620  47.96
  2010          34     0.00082  0.00082  0.50   98161      81   98121  4613421  47.00
  2010          35     0.00088  0.00088  0.50   98080      86   98037  4515300  46.04
  2010          36     0.00096  0.00096  0.50   97994      94   97947  4417263  45.08
  2010          37     0.00102  0.00102  0.50   97900     100   97850  4319316  44.12
  2010          38     0.00103  0.00103  0.50   97800     100   97750  4221466  43.16
  2010          39     0.00096  0.00096  0.50   97700      94   97653  4123716  42.21
  2010          40     0.00092  0.00092  0.50   97605      90   97560  4026064  41.25
  2010          41     0.00101  0.00101  0.50   97515      98   97466  3928503  40.29
  2010          42     0.00123  0.00123  0.50   97417     120   97357  3831037  39.33
  2010          43     0.00154  0.00154  0.50   97297     150   97222  3733680  38.37
  2010          44     0.00186  0.00186  0.50   97148     181   97057  3636458  37.43
  2010          45     0.00209  0.00208  0.50   96967     202   96866  3539401  36.50
  2010          46     0.00214  0.00214  0.50   96765     207   96661  3442535  35.58
  2010          47     0.00219  0.00219  0.50   96558     211   96452  3345874  34.65
  2010          48     0.00226  0.00225  0.50   96347     217   96238  3249422  33.73
  2010          49     0.00234  0.00234  0.50   96129     225   96017  3153184  32.80
  2010          50     0.00252  0.00252  0.50   95904     241   95784  3057167  31.88
  2010          51     0.00285  0.00285  0.50   95663     273   95527  2961383  30.96
  2010          52     0.00336  0.00335  0.50   95390     320   95231  2865856  30.04
  2010          53     0.00397  0.00396  0.50   95071     376   94883  2770625  29.14
  2010          54     0.00448  0.00447  0.50   94694     423   94483  2675743  28.26
  2010          55     0.00478  0.00477  0.50   94271     449   94046  2581260  27.38
  2010          56     0.00485  0.00484  0.50   93822     454   93595  2487214  26.51
  2010          57     0.00501  0.00500  0.50   93368     466   93135  2393619  25.64
  2010          58     0.00553  0.00551  0.50   92902     512   92645  2300484  24.76
  2010          59     0.00628  0.00626  0.50   92389     578   92100  2207839  23.90
  2010          60     0.00710  0.00708  0.50   91811     650   91486  2115738  23.04
  2010          61     0.00789  0.00786  0.50   91161     716   90803  2024252  22.21
  2010          62     0.00864  0.00860  0.50   90445     778   90056  1933449  21.38
  2010          63     0.00940  0.00935  0.50   89667     839   89248  1843393  20.56
  2010          64     0.01012  0.01007  0.50   88828     894   88381  1754146  19.75
  2010          65     0.01080  0.01074  0.50   87934     945   87462  1665765  18.94
  2010          66     0.01162  0.01155  0.50   86990    1005   86487  1578303  18.14
  2010          67     0.01275  0.01267  0.50   85985    1089   85440  1491816  17.35
  2010          68     0.01432  0.01421  0.50   84896    1207   84292  1406375  16.57
  2010          69     0.01625  0.01612  0.50   83689    1349   83014  1322083  15.80
  2010          70     0.01831  0.01814  0.50   82340    1494   81593  1239069  15.05
  2010          71     0.01997  0.01977  0.50   80846    1598   80047  1157476  14.32
  2010          72     0.02159  0.02136  0.50   79248    1693   78402  1077429  13.60
  2010          73     0.02370  0.02342  0.50   77555    1816   76647   999027  12.88
  2010          74     0.02643  0.02608  0.50   75739    1975   74751   922381  12.18
  2010          75     0.02978  0.02934  0.50   73763    2164   72681   847629  11.49
  2010          76     0.03370  0.03314  0.50   71599    2373   70412   774948  10.82
  2010          77     0.03818  0.03747  0.50   69226    2594   67929   704536  10.18
  2010          78     0.04325  0.04233  0.50   66632    2821   65222   636607   9.55
  2010          79     0.04896  0.04779  0.50   63812    3049   62287   571385   8.95
  2010          80     0.05539  0.05390  0.50   60762    3275   59125   509098   8.38
  2010          81     0.06265  0.06074  0.50   57487    3492   55741   449973   7.83
  2010          82     0.07084  0.06842  0.50   53995    3694   52148   394232   7.30
  2010          83     0.08010  0.07702  0.50   50301    3874   48364   342084   6.80
  2010          84     0.09051  0.08659  0.50   46427    4020   44417   293720   6.33
  2010          85     0.10213  0.09716  0.50   42407    4120   40347   249303   5.88
  2010          86     0.11505  0.10879  0.50   38286    4165   36204   208957   5.46
  2010          87     0.12937  0.12151  0.50   34121    4146   32048   172753   5.06
  2010          88     0.14517  0.13535  0.50   29975    4057   27947   140705   4.69
  2010          89     0.16254  0.15033  0.50   25918    3896   23970   112758   4.35
  2010          90     0.18155  0.16644  0.50   22022    3665   20189    88788   4.03
  2010          91     0.20225  0.18367  0.50   18357    3372   16671    68599   3.74
  2010          92     0.22465  0.20196  0.50   14985    3026   13472    51928   3.47
  2010          93     0.24876  0.22124  0.50   11959    2646   10636    38456   3.22
  2010          94     0.27454  0.24140  0.50    9313    2248    8189    27821   2.99
  2010          95     0.30192  0.26232  0.50    7065    1853    6138    19632   2.78
  2010          96     0.33077  0.28383  0.50    5211    1479    4472    13494   2.59
  2010          97     0.36096  0.30577  0.50    3732    1141    3162     9022   2.42
  2010          98     0.39228  0.32796  0.50    2591     850    2166     5860   2.26
  2010          99     0.42452  0.35019  0.50    1741     610    1436     3694   2.12
  2010         100     0.45741  0.37227  0.50    1132     421     921     2258   2.00
  2010         101     0.49067  0.39401  0.50     710     280     570     1337   1.88
  2010         102     0.52403  0.41523  0.50     430     179     341      767   1.78
  2010         103     0.55716  0.43577  0.50     252     110     197      425   1.69
  2010         104     0.58978  0.45547  0.50     142      65     110      229   1.61
  2010         105     0.62160  0.47421  0.50      77      37      59      119   1.54
  2010         106     0.65232  0.49189  0.50      41      20      31       60   1.47
  2010         107     0.68175  0.50844  0.50      21      11      15       29   1.42
  2010         108     0.70987  0.52392  0.50      10       5       7       14   1.37
  2010         109     0.73685  0.53846  0.50       5       3       4        6   1.32
  2010         110+    0.77858  1.00000  1.28       2       2       3        3   1.28
  2011           0     0.00327  0.00326  0.20  100000     326   99741  7984895  79.85
  2011           1     0.00024  0.00024  0.50   99674      24   99662  7885154  79.11
  2011           2     0.00022  0.00022  0.50   99650      22   99639  7785492  78.13
  2011           3     0.00019  0.00019  0.50   99628      19   99618  7685853  77.15
  2011           4     0.00015  0.00015  0.50   99609      15   99601  7586235  76.16
  2011           5     0.00011  0.00011  0.50   99594      11   99589  7486633  75.17
  2011           6     0.00009  0.00009  0.50   99583       9   99579  7387044  74.18
  2011           7     0.00012  0.00012  0.50   99574      12   99568  7287466  73.19
  2011           8     0.00015  0.00015  0.50   99562      15   99554  7187898  72.20
  2011           9     0.00018  0.00018  0.50   99547      17   99538  7088344  71.21
  2011          10     0.00018  0.00018  0.50   99529      18   99521  6988805  70.22
  2011          11     0.00017  0.00017  0.50   99512      17   99503  6889285  69.23
  2011          12     0.00017  0.00017  0.50   99495      17   99486  6789782  68.24
  2011          13     0.00018  0.00018  0.50   99477      18   99468  6690296  67.25
  2011          14     0.00020  0.00020  0.50   99459      20   99450  6590827  66.27
  2011          15     0.00023  0.00023  0.50   99440      23   99428  6491378  65.28
  2011          16     0.00028  0.00028  0.50   99417      28   99403  6391950  64.29
  2011          17     0.00034  0.00034  0.50   99389      34   99372  6292547  63.31
  2011          18     0.00042  0.00042  0.50   99355      41   99334  6193175  62.33
  2011          19     0.00051  0.00051  0.50   99314      51   99288  6093840  61.36
  2011          20     0.00064  0.00064  0.50   99263      63   99231  5994552  60.39
  2011          21     0.00075  0.00075  0.50   99200      75   99162  5895321  59.43
  2011          22     0.00080  0.00080  0.50   99125      80   99085  5796159  58.47
  2011          23     0.00080  0.00080  0.50   99045      79   99006  5697073  57.52
  2011          24     0.00076  0.00076  0.50   98966      75   98929  5598068  56.57
  2011          25     0.00072  0.00072  0.50   98891      71   98856  5499139  55.61
  2011          26     0.00071  0.00071  0.50   98820      70   98785  5400283  54.65
  2011          27     0.00074  0.00074  0.50   98750      73   98713  5301498  53.69
  2011          28     0.00077  0.00077  0.50   98677      76   98639  5202785  52.73
  2011          29     0.00078  0.00078  0.50   98601      77   98562  5104146  51.77
  2011          30     0.00083  0.00083  0.50   98523      82   98482  5005584  50.81
  2011          31     0.00090  0.00090  0.50   98441      88   98397  4907102  49.85
  2011          32     0.00094  0.00094  0.50   98353      92   98307  4808705  48.89
  2011          33     0.00096  0.00096  0.50   98261      94   98214  4710398  47.94
  2011          34     0.00096  0.00096  0.50   98166      94   98119  4612184  46.98
  2011          35     0.00097  0.00097  0.50   98072      95   98025  4514065  46.03
  2011          36     0.00099  0.00099  0.50   97978      97   97929  4416040  45.07
  2011          37     0.00103  0.00103  0.50   97881     101   97830  4318111  44.12
  2011          38     0.00109  0.00109  0.50   97780     107   97726  4220281  43.16
  2011          39     0.00114  0.00114  0.50   97673     112   97617  4122555  42.21
  2011          40     0.00121  0.00121  0.50   97561     118   97502  4024937  41.26
  2011          41     0.00130  0.00130  0.50   97444     127   97380  3927435  40.30
  2011          42     0.00142  0.00142  0.50   97317     138   97247  3830055  39.36
  2011          43     0.00156  0.00156  0.50   97178     151   97103  3732807  38.41
  2011          44     0.00172  0.00172  0.50   97027     167   96944  3635705  37.47
  2011          45     0.00191  0.00191  0.50   96860     185   96768  3538761  36.53
  2011          46     0.00212  0.00212  0.50   96675     205   96573  3441993  35.60
  2011          47     0.00228  0.00227  0.50   96471     219   96361  3345420  34.68
  2011          48     0.00242  0.00241  0.50   96251     232   96135  3249059  33.76
  2011          49     0.00259  0.00258  0.50   96019     248   95895  3152924  32.84
  2011          50     0.00281  0.00280  0.50   95771     268   95637  3057029  31.92
  2011          51     0.00307  0.00307  0.50   95502     293   95356  2961392  31.01
  2011          52     0.00331  0.00330  0.50   95210     314   95052  2866036  30.10
  2011          53     0.00346  0.00345  0.50   94895     328   94731  2770984  29.20
  2011          54     0.00360  0.00360  0.50   94568     340   94397  2676253  28.30
  2011          55     0.00385  0.00384  0.50   94227     362   94046  2581855  27.40
  2011          56     0.00427  0.00426  0.50   93866     400   93666  2487809  26.50
  2011          57     0.00483  0.00482  0.50   93466     450   93241  2394143  25.62
  2011          58     0.00548  0.00546  0.50   93016     508   92762  2300902  24.74
  2011          59     0.00617  0.00616  0.50   92508     569   92223  2208140  23.87
  2011          60     0.00690  0.00688  0.50   91938     632   91622  2115917  23.01
  2011          61     0.00763  0.00760  0.50   91306     694   90959  2024295  22.17
  2011          62     0.00833  0.00830  0.50   90612     752   90236  1933336  21.34
  2011          63     0.00899  0.00895  0.50   89860     804   89458  1843100  20.51
  2011          64     0.00974  0.00969  0.50   89056     863   88624  1753642  19.69
  2011          65     0.01071  0.01066  0.50   88193     940   87723  1665018  18.88
  2011          66     0.01188  0.01181  0.50   87253    1030   86738  1577295  18.08
  2011          67     0.01316  0.01308  0.50   86223    1127   85659  1490557  17.29
  2011          68     0.01450  0.01439  0.50   85095    1225   84483  1404898  16.51
  2011          69     0.01586  0.01574  0.50   83871    1320   83211  1320415  15.74
  2011          70     0.01734  0.01719  0.50   82551    1419   81841  1237205  14.99
  2011          71     0.01924  0.01906  0.50   81132    1546   80359  1155363  14.24
  2011          72     0.02155  0.02132  0.50   79586    1696   78737  1075005  13.51
  2011          73     0.02416  0.02387  0.50   77889    1859   76960   996267  12.79
  2011          74     0.02711  0.02675  0.50   76030    2034   75013   919308  12.09
  2011          75     0.03049  0.03003  0.50   73996    2222   72885   844294  11.41
  2011          76     0.03433  0.03375  0.50   71774    2422   70563   771409  10.75
  2011          77     0.03864  0.03791  0.50   69352    2629   68037   700846  10.11
  2011          78     0.04350  0.04257  0.50   66723    2841   65303   632808   9.48
  2011          79     0.04928  0.04810  0.50   63882    3073   62346   567505   8.88
  2011          80     0.05632  0.05478  0.50   60810    3331   59144   505159   8.31
  2011          81     0.06433  0.06233  0.50   57479    3582   55687   446015   7.76
  2011          82     0.07300  0.07042  0.50   53896    3796   51998   390328   7.24
  2011          83     0.08245  0.07918  0.50   50101    3967   48117   338329   6.75
  2011          84     0.09285  0.08873  0.50   46134    4093   44087   290212   6.29
  2011          85     0.10434  0.09917  0.50   42040    4169   39956   246125   5.85
  2011          86     0.11705  0.11058  0.50   37871    4188   35777   206170   5.44
  2011          87     0.13109  0.12303  0.50   33683    4144   31611   170393   5.06
  2011          88     0.14655  0.13655  0.50   29539    4033   27523   138781   4.70
  2011          89     0.16350  0.15114  0.50   25506    3855   23578   111259   4.36
  2011          90     0.18199  0.16681  0.50   21651    3612   19845    87680   4.05
  2011          91     0.20207  0.18353  0.50   18039    3311   16384    67835   3.76
  2011          92     0.22376  0.20125  0.50   14728    2964   13246    51451   3.49
  2011          93     0.24706  0.21990  0.50   11764    2587   10471    38205   3.25
  2011          94     0.27192  0.23938  0.50    9177    2197    8079    27734   3.02
  2011          95     0.29830  0.25958  0.50    6981    1812    6075    19655   2.82
  2011          96     0.32608  0.28037  0.50    5169    1449    4444    13581   2.63
  2011          97     0.35513  0.30158  0.50    3719    1122    3159     9137   2.46
  2011          98     0.38529  0.32306  0.50    2598     839    2178     5978   2.30
  2011          99     0.41636  0.34462  0.50    1759     606    1456     3800   2.16
  2011         100     0.44811  0.36609  0.50    1152     422     942     2344   2.03
  2011         101     0.48029  0.38728  0.50     731     283     589     1403   1.92
  2011         102     0.51262  0.40804  0.50     448     183     356      814   1.82
  2011         103     0.54484  0.42819  0.50     265     113     208      457   1.73
  2011         104     0.57665  0.44759  0.50     152      68     118      249   1.64
  2011         105     0.60777  0.46612  0.50      84      39      64      131   1.57
  2011         106     0.63798  0.48369  0.50      45      22      34       67   1.51
  2011         107     0.66709  0.50024  0.50      23      12      17       33   1.45
  2011         108     0.69515  0.51586  0.50      12       6       9       16   1.39
  2011         109     0.72232  0.53067  0.50       6       3       4        8   1.35
  2011         110+    0.76475  1.00000  1.31       3       3       3        3   1.31
  2012           0     0.00177  0.00177  0.22  100000     177   99862  8041324  80.41
  2012           1     0.00053  0.00053  0.50   99823      53   99797  7941461  79.56
  2012           2     0.00036  0.00036  0.50   99771      36   99753  7841664  78.60
  2012           3     0.00022  0.00022  0.50   99735      22   99724  7741912  77.63
  2012           4     0.00014  0.00014  0.50   99712      14   99706  7642188  76.64
  2012           5     0.00011  0.00011  0.50   99699      11   99693  7542483  75.65
  2012           6     0.00010  0.00010  0.50   99688      10   99683  7442789  74.66
  2012           7     0.00009  0.00009  0.50   99678       9   99673  7343107  73.67
  2012           8     0.00008  0.00008  0.50   99669       8   99665  7243433  72.67
  2012           9     0.00008  0.00008  0.50   99661       8   99657  7143768  71.68
  2012          10     0.00008  0.00008  0.50   99653       8   99649  7044111  70.69
  2012          11     0.00009  0.00009  0.50   99645       9   99640  6944462  69.69
  2012          12     0.00011  0.00011  0.50   99636      11   99631  6844821  68.70
  2012          13     0.00013  0.00013  0.50   99625      13   99619  6745191  67.71
  2012          14     0.00015  0.00015  0.50   99613      15   99605  6645572  66.71
  2012          15     0.00017  0.00017  0.50   99598      17   99589  6545966  65.72
  2012          16     0.00022  0.00022  0.50   99581      22   99569  6446377  64.74
  2012          17     0.00030  0.00030  0.50   99558      30   99543  6346808  63.75
  2012          18     0.00039  0.00039  0.50   99528      38   99509  6247264  62.77
  2012          19     0.00044  0.00044  0.50   99490      44   99468  6147755  61.79
  2012          20     0.00048  0.00048  0.50   99446      47   99422  6048287  60.82
  2012          21     0.00050  0.00050  0.50   99399      49   99374  5948865  59.85
  2012          22     0.00051  0.00051  0.50   99350      51   99324  5849490  58.88
  2012          23     0.00053  0.00053  0.50   99299      52   99273  5750166  57.91
  2012          24     0.00055  0.00055  0.50   99247      55   99219  5650893  56.94
  2012          25     0.00059  0.00059  0.50   99192      58   99163  5551674  55.97
  2012          26     0.00061  0.00061  0.50   99134      61   99103  5452511  55.00
  2012          27     0.00061  0.00061  0.50   99073      61   99043  5353407  54.03
  2012          28     0.00062  0.00062  0.50   99012      61   98982  5254365  53.07
  2012          29     0.00065  0.00065  0.50   98951      64   98919  5155383  52.10
  2012          30     0.00070  0.00070  0.50   98887      69   98852  5056464  51.13
  2012          31     0.00072  0.00072  0.50   98818      71   98782  4957612  50.17
  2012          32     0.00068  0.00068  0.50   98747      67   98713  4858830  49.21
  2012          33     0.00065  0.00065  0.50   98679      64   98647  4760117  48.24
  2012          34     0.00068  0.00068  0.50   98615      67   98582  4661469  47.27
  2012          35     0.00076  0.00076  0.50   98548      75   98511  4562887  46.30
  2012          36     0.00084  0.00084  0.50   98474      83   98432  4464376  45.34
  2012          37     0.00091  0.00090  0.50   98391      89   98346  4365944  44.37
  2012          38     0.00096  0.00096  0.50   98302      94   98255  4267598  43.41
  2012          39     0.00102  0.00102  0.50   98207     100   98158  4169343  42.45
  2012          40     0.00107  0.00107  0.50   98108     105   98055  4071186  41.50
  2012          41     0.00113  0.00113  0.50   98002     110   97947  3973131  40.54
  2012          42     0.00117  0.00117  0.50   97892     115   97835  3875184  39.59
  2012          43     0.00122  0.00122  0.50   97777     119   97718  3777349  38.63
  2012          44     0.00128  0.00128  0.50   97658     125   97595  3679632  37.68
  2012          45     0.00136  0.00136  0.50   97533     133   97466  3582036  36.73
  2012          46     0.00147  0.00147  0.50   97400     143   97329  3484570  35.78
  2012          47     0.00170  0.00170  0.50   97257     166   97174  3387241  34.83
  2012          48     0.00202  0.00202  0.50   97091     196   96993  3290067  33.89
  2012          49     0.00237  0.00236  0.50   96895     229   96781  3193074  32.95
  2012          50     0.00271  0.00271  0.50   96666     262   96535  3096293  32.03
  2012          51     0.00305  0.00304  0.50   96404     293   96258  2999758  31.12
  2012          52     0.00331  0.00330  0.50   96111     317   95952  2903500  30.21
  2012          53     0.00345  0.00345  0.50   95794     330   95628  2807548  29.31
  2012          54     0.00358  0.00357  0.50   95463     341   95293  2711920  28.41
  2012          55     0.00382  0.00381  0.50   95122     363   94941  2616627  27.51
  2012          56     0.00426  0.00425  0.50   94759     403   94558  2521686  26.61
  2012          57     0.00484  0.00483  0.50   94357     455   94129  2427128  25.72
  2012          58     0.00546  0.00544  0.50   93902     511   93646  2332999  24.85
  2012          59     0.00602  0.00600  0.50   93391     560   93110  2239353  23.98
  2012          60     0.00656  0.00654  0.50   92830     607   92527  2146242  23.12
  2012          61     0.00715  0.00712  0.50   92223     657   91895  2053716  22.27
  2012          62     0.00780  0.00777  0.50   91567     712   91211  1961820  21.43
  2012          63     0.00855  0.00852  0.50   90855     774   90468  1870610  20.59
  2012          64     0.00941  0.00937  0.50   90081     844   89659  1780142  19.76
  2012          65     0.01040  0.01034  0.50   89237     923   88775  1690483  18.94
  2012          66     0.01148  0.01141  0.50   88314    1008   87810  1601707  18.14
  2012          67     0.01261  0.01253  0.50   87306    1094   86759  1513898  17.34
  2012          68     0.01377  0.01368  0.50   86212    1179   85622  1427139  16.55
  2012          69     0.01515  0.01503  0.50   85032    1278   84393  1341517  15.78
  2012          70     0.01687  0.01673  0.50   83754    1401   83053  1257123  15.01
  2012          71     0.01883  0.01865  0.50   82353    1536   81585  1174070  14.26
  2012          72     0.02107  0.02085  0.50   80817    1685   79974  1092485  13.52
  2012          73     0.02372  0.02344  0.50   79132    1855   78204  1012511  12.80
  2012          74     0.02684  0.02648  0.50   77277    2046   76254   934306  12.09
  2012          75     0.03040  0.02995  0.50   75230    2253   74104   858053  11.41
  2012          76     0.03410  0.03353  0.50   72978    2447   71754   783949  10.74
  2012          77     0.03818  0.03746  0.50   70531    2642   69209   712195  10.10
  2012          78     0.04301  0.04211  0.50   67888    2859   66459   642985   9.47
  2012          79     0.04898  0.04781  0.50   65030    3109   63475   576526   8.87
  2012          80     0.05631  0.05477  0.50   61920    3391   60225   513051   8.29
  2012          81     0.06458  0.06256  0.50   58529    3662   56698   452827   7.74
  2012          82     0.07339  0.07080  0.50   54867    3884   52925   396128   7.22
  2012          83     0.08293  0.07962  0.50   50983    4059   48953   343203   6.73
  2012          84     0.09338  0.08921  0.50   46924    4186   44830   294250   6.27
  2012          85     0.10491  0.09968  0.50   42737    4260   40607   249419   5.84
  2012          86     0.11766  0.11112  0.50   38477    4276   36339   208812   5.43
  2012          87     0.13175  0.12360  0.50   34202    4227   32088   172473   5.04
  2012          88     0.14726  0.13716  0.50   29974    4111   27919   140385   4.68
  2012          89     0.16426  0.15180  0.50   25863    3926   23900   112466   4.35
  2012          90     0.18282  0.16751  0.50   21937    3675   20100    88566   4.04
  2012          91     0.20296  0.18426  0.50   18263    3365   16580    68466   3.75
  2012          92     0.22471  0.20201  0.50   14897    3009   13393    51886   3.48
  2012          93     0.24806  0.22069  0.50   11888    2624   10576    38493   3.24
  2012          94     0.27297  0.24019  0.50    9265    2225    8152    27917   3.01
  2012          95     0.29940  0.26041  0.50    7039    1833    6123    19765   2.81
  2012          96     0.32722  0.28121  0.50    5206    1464    4474    13643   2.62
  2012          97     0.35631  0.30243  0.50    3742    1132    3176     9168   2.45
  2012          98     0.38650  0.32390  0.50    2610     846    2188     5992   2.30
  2012          99     0.41758  0.34545  0.50    1765     610    1460     3805   2.16
  2012         100     0.44934  0.36691  0.50    1155     424     943     2345   2.03
  2012         101     0.48151  0.38808  0.50     731     284     589     1401   1.92
  2012         102     0.51383  0.40880  0.50     448     183     356      812   1.81
  2012         103     0.54602  0.42892  0.50     265     113     208      456   1.72
  2012         104     0.57780  0.44829  0.50     151      68     117      248   1.64
  2012         105     0.60888  0.46677  0.50      83      39      64      131   1.57
  2012         106     0.63903  0.48429  0.50      44      22      34       67   1.50
  2012         107     0.66809  0.50080  0.50      23      11      17       33   1.45
  2012         108     0.69610  0.51638  0.50      11       6       8       16   1.39
  2012         109     0.72322  0.53115  0.50       6       3       4        7   1.35
  2012         110+    0.76550  1.00000  1.31       3       3       3        3   1.31
  2013           0     0.00266  0.00265  0.21  100000     265   99791  8048153  80.48
  2013           1     0.00034  0.00034  0.50   99735      34   99718  7948362  79.70
  2013           2     0.00022  0.00022  0.50   99701      22   99690  7848644  78.72
  2013           3     0.00015  0.00015  0.50   99679      15   99672  7748954  77.74
  2013           4     0.00012  0.00012  0.50   99665      12   99659  7649282  76.75
  2013           5     0.00011  0.00011  0.50   99652      11   99647  7549623  75.76
  2013           6     0.00011  0.00011  0.50   99641      11   99635  7449977  74.77
  2013           7     0.00010  0.00010  0.50   99630      10   99625  7350341  73.78
  2013           8     0.00010  0.00010  0.50   99620      10   99615  7250716  72.78
  2013           9     0.00009  0.00009  0.50   99610       9   99605  7151102  71.79
  2013          10     0.00008  0.00008  0.50   99600       8   99596  7051496  70.80
  2013          11     0.00007  0.00007  0.50   99592       7   99589  6951900  69.80
  2013          12     0.00007  0.00007  0.50   99585       7   99581  6852312  68.81
  2013          13     0.00009  0.00009  0.50   99578       8   99574  6752730  67.81
  2013          14     0.00013  0.00013  0.50   99569      13   99563  6653157  66.82
  2013          15     0.00020  0.00020  0.50   99557      20   99547  6553594  65.83
  2013          16     0.00030  0.00030  0.50   99537      30   99522  6454047  64.84
  2013          17     0.00040  0.00040  0.50   99507      40   99487  6354525  63.86
  2013          18     0.00049  0.00049  0.50   99467      48   99443  6255038  62.89
  2013          19     0.00054  0.00054  0.50   99419      54   99392  6155595  61.92
  2013          20     0.00059  0.00059  0.50   99365      59   99336  6056203  60.95
  2013          21     0.00065  0.00065  0.50   99306      64   99274  5956867  59.98
  2013          22     0.00072  0.00072  0.50   99242      71   99206  5857593  59.02
  2013          23     0.00074  0.00074  0.50   99171      74   99134  5758387  58.07
  2013          24     0.00069  0.00069  0.50   99097      68   99063  5659253  57.11
  2013          25     0.00062  0.00062  0.50   99028      61   98998  5560191  56.15
  2013          26     0.00054  0.00054  0.50   98968      54   98941  5461193  55.18
  2013          27     0.00049  0.00049  0.50   98914      49   98889  5362252  54.21
  2013          28     0.00048  0.00048  0.50   98865      47   98842  5263363  53.24
  2013          29     0.00051  0.00051  0.50   98818      51   98793  5164521  52.26
  2013          30     0.00059  0.00059  0.50   98767      58   98738  5065728  51.29
  2013          31     0.00066  0.00066  0.50   98710      65   98677  4966990  50.32
  2013          32     0.00070  0.00070  0.50   98645      69   98610  4868313  49.35
  2013          33     0.00073  0.00073  0.50   98575      72   98539  4769703  48.39
  2013          34     0.00075  0.00075  0.50   98503      74   98467  4671164  47.42
  2013          35     0.00078  0.00078  0.50   98430      76   98392  4572697  46.46
  2013          36     0.00081  0.00081  0.50   98353      80   98313  4474306  45.49
  2013          37     0.00083  0.00083  0.50   98273      82   98232  4375992  44.53
  2013          38     0.00085  0.00085  0.50   98191      83   98150  4277760  43.57
  2013          39     0.00087  0.00087  0.50   98108      85   98065  4179610  42.60
  2013          40     0.00092  0.00092  0.50   98023      90   97978  4081545  41.64
  2013          41     0.00103  0.00103  0.50   97932     100   97882  3983567  40.68
  2013          42     0.00120  0.00120  0.50   97832     117   97773  3885685  39.72
  2013          43     0.00141  0.00141  0.50   97715     138   97646  3787912  38.77
  2013          44     0.00161  0.00161  0.50   97577     157   97498  3690266  37.82
  2013          45     0.00179  0.00179  0.50   97420     174   97333  3592767  36.88
  2013          46     0.00194  0.00194  0.50   97246     189   97151  3495435  35.94
  2013          47     0.00208  0.00208  0.50   97057     202   96956  3398283  35.01
  2013          48     0.00224  0.00224  0.50   96855     217   96746  3301328  34.09
  2013          49     0.00244  0.00243  0.50   96638     235   96520  3204581  33.16
  2013          50     0.00267  0.00267  0.50   96403     257   96274  3108061  32.24
  2013          51     0.00293  0.00293  0.50   96146     282   96005  3011787  31.33
  2013          52     0.00325  0.00325  0.50   95864     311   95709  2915782  30.42
  2013          53     0.00360  0.00360  0.50   95553     344   95381  2820073  29.51
  2013          54     0.00385  0.00385  0.50   95209     366   95026  2724692  28.62
  2013          55     0.00404  0.00404  0.50   94843     383   94652  2629666  27.73
  2013          56     0.00427  0.00426  0.50   94460     402   94259  2535014  26.84
  2013          57     0.00455  0.00454  0.50   94058     427   93844  2440756  25.95
  2013          58     0.00491  0.00490  0.50   93631     459   93402  2346911  25.07
  2013          59     0.00546  0.00544  0.50   93172     507   92919  2253509  24.19
  2013          60     0.00610  0.00608  0.50   92665     563   92384  2160591  23.32
  2013          61     0.00674  0.00672  0.50   92102     619   91793  2068207  22.46
  2013          62     0.00745  0.00742  0.50   91483     679   91144  1976414  21.60
  2013          63     0.00829  0.00825  0.50   90805     749   90430  1885270  20.76
  2013          64     0.00927  0.00922  0.50   90055     831   89640  1794840  19.93
  2013          65     0.01042  0.01037  0.50   89225     925   88762  1705201  19.11
  2013          66     0.01185  0.01178  0.50   88300    1040   87779  1616438  18.31
  2013          67     0.01331  0.01323  0.50   87259    1154   86682  1528659  17.52
  2013          68     0.01457  0.01447  0.50   86105    1246   85482  1441977  16.75
  2013          69     0.01581  0.01568  0.50   84859    1331   84194  1356495  15.99
  2013          70     0.01726  0.01711  0.50   83529    1430   82814  1272301  15.23
  2013          71     0.01898  0.01880  0.50   82099    1543   81327  1189487  14.49
  2013          72     0.02083  0.02061  0.50   80556    1660   79726  1108159  13.76
  2013          73     0.02273  0.02247  0.50   78895    1773   78009  1028434  13.04
  2013          74     0.02490  0.02459  0.50   77123    1897   76174   950425  12.32
  2013          75     0.02765  0.02727  0.50   75226    2051   74200   874251  11.62
  2013          76     0.03125  0.03076  0.50   73174    2251   72049   800050  10.93
  2013          77     0.03597  0.03533  0.50   70923    2506   69670   728002  10.26
  2013          78     0.04194  0.04108  0.50   68418    2811   67012   658331   9.62
  2013          79     0.04877  0.04761  0.50   65607    3123   64045   591319   9.01
  2013          80     0.05601  0.05448  0.50   62484    3404   60781   527274   8.44
  2013          81     0.06367  0.06170  0.50   59079    3645   57257   466492   7.90
  2013          82     0.07186  0.06937  0.50   55434    3845   53511   409235   7.38
  2013          83     0.08080  0.07766  0.50   51589    4006   49586   355724   6.90
  2013          84     0.09064  0.08671  0.50   47582    4126   45519   306139   6.43
  2013          85     0.10155  0.09665  0.50   43456    4200   41356   260619   6.00
  2013          86     0.11363  0.10752  0.50   39256    4221   37146   219263   5.59
  2013          87     0.12697  0.11939  0.50   35035    4183   32944   182117   5.20
  2013          88     0.14164  0.13227  0.50   30853    4081   28812   149173   4.84
  2013          89     0.15770  0.14617  0.50   26772    3913   24815   120361   4.50
  2013          90     0.17521  0.16110  0.50   22858    3682   21017    95546   4.18
  2013          91     0.19422  0.17703  0.50   19176    3395   17479    74528   3.89
  2013          92     0.21475  0.19392  0.50   15781    3060   14251    57050   3.62
  2013          93     0.23681  0.21174  0.50   12721    2693   11374    42799   3.36
  2013          94     0.26038  0.23038  0.50   10027    2310    8872    31424   3.13
  2013          95     0.28541  0.24977  0.50    7717    1928    6754    22552   2.92
  2013          96     0.31184  0.26978  0.50    5790    1562    5009    15799   2.73
  2013          97     0.33955  0.29027  0.50    4228    1227    3614    10790   2.55
  2013          98     0.36840  0.31109  0.50    3001     933    2534     7176   2.39
  2013          99     0.39822  0.33209  0.50    2067     686    1724     4642   2.25
  2013         100     0.42881  0.35311  0.50    1381     488    1137     2918   2.11
  2013         101     0.45996  0.37396  0.50     893     334     726     1781   1.99
  2013         102     0.49142  0.39449  0.50     559     221     449     1055   1.89
  2013         103     0.52294  0.41455  0.50     339     140     268      606   1.79
  2013         104     0.55424  0.43398  0.50     198      86     155      338   1.70
  2013         105     0.58506  0.45265  0.50     112      51      87      182   1.63
  2013         106     0.61517  0.47047  0.50      61      29      47       96   1.56
  2013         107     0.64439  0.48736  0.50      33      16      25       49   1.49
  2013         108     0.67271  0.50339  0.50      17       8      12       24   1.44
  2013         109     0.70026  0.51866  0.50       8       4       6       11   1.39
  2013         110+    0.74471  1.00000  1.34       4       4       5        5   1.34
  2014           0     0.00202  0.00202  0.22  100000     202   99842  8063126  80.63
  2014           1     0.00043  0.00043  0.50   99798      43   99777  7963284  79.79
  2014           2     0.00034  0.00034  0.50   99756      34   99739  7863507  78.83
  2014           3     0.00027  0.00027  0.50   99722      27   99708  7763768  77.85
  2014           4     0.00021  0.00021  0.50   99695      21   99684  7664060  76.88
  2014           5     0.00016  0.00016  0.50   99673      16   99665  7564376  75.89
  2014           6     0.00012  0.00012  0.50   99657      12   99651  7464711  74.90
  2014           7     0.00010  0.00010  0.50   99645      10   99640  7365060  73.91
  2014           8     0.00011  0.00011  0.50   99635      11   99630  7265419  72.92
  2014           9     0.00012  0.00012  0.50   99625      12   99618  7165790  71.93
  2014          10     0.00013  0.00013  0.50   99612      13   99606  7066171  70.94
  2014          11     0.00012  0.00012  0.50   99599      12   99593  6966566  69.95
  2014          12     0.00010  0.00010  0.50   99588      10   99583  6866972  68.95
  2014          13     0.00008  0.00008  0.50   99578       8   99574  6767389  67.96
  2014          14     0.00008  0.00008  0.50   99570       8   99566  6667816  66.97
  2014          15     0.00013  0.00013  0.50   99562      13   99556  6568250  65.97
  2014          16     0.00023  0.00023  0.50   99549      22   99538  6468694  64.98
  2014          17     0.00037  0.00037  0.50   99527      37   99509  6369156  63.99
  2014          18     0.00051  0.00051  0.50   99490      51   99465  6269647  63.02
  2014          19     0.00061  0.00061  0.50   99439      60   99409  6170182  62.05
  2014          20     0.00062  0.00062  0.50   99379      62   99348  6070773  61.09
  2014          21     0.00059  0.00059  0.50   99317      59   99288  5971425  60.12
  2014          22     0.00057  0.00057  0.50   99258      56   99230  5872138  59.16
  2014          23     0.00056  0.00056  0.50   99202      55   99174  5772908  58.19
  2014          24     0.00058  0.00058  0.50   99146      57   99118  5673734  57.23
  2014          25     0.00065  0.00065  0.50   99089      65   99057  5574616  56.26
  2014          26     0.00073  0.00073  0.50   99024      72   98988  5475560  55.30
  2014          27     0.00073  0.00073  0.50   98952      73   98916  5376571  54.33
  2014          28     0.00071  0.00071  0.50   98880      70   98845  5277656  53.37
  2014          29     0.00068  0.00068  0.50   98810      68   98776  5178811  52.41
  2014          30     0.00067  0.00067  0.50   98742      66   98709  5080035  51.45
  2014          31     0.00068  0.00068  0.50   98676      67   98643  4981326  50.48
  2014          32     0.00073  0.00073  0.50   98610      72   98574  4882683  49.52
  2014          33     0.00080  0.00080  0.50   98538      78   98499  4784109  48.55
  2014          34     0.00085  0.00085  0.50   98460      83   98418  4685610  47.59
  2014          35     0.00087  0.00087  0.50   98376      86   98333  4587192  46.63
  2014          36     0.00088  0.00088  0.50   98291      87   98247  4488859  45.67
  2014          37     0.00094  0.00094  0.50   98204      92   98158  4390611  44.71
  2014          38     0.00101  0.00101  0.50   98112      99   98063  4292453  43.75
  2014          39     0.00105  0.00105  0.50   98014     103   97962  4194390  42.79
  2014          40     0.00113  0.00113  0.50   97910     110   97855  4096428  41.84
  2014          41     0.00127  0.00127  0.50   97800     125   97738  3998573  40.89
  2014          42     0.00145  0.00145  0.50   97675     141   97605  3900836  39.94
  2014          43     0.00161  0.00161  0.50   97534     157   97455  3803231  38.99
  2014          44     0.00173  0.00172  0.50   97377     168   97293  3705775  38.06
  2014          45     0.00180  0.00180  0.50   97209     175   97122  3608482  37.12
  2014          46     0.00184  0.00184  0.50   97034     178   96945  3511361  36.19
  2014          47     0.00186  0.00186  0.50   96856     180   96766  3414416  35.25
  2014          48     0.00190  0.00190  0.50   96676     184   96584  3317650  34.32
  2014          49     0.00200  0.00200  0.50   96492     193   96395  3221066  33.38
  2014          50     0.00225  0.00224  0.50   96299     216   96191  3124671  32.45
  2014          51     0.00266  0.00266  0.50   96083     256   95955  3028480  31.52
  2014          52     0.00315  0.00314  0.50   95827     301   95677  2932525  30.60
  2014          53     0.00358  0.00357  0.50   95526     341   95356  2836848  29.70
  2014          54     0.00395  0.00394  0.50   95185     375   94998  2741493  28.80
  2014          55     0.00424  0.00423  0.50   94810     401   94610  2646495  27.91
  2014          56     0.00444  0.00443  0.50   94409     418   94200  2551885  27.03
  2014          57     0.00468  0.00467  0.50   93991     439   93771  2457685  26.15
  2014          58     0.00506  0.00505  0.50   93552     473   93315  2363914  25.27
  2014          59     0.00554  0.00553  0.50   93079     515   92822  2270598  24.39
  2014          60     0.00603  0.00601  0.50   92564     556   92286  2177776  23.53
  2014          61     0.00646  0.00644  0.50   92008     593   91712  2085490  22.67
  2014          62     0.00705  0.00702  0.50   91416     642   91095  1993778  21.81
  2014          63     0.00795  0.00792  0.50   90774     719   90414  1902683  20.96
  2014          64     0.00904  0.00900  0.50   90055     811   89649  1812269  20.12
  2014          65     0.01013  0.01008  0.50   89244     899   88794  1722620  19.30
  2014          66     0.01121  0.01115  0.50   88345     985   87852  1633825  18.49
  2014          67     0.01248  0.01240  0.50   87359    1083   86818  1545973  17.70
  2014          68     0.01406  0.01396  0.50   86276    1205   85674  1459156  16.91
  2014          69     0.01575  0.01563  0.50   85071    1329   84407  1373482  16.15
  2014          70     0.01734  0.01719  0.50   83742    1440   83022  1289075  15.39
  2014          71     0.01897  0.01879  0.50   82302    1546   81529  1206053  14.65
  2014          72     0.02061  0.02040  0.50   80756    1648   79932  1124524  13.92
  2014          73     0.02231  0.02206  0.50   79108    1745   78236  1044592  13.20
  2014          74     0.02445  0.02415  0.50   77363    1868   76429   966357  12.49
  2014          75     0.02740  0.02703  0.50   75495    2040   74475   889928  11.79
  2014          76     0.03107  0.03060  0.50   73454    2248   72331   815453  11.10
  2014          77     0.03535  0.03474  0.50   71207    2474   69970   743123  10.44
  2014          78     0.04020  0.03941  0.50   68733    2709   67379   673153   9.79
  2014          79     0.04581  0.04478  0.50   66024    2957   64546   605774   9.17
  2014          80     0.05235  0.05102  0.50   63068    3218   61459   541228   8.58
  2014          81     0.05973  0.05800  0.50   59850    3471   58115   479769   8.02
  2014          82     0.06783  0.06561  0.50   56379    3699   54530   421654   7.48
  2014          83     0.07682  0.07398  0.50   52680    3897   50732   367125   6.97
  2014          84     0.08684  0.08323  0.50   48783    4060   46753   316393   6.49
  2014          85     0.09802  0.09344  0.50   44723    4179   42633   269640   6.03
  2014          86     0.11047  0.10469  0.50   40544    4244   38421   227007   5.60
  2014          87     0.12429  0.11702  0.50   36299    4248   34175   188586   5.20
  2014          88     0.13957  0.13047  0.50   32051    4182   29961   154411   4.82
  2014          89     0.15640  0.14506  0.50   27870    4043   25848   124450   4.47
  2014          90     0.17485  0.16079  0.50   23827    3831   21911    98602   4.14
  2014          91     0.19496  0.17765  0.50   19996    3552   18220    76690   3.84
  2014          92     0.21678  0.19558  0.50   16444    3216   14836    58470   3.56
  2014          93     0.24032  0.21454  0.50   13228    2838   11809    43635   3.30
  2014          94     0.26553  0.23441  0.50   10390    2435    9172    31826   3.06
  2014          95     0.29237  0.25508  0.50    7954    2029    6940    22654   2.85
  2014          96     0.32074  0.27641  0.50    5925    1638    5106    15714   2.65
  2014          97     0.35050  0.29823  0.50    4287    1279    3648    10608   2.47
  2014          98     0.38145  0.32035  0.50    3009     964    2527     6960   2.31
  2014          99     0.41341  0.34259  0.50    2045     701    1695     4433   2.17
  2014         100     0.44611  0.36475  0.50    1344     490    1099     2738   2.04
  2014         101     0.47928  0.38663  0.50     854     330     689     1639   1.92
  2014         102     0.51264  0.40805  0.50     524     214     417      950   1.81
  2014         103     0.54587  0.42883  0.50     310     133     244      533   1.72
  2014         104     0.57869  0.44882  0.50     177      79     137      290   1.64
  2014         105     0.61077  0.46789  0.50      98      46      75      152   1.56
  2014         106     0.64185  0.48591  0.50      52      25      39       78   1.50
  2014         107     0.67171  0.50283  0.50      27      13      20       38   1.44
  2014         108     0.70036  0.51871  0.50      13       7      10       18   1.38
  2014         109     0.72794  0.53369  0.50       6       3       5        9   1.34
  2014         110+    0.77086  1.00000  1.30       3       3       4        4   1.30
  2015           0     0.00185  0.00185  0.22  100000     185   99856  8089837  80.90
  2015           1     0.00025  0.00025  0.50   99815      25   99803  7989980  80.05
  2015           2     0.00024  0.00024  0.50   99791      24   99778  7890178  79.07
  2015           3     0.00021  0.00021  0.50   99766      21   99756  7790399  78.09
  2015           4     0.00016  0.00016  0.50   99746      16   99738  7690643  77.10
  2015           5     0.00012  0.00012  0.50   99730      12   99724  7590905  76.11
  2015           6     0.00010  0.00010  0.50   99718      10   99713  7491181  75.12
  2015           7     0.00008  0.00008  0.50   99708       8   99704  7391468  74.13
  2015           8     0.00006  0.00006  0.50   99700       6   99698  7291764  73.14
  2015           9     0.00004  0.00004  0.50   99695       4   99693  7192067  72.14
  2015          10     0.00003  0.00003  0.50   99691       3   99690  7092374  71.14
  2015          11     0.00003  0.00003  0.50   99688       3   99687  6992684  70.15
  2015          12     0.00005  0.00005  0.50   99685       5   99683  6892998  69.15
  2015          13     0.00009  0.00009  0.50   99680       8   99676  6793315  68.15
  2015          14     0.00012  0.00012  0.50   99671      12   99666  6693639  67.16
  2015          15     0.00014  0.00014  0.50   99660      14   99653  6593974  66.16
  2015          16     0.00016  0.00016  0.50   99646      16   99638  6494321  65.17
  2015          17     0.00017  0.00017  0.50   99630      17   99621  6394683  64.18
  2015          18     0.00023  0.00023  0.50   99613      23   99601  6295062  63.20
  2015          19     0.00036  0.00036  0.50   99590      35   99572  6195461  62.21
  2015          20     0.00049  0.00049  0.50   99554      49   99530  6095889  61.23
  2015          21     0.00058  0.00058  0.50   99506      58   99477  5996359  60.26
  2015          22     0.00062  0.00062  0.50   99448      62   99417  5896882  59.30
  2015          23     0.00065  0.00065  0.50   99386      64   99354  5797465  58.33
  2015          24     0.00071  0.00071  0.50   99322      70   99287  5698111  57.37
  2015          25     0.00077  0.00077  0.50   99251      76   99213  5598825  56.41
  2015          26     0.00079  0.00079  0.50   99175      78   99136  5499612  55.45
  2015          27     0.00074  0.00074  0.50   99097      73   99060  5400476  54.50
  2015          28     0.00066  0.00066  0.50   99024      66   98991  5301415  53.54
  2015          29     0.00063  0.00063  0.50   98958      62   98927  5202424  52.57
  2015          30     0.00066  0.00066  0.50   98896      65   98864  5103497  51.60
  2015          31     0.00071  0.00071  0.50   98831      70   98796  5004633  50.64
  2015          32     0.00076  0.00076  0.50   98761      75   98723  4905837  49.67
  2015          33     0.00080  0.00080  0.50   98686      79   98646  4807114  48.71
  2015          34     0.00085  0.00085  0.50   98607      83   98565  4708467  47.75
  2015          35     0.00087  0.00087  0.50   98523      86   98480  4609902  46.79
  2015          36     0.00088  0.00088  0.50   98437      86   98394  4511422  45.83
  2015          37     0.00092  0.00092  0.50   98351      91   98305  4413028  44.87
  2015          38     0.00101  0.00101  0.50   98260      99   98211  4314723  43.91
  2015          39     0.00113  0.00113  0.50   98161     111   98106  4216512  42.96
  2015          40     0.00123  0.00123  0.50   98050     121   97990  4118407  42.00
  2015          41     0.00129  0.00128  0.50   97930     126   97867  4020417  41.05
  2015          42     0.00133  0.00133  0.50   97804     130   97739  3922550  40.11
  2015          43     0.00139  0.00139  0.50   97674     135   97606  3824811  39.16
  2015          44     0.00144  0.00144  0.50   97538     141   97468  3727205  38.21
  2015          45     0.00150  0.00150  0.50   97398     146   97325  3629737  37.27
  2015          46     0.00157  0.00157  0.50   97252     152   97176  3532413  36.32
  2015          47     0.00167  0.00167  0.50   97099     162   97018  3435237  35.38
  2015          48     0.00182  0.00182  0.50   96938     176   96849  3338219  34.44
  2015          49     0.00204  0.00203  0.50   96761     197   96663  3241369  33.50
  2015          50     0.00227  0.00226  0.50   96564     219   96455  3144707  32.57
  2015          51     0.00247  0.00247  0.50   96346     238   96227  3048252  31.64
  2015          52     0.00270  0.00269  0.50   96108     259   95979  2952025  30.72
  2015          53     0.00301  0.00300  0.50   95849     288   95705  2856046  29.80
  2015          54     0.00342  0.00341  0.50   95561     326   95398  2760341  28.89
  2015          55     0.00390  0.00389  0.50   95235     370   95050  2664943  27.98
  2015          56     0.00441  0.00440  0.50   94865     418   94656  2569892  27.09
  2015          57     0.00493  0.00492  0.50   94447     465   94215  2475236  26.21
  2015          58     0.00541  0.00540  0.50   93983     507   93729  2381021  25.33
  2015          59     0.00582  0.00580  0.50   93475     542   93204  2287292  24.47
  2015          60     0.00627  0.00625  0.50   92933     580   92643  2194088  23.61
  2015          61     0.00686  0.00683  0.50   92352     631   92037  2101445  22.75
  2015          62     0.00752  0.00749  0.50   91721     687   91378  2009409  21.91
  2015          63     0.00819  0.00815  0.50   91034     742   90663  1918031  21.07
  2015          64     0.00896  0.00892  0.50   90292     806   89889  1827368  20.24
  2015          65     0.01000  0.00995  0.50   89486     890   89041  1737479  19.42
  2015          66     0.01138  0.01131  0.50   88595    1002   88094  1648439  18.61
  2015          67     0.01300  0.01292  0.50   87593    1132   87027  1560345  17.81
  2015          68     0.01475  0.01464  0.50   86461    1266   85829  1473317  17.04
  2015          69     0.01644  0.01630  0.50   85196    1389   84501  1387489  16.29
  2015          70     0.01789  0.01774  0.50   83807    1486   83064  1302987  15.55
  2015          71     0.01900  0.01882  0.50   82320    1550   81546  1219924  14.82
  2015          72     0.02006  0.01986  0.50   80771    1604   79969  1138378  14.09
  2015          73     0.02144  0.02121  0.50   79167    1679   78327  1058410  13.37
  2015          74     0.02351  0.02324  0.50   77488    1801   76588   980082  12.65
  2015          75     0.02647  0.02613  0.50   75687    1977   74699   903495  11.94
  2015          76     0.02992  0.02948  0.50   73710    2173   72623   828796  11.24
  2015          77     0.03375  0.03319  0.50   71537    2374   70350   756173  10.57
  2015          78     0.03806  0.03735  0.50   69163    2583   67871   685823   9.92
  2015          79     0.04318  0.04227  0.50   66580    2814   65172   617952   9.28
  2015          80     0.04944  0.04824  0.50   63765    3076   62227   552779   8.67
  2015          81     0.05672  0.05515  0.50   60689    3347   59015   490552   8.08
  2015          82     0.06489  0.06285  0.50   57342    3604   55540   431537   7.53
  2015          83     0.07404  0.07139  0.50   53738    3836   51820   375997   7.00
  2015          84     0.08429  0.08088  0.50   49902    4036   47884   324177   6.50
  2015          85     0.09578  0.09141  0.50   45865    4192   43769   276293   6.02
  2015          86     0.10864  0.10304  0.50   41673    4294   39526   232524   5.58
  2015          87     0.12298  0.11586  0.50   37379    4331   35214   192998   5.16
  2015          88     0.13894  0.12991  0.50   33048    4293   30902   157784   4.77
  2015          89     0.15659  0.14522  0.50   28755    4176   26667   126883   4.41
  2015          90     0.17602  0.16179  0.50   24579    3977   22591   100216   4.08
  2015          91     0.19731  0.17959  0.50   20603    3700   18753    77625   3.77
  2015          92     0.22047  0.19858  0.50   16903    3357   15224    58872   3.48
  2015          93     0.24553  0.21868  0.50   13546    2962   12065    43648   3.22
  2015          94     0.27242  0.23976  0.50   10584    2538    9315    31583   2.98
  2015          95     0.30109  0.26169  0.50    8046    2106    6993    22268   2.77
  2015          96     0.33139  0.28428  0.50    5941    1689    5096    15274   2.57
  2015          97     0.36315  0.30734  0.50    4252    1307    3598    10178   2.39
  2015          98     0.39614  0.33065  0.50    2945     974    2458     6580   2.23
  2015          99     0.43011  0.35398  0.50    1971     698    1622     4122   2.09
  2015         100     0.46475  0.37712  0.50    1273     480    1033     2499   1.96
  2015         101     0.49973  0.39983  0.50     793     317     635     1466   1.85
  2015         102     0.53471  0.42191  0.50     476     201     376      831   1.75
  2015         103     0.56934  0.44318  0.50     275     122     214      456   1.66
  2015         104     0.60327  0.46347  0.50     153      71     118      241   1.58
  2015         105     0.63617  0.48265  0.50      82      40      62      124   1.50
  2015         106     0.66776  0.50061  0.50      43      21      32       61   1.44
  2015         107     0.69785  0.51734  0.50      21      11      16       29   1.39
  2015         108     0.72651  0.53292  0.50      10       5       8       14   1.34
  2015         109     0.75399  0.54756  0.50       5       3       3        6   1.30
  2015         110+    0.79489  1.00000  1.26       2       2       3        3   1.26
  2016           0     0.00134  0.00133  0.23  100000     133   99897  8128829  81.29
  2016           1     0.00029  0.00029  0.50   99867      29   99852  8028932  80.40
  2016           2     0.00012  0.00012  0.50   99838      12   99831  7929080  79.42
  2016           3     0.00002  0.00002  0.50   99825       2   99824  7829249  78.43
  2016           4     0.00000  0.00000  0.50   99823       0   99823  7729425  77.43
  2016           5     0.00000  0.00000  0.50   99823       0   99823  7629602  76.43
  2016           6     0.00000  0.00000  0.50   99823       0   99823  7529779  75.43
  2016           7     0.00001  0.00001  0.50   99823       1   99822  7429956  74.43
  2016           8     0.00004  0.00004  0.50   99822       4   99820  7330134  73.43
  2016           9     0.00007  0.00007  0.50   99818       7   99814  7230314  72.44
  2016          10     0.00008  0.00008  0.50   99811       8   99807  7130500  71.44
  2016          11     0.00007  0.00007  0.50   99803       7   99799  7030693  70.45
  2016          12     0.00004  0.00004  0.50   99796       4   99794  6930894  69.45
  2016          13     0.00005  0.00005  0.50   99791       5   99789  6831100  68.45
  2016          14     0.00009  0.00009  0.50   99786       9   99781  6731311  67.46
  2016          15     0.00015  0.00015  0.50   99777      15   99769  6631530  66.46
  2016          16     0.00022  0.00022  0.50   99762      22   99751  6531761  65.47
  2016          17     0.00030  0.00030  0.50   99740      30   99725  6432010  64.49
  2016          18     0.00039  0.00039  0.50   99710      39   99691  6332285  63.51
  2016          19     0.00048  0.00048  0.50   99671      48   99647  6232594  62.53
  2016          20     0.00054  0.00054  0.50   99623      54   99596  6132947  61.56
  2016          21     0.00055  0.00055  0.50   99569      55   99542  6033351  60.59
  2016          22     0.00051  0.00051  0.50   99515      50   99490  5933808  59.63
  2016          23     0.00047  0.00047  0.50   99465      47   99441  5834319  58.66
  2016          24     0.00051  0.00051  0.50   99417      51   99392  5734878  57.68
  2016          25     0.00057  0.00057  0.50   99367      57   99339  5635485  56.71
  2016          26     0.00061  0.00061  0.50   99310      60   99280  5536147  55.75
  2016          27     0.00059  0.00059  0.50   99250      58   99221  5436867  54.78
  2016          28     0.00052  0.00052  0.50   99192      52   99166  5337646  53.81
  2016          29     0.00044  0.00044  0.50   99140      43   99118  5238480  52.84
  2016          30     0.00041  0.00041  0.50   99097      41   99076  5139362  51.86
  2016          31     0.00044  0.00044  0.50   99056      44   99034  5040286  50.88
  2016          32     0.00052  0.00052  0.50   99012      51   98986  4941252  49.91
  2016          33     0.00061  0.00061  0.50   98961      61   98930  4842266  48.93
  2016          34     0.00072  0.00072  0.50   98900      71   98864  4743335  47.96
  2016          35     0.00080  0.00080  0.50   98829      79   98789  4644471  47.00
  2016          36     0.00082  0.00082  0.50   98749      81   98709  4545682  46.03
  2016          37     0.00077  0.00077  0.50   98668      76   98630  4446973  45.07
  2016          38     0.00073  0.00073  0.50   98592      72   98556  4348343  44.10
  2016          39     0.00078  0.00078  0.50   98520      76   98482  4249786  43.14
  2016          40     0.00088  0.00088  0.50   98444      86   98401  4151304  42.17
  2016          41     0.00100  0.00100  0.50   98358      98   98309  4052903  41.21
  2016          42     0.00113  0.00113  0.50   98260     111   98204  3954595  40.25
  2016          43     0.00124  0.00124  0.50   98149     121   98088  3856391  39.29
  2016          44     0.00130  0.00130  0.50   98027     127   97964  3758303  38.34
  2016          45     0.00135  0.00135  0.50   97900     132   97834  3660339  37.39
  2016          46     0.00144  0.00144  0.50   97768     141   97697  3562505  36.44
  2016          47     0.00156  0.00156  0.50   97627     152   97551  3464808  35.49
  2016          48     0.00170  0.00170  0.50   97475     166   97392  3367257  34.54
  2016          49     0.00186  0.00186  0.50   97309     181   97218  3269865  33.60
  2016          50     0.00205  0.00205  0.50   97128     199   97028  3172647  32.66
  2016          51     0.00229  0.00228  0.50   96929     221   96818  3075619  31.73
  2016          52     0.00260  0.00259  0.50   96707     251   96582  2978801  30.80
  2016          53     0.00299  0.00299  0.50   96457     288   96313  2882219  29.88
  2016          54     0.00343  0.00342  0.50   96169     329   96004  2785906  28.97
  2016          55     0.00392  0.00391  0.50   95839     375   95652  2689903  28.07
  2016          56     0.00445  0.00444  0.50   95465     424   95253  2594251  27.17
  2016          57     0.00498  0.00497  0.50   95040     472   94804  2498998  26.29
  2016          58     0.00545  0.00544  0.50   94568     514   94311  2404194  25.42
  2016          59     0.00595  0.00593  0.50   94054     558   93775  2309882  24.56
  2016          60     0.00645  0.00643  0.50   93496     601   93196  2216107  23.70
  2016          61     0.00692  0.00690  0.50   92895     641   92575  2122911  22.85
  2016          62     0.00750  0.00747  0.50   92255     689   91910  2030336  22.01
  2016          63     0.00827  0.00824  0.50   91566     754   91189  1938426  21.17
  2016          64     0.00906  0.00902  0.50   90811     819   90402  1847238  20.34
  2016          65     0.00974  0.00969  0.50   89992     872   89556  1756836  19.52
  2016          66     0.01062  0.01057  0.50   89120     942   88649  1667280  18.71
  2016          67     0.01182  0.01175  0.50   88178    1036   87660  1578632  17.90
  2016          68     0.01335  0.01326  0.50   87142    1155   86564  1490972  17.11
  2016          69     0.01525  0.01513  0.50   85987    1301   85336  1404407  16.33
  2016          70     0.01747  0.01732  0.50   84685    1467   83952  1319072  15.58
  2016          71     0.01962  0.01943  0.50   83218    1617   82410  1235120  14.84
  2016          72     0.02143  0.02120  0.50   81602    1730   80737  1152710  14.13
  2016          73     0.02286  0.02261  0.50   79871    1806   78969  1071973  13.42
  2016          74     0.02448  0.02419  0.50   78066    1888   77122   993005  12.72
  2016          75     0.02680  0.02645  0.50   76178    2015   75170   915883  12.02
  2016          76     0.02961  0.02918  0.50   74163    2164   73081   840712  11.34
  2016          77     0.03297  0.03243  0.50   71999    2335   70831   767631  10.66
  2016          78     0.03705  0.03637  0.50   69664    2534   68397   696800  10.00
  2016          79     0.04215  0.04128  0.50   67130    2771   65744   628403   9.36
  2016          80     0.04847  0.04732  0.50   64359    3046   62836   562659   8.74
  2016          81     0.05581  0.05429  0.50   61313    3329   59649   499823   8.15
  2016          82     0.06392  0.06194  0.50   57984    3592   56188   440174   7.59
  2016          83     0.07293  0.07037  0.50   54393    3827   52479   383986   7.06
  2016          84     0.08302  0.07971  0.50   50565    4030   48550   331507   6.56
  2016          85     0.09432  0.09008  0.50   46535    4192   44439   282957   6.08
  2016          86     0.10699  0.10156  0.50   42343    4300   40193   238518   5.63
  2016          87     0.12114  0.11422  0.50   38043    4345   35870   198325   5.21
  2016          88     0.13689  0.12812  0.50   33697    4317   31539   162455   4.82
  2016          89     0.15432  0.14326  0.50   29380    4209   27276   130916   4.46
  2016          90     0.17353  0.15967  0.50   25171    4019   23161   103641   4.12
  2016          91     0.19457  0.17732  0.50   21152    3751   19277    80479   3.80
  2016          92     0.21749  0.19616  0.50   17401    3413   15695    61203   3.52
  2016          93     0.24231  0.21612  0.50   13988    3023   12476    45508   3.25
  2016          94     0.26897  0.23709  0.50   10965    2600    9665    33032   3.01
  2016          95     0.29742  0.25891  0.50    8365    2166    7282    23367   2.79
  2016          96     0.32752  0.28143  0.50    6199    1745    5327    16085   2.59
  2016          97     0.35911  0.30445  0.50    4455    1356    3777    10758   2.41
  2016          98     0.39197  0.32774  0.50    3098    1015    2591     6981   2.25
  2016          99     0.42583  0.35108  0.50    2083     731    1717     4391   2.11
  2016         100     0.46041  0.37425  0.50    1352     506    1099     2673   1.98
  2016         101     0.49537  0.39703  0.50     846     336     678     1575   1.86
  2016         102     0.53037  0.41921  0.50     510     214     403      897   1.76
  2016         103     0.56509  0.44060  0.50     296     131     231      494   1.67
  2016         104     0.59917  0.46104  0.50     166      76     127      263   1.58
  2016         105     0.63228  0.48040  0.50      89      43      68      135   1.51
  2016         106     0.66411  0.49856  0.50      46      23      35       67   1.45
  2016         107     0.69443  0.51545  0.50      23      12      17       32   1.39
  2016         108     0.72320  0.53114  0.50      11       6       8       15   1.34
  2016         109     0.75061  0.54577  0.50       5       3       4        7   1.30
  2016         110+    0.79221  1.00000  1.26       2       2       3        3   1.26
  2017           0     0.00205  0.00205  0.22  100000     205   99840  8123109  81.23
  2017           1     0.00056  0.00056  0.50   99795      56   99767  8023270  80.40
  2017           2     0.00031  0.00031  0.50   99739      31   99723  7923503  79.44
  2017           3     0.00014  0.00014  0.50   99708      14   99701  7823780  78.47
  2017           4     0.00005  0.00005  0.50   99694       5   99691  7724079  77.48
  2017           5     0.00001  0.00001  0.50   99689       1   99688  7624388  76.48
  2017           6     0.00001  0.00001  0.50   99688       1   99687  7524699  75.48
  2017           7     0.00003  0.00003  0.50   99686       3   99685  7425012  74.48
  2017           8     0.00003  0.00003  0.50   99684       3   99682  7325327  73.49
  2017           9     0.00004  0.00004  0.50   99681       4   99679  7225645  72.49
  2017          10     0.00008  0.00008  0.50   99677       8   99673  7125966  71.49
  2017          11     0.00011  0.00011  0.50   99669      11   99663  7026293  70.50
  2017          12     0.00011  0.00011  0.50   99658      11   99652  6926629  69.50
  2017          13     0.00010  0.00010  0.50   99647      10   99642  6826977  68.51
  2017          14     0.00012  0.00012  0.50   99637      12   99631  6727335  67.52
  2017          15     0.00016  0.00016  0.50   99625      16   99617  6627704  66.53
  2017          16     0.00021  0.00021  0.50   99609      21   99599  6528087  65.54
  2017          17     0.00028  0.00028  0.50   99588      28   99575  6428488  64.55
  2017          18     0.00035  0.00035  0.50   99561      35   99543  6328913  63.57
  2017          19     0.00040  0.00040  0.50   99526      40   99506  6229370  62.59
  2017          20     0.00042  0.00042  0.50   99486      42   99465  6129864  61.62
  2017          21     0.00041  0.00041  0.50   99444      41   99424  6030399  60.64
  2017          22     0.00039  0.00039  0.50   99404      39   99384  5930975  59.67
  2017          23     0.00038  0.00038  0.50   99365      38   99346  5831591  58.69
  2017          24     0.00039  0.00039  0.50   99327      39   99308  5732244  57.71
  2017          25     0.00046  0.00046  0.50   99289      46   99266  5632936  56.73
  2017          26     0.00055  0.00055  0.50   99243      54   99216  5533671  55.76
  2017          27     0.00058  0.00058  0.50   99188      57   99160  5434455  54.79
  2017          28     0.00058  0.00058  0.50   99131      57   99103  5335295  53.82
  2017          29     0.00059  0.00059  0.50   99074      58   99045  5236193  52.85
  2017          30     0.00063  0.00063  0.50   99016      62   98985  5137148  51.88
  2017          31     0.00068  0.00068  0.50   98954      67   98920  5038163  50.91
  2017          32     0.00071  0.00071  0.50   98887      70   98852  4939243  49.95
  2017          33     0.00072  0.00072  0.50   98816      71   98781  4840391  48.98
  2017          34     0.00071  0.00071  0.50   98746      70   98711  4741610  48.02
  2017          35     0.00075  0.00075  0.50   98676      74   98639  4642900  47.05
  2017          36     0.00087  0.00087  0.50   98602      86   98559  4544261  46.09
  2017          37     0.00092  0.00092  0.50   98516      90   98471  4445702  45.13
  2017          38     0.00087  0.00087  0.50   98426      85   98383  4347231  44.17
  2017          39     0.00076  0.00076  0.50   98340      74   98303  4248848  43.21
  2017          40     0.00070  0.00070  0.50   98266      69   98231  4150544  42.24
  2017          41     0.00081  0.00081  0.50   98197      79   98157  4052313  41.27
  2017          42     0.00096  0.00096  0.50   98118      94   98071  3954156  40.30
  2017          43     0.00111  0.00111  0.50   98023     108   97969  3856085  39.34
  2017          44     0.00123  0.00123  0.50   97915     120   97855  3758116  38.38
  2017          45     0.00135  0.00135  0.50   97795     132   97729  3660261  37.43
  2017          46     0.00152  0.00152  0.50   97663     149   97588  3562532  36.48
  2017          47     0.00171  0.00171  0.50   97514     166   97431  3464944  35.53
  2017          48     0.00193  0.00193  0.50   97348     187   97254  3367513  34.59
  2017          49     0.00220  0.00219  0.50   97160     213   97054  3270259  33.66
  2017          50     0.00249  0.00248  0.50   96947     241   96827  3173205  32.73
  2017          51     0.00276  0.00275  0.50   96706     266   96573  3076379  31.81
  2017          52     0.00299  0.00298  0.50   96440     288   96296  2979806  30.90
  2017          53     0.00319  0.00318  0.50   96152     306   95999  2883510  29.99
  2017          54     0.00345  0.00345  0.50   95846     330   95681  2787511  29.08
  2017          55     0.00381  0.00380  0.50   95515     363   95334  2691830  28.18
  2017          56     0.00426  0.00425  0.50   95152     404   94950  2596496  27.29
  2017          57     0.00483  0.00482  0.50   94748     457   94520  2501546  26.40
  2017          58     0.00550  0.00549  0.50   94291     517   94033  2407027  25.53
  2017          59     0.00600  0.00598  0.50   93774     561   93493  2312994  24.67
  2017          60     0.00637  0.00635  0.50   93213     592   92917  2219501  23.81
  2017          61     0.00672  0.00669  0.50   92621     620   92311  2126584  22.96
  2017          62     0.00709  0.00706  0.50   92001     650   91676  2034273  22.11
  2017          63     0.00752  0.00749  0.50   91351     685   91009  1942597  21.27
  2017          64     0.00815  0.00812  0.50   90667     736   90299  1851588  20.42
  2017          65     0.00914  0.00909  0.50   89931     818   89522  1761289  19.58
  2017          66     0.01060  0.01054  0.50   89113     939   88643  1671768  18.76
  2017          67     0.01214  0.01207  0.50   88173    1064   87641  1583125  17.95
  2017          68     0.01337  0.01329  0.50   87109    1157   86531  1495483  17.17
  2017          69     0.01450  0.01440  0.50   85952    1237   85333  1408953  16.39
  2017          70     0.01585  0.01573  0.50   84715    1332   84048  1323619  15.62
  2017          71     0.01762  0.01747  0.50   83382    1456   82654  1239571  14.87
  2017          72     0.01971  0.01951  0.50   81926    1599   81127  1156917  14.12
  2017          73     0.02198  0.02174  0.50   80327    1746   79454  1075790  13.39
  2017          74     0.02450  0.02420  0.50   78581    1902   77630   996336  12.68
  2017          75     0.02741  0.02704  0.50   76679    2073   75643   918706  11.98
  2017          76     0.03087  0.03040  0.50   74606    2268   73472   843064  11.30
  2017          77     0.03464  0.03405  0.50   72338    2463   71106   769592  10.64
  2017          78     0.03851  0.03778  0.50   69875    2640   68555   698485  10.00
  2017          79     0.04296  0.04206  0.50   67235    2828   65821   629930   9.37
  2017          80     0.04855  0.04740  0.50   64407    3053   62881   564109   8.76
  2017          81     0.05535  0.05386  0.50   61354    3304   59702   501229   8.17
  2017          82     0.06330  0.06135  0.50   58050    3562   56269   441527   7.61
  2017          83     0.07230  0.06978  0.50   54488    3802   52587   385258   7.07
  2017          84     0.08244  0.07918  0.50   50686    4013   48679   332671   6.56
  2017          85     0.09381  0.08961  0.50   46673    4182   44581   283992   6.08
  2017          86     0.10654  0.10115  0.50   42490    4298   40341   239411   5.63
  2017          87     0.12077  0.11389  0.50   38192    4350   36017   199069   5.21
  2017          88     0.13660  0.12787  0.50   33843    4327   31679   163052   4.82
  2017          89     0.15415  0.14312  0.50   29515    4224   27403   131373   4.45
  2017          90     0.17350  0.15965  0.50   25291    4038   23272   103970   4.11
  2017          91     0.19472  0.17744  0.50   21253    3771   19368    80698   3.80
  2017          92     0.21784  0.19645  0.50   17482    3434   15765    61330   3.51
  2017          93     0.24289  0.21659  0.50   14048    3043   12527    45565   3.24
  2017          94     0.26982  0.23774  0.50   11005    2616    9697    33038   3.00
  2017          95     0.29855  0.25977  0.50    8389    2179    7299    23341   2.78
  2017          96     0.32896  0.28250  0.50    6210    1754    5333    16042   2.58
  2017          97     0.36088  0.30571  0.50    4455    1362    3774    10710   2.40
  2017          98     0.39406  0.32920  0.50    3093    1018    2584     6935   2.24
  2017          99     0.42825  0.35272  0.50    2075     732    1709     4351   2.10
  2017         100     0.46314  0.37606  0.50    1343     505    1091     2642   1.97
  2017         101     0.49840  0.39897  0.50     838     334     671     1551   1.85
  2017         102     0.53367  0.42126  0.50     504     212     398      881   1.75
  2017         103     0.56862  0.44274  0.50     291     129     227      483   1.66
  2017         104     0.60288  0.46324  0.50     162      75     125      256   1.58
  2017         105     0.63613  0.48262  0.50      87      42      66      131   1.50
  2017         106     0.66805  0.50078  0.50      45      23      34       65   1.44
  2017         107     0.69839  0.51764  0.50      23      12      17       31   1.39
  2017         108     0.72717  0.53328  0.50      11       6       8       15   1.34
  2017         109     0.75453  0.54785  0.50       5       3       4        7   1.29
  2017         110+    0.79580  1.00000  1.26       2       2       3        3   1.26
  2018           0     0.00170  0.00170  0.22  100000     170   99868  8145487  81.45
  2018           1     0.00028  0.00028  0.50   99830      28   99816  8045619  80.59
  2018           2     0.00013  0.00013  0.50   99802      13   99795  7945803  79.62
  2018           3     0.00004  0.00004  0.50   99789       4   99787  7846007  78.63
  2018           4     0.00000  0.00000  0.50   99785       0   99785  7746220  77.63
  2018           5     0.00001  0.00001  0.50   99784       1   99784  7646436  76.63
  2018           6     0.00002  0.00002  0.50   99784       2   99783  7546652  75.63
  2018           7     0.00002  0.00002  0.50   99782       2   99781  7446869  74.63
  2018           8     0.00004  0.00004  0.50   99779       4   99778  7347088  73.63
  2018           9     0.00005  0.00005  0.50   99776       5   99773  7247311  72.64
  2018          10     0.00006  0.00006  0.50   99771       6   99768  7147537  71.64
  2018          11     0.00007  0.00007  0.50   99765       7   99762  7047769  70.64
  2018          12     0.00008  0.00008  0.50   99759       8   99755  6948007  69.65
  2018          13     0.00011  0.00011  0.50   99751      11   99745  6848253  68.65
  2018          14     0.00016  0.00016  0.50   99740      16   99732  6748507  67.66
  2018          15     0.00021  0.00021  0.50   99724      21   99713  6648776  66.67
  2018          16     0.00028  0.00028  0.50   99702      28   99689  6549063  65.69
  2018          17     0.00034  0.00034  0.50   99675      34   99658  6449374  64.70
  2018          18     0.00040  0.00040  0.50   99640      40   99620  6349716  63.73
  2018          19     0.00043  0.00043  0.50   99601      42   99579  6250096  62.75
  2018          20     0.00042  0.00042  0.50   99558      42   99537  6150517  61.78
  2018          21     0.00040  0.00040  0.50   99516      39   99497  6050979  60.80
  2018          22     0.00038  0.00038  0.50   99477      37   99458  5951483  59.83
  2018          23     0.00037  0.00037  0.50   99440      37   99421  5852024  58.85
  2018          24     0.00038  0.00038  0.50   99403      38   99384  5752603  57.87
  2018          25     0.00040  0.00040  0.50   99365      39   99345  5653219  56.89
  2018          26     0.00042  0.00042  0.50   99326      42   99304  5553874  55.92
  2018          27     0.00048  0.00048  0.50   99283      48   99260  5454569  54.94
  2018          28     0.00057  0.00057  0.50   99236      56   99208  5355310  53.97
  2018          29     0.00068  0.00068  0.50   99179      67   99146  5256102  53.00
  2018          30     0.00080  0.00080  0.50   99112      80   99072  5156957  52.03
  2018          31     0.00089  0.00089  0.50   99032      88   98988  5057884  51.07
  2018          32     0.00090  0.00090  0.50   98944      89   98900  4958896  50.12
  2018          33     0.00087  0.00087  0.50   98855      86   98812  4859996  49.16
  2018          34     0.00081  0.00081  0.50   98769      80   98729  4761184  48.21
  2018          35     0.00074  0.00074  0.50   98689      73   98653  4662455  47.24
  2018          36     0.00068  0.00068  0.50   98616      67   98583  4563802  46.28
  2018          37     0.00065  0.00065  0.50   98549      64   98517  4465220  45.31
  2018          38     0.00063  0.00063  0.50   98485      63   98454  4366703  44.34
  2018          39     0.00063  0.00063  0.50   98422      62   98391  4268249  43.37
  2018          40     0.00068  0.00068  0.50   98360      67   98327  4169858  42.39
  2018          41     0.00080  0.00080  0.50   98293      78   98254  4071531  41.42
  2018          42     0.00093  0.00093  0.50   98215      91   98169  3973277  40.46
  2018          43     0.00106  0.00106  0.50   98124     104   98072  3875108  39.49
  2018          44     0.00121  0.00121  0.50   98020     118   97960  3777037  38.53
  2018          45     0.00136  0.00136  0.50   97901     133   97835  3679076  37.58
  2018          46     0.00150  0.00150  0.50   97768     146   97695  3581242  36.63
  2018          47     0.00161  0.00161  0.50   97622     157   97544  3483546  35.68
  2018          48     0.00173  0.00173  0.50   97465     169   97381  3386003  34.74
  2018          49     0.00190  0.00190  0.50   97296     185   97204  3288622  33.80
  2018          50     0.00215  0.00215  0.50   97111     209   97007  3191418  32.86
  2018          51     0.00251  0.00251  0.50   96902     243   96781  3094412  31.93
  2018          52     0.00296  0.00295  0.50   96659     285   96517  2997631  31.01
  2018          53     0.00345  0.00345  0.50   96374     332   96208  2901114  30.10
  2018          54     0.00391  0.00390  0.50   96042     375   95855  2804906  29.21
  2018          55     0.00430  0.00429  0.50   95667     410   95462  2709052  28.32
  2018          56     0.00462  0.00461  0.50   95257     439   95037  2613590  27.44
  2018          57     0.00490  0.00489  0.50   94817     463   94586  2518552  26.56
  2018          58     0.00517  0.00515  0.50   94354     486   94111  2423967  25.69
  2018          59     0.00554  0.00552  0.50   93868     518   93608  2329856  24.82
  2018          60     0.00610  0.00608  0.50   93349     568   93065  2236248  23.96
  2018          61     0.00688  0.00686  0.50   92781     636   92463  2143182  23.10
  2018          62     0.00760  0.00757  0.50   92145     698   91796  2050719  22.26
  2018          63     0.00803  0.00800  0.50   91447     732   91082  1958922  21.42
  2018          64     0.00832  0.00829  0.50   90716     752   90340  1867841  20.59
  2018          65     0.00874  0.00870  0.50   89964     783   89572  1777501  19.76
  2018          66     0.00952  0.00947  0.50   89181     845   88759  1687928  18.93
  2018          67     0.01073  0.01067  0.50   88336     943   87865  1599170  18.10
  2018          68     0.01237  0.01230  0.50   87394    1075   86856  1511305  17.29
  2018          69     0.01435  0.01425  0.50   86319    1230   85704  1424448  16.50
  2018          70     0.01657  0.01643  0.50   85089    1398   84390  1338744  15.73
  2018          71     0.01903  0.01885  0.50   83691    1578   82902  1254354  14.99
  2018          72     0.02142  0.02119  0.50   82113    1740   81243  1171452  14.27
  2018          73     0.02345  0.02317  0.50   80373    1863   79442  1090208  13.56
  2018          74     0.02529  0.02498  0.50   78511    1961   77530  1010766  12.87
  2018          75     0.02726  0.02689  0.50   76550    2059   75520   933236  12.19
  2018          76     0.02959  0.02916  0.50   74491    2172   73405   857716  11.51
  2018          77     0.03226  0.03175  0.50   72319    2296   71171   784310  10.85
  2018          78     0.03531  0.03470  0.50   70023    2429   68809   713139  10.18
  2018          79     0.03930  0.03854  0.50   67594    2605   66291   644331   9.53
  2018          80     0.04476  0.04378  0.50   64989    2845   63566   578039   8.89
  2018          81     0.05159  0.05029  0.50   62144    3125   60581   514473   8.28
  2018          82     0.05958  0.05786  0.50   59019    3415   57311   453891   7.69
  2018          83     0.06868  0.06640  0.50   55604    3692   53758   396580   7.13
  2018          84     0.07897  0.07597  0.50   51912    3944   49940   342823   6.60
  2018          85     0.09057  0.08665  0.50   47968    4156   45890   292883   6.11
  2018          86     0.10366  0.09855  0.50   43812    4318   41653   246993   5.64
  2018          87     0.11837  0.11176  0.50   39494    4414   37287   205340   5.20
  2018          88     0.13487  0.12635  0.50   35080    4432   32864   168052   4.79
  2018          89     0.15326  0.14235  0.50   30648    4363   28467   135188   4.41
  2018          90     0.17367  0.15979  0.50   26285    4200   24185   106722   4.06
  2018          91     0.19616  0.17864  0.50   22085    3945   20112    82536   3.74
  2018          92     0.22078  0.19883  0.50   18140    3607   16336    62424   3.44
  2018          93     0.24753  0.22027  0.50   14533    3201   12933    46088   3.17
  2018          94     0.27637  0.24282  0.50   11332    2752    9956    33155   2.93
  2018          95     0.30720  0.26630  0.50    8580    2285    7438    23199   2.70
  2018          96     0.33984  0.29048  0.50    6295    1829    5381    15761   2.50
  2018          97     0.37408  0.31513  0.50    4467    1408    3763    10380   2.32
  2018          98     0.40961  0.33998  0.50    3059    1040    2539     6617   2.16
  2018          99     0.44611  0.36475  0.50    2019     736    1651     4078   2.02
  2018         100     0.48321  0.38918  0.50    1283     499    1033     2427   1.89
  2018         101     0.52049  0.41300  0.50     783     324     622     1394   1.78
  2018         102     0.55754  0.43600  0.50     460     201     360      773   1.68
  2018         103     0.59397  0.45796  0.50     259     119     200      413   1.59
  2018         104     0.62936  0.47872  0.50     141      67     107      213   1.52
  2018         105     0.66335  0.49813  0.50      73      37      55      106   1.45
  2018         106     0.69565  0.51613  0.50      37      19      27       51   1.39
  2018         107     0.72603  0.53266  0.50      18       9      13       24   1.34
  2018         108     0.75459  0.54788  0.50       8       5       6       11   1.29
  2018         109     0.78162  0.56199  0.50       4       2       3        5   1.25
  2018         110+    0.82056  1.00000  1.22       2       2       2        2   1.22
  2019           0     0.00209  0.00209  0.22  100000     209   99837  8161367  81.61
  2019           1     0.00021  0.00021  0.50   99791      21   99781  8061530  80.78
  2019           2     0.00012  0.00012  0.50   99770      12   99764  7961750  79.80
  2019           3     0.00006  0.00006  0.50   99759       6   99756  7861985  78.81
  2019           4     0.00004  0.00004  0.50   99753       4   99751  7762230  77.81
  2019           5     0.00006  0.00006  0.50   99749       6   99746  7662479  76.82
  2019           6     0.00010  0.00010  0.50   99742      10   99737  7562733  75.82
  2019           7     0.00013  0.00013  0.50   99732      13   99726  7462996  74.83
  2019           8     0.00010  0.00010  0.50   99719      10   99714  7363270  73.84
  2019           9     0.00005  0.00005  0.50   99709       5   99707  7263556  72.85
  2019          10     0.00001  0.00001  0.50   99705       1   99704  7163849  71.85
  2019          11     0.00000  0.00000  0.50   99704       0   99704  7064145  70.85
  2019          12     0.00001  0.00001  0.50   99704       1   99703  6964441  69.85
  2019          13     0.00008  0.00008  0.50   99703       8   99699  6864738  68.85
  2019          14     0.00017  0.00017  0.50   99695      17   99687  6765039  67.86
  2019          15     0.00025  0.00025  0.50   99678      25   99666  6665352  66.87
  2019          16     0.00031  0.00031  0.50   99653      31   99638  6565686  65.89
  2019          17     0.00032  0.00032  0.50   99623      32   99607  6466049  64.91
  2019          18     0.00032  0.00032  0.50   99591      32   99575  6366442  63.93
  2019          19     0.00038  0.00038  0.50   99559      37   99540  6266867  62.95
  2019          20     0.00046  0.00046  0.50   99521      46   99498  6167327  61.97
  2019          21     0.00051  0.00051  0.50   99475      51   99450  6067829  61.00
  2019          22     0.00047  0.00047  0.50   99425      47   99401  5968379  60.03
  2019          23     0.00043  0.00043  0.50   99378      43   99357  5868977  59.06
  2019          24     0.00049  0.00049  0.50   99335      49   99311  5769621  58.08
  2019          25     0.00059  0.00059  0.50   99286      59   99257  5670310  57.11
  2019          26     0.00064  0.00064  0.50   99228      64   99196  5571053  56.14
  2019          27     0.00060  0.00060  0.50   99164      59   99134  5471857  55.18
  2019          28     0.00053  0.00053  0.50   99105      52   99079  5372723  54.21
  2019          29     0.00050  0.00050  0.50   99053      50   99028  5273644  53.24
  2019          30     0.00051  0.00051  0.50   99003      51   98977  5174617  52.27
  2019          31     0.00052  0.00052  0.50   98952      51   98926  5075639  51.29
  2019          32     0.00049  0.00049  0.50   98901      48   98877  4976713  50.32
  2019          33     0.00043  0.00043  0.50   98853      42   98831  4877836  49.34
  2019          34     0.00037  0.00037  0.50   98810      37   98792  4779005  48.37
  2019          35     0.00036  0.00036  0.50   98774      36   98756  4680213  47.38
  2019          36     0.00044  0.00044  0.50   98738      43   98716  4581457  46.40
  2019          37     0.00059  0.00059  0.50   98695      58   98666  4482741  45.42
  2019          38     0.00073  0.00073  0.50   98637      72   98601  4384075  44.45
  2019          39     0.00081  0.00081  0.50   98565      80   98525  4285474  43.48
  2019          40     0.00087  0.00087  0.50   98485      86   98442  4186949  42.51
  2019          41     0.00098  0.00098  0.50   98399      96   98351  4088507  41.55
  2019          42     0.00116  0.00116  0.50   98303     114   98246  3990156  40.59
  2019          43     0.00135  0.00135  0.50   98189     132   98123  3891910  39.64
  2019          44     0.00146  0.00146  0.50   98057     143   97985  3793787  38.69
  2019          45     0.00155  0.00154  0.50   97914     151   97838  3695801  37.75
  2019          46     0.00166  0.00166  0.50   97763     162   97681  3597963  36.80
  2019          47     0.00186  0.00186  0.50   97600     181   97510  3500281  35.86
  2019          48     0.00211  0.00211  0.50   97419     206   97316  3402772  34.93
  2019          49     0.00238  0.00238  0.50   97213     231   97098  3305456  34.00
  2019          50     0.00259  0.00258  0.50   96982     251   96857  3208358  33.08
  2019          51     0.00270  0.00270  0.50   96732     261   96601  3111501  32.17
  2019          52     0.00280  0.00280  0.50   96471     270   96336  3014899  31.25
  2019          53     0.00303  0.00303  0.50   96201     291   96055  2918563  30.34
  2019          54     0.00353  0.00352  0.50   95910     338   95741  2822508  29.43
  2019          55     0.00406  0.00406  0.50   95572     388   95379  2726767  28.53
  2019          56     0.00441  0.00440  0.50   95185     419   94975  2631388  27.65
  2019          57     0.00465  0.00464  0.50   94766     440   94546  2536413  26.77
  2019          58     0.00488  0.00486  0.50   94326     459   94097  2441867  25.89
  2019          59     0.00508  0.00507  0.50   93867     476   93629  2347771  25.01
  2019          60     0.00540  0.00538  0.50   93392     503   93140  2254141  24.14
  2019          61     0.00597  0.00596  0.50   92889     553   92612  2161001  23.26
  2019          62     0.00680  0.00677  0.50   92336     626   92023  2068388  22.40
  2019          63     0.00779  0.00776  0.50   91710     711   91354  1976366  21.55
  2019          64     0.00878  0.00874  0.50   90999     795   90601  1885011  20.71
  2019          65     0.00963  0.00959  0.50   90203     865   89771  1794410  19.89
  2019          66     0.01043  0.01037  0.50   89338     927   88875  1704640  19.08
  2019          67     0.01142  0.01135  0.50   88412    1004   87910  1615765  18.28
  2019          68     0.01280  0.01271  0.50   87408    1111   86852  1527855  17.48
  2019          69     0.01442  0.01432  0.50   86297    1236   85679  1441002  16.70
  2019          70     0.01606  0.01593  0.50   85061    1355   84383  1355324  15.93
  2019          71     0.01757  0.01741  0.50   83706    1458   82977  1270940  15.18
  2019          72     0.01914  0.01896  0.50   82248    1559   81468  1187963  14.44
  2019          73     0.02100  0.02078  0.50   80689    1677   79851  1106495  13.71
  2019          74     0.02306  0.02280  0.50   79012    1801   78112  1026644  12.99
  2019          75     0.02528  0.02497  0.50   77211    1928   76247   948533  12.28
  2019          76     0.02793  0.02755  0.50   75283    2074   74246   872286  11.59
  2019          77     0.03123  0.03075  0.50   73209    2251   72084   798040  10.90
  2019          78     0.03534  0.03472  0.50   70958    2464   69726   725956  10.23
  2019          79     0.04027  0.03948  0.50   68494    2704   67142   656230   9.58
  2019          80     0.04604  0.04500  0.50   65790    2961   64310   589088   8.95
  2019          81     0.05272  0.05136  0.50   62830    3227   61216   524778   8.35
  2019          82     0.06039  0.05862  0.50   59603    3494   57855   463562   7.78
  2019          83     0.06907  0.06677  0.50   56108    3746   54235   405707   7.23
  2019          84     0.07886  0.07587  0.50   52362    3973   50376   351472   6.71
  2019          85     0.08988  0.08601  0.50   48389    4162   46308   301096   6.22
  2019          86     0.10226  0.09728  0.50   44227    4303   42076   254787   5.76
  2019          87     0.11613  0.10975  0.50   39925    4382   37734   212712   5.33
  2019          88     0.13160  0.12347  0.50   35543    4389   33348   174978   4.92
  2019          89     0.14879  0.13849  0.50   31154    4314   28997   141629   4.55
  2019          90     0.16779  0.15480  0.50   26840    4155   24762   112632   4.20
  2019          91     0.18868  0.17241  0.50   22685    3911   20729    87870   3.87
  2019          92     0.21150  0.19128  0.50   18774    3591   16978    67141   3.58
  2019          93     0.23629  0.21132  0.50   15183    3208   13579    50163   3.30
  2019          94     0.26300  0.23243  0.50   11974    2783   10583    36584   3.06
  2019          95     0.29158  0.25448  0.50    9191    2339    8022    26001   2.83
  2019          96     0.32190  0.27727  0.50    6852    1900    5902    17980   2.62
  2019          97     0.35381  0.30062  0.50    4952    1489    4208    12077   2.44
  2019          98     0.38706  0.32430  0.50    3463    1123    2902     7870   2.27
  2019          99     0.42139  0.34806  0.50    2340     815    1933     4968   2.12
  2019         100     0.45651  0.37167  0.50    1526     567    1242     3035   1.99
  2019         101     0.49206  0.39490  0.50     959     379     769     1793   1.87
  2019         102     0.52770  0.41753  0.50     580     242     459     1023   1.76
  2019         103     0.56306  0.43937  0.50     338     148     264      564   1.67
  2019         104     0.59778  0.46022  0.50     189      87     146      301   1.59
  2019         105     0.63151  0.47996  0.50     102      49      78      155   1.51
  2019         106     0.66393  0.49846  0.50      53      27      40       77   1.45
  2019         107     0.69477  0.51564  0.50      27      14      20       37   1.39
  2019         108     0.72402  0.53158  0.50      13       7       9       17   1.34
  2019         109     0.75183  0.54642  0.50       6       3       4        8   1.30
  2019         110+    0.79386  1.00000  1.26       3       3       3        3   1.26
  2020           0     0.00225  0.00224  0.22  100000     224   99824  8223937  82.24
  2020           1     0.00029  0.00029  0.50   99776      29   99761  8124113  81.42
  2020           2     0.00014  0.00014  0.50   99747      14   99740  8024352  80.45
  2020           3     0.00004  0.00004  0.50   99733       4   99731  7924612  79.46
  2020           4     0.00000  0.00000  0.50   99729       0   99729  7824880  78.46
  2020           5     0.00000  0.00000  0.50   99729       0   99729  7725151  77.46
  2020           6     0.00000  0.00000  0.50   99729       0   99729  7625422  76.46
  2020           7     0.00000  0.00000  0.50   99729       0   99729  7525693  75.46
  2020           8     0.00004  0.00004  0.50   99729       4   99727  7425963  74.46
  2020           9     0.00008  0.00008  0.50   99726       8   99721  7326236  73.46
  2020          10     0.00011  0.00011  0.50   99717      11   99712  7226514  72.47
  2020          11     0.00011  0.00011  0.50   99707      11   99701  7126803  71.48
  2020          12     0.00008  0.00008  0.50   99696       8   99692  7027101  70.49
  2020          13     0.00009  0.00009  0.50   99688       9   99683  6927410  69.49
  2020          14     0.00012  0.00012  0.50   99678      12   99672  6827727  68.50
  2020          15     0.00014  0.00014  0.50   99666      14   99659  6728055  67.51
  2020          16     0.00018  0.00018  0.50   99651      18   99642  6628396  66.52
  2020          17     0.00026  0.00026  0.50   99633      26   99620  6528754  65.53
  2020          18     0.00036  0.00036  0.50   99607      36   99589  6429134  64.54
  2020          19     0.00047  0.00047  0.50   99571      47   99548  6329545  63.57
  2020          20     0.00056  0.00056  0.50   99524      56   99497  6229997  62.60
  2020          21     0.00058  0.00058  0.50   99469      58   99440  6130500  61.63
  2020          22     0.00049  0.00049  0.50   99411      49   99387  6031060  60.67
  2020          23     0.00040  0.00040  0.50   99362      40   99342  5931674  59.70
  2020          24     0.00039  0.00039  0.50   99323      38   99303  5832331  58.72
  2020          25     0.00043  0.00043  0.50   99284      43   99263  5733028  57.74
  2020          26     0.00051  0.00051  0.50   99241      51   99216  5633765  56.77
  2020          27     0.00058  0.00058  0.50   99190      58   99162  5534549  55.80
  2020          28     0.00056  0.00056  0.50   99133      55   99105  5435388  54.83
  2020          29     0.00045  0.00045  0.50   99077      45   99055  5336283  53.86
  2020          30     0.00055  0.00055  0.50   99033      54   99006  5237227  52.88
  2020          31     0.00074  0.00074  0.50   98979      73   98942  5138222  51.91
  2020          32     0.00084  0.00084  0.50   98906      83   98864  5039279  50.95
  2020          33     0.00082  0.00082  0.50   98822      81   98782  4940416  49.99
  2020          34     0.00069  0.00069  0.50   98741      68   98707  4841634  49.03
  2020          35     0.00064  0.00064  0.50   98673      64   98642  4742927  48.07
  2020          36     0.00079  0.00079  0.50   98610      78   98571  4644285  47.10
  2020          37     0.00087  0.00087  0.50   98532      85   98490  4545714  46.13
  2020          38     0.00087  0.00087  0.50   98447      86   98404  4447224  45.17
  2020          39     0.00086  0.00086  0.50   98361      85   98319  4348821  44.21
  2020          40     0.00084  0.00084  0.50   98276      83   98235  4250502  43.25
  2020          41     0.00080  0.00080  0.50   98193      79   98154  4152267  42.29
  2020          42     0.00072  0.00072  0.50   98114      71   98079  4054113  41.32
  2020          43     0.00074  0.00074  0.50   98043      72   98007  3956034  40.35
  2020          44     0.00096  0.00096  0.50   97971      94   97924  3858027  39.38
  2020          45     0.00131  0.00131  0.50   97877     128   97813  3760103  38.42
  2020          46     0.00162  0.00161  0.50   97749     158   97670  3662290  37.47
  2020          47     0.00179  0.00179  0.50   97591     174   97504  3564619  36.53
  2020          48     0.00185  0.00185  0.50   97417     180   97327  3467115  35.59
  2020          49     0.00187  0.00187  0.50   97237     182   97146  3369788  34.66
  2020          50     0.00195  0.00195  0.50   97055     189   96961  3272641  33.72
  2020          51     0.00216  0.00216  0.50   96866     209   96762  3175681  32.78
  2020          52     0.00248  0.00248  0.50   96657     240   96538  3078919  31.85
  2020          53     0.00282  0.00281  0.50   96418     271   96282  2982381  30.93
  2020          54     0.00296  0.00295  0.50   96146     284   96005  2886099  30.02
  2020          55     0.00311  0.00311  0.50   95863     298   95714  2790095  29.11
  2020          56     0.00353  0.00352  0.50   95565     337   95396  2694381  28.19
  2020          57     0.00407  0.00406  0.50   95228     386   95035  2598985  27.29
  2020          58     0.00452  0.00451  0.50   94841     428   94628  2503950  26.40
  2020          59     0.00488  0.00487  0.50   94414     460   94184  2409323  25.52
  2020          60     0.00534  0.00533  0.50   93954     500   93704  2315139  24.64
  2020          61     0.00597  0.00596  0.50   93454     557   93175  2221435  23.77
  2020          62     0.00637  0.00635  0.50   92897     589   92602  2128260  22.91
  2020          63     0.00624  0.00622  0.50   92308     575   92020  2035657  22.05
  2020          64     0.00642  0.00640  0.50   91733     587   91439  1943637  21.19
  2020          65     0.00761  0.00758  0.50   91146     691   90800  1852198  20.32
  2020          66     0.00914  0.00910  0.50   90455     823   90043  1761398  19.47
  2020          67     0.01066  0.01060  0.50   89632     950   89157  1671354  18.65
  2020          68     0.01206  0.01199  0.50   88681    1063   88150  1582198  17.84
  2020          69     0.01345  0.01336  0.50   87618    1171   87033  1494048  17.05
  2020          70     0.01499  0.01488  0.50   86448    1286   85804  1407015  16.28
  2020          71     0.01673  0.01659  0.50   85161    1413   84455  1321211  15.51
  2020          72     0.01839  0.01823  0.50   83748    1526   82985  1236756  14.77
  2020          73     0.01980  0.01961  0.50   82222    1612   81415  1153771  14.03
  2020          74     0.02159  0.02136  0.50   80609    1722   79748  1072355  13.30
  2020          75     0.02429  0.02400  0.50   78887    1893   77941   992607  12.58
  2020          76     0.02735  0.02698  0.50   76994    2077   75955   914667  11.88
  2020          77     0.03024  0.02979  0.50   74917    2232   73801   838711  11.20
  2020          78     0.03293  0.03239  0.50   72685    2354   71508   764910  10.52
  2020          79     0.03703  0.03636  0.50   70331    2557   69052   693402   9.86
  2020          80     0.04385  0.04291  0.50   67774    2908   66319   624350   9.21
  2020          81     0.05178  0.05047  0.50   64865    3274   63228   558031   8.60
  2020          82     0.05921  0.05750  0.50   61591    3542   59820   494802   8.03
  2020          83     0.06714  0.06496  0.50   58050    3771   56164   434982   7.49
  2020          84     0.07605  0.07327  0.50   54279    3977   52290   378818   6.98
  2020          85     0.08609  0.08254  0.50   50302    4152   48226   326528   6.49
  2020          86     0.09735  0.09283  0.50   46150    4284   44008   278302   6.03
  2020          87     0.10991  0.10418  0.50   41866    4362   39685   234294   5.60
  2020          88     0.12387  0.11664  0.50   37504    4375   35317   194609   5.19
  2020          89     0.13932  0.13024  0.50   33130    4315   30972   159292   4.81
  2020          90     0.15635  0.14501  0.50   28815    4179   26725   128320   4.45
  2020          91     0.17504  0.16095  0.50   24636    3965   22654   101594   4.12
  2020          92     0.19545  0.17805  0.50   20671    3680   18831    78941   3.82
  2020          93     0.21761  0.19626  0.50   16990    3335   15323    60110   3.54
  2020          94     0.24153  0.21550  0.50   13656    2943   12185    44787   3.28
  2020          95     0.26718  0.23569  0.50   10713    2525    9451    32602   3.04
  2020          96     0.29449  0.25669  0.50    8188    2102    7137    23152   2.83
  2020          97     0.32336  0.27836  0.50    6086    1694    5239    16014   2.63
  2020          98     0.35365  0.30051  0.50    4392    1320    3732    10775   2.45
  2020          99     0.38515  0.32296  0.50    3072     992    2576     7043   2.29
  2020         100     0.41765  0.34550  0.50    2080     719    1721     4467   2.15
  2020         101     0.45088  0.36793  0.50    1361     501    1111     2746   2.02
  2020         102     0.48455  0.39005  0.50     860     336     693     1635   1.90
  2020         103     0.51837  0.41167  0.50     525     216     417      943   1.80
  2020         104     0.55202  0.43261  0.50     309     134     242      526   1.70
  2020         105     0.58520  0.45273  0.50     175      79     136      284   1.62
  2020         106     0.61761  0.47189  0.50      96      45      73      148   1.55
  2020         107     0.64897  0.48998  0.50      51      25      38       75   1.48
  2020         108     0.67903  0.50692  0.50      26      13      19       37   1.42
  2020         109     0.70770  0.52273  0.50      13       7       9       17   1.37
  2020         110+    0.75403  1.00000  1.33       6       6       8        8   1.33
  2021           0     0.00119  0.00119  0.23  100000     119   99908  8180572  81.81
  2021           1     0.00016  0.00016  0.50   99881      16   99873  8080664  80.90
  2021           2     0.00015  0.00015  0.50   99865      15   99857  7980790  79.92
  2021           3     0.00013  0.00013  0.50   99850      13   99843  7880933  78.93
  2021           4     0.00012  0.00012  0.50   99837      12   99831  7781090  77.94
  2021           5     0.00011  0.00011  0.50   99825      11   99819  7681259  76.95
  2021           6     0.00009  0.00009  0.50   99814       9   99809  7581440  75.96
  2021           7     0.00006  0.00006  0.50   99805       6   99802  7481630  74.96
  2021           8     0.00003  0.00003  0.50   99799       3   99798  7381828  73.97
  2021           9     0.00001  0.00001  0.50   99796       1   99796  7282031  72.97
  2021          10     0.00002  0.00002  0.50   99795       2   99794  7182235  71.97
  2021          11     0.00002  0.00002  0.50   99793       2   99792  7082441  70.97
  2021          12     0.00001  0.00001  0.50   99791       1   99791  6982649  69.97
  2021          13     0.00001  0.00001  0.50   99790       1   99789  6882858  68.97
  2021          14     0.00005  0.00005  0.50   99788       5   99786  6783069  67.97
  2021          15     0.00015  0.00015  0.50   99783      14   99776  6683283  66.98
  2021          16     0.00026  0.00026  0.50   99768      26   99756  6583508  65.99
  2021          17     0.00035  0.00035  0.50   99743      35   99725  6483752  65.00
  2021          18     0.00040  0.00040  0.50   99708      40   99688  6384027  64.03
  2021          19     0.00039  0.00039  0.50   99668      39   99648  6284339  63.05
  2021          20     0.00037  0.00037  0.50   99629      37   99611  6184691  62.08
  2021          21     0.00037  0.00037  0.50   99592      36   99574  6085080  61.10
  2021          22     0.00039  0.00039  0.50   99556      38   99536  5985507  60.12
  2021          23     0.00046  0.00046  0.50   99517      45   99495  5885970  59.15
  2021          24     0.00056  0.00056  0.50   99472      56   99444  5786475  58.17
  2021          25     0.00061  0.00061  0.50   99416      60   99386  5687032  57.20
  2021          26     0.00062  0.00062  0.50   99355      61   99325  5587646  56.24
  2021          27     0.00064  0.00064  0.50   99294      63   99263  5488321  55.27
  2021          28     0.00066  0.00066  0.50   99231      66   99198  5389059  54.31
  2021          29     0.00067  0.00067  0.50   99165      66   99132  5289861  53.34
  2021          30     0.00066  0.00066  0.50   99099      66   99066  5190729  52.38
  2021          31     0.00063  0.00063  0.50   99033      63   99002  5091662  51.41
  2021          32     0.00056  0.00056  0.50   98971      55   98943  4992660  50.45
  2021          33     0.00051  0.00051  0.50   98916      51   98890  4893717  49.47
  2021          34     0.00057  0.00057  0.50   98865      56   98837  4794827  48.50
  2021          35     0.00066  0.00066  0.50   98808      65   98776  4695990  47.53
  2021          36     0.00070  0.00070  0.50   98743      69   98709  4597215  46.56
  2021          37     0.00069  0.00069  0.50   98674      68   98640  4498506  45.59
  2021          38     0.00068  0.00068  0.50   98606      67   98572  4399866  44.62
  2021          39     0.00073  0.00073  0.50   98539      72   98503  4301293  43.65
  2021          40     0.00084  0.00084  0.50   98467      83   98425  4202791  42.68
  2021          41     0.00099  0.00099  0.50   98384      97   98335  4104365  41.72
  2021          42     0.00101  0.00101  0.50   98286      99   98237  4006030  40.76
  2021          43     0.00100  0.00099  0.50   98187      98   98138  3907794  39.80
  2021          44     0.00107  0.00107  0.50   98089     105   98037  3809656  38.84
  2021          45     0.00126  0.00126  0.50   97984     123   97923  3711619  37.88
  2021          46     0.00153  0.00152  0.50   97861     149   97786  3613696  36.93
  2021          47     0.00171  0.00171  0.50   97712     167   97628  3515910  35.98
  2021          48     0.00187  0.00187  0.50   97544     182   97453  3418282  35.04
  2021          49     0.00207  0.00207  0.50   97362     201   97262  3320829  34.11
  2021          50     0.00233  0.00233  0.50   97161     226   97048  3223567  33.18
  2021          51     0.00264  0.00263  0.50   96935     255   96807  3126519  32.25
  2021          52     0.00294  0.00293  0.50   96679     283   96538  3029712  31.34
  2021          53     0.00319  0.00319  0.50   96396     307   96242  2933175  30.43
  2021          54     0.00346  0.00345  0.50   96089     332   95923  2836932  29.52
  2021          55     0.00374  0.00374  0.50   95757     358   95578  2741009  28.62
  2021          56     0.00404  0.00403  0.50   95400     384   95207  2645431  27.73
  2021          57     0.00432  0.00431  0.50   95015     409   94811  2550223  26.84
  2021          58     0.00458  0.00457  0.50   94606     432   94390  2455413  25.95
  2021          59     0.00488  0.00487  0.50   94174     458   93945  2361023  25.07
  2021          60     0.00534  0.00533  0.50   93716     499   93466  2267078  24.19
  2021          61     0.00606  0.00604  0.50   93216     563   92935  2173612  23.32
  2021          62     0.00700  0.00698  0.50   92653     647   92330  2080677  22.46
  2021          63     0.00808  0.00805  0.50   92007     740   91636  1988348  21.61
  2021          64     0.00912  0.00908  0.50   91266     828   90852  1896711  20.78
  2021          65     0.00996  0.00991  0.50   90438     896   89990  1805859  19.97
  2021          66     0.01066  0.01060  0.50   89542     949   89067  1715870  19.16
  2021          67     0.01143  0.01137  0.50   88592    1007   88089  1626803  18.36
  2021          68     0.01248  0.01240  0.50   87585    1086   87042  1538714  17.57
  2021          69     0.01378  0.01369  0.50   86499    1184   85907  1451672  16.78
  2021          70     0.01530  0.01519  0.50   85315    1296   84667  1365765  16.01
  2021          71     0.01715  0.01700  0.50   84019    1428   83305  1281097  15.25
  2021          72     0.01931  0.01913  0.50   82591    1580   81801  1197792  14.50
  2021          73     0.02174  0.02151  0.50   81011    1742   80140  1115991  13.78
  2021          74     0.02425  0.02396  0.50   79269    1899   78320  1035851  13.07
  2021          75     0.02666  0.02631  0.50   77370    2036   76352   957531  12.38
  2021          76     0.02909  0.02867  0.50   75334    2160   74254   881179  11.70
  2021          77     0.03193  0.03142  0.50   73174    2299   72025   806924  11.03
  2021          78     0.03555  0.03493  0.50   70875    2476   69637   734900  10.37
  2021          79     0.03996  0.03918  0.50   68399    2680   67059   665263   9.73
  2021          80     0.04512  0.04412  0.50   65719    2900   64270   598203   9.10
  2021          81     0.05123  0.04995  0.50   62820    3138   61251   533934   8.50
  2021          82     0.05848  0.05682  0.50   59682    3391   57986   472683   7.92
  2021          83     0.06684  0.06468  0.50   56291    3641   54470   414696   7.37
  2021          84     0.07633  0.07352  0.50   52650    3871   50715   360226   6.84
  2021          85     0.08702  0.08340  0.50   48779    4068   46745   309511   6.35
  2021          86     0.09904  0.09437  0.50   44711    4219   42601   262766   5.88
  2021          87     0.11250  0.10651  0.50   40492    4313   38335   220164   5.44
  2021          88     0.12753  0.11988  0.50   36179    4337   34010   181829   5.03
  2021          89     0.14423  0.13453  0.50   31842    4284   29700   147819   4.64
  2021          90     0.16272  0.15048  0.50   27558    4147   25485   118119   4.29
  2021          91     0.18306  0.16771  0.50   23411    3926   21448    92634   3.96
  2021          92     0.20533  0.18621  0.50   19485    3628   17671    71186   3.65
  2021          93     0.22954  0.20591  0.50   15857    3265   14224    53516   3.37
  2021          94     0.25568  0.22670  0.50   12592    2855   11164    39292   3.12
  2021          95     0.28371  0.24846  0.50    9737    2419    8527    28127   2.89
  2021          96     0.31350  0.27102  0.50    7318    1983    6326    19600   2.68
  2021          97     0.34492  0.29418  0.50    5334    1569    4550    13274   2.49
  2021          98     0.37774  0.31773  0.50    3765    1196    3167     8724   2.32
  2021          99     0.41173  0.34144  0.50    2569     877    2130     5557   2.16
  2021         100     0.44658  0.36506  0.50    1692     618    1383     3427   2.03
  2021         101     0.48196  0.38837  0.50    1074     417     866     2044   1.90
  2021         102     0.51752  0.41114  0.50     657     270     522     1178   1.79
  2021         103     0.55291  0.43316  0.50     387     168     303      656   1.70
  2021         104     0.58776  0.45426  0.50     219     100     169      353   1.61
  2021         105     0.62171  0.47428  0.50     120      57      91      184   1.53
  2021         106     0.65442  0.49308  0.50      63      31      47       92   1.47
  2021         107     0.68564  0.51060  0.50      32      16      24       45   1.41
  2021         108     0.71535  0.52689  0.50      16       8      11       21   1.36
  2021         109     0.74371  0.54212  0.50       7       4       5       10   1.31
  2021         110+    0.78687  1.00000  1.27       3       3       4        4   1.27
  2022           0     0.00274  0.00274  0.21  100000     274   99784  8127861  81.28
  2022           1     0.00039  0.00039  0.50   99726      39   99707  8028077  80.50
  2022           2     0.00028  0.00028  0.50   99687      28   99673  7928370  79.53
  2022           3     0.00017  0.00017  0.50   99659      17   99651  7828697  78.55
  2022           4     0.00011  0.00011  0.50   99642      11   99637  7729046  77.57
  2022           5     0.00012  0.00012  0.50   99631      12   99625  7629409  76.58
  2022           6     0.00014  0.00014  0.50   99619      14   99612  7529784  75.59
  2022           7     0.00010  0.00010  0.50   99605      10   99601  7430171  74.60
  2022           8     0.00004  0.00004  0.50   99596       4   99594  7330571  73.60
  2022           9     0.00001  0.00001  0.50   99591       1   99591  7230977  72.61
  2022          10     0.00000  0.00000  0.50   99591       0   99590  7131386  71.61
  2022          11     0.00002  0.00002  0.50   99590       2   99589  7031796  70.61
  2022          12     0.00003  0.00003  0.50   99588       3   99587  6932206  69.61
  2022          13     0.00003  0.00003  0.50   99585       3   99583  6832619  68.61
  2022          14     0.00004  0.00004  0.50   99582       4   99580  6733036  67.61
  2022          15     0.00009  0.00009  0.50   99578       9   99573  6633456  66.62
  2022          16     0.00015  0.00015  0.50   99569      15   99562  6533883  65.62
  2022          17     0.00020  0.00020  0.50   99554      20   99545  6434321  64.63
  2022          18     0.00024  0.00024  0.50   99535      24   99523  6334776  63.64
  2022          19     0.00030  0.00030  0.50   99511      30   99496  6235253  62.66
  2022          20     0.00038  0.00038  0.50   99481      38   99462  6135758  61.68
  2022          21     0.00045  0.00045  0.50   99443      45   99420  6036296  60.70
  2022          22     0.00048  0.00048  0.50   99398      48   99374  5936876  59.73
  2022          23     0.00045  0.00045  0.50   99350      45   99327  5837502  58.76
  2022          24     0.00038  0.00038  0.50   99305      38   99286  5738175  57.78
  2022          25     0.00037  0.00037  0.50   99267      37   99249  5638889  56.81
  2022          26     0.00041  0.00041  0.50   99230      41   99210  5539640  55.83
  2022          27     0.00046  0.00046  0.50   99189      46   99167  5440431  54.85
  2022          28     0.00048  0.00048  0.50   99144      47   99120  5341264  53.87
  2022          29     0.00045  0.00045  0.50   99096      45   99074  5242144  52.90
  2022          30     0.00042  0.00042  0.50   99052      42   99031  5143070  51.92
  2022          31     0.00045  0.00045  0.50   99010      45   98987  5044039  50.94
  2022          32     0.00056  0.00056  0.50   98965      55   98937  4945052  49.97
  2022          33     0.00066  0.00066  0.50   98910      65   98877  4846114  49.00
  2022          34     0.00067  0.00067  0.50   98845      67   98811  4747237  48.03
  2022          35     0.00067  0.00067  0.50   98778      67   98745  4648426  47.06
  2022          36     0.00075  0.00075  0.50   98711      74   98675  4549681  46.09
  2022          37     0.00090  0.00089  0.50   98638      88   98594  4451006  45.12
  2022          38     0.00105  0.00105  0.50   98550     104   98498  4352413  44.16
  2022          39     0.00116  0.00116  0.50   98446     114   98389  4253915  43.21
  2022          40     0.00122  0.00122  0.50   98332     120   98272  4155526  42.26
  2022          41     0.00126  0.00126  0.50   98212     123   98150  4057254  41.31
  2022          42     0.00121  0.00121  0.50   98089     118   98029  3959104  40.36
  2022          43     0.00112  0.00112  0.50   97970     109   97916  3861074  39.41
  2022          44     0.00107  0.00107  0.50   97861     105   97809  3763159  38.45
  2022          45     0.00117  0.00117  0.50   97756     114   97699  3665350  37.49
  2022          46     0.00143  0.00143  0.50   97642     140   97573  3567651  36.54
  2022          47     0.00168  0.00168  0.50   97503     164   97421  3470078  35.59
  2022          48     0.00189  0.00189  0.50   97339     184   97247  3372657  34.65
  2022          49     0.00207  0.00207  0.50   97155     201   97055  3275410  33.71
  2022          50     0.00224  0.00223  0.50   96954     217   96846  3178356  32.78
  2022          51     0.00237  0.00236  0.50   96737     229   96623  3081510  31.85
  2022          52     0.00241  0.00241  0.50   96509     233   96392  2984887  30.93
  2022          53     0.00238  0.00238  0.50   96276     229   96161  2888495  30.00
  2022          54     0.00251  0.00251  0.50   96047     241   95926  2792334  29.07
  2022          55     0.00296  0.00296  0.50   95806     283   95664  2696407  28.14
  2022          56     0.00378  0.00377  0.50   95523     360   95342  2600743  27.23
  2022          57     0.00459  0.00458  0.50   95162     436   94944  2505401  26.33
  2022          58     0.00511  0.00510  0.50   94726     483   94485  2410457  25.45
  2022          59     0.00573  0.00572  0.50   94243     539   93974  2315972  24.57
  2022          60     0.00652  0.00650  0.50   93705     609   93400  2221998  23.71
  2022          61     0.00737  0.00735  0.50   93096     684   92754  2128598  22.86
  2022          62     0.00817  0.00814  0.50   92412     752   92036  2035844  22.03
  2022          63     0.00880  0.00876  0.50   91660     803   91258  1943808  21.21
  2022          64     0.00919  0.00914  0.50   90857     831   90442  1852549  20.39
  2022          65     0.00950  0.00945  0.50   90026     851   89601  1762108  19.57
  2022          66     0.01041  0.01035  0.50   89175     923   88714  1672507  18.76
  2022          67     0.01178  0.01171  0.50   88252    1033   87736  1583793  17.95
  2022          68     0.01325  0.01316  0.50   87219    1148   86645  1496058  17.15
  2022          69     0.01460  0.01450  0.50   86071    1248   85447  1409413  16.38
  2022          70     0.01588  0.01576  0.50   84823    1337   84155  1323965  15.61
  2022          71     0.01781  0.01765  0.50   83487    1473   82750  1239810  14.85
  2022          72     0.02009  0.01989  0.50   82013    1631   81198  1157060  14.11
  2022          73     0.02227  0.02203  0.50   80382    1770   79497  1075863  13.38
  2022          74     0.02441  0.02412  0.50   78612    1896   77664   996366  12.67
  2022          75     0.02682  0.02646  0.50   76716    2030   75701   918702  11.98
  2022          76     0.03004  0.02960  0.50   74686    2211   73580   843001  11.29
  2022          77     0.03406  0.03349  0.50   72475    2427   71261   769421  10.62
  2022          78     0.03864  0.03791  0.50   70048    2655   68720   698160   9.97
  2022          79     0.04341  0.04249  0.50   67392    2863   65961   629440   9.34
  2022          80     0.04824  0.04711  0.50   64529    3040   63009   563479   8.73
  2022          81     0.05406  0.05264  0.50   61489    3237   59871   500470   8.14
  2022          82     0.06174  0.05989  0.50   58252    3489   56508   440599   7.56
  2022          83     0.07092  0.06849  0.50   54764    3751   52888   384091   7.01
  2022          84     0.08146  0.07828  0.50   51013    3993   49017   331202   6.49
  2022          85     0.09339  0.08923  0.50   47020    4195   44922   282186   6.00
  2022          86     0.10682  0.10141  0.50   42825    4343   40653   237263   5.54
  2022          87     0.12190  0.11489  0.50   38482    4421   36271   196610   5.11
  2022          88     0.13876  0.12975  0.50   34061    4420   31851   160339   4.71
  2022          89     0.15753  0.14603  0.50   29641    4328   27477   128488   4.33
  2022          90     0.17832  0.16373  0.50   25313    4144   23240   101011   3.99
  2022          91     0.20120  0.18281  0.50   21168    3870   19233    77771   3.67
  2022          92     0.22621  0.20322  0.50   17298    3515   15541    58537   3.38
  2022          93     0.25334  0.22486  0.50   13783    3099   12233    42997   3.12
  2022          94     0.28253  0.24756  0.50   10684    2645    9361    30763   2.88
  2022          95     0.31367  0.27114  0.50    8039    2180    6949    21402   2.66
  2022          96     0.34657  0.29539  0.50    5859    1731    4994    14453   2.47
  2022          97     0.38102  0.32005  0.50    4129    1321    3468     9459   2.29
  2022          98     0.41670  0.34485  0.50    2807     968    2323     5991   2.13
  2022          99     0.45327  0.36952  0.50    1839     680    1499     3668   1.99
  2022         100     0.49035  0.39380  0.50    1160     457     931     2168   1.87
  2022         101     0.52754  0.41744  0.50     703     293     556     1237   1.76
  2022         102     0.56443  0.44020  0.50     409     180     319      681   1.66
  2022         103     0.60063  0.46191  0.50     229     106     176      362   1.58
  2022         104     0.63576  0.48241  0.50     123      60      94      185   1.50
  2022         105     0.66949  0.50159  0.50      64      32      48       92   1.44
  2022         106     0.70151  0.51934  0.50      32      17      24       44   1.38
  2022         107     0.73155  0.53563  0.50      15       8      11       20   1.33
  2022         108     0.75960  0.55052  0.50       7       4       5        9   1.29
  2022         109     0.78583  0.56416  0.50       3       2       2        4   1.25
  2022         110+    0.82410  1.00000  1.21       1       1       2        2   1.21
  2023           0     0.00217  0.00217  0.22  100000     217   99830  8159244  81.59
  2023           1     0.00007  0.00007  0.50   99783       7   99780  8059414  80.77
  2023           2     0.00018  0.00018  0.50   99777      18   99768  7959634  79.77
  2023           3     0.00013  0.00013  0.50   99759      13   99753  7859866  78.79
  2023           4     0.00008  0.00008  0.50   99746       8   99742  7760114  77.80
  2023           5     0.00015  0.00015  0.50   99738      15   99731  7660372  76.80
  2023           6     0.00020  0.00020  0.50   99723      20   99713  7560641  75.82
  2023           7     0.00010  0.00010  0.50   99703      10   99698  7460928  74.83
  2023           8     0.00001  0.00001  0.50   99693       1   99693  7361231  73.84
  2023           9     0.00000  0.00000  0.50   99692       0   99692  7261538  72.84
  2023          10     0.00000  0.00000  0.50   99692       0   99692  7161846  71.84
  2023          11     0.00009  0.00009  0.50   99692       9   99688  7062153  70.84
  2023          12     0.00023  0.00023  0.50   99683      23   99672  6962466  69.85
  2023          13     0.00019  0.00019  0.50   99660      19   99651  6862794  68.86
  2023          14     0.00010  0.00010  0.50   99641      10   99636  6763143  67.87
  2023          15     0.00013  0.00013  0.50   99631      13   99625  6663507  66.88
  2023          16     0.00020  0.00020  0.50   99619      20   99609  6563882  65.89
  2023          17     0.00021  0.00021  0.50   99599      21   99588  6464273  64.90
  2023          18     0.00023  0.00023  0.50   99578      23   99566  6364684  63.92
  2023          19     0.00033  0.00033  0.50   99555      32   99539  6265118  62.93
  2023          20     0.00035  0.00035  0.50   99522      35   99505  6165579  61.95
  2023          21     0.00030  0.00030  0.50   99488      30   99473  6066074  60.97
  2023          22     0.00026  0.00026  0.50   99457      26   99444  5966602  59.99
  2023          23     0.00035  0.00035  0.50   99431      34   99414  5867158  59.01
  2023          24     0.00057  0.00057  0.50   99397      57   99369  5767743  58.03
  2023          25     0.00057  0.00057  0.50   99340      57   99312  5668375  57.06
  2023          26     0.00044  0.00044  0.50   99283      44   99261  5569063  56.09
  2023          27     0.00037  0.00037  0.50   99239      37   99221  5469801  55.12
  2023          28     0.00042  0.00042  0.50   99202      41   99182  5370580  54.14
  2023          29     0.00055  0.00055  0.50   99161      55   99134  5271399  53.16
  2023          30     0.00062  0.00062  0.50   99106      61   99076  5172265  52.19
  2023          31     0.00067  0.00067  0.50   99045      66   99012  5073189  51.22
  2023          32     0.00077  0.00077  0.50   98979      76   98941  4974178  50.26
  2023          33     0.00084  0.00084  0.50   98903      83   98861  4875237  49.29
  2023          34     0.00083  0.00082  0.50   98819      82   98779  4776376  48.33
  2023          35     0.00079  0.00079  0.50   98738      78   98699  4677597  47.37
  2023          36     0.00083  0.00083  0.50   98660      82   98619  4578898  46.41
  2023          37     0.00092  0.00091  0.50   98578      90   98533  4480279  45.45
  2023          38     0.00098  0.00098  0.50   98488      96   98440  4381746  44.49
  2023          39     0.00096  0.00096  0.50   98392      94   98345  4283306  43.53
  2023          40     0.00088  0.00088  0.50   98297      87   98254  4184962  42.57
  2023          41     0.00083  0.00083  0.50   98211      82   98170  4086708  41.61
  2023          42     0.00097  0.00097  0.50   98129      95   98081  3988538  40.65
  2023          43     0.00113  0.00113  0.50   98034     110   97978  3890457  39.68
  2023          44     0.00115  0.00115  0.50   97923     112   97867  3792478  38.73
  2023          45     0.00124  0.00124  0.50   97811     121   97750  3694611  37.77
  2023          46     0.00152  0.00152  0.50   97690     148   97616  3596861  36.82
  2023          47     0.00155  0.00154  0.50   97542     151   97466  3499245  35.87
  2023          48     0.00162  0.00162  0.50   97391     157   97312  3401779  34.93
  2023          49     0.00209  0.00208  0.50   97234     203   97132  3304466  33.98
  2023          50     0.00263  0.00263  0.50   97031     255   96903  3207334  33.05
  2023          51     0.00290  0.00289  0.50   96776     280   96636  3110430  32.14
  2023          52     0.00297  0.00297  0.50   96496     286   96353  3013794  31.23
  2023          53     0.00302  0.00301  0.50   96210     290   96065  2917442  30.32
  2023          54     0.00303  0.00303  0.50   95920     290   95775  2821377  29.41
  2023          55     0.00322  0.00322  0.50   95629     308   95476  2725602  28.50
  2023          56     0.00375  0.00374  0.50   95322     357   95143  2630127  27.59
  2023          57     0.00434  0.00434  0.50   94965     412   94759  2534983  26.69
  2023          58     0.00477  0.00476  0.50   94553     450   94328  2440224  25.81
  2023          59     0.00522  0.00521  0.50   94103     490   93858  2345896  24.93
  2023          60     0.00566  0.00564  0.50   93613     528   93349  2252038  24.06
  2023          61     0.00600  0.00599  0.50   93085     557   92807  2158688  23.19
  2023          62     0.00649  0.00647  0.50   92528     599   92229  2065882  22.33
  2023          63     0.00738  0.00735  0.50   91929     676   91591  1973653  21.47
  2023          64     0.00871  0.00867  0.50   91254     791   90858  1882062  20.62
  2023          65     0.01009  0.01004  0.50   90462     908   90008  1791204  19.80
  2023          66     0.01014  0.01009  0.50   89554     904   89102  1701196  19.00
  2023          67     0.01005  0.01000  0.50   88651     887   88207  1612093  18.18
  2023          68     0.01129  0.01123  0.50   87764     985   87271  1523886  17.36
  2023          69     0.01359  0.01350  0.50   86778    1172   86192  1436615  16.56
  2023          70     0.01607  0.01594  0.50   85607    1365   84924  1350423  15.77
  2023          71     0.01762  0.01747  0.50   84242    1471   83506  1265498  15.02
  2023          72     0.01915  0.01897  0.50   82770    1570   81985  1181992  14.28
  2023          73     0.02168  0.02144  0.50   81200    1741   80329  1100007  13.55
  2023          74     0.02434  0.02405  0.50   79459    1911   78503  1019678  12.83
  2023          75     0.02647  0.02613  0.50   77548    2026   76535   941174  12.14
  2023          76     0.02941  0.02898  0.50   75522    2189   74427   864640  11.45
  2023          77     0.03303  0.03249  0.50   73333    2383   72142   790212  10.78
  2023          78     0.03685  0.03618  0.50   70950    2567   69667   718070  10.12
  2023          79     0.04101  0.04019  0.50   68383    2748   67009   648404   9.48
  2023          80     0.04588  0.04485  0.50   65635    2944   64163   581394   8.86
  2023          81     0.05209  0.05077  0.50   62691    3183   61100   517231   8.25
  2023          82     0.06005  0.05830  0.50   59508    3469   57774   456132   7.67
  2023          83     0.06916  0.06685  0.50   56039    3746   54166   398358   7.11
  2023          84     0.07943  0.07640  0.50   52293    3995   50295   344192   6.58
  2023          85     0.09107  0.08710  0.50   48298    4207   46194   293897   6.09
  2023          86     0.10422  0.09906  0.50   44091    4368   41907   247703   5.62
  2023          87     0.11902  0.11233  0.50   39723    4462   37492   205795   5.18
  2023          88     0.13560  0.12699  0.50   35261    4478   33022   168303   4.77
  2023          89     0.15409  0.14307  0.50   30783    4404   28581   135281   4.39
  2023          90     0.17460  0.16058  0.50   26379    4236   24261   106700   4.04
  2023          91     0.19719  0.17949  0.50   22143    3975   20156    82439   3.72
  2023          92     0.22192  0.19976  0.50   18169    3629   16354    62283   3.43
  2023          93     0.24880  0.22127  0.50   14539    3217   12931    45929   3.16
  2023          94     0.27776  0.24389  0.50   11322    2761    9942    32998   2.91
  2023          95     0.30871  0.26743  0.50    8561    2289    7416    23057   2.69
  2023          96     0.34147  0.29167  0.50    6271    1829    5357    15641   2.49
  2023          97     0.37583  0.31638  0.50    4442    1405    3739    10284   2.32
  2023          98     0.41148  0.34127  0.50    3037    1036    2519     6544   2.15
  2023          99     0.44808  0.36607  0.50    2000     732    1634     4026   2.01
  2023         100     0.48526  0.39051  0.50    1268     495    1021     2391   1.89
  2023         101     0.52259  0.41433  0.50     773     320     613     1371   1.77
  2023         102     0.55968  0.43730  0.50     453     198     354      758   1.67
  2023         103     0.59611  0.45924  0.50     255     117     196      404   1.59
  2023         104     0.63152  0.47997  0.50     138      66     105      208   1.51
  2023         105     0.66556  0.49938  0.50      72      36      54      103   1.44
  2023         106     0.69796  0.51740  0.50      36      19      27       50   1.38
  2023         107     0.72850  0.53399  0.50      17       9      13       23   1.33
  2023         108     0.75693  0.54911  0.50       8       4       6       10   1.29
  2023         109     0.78320  0.56281  0.50       4       2       3        5   1.25
  2023         110+    0.82203  1.00000  1.22       2       2       2        2   1.22
