16.Toyama.ken, Life tables (period 1x1), Total     Last modified:2025-04-30, ver.005_001 JMD(IPSS)

  Year          Age         mx       qx    ax      lx      dx      Lx       Tx     ex
  1947           0     0.12263  0.11344  0.34  100000   11344   92504  4874446  48.74
  1947           1     0.05040  0.04916  0.50   88656    4358   86477  4781942  53.94
  1947           2     0.02553  0.02520  0.50   84298    2125   83235  4695465  55.70
  1947           3     0.01191  0.01184  0.50   82173     973   81687  4612230  56.13
  1947           4     0.00679  0.00677  0.50   81200     550   80926  4530543  55.79
  1947           5     0.00474  0.00473  0.50   80651     381   80460  4449617  55.17
  1947           6     0.00370  0.00369  0.50   80269     296   80121  4369157  54.43
  1947           7     0.00278  0.00278  0.50   79973     222   79862  4289036  53.63
  1947           8     0.00226  0.00226  0.50   79751     180   79660  4209174  52.78
  1947           9     0.00203  0.00203  0.50   79570     161   79490  4129514  51.90
  1947          10     0.00184  0.00184  0.50   79409     146   79336  4050024  51.00
  1947          11     0.00169  0.00169  0.50   79263     134   79196  3970688  50.10
  1947          12     0.00167  0.00167  0.50   79129     132   79063  3891492  49.18
  1947          13     0.00195  0.00195  0.50   78997     154   78920  3812430  48.26
  1947          14     0.00245  0.00245  0.50   78843     193   78746  3733510  47.35
  1947          15     0.00301  0.00301  0.50   78650     236   78532  3654764  46.47
  1947          16     0.00365  0.00364  0.50   78414     286   78271  3576232  45.61
  1947          17     0.00446  0.00445  0.50   78128     348   77954  3497961  44.77
  1947          18     0.00569  0.00567  0.50   77780     441   77560  3420007  43.97
  1947          19     0.00727  0.00725  0.50   77339     560   77059  3342447  43.22
  1947          20     0.00818  0.00815  0.50   76779     625   76466  3265388  42.53
  1947          21     0.00867  0.00863  0.50   76154     657   75825  3188922  41.87
  1947          22     0.00920  0.00915  0.50   75496     691   75151  3113097  41.24
  1947          23     0.00929  0.00924  0.50   74805     692   74459  3037946  40.61
  1947          24     0.00852  0.00849  0.50   74113     629   73799  2963487  39.99
  1947          25     0.00752  0.00749  0.50   73485     551   73209  2889688  39.32
  1947          26     0.00712  0.00710  0.50   72934     518   72675  2816479  38.62
  1947          27     0.00775  0.00772  0.50   72416     559   72137  2743804  37.89
  1947          28     0.00828  0.00825  0.50   71857     593   71561  2671667  37.18
  1947          29     0.00770  0.00767  0.50   71265     547   70991  2600106  36.49
  1947          30     0.00680  0.00677  0.50   70718     479   70478  2529115  35.76
  1947          31     0.00630  0.00628  0.50   70239     441   70018  2458637  35.00
  1947          32     0.00659  0.00656  0.50   69797     458   69568  2388618  34.22
  1947          33     0.00710  0.00707  0.50   69339     490   69094  2319050  33.44
  1947          34     0.00730  0.00727  0.50   68849     501   68599  2249956  32.68
  1947          35     0.00761  0.00758  0.50   68348     518   68089  2181357  31.92
  1947          36     0.00827  0.00823  0.50   67830     558   67551  2113268  31.16
  1947          37     0.00827  0.00824  0.50   67272     554   66995  2045717  30.41
  1947          38     0.00790  0.00787  0.50   66718     525   66455  1978723  29.66
  1947          39     0.00776  0.00773  0.50   66192     511   65937  1912268  28.89
  1947          40     0.00795  0.00791  0.50   65681     520   65421  1846331  28.11
  1947          41     0.00840  0.00837  0.50   65161     545   64889  1780910  27.33
  1947          42     0.00886  0.00882  0.50   64616     570   64331  1716021  26.56
  1947          43     0.00933  0.00928  0.50   64046     595   63749  1651690  25.79
  1947          44     0.00989  0.00984  0.50   63452     625   63139  1587941  25.03
  1947          45     0.01051  0.01046  0.50   62827     657   62499  1524801  24.27
  1947          46     0.01107  0.01101  0.50   62170     685   61828  1462303  23.52
  1947          47     0.01141  0.01134  0.50   61486     697   61137  1400475  22.78
  1947          48     0.01182  0.01175  0.50   60788     714   60431  1339338  22.03
  1947          49     0.01262  0.01254  0.50   60074     753   59697  1278907  21.29
  1947          50     0.01362  0.01353  0.50   59320     802   58919  1219210  20.55
  1947          51     0.01458  0.01447  0.50   58518     847   58095  1160290  19.83
  1947          52     0.01560  0.01548  0.50   57671     893   57225  1102196  19.11
  1947          53     0.01675  0.01661  0.50   56778     943   56307  1044971  18.40
  1947          54     0.01766  0.01751  0.50   55835     978   55346   988664  17.71
  1947          55     0.01847  0.01830  0.50   54857    1004   54355   933318  17.01
  1947          56     0.01953  0.01934  0.50   53853    1042   53333   878962  16.32
  1947          57     0.02148  0.02125  0.50   52812    1122   52251   825630  15.63
  1947          58     0.02462  0.02432  0.50   51689    1257   51061   773379  14.96
  1947          59     0.02793  0.02755  0.50   50432    1389   49737   722319  14.32
  1947          60     0.03085  0.03038  0.50   49043    1490   48298   672581  13.71
  1947          61     0.03321  0.03266  0.50   47553    1553   46776   624283  13.13
  1947          62     0.03536  0.03474  0.50   46000    1598   45200   577507  12.55
  1947          63     0.03776  0.03706  0.50   44401    1646   43578   532307  11.99
  1947          64     0.04064  0.03983  0.50   42756    1703   41904   488728  11.43
  1947          65     0.04380  0.04286  0.50   41053    1759   40173   446824  10.88
  1947          66     0.04645  0.04540  0.50   39293    1784   38401   406651  10.35
  1947          67     0.05036  0.04913  0.50   37510    1843   36588   368250   9.82
  1947          68     0.05716  0.05557  0.50   35667    1982   34676   331661   9.30
  1947          69     0.06506  0.06301  0.50   33685    2122   32623   296986   8.82
  1947          70     0.07094  0.06851  0.50   31562    2162   30481   264362   8.38
  1947          71     0.07192  0.06942  0.50   29400    2041   28379   233881   7.96
  1947          72     0.07306  0.07049  0.50   27359    1928   26395   205502   7.51
  1947          73     0.07997  0.07690  0.50   25431    1956   24453   179107   7.04
  1947          74     0.09188  0.08784  0.50   23475    2062   22444   154654   6.59
  1947          75     0.10476  0.09955  0.50   21413    2132   20347   132210   6.17
  1947          76     0.11149  0.10561  0.50   19281    2036   18263   111863   5.80
  1947          77     0.11752  0.11099  0.50   17245    1914   16288    93600   5.43
  1947          78     0.12984  0.12193  0.50   15331    1869   14396    77312   5.04
  1947          79     0.14752  0.13738  0.50   13462    1849   12537    62916   4.67
  1947          80     0.16766  0.15469  0.50   11612    1796   10714    50379   4.34
  1947          81     0.18774  0.17163  0.50    9816    1685    8974    39665   4.04
  1947          82     0.20640  0.18709  0.50    8131    1521    7371    30691   3.77
  1947          83     0.22591  0.20298  0.50    6610    1342    5939    23320   3.53
  1947          84     0.24690  0.21977  0.50    5268    1158    4689    17381   3.30
  1947          85     0.26932  0.23736  0.50    4110     976    3623    12692   3.09
  1947          86     0.29302  0.25557  0.50    3135     801    2734     9069   2.89
  1947          87     0.31785  0.27426  0.50    2334     640    2014     6335   2.71
  1947          88     0.34369  0.29329  0.50    1694     497    1445     4321   2.55
  1947          89     0.37038  0.31251  0.50    1197     374    1010     2876   2.40
  1947          90     0.39772  0.33175  0.50     823     273     686     1866   2.27
  1947          91     0.42550  0.35086  0.50     550     193     453     1180   2.15
  1947          92     0.45349  0.36967  0.50     357     132     291      727   2.04
  1947          93     0.48145  0.38804  0.50     225      87     181      436   1.94
  1947          94     0.50914  0.40583  0.50     138      56     110      254   1.85
  1947          95     0.53635  0.42293  0.50      82      35      65      144   1.77
  1947          96     0.56288  0.43925  0.50      47      21      37       80   1.69
  1947          97     0.58857  0.45475  0.50      26      12      20       43   1.63
  1947          98     0.61334  0.46939  0.50      14       7      11       23   1.57
  1947          99     0.63712  0.48319  0.50       8       4       6       12   1.52
  1947         100     0.65989  0.49618  0.50       4       2       3        6   1.47
  1947         101     0.68169  0.50840  0.50       2       1       1        3   1.43
  1947         102     0.70256  0.51992  0.50       1       1       1        1   1.39
  1947         103     0.72256  0.53079  0.50       0       0       0        1   1.36
  1947         104     0.74172  0.54106  0.50       0       0       0        0   1.32
  1947         105     0.76009  0.55077  0.50       0       0       0        0   1.29
  1947         106     0.77766  0.55994  0.50       0       0       0        0   1.27
  1947         107     0.79442  0.56858  0.50       0       0       0        0   1.24
  1947         108     0.81032  0.57667  0.50       0       0       0        0   1.22
  1947         109     0.82537  0.58426  0.50       0       0       0        0   1.20
  1947         110+    0.84823  1.00000  1.18       0       0       0        0   1.18
  1948           0     0.08798  0.08281  0.29  100000    8281   94121  5374454  53.74
  1948           1     0.02532  0.02501  0.50   91719    2294   90572  5280333  57.57
  1948           2     0.01686  0.01672  0.50   89425    1496   88677  5189761  58.03
  1948           3     0.01028  0.01023  0.50   87930     900   87480  5101084  58.01
  1948           4     0.00593  0.00591  0.50   87030     514   86773  5013604  57.61
  1948           5     0.00359  0.00359  0.50   86516     310   86360  4926831  56.95
  1948           6     0.00256  0.00255  0.50   86205     220   86095  4840470  56.15
  1948           7     0.00207  0.00207  0.50   85985     178   85896  4754375  55.29
  1948           8     0.00185  0.00185  0.50   85807     159   85728  4668479  54.41
  1948           9     0.00175  0.00175  0.50   85648     150   85573  4582752  53.51
  1948          10     0.00168  0.00168  0.50   85498     144   85426  4497178  52.60
  1948          11     0.00160  0.00160  0.50   85354     137   85286  4411752  51.69
  1948          12     0.00152  0.00152  0.50   85218     130   85153  4326466  50.77
  1948          13     0.00157  0.00157  0.50   85088     133   85021  4241313  49.85
  1948          14     0.00185  0.00184  0.50   84955     157   84876  4156292  48.92
  1948          15     0.00244  0.00243  0.50   84798     206   84695  4071415  48.01
  1948          16     0.00328  0.00328  0.50   84592     277   84453  3986720  47.13
  1948          17     0.00430  0.00429  0.50   84314     362   84134  3902267  46.28
  1948          18     0.00537  0.00536  0.50   83953     450   83728  3818134  45.48
  1948          19     0.00639  0.00637  0.50   83503     532   83237  3734406  44.72
  1948          20     0.00721  0.00719  0.50   82971     596   82673  3651169  44.01
  1948          21     0.00777  0.00774  0.50   82375     637   82056  3568496  43.32
  1948          22     0.00802  0.00799  0.50   81738     653   81411  3486440  42.65
  1948          23     0.00804  0.00801  0.50   81085     649   80760  3405028  41.99
  1948          24     0.00794  0.00791  0.50   80436     636   80118  3324268  41.33
  1948          25     0.00790  0.00786  0.50   79799     628   79486  3244151  40.65
  1948          26     0.00779  0.00776  0.50   79172     614   78865  3164665  39.97
  1948          27     0.00749  0.00746  0.50   78558     586   78265  3085800  39.28
  1948          28     0.00708  0.00705  0.50   77972     550   77697  3007536  38.57
  1948          29     0.00667  0.00664  0.50   77422     514   77165  2929839  37.84
  1948          30     0.00628  0.00627  0.50   76907     482   76666  2852675  37.09
  1948          31     0.00602  0.00600  0.50   76425     459   76196  2776008  36.32
  1948          32     0.00596  0.00594  0.50   75967     451   75741  2699812  35.54
  1948          33     0.00606  0.00605  0.50   75515     457   75287  2624071  34.75
  1948          34     0.00628  0.00626  0.50   75059     470   74824  2548784  33.96
  1948          35     0.00661  0.00659  0.50   74589     491   74343  2473961  33.17
  1948          36     0.00703  0.00701  0.50   74098     519   73838  2399618  32.38
  1948          37     0.00742  0.00740  0.50   73578     544   73306  2325780  31.61
  1948          38     0.00769  0.00766  0.50   73034     559   72754  2252474  30.84
  1948          39     0.00779  0.00776  0.50   72474     562   72193  2179719  30.08
  1948          40     0.00779  0.00776  0.50   71912     558   71633  2107526  29.31
  1948          41     0.00778  0.00775  0.50   71354     553   71078  2035893  28.53
  1948          42     0.00788  0.00784  0.50   70801     555   70523  1964815  27.75
  1948          43     0.00815  0.00811  0.50   70246     570   69961  1894292  26.97
  1948          44     0.00863  0.00859  0.50   69676     599   69377  1824331  26.18
  1948          45     0.00918  0.00914  0.50   69077     631   68762  1754954  25.41
  1948          46     0.00966  0.00962  0.50   68446     658   68117  1686193  24.64
  1948          47     0.01006  0.01001  0.50   67788     678   67449  1618076  23.87
  1948          48     0.01049  0.01044  0.50   67109     700   66759  1550627  23.11
  1948          49     0.01108  0.01102  0.50   66409     732   66043  1483868  22.34
  1948          50     0.01181  0.01174  0.50   65677     771   65291  1417825  21.59
  1948          51     0.01265  0.01257  0.50   64906     816   64498  1352533  20.84
  1948          52     0.01366  0.01357  0.50   64090     869   63655  1288036  20.10
  1948          53     0.01487  0.01476  0.50   63220     933   62754  1224381  19.37
  1948          54     0.01627  0.01614  0.50   62287    1005   61785  1161627  18.65
  1948          55     0.01794  0.01778  0.50   61282    1090   60737  1099842  17.95
  1948          56     0.01988  0.01969  0.50   60193    1185   59600  1039105  17.26
  1948          57     0.02168  0.02145  0.50   59007    1266   58375   979505  16.60
  1948          58     0.02299  0.02273  0.50   57742    1313   57085   921130  15.95
  1948          59     0.02424  0.02395  0.50   56429    1352   55753   864045  15.31
  1948          60     0.02582  0.02549  0.50   55077    1404   54375   808292  14.68
  1948          61     0.02799  0.02760  0.50   53674    1481   52933   753916  14.05
  1948          62     0.03077  0.03031  0.50   52192    1582   51401   700983  13.43
  1948          63     0.03405  0.03348  0.50   50610    1694   49763   649582  12.83
  1948          64     0.03734  0.03665  0.50   48916    1793   48020   599819  12.26
  1948          65     0.04026  0.03946  0.50   47123    1860   46193   551799  11.71
  1948          66     0.04314  0.04223  0.50   45263    1912   44308   505606  11.17
  1948          67     0.04632  0.04527  0.50   43352    1963   42371   461298  10.64
  1948          68     0.05006  0.04884  0.50   41389    2021   40379   418928  10.12
  1948          69     0.05463  0.05318  0.50   39368    2094   38321   378549   9.62
  1948          70     0.06021  0.05845  0.50   37274    2179   36185   340228   9.13
  1948          71     0.06657  0.06443  0.50   35095    2261   33965   304043   8.66
  1948          72     0.07302  0.07045  0.50   32834    2313   31678   270078   8.23
  1948          73     0.07900  0.07599  0.50   30521    2319   29362   238400   7.81
  1948          74     0.08482  0.08137  0.50   28202    2295   27055   209039   7.41
  1948          75     0.09087  0.08692  0.50   25907    2252   24781   181984   7.02
  1948          76     0.09723  0.09272  0.50   23655    2193   22559   157203   6.65
  1948          77     0.10480  0.09958  0.50   21462    2137   20393   134644   6.27
  1948          78     0.11446  0.10827  0.50   19325    2092   18279   114251   5.91
  1948          79     0.12608  0.11860  0.50   17232    2044   16211    95972   5.57
  1948          80     0.13910  0.13006  0.50   15189    1975   14201    79762   5.25
  1948          81     0.15232  0.14154  0.50   13213    1870   12278    65561   4.96
  1948          82     0.16479  0.15225  0.50   11343    1727   10480    53283   4.70
  1948          83     0.17716  0.16274  0.50    9616    1565    8834    42803   4.45
  1948          84     0.18989  0.17343  0.50    8051    1396    7353    33969   4.22
  1948          85     0.20329  0.18453  0.50    6655    1228    6041    26616   4.00
  1948          86     0.21748  0.19615  0.50    5427    1064    4895    20576   3.79
  1948          87     0.23254  0.20832  0.50    4362     909    3908    15681   3.59
  1948          88     0.24845  0.22100  0.50    3454     763    3072    11773   3.41
  1948          89     0.26518  0.23413  0.50    2690     630    2375     8701   3.23
  1948          90     0.28270  0.24769  0.50    2060     510    1805     6326   3.07
  1948          91     0.30098  0.26161  0.50    1550     406    1347     4520   2.92
  1948          92     0.31999  0.27585  0.50    1145     316     987     3173   2.77
  1948          93     0.33968  0.29036  0.50     829     241     709     2186   2.64
  1948          94     0.35998  0.30507  0.50     588     179     498     1478   2.51
  1948          95     0.38083  0.31992  0.50     409     131     343      979   2.40
  1948          96     0.40213  0.33481  0.50     278      93     231      636   2.29
  1948          97     0.42376  0.34967  0.50     185      65     153      405   2.19
  1948          98     0.44561  0.36442  0.50     120      44      98      252   2.10
  1948          99     0.46757  0.37897  0.50      76      29      62      154   2.01
  1948         100     0.48950  0.39325  0.50      47      19      38       92   1.93
  1948         101     0.51132  0.40721  0.50      29      12      23       54   1.86
  1948         102     0.53292  0.42079  0.50      17       7      13       31   1.79
  1948         103     0.55424  0.43397  0.50      10       4       8       17   1.73
  1948         104     0.57521  0.44673  0.50       6       3       4        9   1.67
  1948         105     0.59578  0.45904  0.50       3       1       2        5   1.62
  1948         106     0.61590  0.47089  0.50       2       1       1        3   1.57
  1948         107     0.63556  0.48230  0.50       1       0       1        1   1.53
  1948         108     0.65478  0.49329  0.50       0       0       0        1   1.49
  1948         109     0.67365  0.50392  0.50       0       0       0        0   1.45
  1948         110+    0.70685  1.00000  1.41       0       0       0        0   1.41
  1949           0     0.09896  0.09272  0.32  100000    9272   93695  5378933  53.79
  1949           1     0.02577  0.02545  0.50   90728    2309   89574  5285238  58.25
  1949           2     0.01807  0.01790  0.50   88420    1583   87628  5195664  58.76
  1949           3     0.01165  0.01158  0.50   86836    1006   86334  5108036  58.82
  1949           4     0.00702  0.00700  0.50   85831     601   85530  5021702  58.51
  1949           5     0.00429  0.00428  0.50   85230     365   85047  4936172  57.92
  1949           6     0.00287  0.00286  0.50   84865     243   84743  4851125  57.16
  1949           7     0.00208  0.00208  0.50   84622     176   84534  4766381  56.33
  1949           8     0.00163  0.00163  0.50   84446     138   84377  4681847  55.44
  1949           9     0.00142  0.00142  0.50   84308     120   84248  4597470  54.53
  1949          10     0.00136  0.00136  0.50   84188     114   84131  4513222  53.61
  1949          11     0.00134  0.00134  0.50   84074     112   84018  4429091  52.68
  1949          12     0.00129  0.00129  0.50   83962     109   83908  4345073  51.75
  1949          13     0.00128  0.00128  0.50   83853     107   83800  4261165  50.82
  1949          14     0.00141  0.00141  0.50   83746     118   83687  4177365  49.88
  1949          15     0.00178  0.00178  0.50   83628     149   83554  4093678  48.95
  1949          16     0.00242  0.00241  0.50   83480     202   83379  4010124  48.04
  1949          17     0.00331  0.00330  0.50   83278     275   83141  3926745  47.15
  1949          18     0.00436  0.00435  0.50   83003     361   82823  3843604  46.31
  1949          19     0.00543  0.00542  0.50   82642     448   82419  3760782  45.51
  1949          20     0.00636  0.00634  0.50   82195     521   81934  3678363  44.75
  1949          21     0.00705  0.00702  0.50   81674     574   81387  3596429  44.03
  1949          22     0.00744  0.00741  0.50   81100     601   80800  3515041  43.34
  1949          23     0.00746  0.00744  0.50   80499     599   80200  3434242  42.66
  1949          24     0.00715  0.00712  0.50   79901     569   79616  3354042  41.98
  1949          25     0.00678  0.00675  0.50   79332     536   79064  3274425  41.28
  1949          26     0.00652  0.00650  0.50   78796     512   78540  3195362  40.55
  1949          27     0.00646  0.00644  0.50   78283     504   78032  3116822  39.81
  1949          28     0.00645  0.00643  0.50   77780     500   77530  3038790  39.07
  1949          29     0.00639  0.00637  0.50   77280     492   77034  2961261  38.32
  1949          30     0.00642  0.00640  0.50   76788     491   76542  2884227  37.56
  1949          31     0.00644  0.00642  0.50   76297     490   76052  2807685  36.80
  1949          32     0.00632  0.00630  0.50   75807     478   75568  2731633  36.03
  1949          33     0.00608  0.00606  0.50   75329     456   75101  2656065  35.26
  1949          34     0.00575  0.00573  0.50   74873     429   74659  2580964  34.47
  1949          35     0.00542  0.00541  0.50   74444     402   74243  2506305  33.67
  1949          36     0.00524  0.00522  0.50   74042     387   73848  2432063  32.85
  1949          37     0.00541  0.00540  0.50   73655     398   73456  2358214  32.02
  1949          38     0.00591  0.00589  0.50   73257     432   73041  2284758  31.19
  1949          39     0.00660  0.00657  0.50   72825     479   72586  2211717  30.37
  1949          40     0.00727  0.00725  0.50   72347     524   72084  2139131  29.57
  1949          41     0.00776  0.00773  0.50   71822     555   71545  2067047  28.78
  1949          42     0.00802  0.00799  0.50   71267     569   70982  1995502  28.00
  1949          43     0.00808  0.00805  0.50   70698     569   70413  1924519  27.22
  1949          44     0.00803  0.00800  0.50   70129     561   69848  1854106  26.44
  1949          45     0.00810  0.00807  0.50   69568     561   69287  1784258  25.65
  1949          46     0.00842  0.00838  0.50   69006     578   68717  1714971  24.85
  1949          47     0.00874  0.00871  0.50   68428     596   68130  1646254  24.06
  1949          48     0.00917  0.00913  0.50   67832     619   67523  1578124  23.27
  1949          49     0.00983  0.00978  0.50   67213     657   66884  1510601  22.47
  1949          50     0.01065  0.01060  0.50   66556     705   66203  1443716  21.69
  1949          51     0.01156  0.01149  0.50   65851     757   65472  1377513  20.92
  1949          52     0.01267  0.01259  0.50   65094     819   64684  1312041  20.16
  1949          53     0.01403  0.01393  0.50   64274     896   63827  1247357  19.41
  1949          54     0.01537  0.01525  0.50   63379     967   62895  1183531  18.67
  1949          55     0.01669  0.01655  0.50   62412    1033   61896  1120635  17.96
  1949          56     0.01810  0.01794  0.50   61379    1101   60829  1058740  17.25
  1949          57     0.01983  0.01963  0.50   60278    1183   59687   997911  16.56
  1949          58     0.02201  0.02177  0.50   59095    1286   58452   938224  15.88
  1949          59     0.02440  0.02411  0.50   57809    1394   57112   879772  15.22
  1949          60     0.02689  0.02653  0.50   56415    1497   55667   822660  14.58
  1949          61     0.02936  0.02894  0.50   54918    1589   54124   766994  13.97
  1949          62     0.03169  0.03119  0.50   53329    1664   52497   712870  13.37
  1949          63     0.03375  0.03319  0.50   51666    1715   50808   660372  12.78
  1949          64     0.03559  0.03497  0.50   49951    1747   49078   609564  12.20
  1949          65     0.03758  0.03689  0.50   48204    1778   47315   560486  11.63
  1949          66     0.04085  0.04003  0.50   46426    1859   45497   513171  11.05
  1949          67     0.04526  0.04426  0.50   44568    1973   43581   467674  10.49
  1949          68     0.05042  0.04918  0.50   42595    2095   41548   424093   9.96
  1949          69     0.05655  0.05499  0.50   40500    2227   39387   382545   9.45
  1949          70     0.06352  0.06156  0.50   38273    2356   37095   343158   8.97
  1949          71     0.06961  0.06727  0.50   35917    2416   34709   306064   8.52
  1949          72     0.07439  0.07173  0.50   33501    2403   32299   271355   8.10
  1949          73     0.07814  0.07520  0.50   31098    2339   29929   239055   7.69
  1949          74     0.08212  0.07888  0.50   28759    2269   27625   209127   7.27
  1949          75     0.08776  0.08408  0.50   26491    2227   25377   181502   6.85
  1949          76     0.09593  0.09154  0.50   24264    2221   23153   156125   6.43
  1949          77     0.10680  0.10139  0.50   22042    2235   20925   132972   6.03
  1949          78     0.12016  0.11335  0.50   19808    2245   18685   112047   5.66
  1949          79     0.13461  0.12613  0.50   17562    2215   16455    93362   5.32
  1949          80     0.14872  0.13842  0.50   15347    2124   14285    76907   5.01
  1949          81     0.16182  0.14971  0.50   13223    1980   12233    62621   4.74
  1949          82     0.17389  0.15998  0.50   11243    1799   10344    50388   4.48
  1949          83     0.18621  0.17035  0.50    9445    1609    8640    40044   4.24
  1949          84     0.19942  0.18134  0.50    7836    1421    7125    31404   4.01
  1949          85     0.21384  0.19319  0.50    6415    1239    5795    24279   3.78
  1949          86     0.22955  0.20592  0.50    5176    1066    4643    18483   3.57
  1949          87     0.24658  0.21951  0.50    4110     902    3659    13841   3.37
  1949          88     0.26492  0.23393  0.50    3208     750    2832    10182   3.17
  1949          89     0.28464  0.24918  0.50    2457     612    2151     7349   2.99
  1949          90     0.30578  0.26523  0.50    1845     489    1600     5198   2.82
  1949          91     0.32841  0.28209  0.50    1356     382    1164     3598   2.65
  1949          92     0.35258  0.29974  0.50     973     292     827     2433   2.50
  1949          93     0.37831  0.31814  0.50     682     217     573     1606   2.36
  1949          94     0.40554  0.33717  0.50     465     157     386     1033   2.22
  1949          95     0.43412  0.35670  0.50     308     110     253      647   2.10
  1949          96     0.46375  0.37646  0.50     198      75     161      394   1.99
  1949          97     0.49404  0.39618  0.50     124      49      99      233   1.88
  1949          98     0.52445  0.41550  0.50      75      31      59      134   1.79
  1949          99     0.55445  0.43410  0.50      44      19      34       75   1.71
  1949         100     0.58349  0.45171  0.50      25      11      19       40   1.64
  1949         101     0.61122  0.46815  0.50      14       6      10       21   1.57
  1949         102     0.63737  0.48334  0.50       7       3       5       11   1.52
  1949         103     0.66187  0.49730  0.50       4       2       3        5   1.47
  1949         104     0.68475  0.51010  0.50       2       1       1        3   1.42
  1949         105     0.70612  0.52187  0.50       1       0       1        1   1.38
  1949         106     0.72612  0.53271  0.50       0       0       0        1   1.35
  1949         107     0.74489  0.54275  0.50       0       0       0        0   1.32
  1949         108     0.76264  0.55211  0.50       0       0       0        0   1.29
  1949         109     0.77960  0.56094  0.50       0       0       0        0   1.26
  1949         110+    0.80585  1.00000  1.24       0       0       0        0   1.24
  1950           0     0.08123  0.07669  0.27  100000    7669   94412  5656403  56.56
  1950           1     0.01877  0.01859  0.50   92331    1716   91473  5561991  60.24
  1950           2     0.01477  0.01466  0.50   90615    1329   89950  5470518  60.37
  1950           3     0.01105  0.01099  0.50   89286     981   88795  5380567  60.26
  1950           4     0.00783  0.00780  0.50   88305     688   87961  5291772  59.93
  1950           5     0.00528  0.00527  0.50   87616     462   87386  5203811  59.39
  1950           6     0.00341  0.00341  0.50   87155     297   87006  5116426  58.71
  1950           7     0.00215  0.00215  0.50   86858     187   86764  5029419  57.90
  1950           8     0.00139  0.00139  0.50   86671     121   86611  4942655  57.03
  1950           9     0.00100  0.00100  0.50   86550      87   86507  4856044  56.11
  1950          10     0.00085  0.00085  0.50   86464      74   86427  4769537  55.16
  1950          11     0.00086  0.00086  0.50   86390      74   86353  4683111  54.21
  1950          12     0.00095  0.00095  0.50   86316      82   86275  4596757  53.25
  1950          13     0.00111  0.00111  0.50   86234      96   86186  4510482  52.31
  1950          14     0.00135  0.00135  0.50   86138     116   86080  4424296  51.36
  1950          15     0.00166  0.00165  0.50   86022     142   85951  4338216  50.43
  1950          16     0.00204  0.00204  0.50   85880     175   85793  4252264  49.51
  1950          17     0.00249  0.00248  0.50   85705     213   85599  4166472  48.61
  1950          18     0.00299  0.00298  0.50   85492     255   85365  4080873  47.73
  1950          19     0.00351  0.00350  0.50   85237     299   85088  3995508  46.88
  1950          20     0.00402  0.00401  0.50   84939     341   84769  3910420  46.04
  1950          21     0.00447  0.00446  0.50   84598     377   84410  3825651  45.22
  1950          22     0.00481  0.00480  0.50   84221     404   84019  3741241  44.42
  1950          23     0.00504  0.00503  0.50   83817     422   83606  3657222  43.63
  1950          24     0.00516  0.00515  0.50   83395     429   83181  3573616  42.85
  1950          25     0.00518  0.00517  0.50   82966     429   82752  3490435  42.07
  1950          26     0.00515  0.00514  0.50   82537     424   82325  3407683  41.29
  1950          27     0.00512  0.00511  0.50   82113     419   81903  3325358  40.50
  1950          28     0.00511  0.00510  0.50   81694     417   81485  3243455  39.70
  1950          29     0.00512  0.00511  0.50   81277     415   81069  3161970  38.90
  1950          30     0.00508  0.00507  0.50   80862     410   80657  3080901  38.10
  1950          31     0.00501  0.00500  0.50   80452     402   80251  3000244  37.29
  1950          32     0.00495  0.00494  0.50   80050     395   79852  2919993  36.48
  1950          33     0.00493  0.00492  0.50   79654     392   79458  2840142  35.66
  1950          34     0.00495  0.00494  0.50   79262     392   79067  2760683  34.83
  1950          35     0.00502  0.00501  0.50   78871     395   78673  2681617  34.00
  1950          36     0.00514  0.00512  0.50   78475     402   78274  2602944  33.17
  1950          37     0.00528  0.00527  0.50   78073     411   77868  2524669  32.34
  1950          38     0.00546  0.00545  0.50   77662     423   77450  2446802  31.51
  1950          39     0.00568  0.00566  0.50   77239     437   77020  2369351  30.68
  1950          40     0.00592  0.00590  0.50   76802     453   76575  2292331  29.85
  1950          41     0.00622  0.00620  0.50   76348     473   76111  2215756  29.02
  1950          42     0.00660  0.00657  0.50   75875     499   75626  2139645  28.20
  1950          43     0.00704  0.00702  0.50   75376     529   75112  2064019  27.38
  1950          44     0.00752  0.00749  0.50   74847     561   74567  1988907  26.57
  1950          45     0.00798  0.00795  0.50   74287     590   73991  1914340  25.77
  1950          46     0.00839  0.00836  0.50   73696     616   73388  1840349  24.97
  1950          47     0.00877  0.00873  0.50   73080     638   72761  1766961  24.18
  1950          48     0.00915  0.00911  0.50   72442     660   72112  1694200  23.39
  1950          49     0.00957  0.00953  0.50   71782     684   71440  1622087  22.60
  1950          50     0.01014  0.01009  0.50   71099     717   70740  1550647  21.81
  1950          51     0.01095  0.01089  0.50   70381     767   69998  1479907  21.03
  1950          52     0.01197  0.01190  0.50   69615     829   69200  1409909  20.25
  1950          53     0.01315  0.01306  0.50   68786     898   68337  1340709  19.49
  1950          54     0.01442  0.01432  0.50   67888     972   67402  1272372  18.74
  1950          55     0.01578  0.01565  0.50   66916    1048   66392  1204971  18.01
  1950          56     0.01722  0.01707  0.50   65868    1124   65306  1138579  17.29
  1950          57     0.01873  0.01856  0.50   64744    1202   64143  1073273  16.58
  1950          58     0.02033  0.02012  0.50   63542    1279   62903  1009130  15.88
  1950          59     0.02202  0.02178  0.50   62264    1356   61585   946227  15.20
  1950          60     0.02395  0.02367  0.50   60907    1442   60187   884642  14.52
  1950          61     0.02625  0.02591  0.50   59466    1540   58696   824455  13.86
  1950          62     0.02899  0.02857  0.50   57925    1655   57098   765760  13.22
  1950          63     0.03219  0.03168  0.50   56270    1783   55379   708662  12.59
  1950          64     0.03569  0.03506  0.50   54488    1910   53532   653283  11.99
  1950          65     0.03928  0.03853  0.50   52577    2026   51564   599750  11.41
  1950          66     0.04295  0.04205  0.50   50551    2126   49489   548186  10.84
  1950          67     0.04680  0.04573  0.50   48426    2214   47319   498697  10.30
  1950          68     0.05096  0.04970  0.50   46211    2297   45063   451379   9.77
  1950          69     0.05551  0.05401  0.50   43915    2372   42729   406316   9.25
  1950          70     0.06053  0.05875  0.50   41543    2441   40323   363587   8.75
  1950          71     0.06615  0.06403  0.50   39102    2504   37850   323264   8.27
  1950          72     0.07245  0.06992  0.50   36599    2559   35319   285414   7.80
  1950          73     0.07948  0.07644  0.50   34040    2602   32739   250094   7.35
  1950          74     0.08711  0.08348  0.50   31438    2624   30125   217356   6.91
  1950          75     0.09530  0.09096  0.50   28813    2621   27503   187231   6.50
  1950          76     0.10425  0.09908  0.50   26192    2595   24895   159728   6.10
  1950          77     0.11406  0.10790  0.50   23597    2546   22324   134833   5.71
  1950          78     0.12487  0.11753  0.50   21051    2474   19814   112509   5.34
  1950          79     0.13727  0.12846  0.50   18577    2386   17384    92695   4.99
  1950          80     0.15175  0.14105  0.50   16190    2284   15049    75312   4.65
  1950          81     0.16805  0.15502  0.50   13907    2156   12829    60263   4.33
  1950          82     0.18579  0.17000  0.50   11751    1998   10752    47435   4.04
  1950          83     0.20492  0.18587  0.50    9753    1813    8847    36683   3.76
  1950          84     0.22551  0.20266  0.50    7940    1609    7136    27836   3.51
  1950          85     0.24763  0.22034  0.50    6331    1395    5634    20700   3.27
  1950          86     0.27126  0.23886  0.50    4936    1179    4347    15066   3.05
  1950          87     0.29638  0.25813  0.50    3757     970    3272    10720   2.85
  1950          88     0.32282  0.27795  0.50    2787     775    2400     7448   2.67
  1950          89     0.35029  0.29808  0.50    2013     600    1713     5048   2.51
  1950          90     0.37849  0.31826  0.50    1413     450    1188     3335   2.36
  1950          91     0.40698  0.33816  0.50     963     326     800     2147   2.23
  1950          92     0.43531  0.35750  0.50     637     228     523     1347   2.11
  1950          93     0.46303  0.37598  0.50     410     154     333      824   2.01
  1950          94     0.48971  0.39339  0.50     256     101     205      491   1.92
  1950          95     0.51501  0.40955  0.50     155      63     123      286   1.84
  1950          96     0.53875  0.42442  0.50      92      39      72      162   1.77
  1950          97     0.56084  0.43801  0.50      53      23      41       90   1.71
  1950          98     0.58141  0.45046  0.50      30      13      23       49   1.66
  1950          99     0.60069  0.46195  0.50      16       8      13       26   1.61
  1950         100     0.61901  0.47270  0.50       9       4       7       14   1.57
  1950         101     0.63669  0.48295  0.50       5       2       4        7   1.53
  1950         102     0.65405  0.49287  0.50       2       1       2        4   1.49
  1950         103     0.67126  0.50258  0.50       1       1       1        2   1.46
  1950         104     0.68844  0.51215  0.50       1       0       0        1   1.42
  1950         105     0.70560  0.52159  0.50       0       0       0        0   1.39
  1950         106     0.72270  0.53087  0.50       0       0       0        0   1.36
  1950         107     0.73969  0.53998  0.50       0       0       0        0   1.33
  1950         108     0.75654  0.54890  0.50       0       0       0        0   1.30
  1950         109     0.77326  0.55765  0.50       0       0       0        0   1.27
  1950         110+    0.79897  1.00000  1.25       0       0       0        0   1.25
  1951           0     0.08407  0.07927  0.28  100000    7927   94286  5813723  58.14
  1951           1     0.02149  0.02126  0.50   92073    1957   91094  5719437  62.12
  1951           2     0.01331  0.01322  0.50   90116    1192   89520  5628343  62.46
  1951           3     0.00849  0.00846  0.50   88924     752   88548  5538823  62.29
  1951           4     0.00607  0.00605  0.50   88172     533   87905  5450275  61.81
  1951           5     0.00437  0.00436  0.50   87639     382   87447  5362370  61.19
  1951           6     0.00289  0.00288  0.50   87256     252   87130  5274923  60.45
  1951           7     0.00153  0.00153  0.50   87005     133   86938  5187792  59.63
  1951           8     0.00076  0.00076  0.50   86871      66   86838  5100854  58.72
  1951           9     0.00054  0.00054  0.50   86805      47   86782  5014016  57.76
  1951          10     0.00071  0.00071  0.50   86758      62   86727  4927234  56.79
  1951          11     0.00104  0.00104  0.50   86696      90   86652  4840507  55.83
  1951          12     0.00130  0.00130  0.50   86607     113   86550  4753855  54.89
  1951          13     0.00141  0.00141  0.50   86494     122   86433  4667305  53.96
  1951          14     0.00149  0.00149  0.50   86372     128   86308  4580872  53.04
  1951          15     0.00168  0.00168  0.50   86244     145   86171  4494564  52.11
  1951          16     0.00193  0.00193  0.50   86099     166   86016  4408393  51.20
  1951          17     0.00217  0.00216  0.50   85933     186   85840  4322377  50.30
  1951          18     0.00247  0.00246  0.50   85747     211   85641  4236537  49.41
  1951          19     0.00284  0.00283  0.50   85536     242   85415  4150896  48.53
  1951          20     0.00297  0.00296  0.50   85293     253   85167  4065481  47.66
  1951          21     0.00304  0.00303  0.50   85041     258   84912  3980314  46.80
  1951          22     0.00330  0.00330  0.50   84783     280   84643  3895403  45.95
  1951          23     0.00362  0.00362  0.50   84503     306   84350  3810760  45.10
  1951          24     0.00382  0.00382  0.50   84197     321   84037  3726409  44.26
  1951          25     0.00394  0.00394  0.50   83876     330   83711  3642373  43.43
  1951          26     0.00405  0.00404  0.50   83546     338   83377  3558662  42.60
  1951          27     0.00418  0.00417  0.50   83208     347   83035  3475285  41.77
  1951          28     0.00424  0.00423  0.50   82861     350   82686  3392250  40.94
  1951          29     0.00415  0.00414  0.50   82511     342   82340  3309564  40.11
  1951          30     0.00395  0.00395  0.50   82169     324   82007  3227224  39.28
  1951          31     0.00383  0.00383  0.50   81845     313   81688  3145217  38.43
  1951          32     0.00392  0.00391  0.50   81532     319   81372  3063529  37.57
  1951          33     0.00408  0.00407  0.50   81213     331   81047  2982156  36.72
  1951          34     0.00416  0.00415  0.50   80882     336   80714  2901109  35.87
  1951          35     0.00421  0.00420  0.50   80546     338   80377  2820395  35.02
  1951          36     0.00434  0.00433  0.50   80208     347   80034  2740018  34.16
  1951          37     0.00455  0.00454  0.50   79861     363   79679  2659984  33.31
  1951          38     0.00479  0.00478  0.50   79498     380   79308  2580305  32.46
  1951          39     0.00499  0.00498  0.50   79118     394   78921  2500997  31.61
  1951          40     0.00522  0.00520  0.50   78724     410   78519  2422076  30.77
  1951          41     0.00550  0.00548  0.50   78314     429   78099  2343558  29.93
  1951          42     0.00574  0.00573  0.50   77885     446   77662  2265458  29.09
  1951          43     0.00597  0.00595  0.50   77439     461   77208  2187797  28.25
  1951          44     0.00624  0.00622  0.50   76978     479   76739  2110588  27.42
  1951          45     0.00661  0.00659  0.50   76499     504   76247  2033850  26.59
  1951          46     0.00715  0.00712  0.50   75995     541   75724  1957603  25.76
  1951          47     0.00786  0.00782  0.50   75454     590   75159  1881878  24.94
  1951          48     0.00859  0.00855  0.50   74863     640   74543  1806720  24.13
  1951          49     0.00919  0.00915  0.50   74223     679   73884  1732176  23.34
  1951          50     0.00976  0.00971  0.50   73544     714   73187  1658293  22.55
  1951          51     0.01044  0.01039  0.50   72830     756   72452  1585105  21.76
  1951          52     0.01150  0.01143  0.50   72074     824   71662  1512654  20.99
  1951          53     0.01294  0.01286  0.50   71250     916   70792  1440992  20.22
  1951          54     0.01401  0.01391  0.50   70334     978   69845  1370200  19.48
  1951          55     0.01482  0.01471  0.50   69356    1020   68846  1300355  18.75
  1951          56     0.01573  0.01561  0.50   68336    1067   67802  1231510  18.02
  1951          57     0.01693  0.01678  0.50   67269    1129   66704  1163708  17.30
  1951          58     0.01829  0.01813  0.50   66140    1199   65540  1097003  16.59
  1951          59     0.01913  0.01895  0.50   64941    1231   64326  1031463  15.88
  1951          60     0.01999  0.01979  0.50   63710    1261   63080   967137  15.18
  1951          61     0.02168  0.02145  0.50   62449    1339   61780   904057  14.48
  1951          62     0.02449  0.02419  0.50   61110    1479   60371   842278  13.78
  1951          63     0.02835  0.02796  0.50   59631    1667   58798   781907  13.11
  1951          64     0.03230  0.03179  0.50   57964    1843   57043   723110  12.48
  1951          65     0.03567  0.03505  0.50   56121    1967   55138   666067  11.87
  1951          66     0.03955  0.03879  0.50   54154    2100   53104   610929  11.28
  1951          67     0.04415  0.04319  0.50   52054    2248   50930   557825  10.72
  1951          68     0.04926  0.04808  0.50   49806    2395   48608   506895  10.18
  1951          69     0.05460  0.05315  0.50   47411    2520   46151   458287   9.67
  1951          70     0.05971  0.05798  0.50   44891    2603   43590   412136   9.18
  1951          71     0.06393  0.06195  0.50   42289    2620   40979   368546   8.72
  1951          72     0.06715  0.06496  0.50   39669    2577   38380   327567   8.26
  1951          73     0.07038  0.06799  0.50   37092    2522   35831   289187   7.80
  1951          74     0.07846  0.07550  0.50   34570    2610   33265   253356   7.33
  1951          75     0.09221  0.08815  0.50   31960    2817   30551   220091   6.89
  1951          76     0.09867  0.09403  0.50   29143    2740   27772   189540   6.50
  1951          77     0.10400  0.09886  0.50   26402    2610   25097   161767   6.13
  1951          78     0.11686  0.11040  0.50   23792    2627   22479   136670   5.74
  1951          79     0.13182  0.12367  0.50   21165    2618   19857   114191   5.40
  1951          80     0.14247  0.13299  0.50   18548    2467   17315    94334   5.09
  1951          81     0.15238  0.14160  0.50   16081    2277   14943    77020   4.79
  1951          82     0.16586  0.15315  0.50   13804    2114   12747    62077   4.50
  1951          83     0.18071  0.16574  0.50   11690    1937   10721    49330   4.22
  1951          84     0.19671  0.17910  0.50    9752    1747    8879    38609   3.96
  1951          85     0.21437  0.19361  0.50    8006    1550    7231    29730   3.71
  1951          86     0.23346  0.20905  0.50    6456    1350    5781    22499   3.49
  1951          87     0.25369  0.22513  0.50    5106    1150    4531    16718   3.27
  1951          88     0.27508  0.24182  0.50    3957     957    3478    12187   3.08
  1951          89     0.29744  0.25893  0.50    3000     777    2611     8708   2.90
  1951          90     0.32049  0.27622  0.50    2223     614    1916     6097   2.74
  1951          91     0.34391  0.29345  0.50    1609     472    1373     4181   2.60
  1951          92     0.36735  0.31035  0.50    1137     353     960     2808   2.47
  1951          93     0.39037  0.32662  0.50     784     256     656     1848   2.36
  1951          94     0.41248  0.34196  0.50     528     181     438     1192   2.26
  1951          95     0.43328  0.35613  0.50     347     124     286      754   2.17
  1951          96     0.45254  0.36904  0.50     224      83     182      468   2.09
  1951          97     0.47025  0.38073  0.50     141      54     114      286   2.03
  1951          98     0.48681  0.39151  0.50      87      34      70      172   1.96
  1951          99     0.50281  0.40180  0.50      53      21      42      101   1.90
  1951         100     0.51895  0.41204  0.50      32      13      25       59   1.85
  1951         101     0.53569  0.42252  0.50      19       8      15       34   1.79
  1951         102     0.55328  0.43339  0.50      11       5       8       19   1.74
  1951         103     0.57166  0.44458  0.50       6       3       5       10   1.69
  1951         104     0.59062  0.45597  0.50       3       2       3        6   1.64
  1951         105     0.60988  0.46736  0.50       2       1       1        3   1.59
  1951         106     0.62919  0.47862  0.50       1       0       1        2   1.54
  1951         107     0.64835  0.48962  0.50       1       0       0        1   1.50
  1951         108     0.66717  0.50028  0.50       0       0       0        0   1.46
  1951         109     0.68552  0.51053  0.50       0       0       0        0   1.43
  1951         110+    0.71780  1.00000  1.39       0       0       0        0   1.39
  1952           0     0.07094  0.06732  0.24  100000    6732   94905  6111808  61.12
  1952           1     0.01028  0.01023  0.50   93268     954   92791  6016903  64.51
  1952           2     0.00800  0.00797  0.50   92314     736   91946  5924112  64.17
  1952           3     0.00571  0.00570  0.50   91578     522   91317  5832167  63.69
  1952           4     0.00377  0.00377  0.50   91056     343   90885  5740850  63.05
  1952           5     0.00253  0.00253  0.50   90713     229   90598  5649965  62.28
  1952           6     0.00183  0.00183  0.50   90484     166   90401  5559367  61.44
  1952           7     0.00142  0.00142  0.50   90318     129   90254  5468966  60.55
  1952           8     0.00113  0.00113  0.50   90189     102   90138  5378713  59.64
  1952           9     0.00092  0.00092  0.50   90087      83   90046  5288574  58.71
  1952          10     0.00079  0.00079  0.50   90004      72   89968  5198529  57.76
  1952          11     0.00074  0.00074  0.50   89933      66   89899  5108560  56.80
  1952          12     0.00074  0.00074  0.50   89866      66   89833  5018661  55.85
  1952          13     0.00078  0.00078  0.50   89800      70   89765  4928828  54.89
  1952          14     0.00087  0.00087  0.50   89730      78   89691  4839063  53.93
  1952          15     0.00102  0.00102  0.50   89652      91   89606  4749372  52.98
  1952          16     0.00124  0.00124  0.50   89561     111   89506  4659766  52.03
  1952          17     0.00152  0.00152  0.50   89450     136   89382  4570260  51.09
  1952          18     0.00184  0.00184  0.50   89314     164   89232  4480878  50.17
  1952          19     0.00215  0.00214  0.50   89150     191   89054  4391646  49.26
  1952          20     0.00241  0.00241  0.50   88959     214   88852  4302591  48.37
  1952          21     0.00264  0.00264  0.50   88745     234   88628  4213740  47.48
  1952          22     0.00285  0.00284  0.50   88511     252   88385  4125112  46.61
  1952          23     0.00303  0.00303  0.50   88259     267   88126  4036727  45.74
  1952          24     0.00318  0.00317  0.50   87992     279   87852  3948601  44.87
  1952          25     0.00326  0.00326  0.50   87713     286   87570  3860749  44.02
  1952          26     0.00332  0.00332  0.50   87427     290   87282  3773179  43.16
  1952          27     0.00341  0.00340  0.50   87137     296   86989  3685897  42.30
  1952          28     0.00350  0.00349  0.50   86841     304   86689  3598908  41.44
  1952          29     0.00357  0.00357  0.50   86537     309   86383  3512219  40.59
  1952          30     0.00357  0.00356  0.50   86228     307   86075  3425837  39.73
  1952          31     0.00353  0.00353  0.50   85921     303   85770  3339762  38.87
  1952          32     0.00352  0.00351  0.50   85618     301   85468  3253992  38.01
  1952          33     0.00351  0.00350  0.50   85317     299   85168  3168524  37.14
  1952          34     0.00347  0.00347  0.50   85019     295   84871  3083357  36.27
  1952          35     0.00343  0.00342  0.50   84724     290   84579  2998485  35.39
  1952          36     0.00340  0.00339  0.50   84434     286   84291  2913907  34.51
  1952          37     0.00345  0.00345  0.50   84148     290   84003  2829616  33.63
  1952          38     0.00367  0.00366  0.50   83857     307   83704  2745613  32.74
  1952          39     0.00407  0.00406  0.50   83551     339   83381  2661909  31.86
  1952          40     0.00455  0.00454  0.50   83212     378   83023  2578528  30.99
  1952          41     0.00500  0.00499  0.50   82834     414   82627  2495505  30.13
  1952          42     0.00537  0.00535  0.50   82420     441   82200  2412878  29.28
  1952          43     0.00563  0.00561  0.50   81979     460   81749  2330678  28.43
  1952          44     0.00581  0.00579  0.50   81519     472   81283  2248929  27.59
  1952          45     0.00601  0.00600  0.50   81047     486   80804  2167646  26.75
  1952          46     0.00635  0.00633  0.50   80561     510   80306  2086843  25.90
  1952          47     0.00684  0.00682  0.50   80051     546   79778  2006537  25.07
  1952          48     0.00748  0.00745  0.50   79505     593   79209  1926758  24.23
  1952          49     0.00824  0.00821  0.50   78913     648   78589  1847549  23.41
  1952          50     0.00907  0.00903  0.50   78265     707   77912  1768961  22.60
  1952          51     0.00994  0.00989  0.50   77558     767   77175  1691049  21.80
  1952          52     0.01096  0.01090  0.50   76791     837   76373  1613874  21.02
  1952          53     0.01220  0.01212  0.50   75954     921   75494  1537501  20.24
  1952          54     0.01355  0.01346  0.50   75033    1010   74528  1462008  19.48
  1952          55     0.01496  0.01485  0.50   74024    1099   73474  1387479  18.74
  1952          56     0.01643  0.01629  0.50   72925    1188   72331  1314005  18.02
  1952          57     0.01804  0.01788  0.50   71737    1282   71095  1241674  17.31
  1952          58     0.01973  0.01954  0.50   70454    1377   69766  1170579  16.61
  1952          59     0.02101  0.02079  0.50   69077    1436   68359  1100813  15.94
  1952          60     0.02207  0.02183  0.50   67641    1477   66903  1032454  15.26
  1952          61     0.02338  0.02311  0.50   66164    1529   65400   965551  14.59
  1952          62     0.02543  0.02511  0.50   64636    1623   63824   900151  13.93
  1952          63     0.02853  0.02812  0.50   63013    1772   62127   836327  13.27
  1952          64     0.03206  0.03156  0.50   61241    1933   60274   774200  12.64
  1952          65     0.03538  0.03477  0.50   59308    2062   58277   713925  12.04
  1952          66     0.03861  0.03787  0.50   57246    2168   56162   655648  11.45
  1952          67     0.04218  0.04131  0.50   55078    2275   53940   599486  10.88
  1952          68     0.04650  0.04544  0.50   52803    2399   51603   545546  10.33
  1952          69     0.05149  0.05020  0.50   50403    2530   49138   493943   9.80
  1952          70     0.05686  0.05529  0.50   47873    2647   46550   444805   9.29
  1952          71     0.06199  0.06013  0.50   45226    2720   43867   398255   8.81
  1952          72     0.06681  0.06465  0.50   42507    2748   41133   354389   8.34
  1952          73     0.07155  0.06907  0.50   39759    2746   38386   313256   7.88
  1952          74     0.07713  0.07427  0.50   37012    2749   35638   274870   7.43
  1952          75     0.08428  0.08087  0.50   34264    2771   32878   239232   6.98
  1952          76     0.09241  0.08833  0.50   31493    2782   30102   206354   6.55
  1952          77     0.10176  0.09683  0.50   28711    2780   27321   176252   6.14
  1952          78     0.11290  0.10687  0.50   25931    2771   24545   148931   5.74
  1952          79     0.12659  0.11905  0.50   23160    2757   21781   124386   5.37
  1952          80     0.14287  0.13334  0.50   20403    2721   19042   102605   5.03
  1952          81     0.15882  0.14714  0.50   17682    2602   16381    83563   4.73
  1952          82     0.17217  0.15852  0.50   15080    2391   13885    67182   4.45
  1952          83     0.18550  0.16976  0.50   12690    2154   11613    53297   4.20
  1952          84     0.19987  0.18171  0.50   10536    1914    9578    41684   3.96
  1952          85     0.21555  0.19458  0.50    8621    1678    7782    32106   3.72
  1952          86     0.23257  0.20834  0.50    6944    1447    6220    24323   3.50
  1952          87     0.25092  0.22295  0.50    5497    1226    4884    18103   3.29
  1952          88     0.27065  0.23839  0.50    4271    1018    3762    13219   3.09
  1952          89     0.29185  0.25468  0.50    3253     829    2839     9456   2.91
  1952          90     0.31464  0.27187  0.50    2425     659    2095     6618   2.73
  1952          91     0.33918  0.29000  0.50    1765     512    1509     4523   2.56
  1952          92     0.36563  0.30912  0.50    1253     387    1060     3013   2.40
  1952          93     0.39413  0.32924  0.50     866     285     723     1953   2.26
  1952          94     0.42474  0.35034  0.50     581     204     479     1230   2.12
  1952          95     0.45740  0.37226  0.50     377     140     307      751   1.99
  1952          96     0.49167  0.39465  0.50     237      93     190      444   1.87
  1952          97     0.52696  0.41707  0.50     143      60     113      253   1.77
  1952          98     0.56233  0.43892  0.50      84      37      65      140   1.67
  1952          99     0.59677  0.45962  0.50      47      22      36       75   1.59
  1952         100     0.62942  0.47875  0.50      25      12      19       39   1.52
  1952         101     0.65983  0.49614  0.50      13       7      10       19   1.46
  1952         102     0.68776  0.51177  0.50       7       3       5        9   1.41
  1952         103     0.71335  0.52581  0.50       3       2       2        4   1.37
  1952         104     0.73685  0.53847  0.50       2       1       1        2   1.33
  1952         105     0.75855  0.54996  0.50       1       0       1        1   1.29
  1952         106     0.77862  0.56044  0.50       0       0       0        0   1.26
  1952         107     0.79725  0.57003  0.50       0       0       0        0   1.24
  1952         108     0.81455  0.57881  0.50       0       0       0        0   1.21
  1952         109     0.83069  0.58692  0.50       0       0       0        0   1.19
  1952         110+    0.85448  1.00000  1.17       0       0       0        0   1.17
  1953           0     0.07081  0.06721  0.24  100000    6721   94911  6132305  61.32
  1953           1     0.01055  0.01049  0.50   93279     979   92790  6037394  64.72
  1953           2     0.00779  0.00776  0.50   92301     716   91943  5944604  64.40
  1953           3     0.00533  0.00532  0.50   91584     487   91341  5852661  63.90
  1953           4     0.00342  0.00342  0.50   91097     311   90942  5761320  63.24
  1953           5     0.00221  0.00221  0.50   90786     200   90686  5670379  62.46
  1953           6     0.00153  0.00152  0.50   90585     138   90516  5579693  61.60
  1953           7     0.00114  0.00114  0.50   90447     103   90396  5489177  60.69
  1953           8     0.00091  0.00091  0.50   90345      82   90304  5398781  59.76
  1953           9     0.00078  0.00078  0.50   90263      70   90227  5308477  58.81
  1953          10     0.00072  0.00071  0.50   90192      64   90160  5218250  57.86
  1953          11     0.00070  0.00070  0.50   90128      63   90096  5128090  56.90
  1953          12     0.00074  0.00074  0.50   90064      66   90031  5037994  55.94
  1953          13     0.00081  0.00081  0.50   89998      73   89962  4947962  54.98
  1953          14     0.00090  0.00090  0.50   89925      81   89885  4858001  54.02
  1953          15     0.00102  0.00102  0.50   89845      91   89799  4768116  53.07
  1953          16     0.00121  0.00121  0.50   89753     108   89699  4678317  52.12
  1953          17     0.00149  0.00149  0.50   89645     134   89578  4588618  51.19
  1953          18     0.00184  0.00183  0.50   89511     164   89429  4499040  50.26
  1953          19     0.00217  0.00217  0.50   89347     194   89250  4409611  49.35
  1953          20     0.00249  0.00248  0.50   89153     221   89043  4320361  48.46
  1953          21     0.00275  0.00274  0.50   88932     244   88810  4231318  47.58
  1953          22     0.00291  0.00291  0.50   88688     258   88559  4142508  46.71
  1953          23     0.00300  0.00300  0.50   88430     265   88298  4053949  45.84
  1953          24     0.00302  0.00302  0.50   88165     266   88032  3965652  44.98
  1953          25     0.00300  0.00300  0.50   87899     264   87767  3877620  44.11
  1953          26     0.00298  0.00298  0.50   87636     261   87505  3789852  43.25
  1953          27     0.00298  0.00298  0.50   87375     260   87245  3702347  42.37
  1953          28     0.00302  0.00302  0.50   87114     263   86983  3615103  41.50
  1953          29     0.00308  0.00308  0.50   86852     267   86718  3528119  40.62
  1953          30     0.00307  0.00306  0.50   86584     265   86452  3441401  39.75
  1953          31     0.00302  0.00301  0.50   86319     260   86189  3354950  38.87
  1953          32     0.00300  0.00300  0.50   86059     258   85930  3268761  37.98
  1953          33     0.00302  0.00302  0.50   85801     259   85672  3182830  37.10
  1953          34     0.00307  0.00306  0.50   85542     262   85411  3097159  36.21
  1953          35     0.00311  0.00310  0.50   85281     265   85148  3011747  35.32
  1953          36     0.00314  0.00313  0.50   85016     266   84883  2926599  34.42
  1953          37     0.00320  0.00320  0.50   84749     271   84614  2841716  33.53
  1953          38     0.00332  0.00332  0.50   84478     280   84338  2757103  32.64
  1953          39     0.00350  0.00349  0.50   84198     294   84051  2672765  31.74
  1953          40     0.00372  0.00371  0.50   83904     312   83748  2588713  30.85
  1953          41     0.00400  0.00399  0.50   83593     334   83426  2504965  29.97
  1953          42     0.00434  0.00433  0.50   83259     360   83078  2421540  29.08
  1953          43     0.00474  0.00473  0.50   82898     392   82702  2338461  28.21
  1953          44     0.00521  0.00520  0.50   82506     429   82292  2255759  27.34
  1953          45     0.00571  0.00569  0.50   82078     467   81844  2173467  26.48
  1953          46     0.00624  0.00622  0.50   81610     507   81357  2091623  25.63
  1953          47     0.00689  0.00687  0.50   81103     557   80824  2010266  24.79
  1953          48     0.00767  0.00764  0.50   80546     615   80238  1929442  23.95
  1953          49     0.00851  0.00847  0.50   79930     677   79592  1849204  23.14
  1953          50     0.00937  0.00933  0.50   79253     739   78884  1769612  22.33
  1953          51     0.01023  0.01018  0.50   78514     799   78114  1690729  21.53
  1953          52     0.01104  0.01098  0.50   77715     853   77288  1612614  20.75
  1953          53     0.01183  0.01176  0.50   76862     904   76410  1535326  19.98
  1953          54     0.01278  0.01270  0.50   75958     965   75475  1458916  19.21
  1953          55     0.01385  0.01376  0.50   74993    1032   74477  1383441  18.45
  1953          56     0.01499  0.01488  0.50   73962    1101   73411  1308964  17.70
  1953          57     0.01638  0.01625  0.50   72861    1184   72269  1235552  16.96
  1953          58     0.01818  0.01801  0.50   71677    1291   71031  1163283  16.23
  1953          59     0.02014  0.01994  0.50   70386    1403   69684  1092252  15.52
  1953          60     0.02216  0.02192  0.50   68982    1512   68226  1022568  14.82
  1953          61     0.02423  0.02394  0.50   67471    1615   66663   954341  14.14
  1953          62     0.02661  0.02626  0.50   65855    1729   64990   887678  13.48
  1953          63     0.02955  0.02912  0.50   64126    1867   63192   822688  12.83
  1953          64     0.03305  0.03251  0.50   62259    2024   61246   759496  12.20
  1953          65     0.03683  0.03616  0.50   60234    2178   59145   698249  11.59
  1953          66     0.04006  0.03927  0.50   58056    2280   56916   639104  11.01
  1953          67     0.04325  0.04233  0.50   55776    2361   54596   582188  10.44
  1953          68     0.04717  0.04609  0.50   53415    2462   52184   527592   9.88
  1953          69     0.05208  0.05075  0.50   50953    2586   49660   475408   9.33
  1953          70     0.05804  0.05640  0.50   48367    2728   47003   425748   8.80
  1953          71     0.06482  0.06279  0.50   45639    2866   44207   378744   8.30
  1953          72     0.07157  0.06910  0.50   42774    2955   41296   334538   7.82
  1953          73     0.07762  0.07472  0.50   39818    2975   38331   293242   7.36
  1953          74     0.08382  0.08045  0.50   36843    2964   35361   254911   6.92
  1953          75     0.09155  0.08755  0.50   33879    2966   32396   219550   6.48
  1953          76     0.10221  0.09724  0.50   30913    3006   29410   187154   6.05
  1953          77     0.11470  0.10848  0.50   27907    3027   26394   157744   5.65
  1953          78     0.12775  0.12008  0.50   24880    2987   23386   131350   5.28
  1953          79     0.14174  0.13236  0.50   21892    2898   20443   107964   4.93
  1953          80     0.15724  0.14578  0.50   18995    2769   17610    87520   4.61
  1953          81     0.17357  0.15971  0.50   16226    2591   14930    69910   4.31
  1953          82     0.19016  0.17365  0.50   13634    2368   12450    54980   4.03
  1953          83     0.20765  0.18812  0.50   11267    2120   10207    42530   3.77
  1953          84     0.22641  0.20339  0.50    9147    1860    8217    32323   3.53
  1953          85     0.24659  0.21952  0.50    7287    1600    6487    24106   3.31
  1953          86     0.26820  0.23649  0.50    5687    1345    5015    17619   3.10
  1953          87     0.29121  0.25420  0.50    4342    1104    3790    12604   2.90
  1953          88     0.31559  0.27258  0.50    3238     883    2797     8814   2.72
  1953          89     0.34132  0.29156  0.50    2356     687    2012     6017   2.55
  1953          90     0.36832  0.31104  0.50    1669     519    1409     4005   2.40
  1953          91     0.39654  0.33092  0.50    1150     380     960     2595   2.26
  1953          92     0.42586  0.35110  0.50     769     270     634     1636   2.13
  1953          93     0.45619  0.37146  0.50     499     185     406     1001   2.01
  1953          94     0.48736  0.39187  0.50     314     123     252      595   1.90
  1953          95     0.51920  0.41219  0.50     191      79     151      343   1.80
  1953          96     0.55146  0.43227  0.50     112      48      88      191   1.71
  1953          97     0.58390  0.45195  0.50      64      29      49      103   1.62
  1953          98     0.61616  0.47104  0.50      35      16      27       54   1.55
  1953          99     0.64790  0.48937  0.50      18       9      14       27   1.48
  1953         100     0.67870  0.50674  0.50       9       5       7       13   1.42
  1953         101     0.70818  0.52299  0.50       5       2       3        6   1.37
  1953         102     0.73599  0.53801  0.50       2       1       2        3   1.32
  1953         103     0.76188  0.55171  0.50       1       1       1        1   1.28
  1953         104     0.78569  0.56409  0.50       0       0       0        1   1.25
  1953         105     0.80738  0.57518  0.50       0       0       0        0   1.22
  1953         106     0.82698  0.58506  0.50       0       0       0        0   1.19
  1953         107     0.84459  0.59382  0.50       0       0       0        0   1.17
  1953         108     0.86040  0.60159  0.50       0       0       0        0   1.15
  1953         109     0.87472  0.60856  0.50       0       0       0        0   1.13
  1953         110+    0.89439  1.00000  1.12       0       0       0        0   1.12
  1954           0     0.05718  0.05471  0.21  100000    5471   95688  6360853  63.61
  1954           1     0.00820  0.00817  0.50   94529     772   94142  6265165  66.28
  1954           2     0.00580  0.00578  0.50   93756     542   93485  6171023  65.82
  1954           3     0.00415  0.00414  0.50   93214     386   93021  6077538  65.20
  1954           4     0.00306  0.00305  0.50   92828     283   92687  5984516  64.47
  1954           5     0.00214  0.00213  0.50   92545     197   92446  5891830  63.66
  1954           6     0.00142  0.00142  0.50   92347     131   92282  5799384  62.80
  1954           7     0.00100  0.00100  0.50   92217      92   92170  5707102  61.89
  1954           8     0.00081  0.00081  0.50   92124      74   92087  5614931  60.95
  1954           9     0.00072  0.00072  0.50   92050      67   92016  5522844  60.00
  1954          10     0.00067  0.00067  0.50   91983      62   91952  5430828  59.04
  1954          11     0.00065  0.00065  0.50   91921      60   91891  5338875  58.08
  1954          12     0.00068  0.00068  0.50   91861      63   91830  5246984  57.12
  1954          13     0.00072  0.00072  0.50   91799      66   91766  5155154  56.16
  1954          14     0.00079  0.00079  0.50   91733      73   91696  5063389  55.20
  1954          15     0.00093  0.00093  0.50   91660      86   91617  4971693  54.24
  1954          16     0.00115  0.00115  0.50   91574     105   91522  4880075  53.29
  1954          17     0.00142  0.00142  0.50   91469     130   91404  4788554  52.35
  1954          18     0.00176  0.00176  0.50   91340     161   91259  4697149  51.43
  1954          19     0.00215  0.00214  0.50   91179     195   91081  4605890  50.51
  1954          20     0.00246  0.00246  0.50   90983     224   90871  4514809  49.62
  1954          21     0.00270  0.00270  0.50   90760     245   90637  4423937  48.74
  1954          22     0.00288  0.00288  0.50   90515     261   90384  4333300  47.87
  1954          23     0.00300  0.00300  0.50   90254     270   90119  4242916  47.01
  1954          24     0.00304  0.00304  0.50   89984     273   89847  4152797  46.15
  1954          25     0.00302  0.00301  0.50   89710     270   89575  4062950  45.29
  1954          26     0.00295  0.00295  0.50   89440     263   89308  3973375  44.43
  1954          27     0.00287  0.00287  0.50   89177     256   89049  3884067  43.55
  1954          28     0.00277  0.00277  0.50   88921     246   88798  3795018  42.68
  1954          29     0.00265  0.00265  0.50   88675     235   88558  3706220  41.80
  1954          30     0.00255  0.00255  0.50   88440     225   88328  3617662  40.91
  1954          31     0.00245  0.00245  0.50   88215     216   88107  3529335  40.01
  1954          32     0.00234  0.00234  0.50   87999     206   87896  3441228  39.11
  1954          33     0.00231  0.00231  0.50   87793     202   87692  3353332  38.20
  1954          34     0.00243  0.00243  0.50   87591     212   87484  3265640  37.28
  1954          35     0.00266  0.00265  0.50   87378     232   87262  3178155  36.37
  1954          36     0.00291  0.00291  0.50   87147     253   87020  3090893  35.47
  1954          37     0.00311  0.00311  0.50   86893     270   86758  3003873  34.57
  1954          38     0.00324  0.00324  0.50   86623     280   86483  2917115  33.68
  1954          39     0.00332  0.00331  0.50   86343     286   86200  2830632  32.78
  1954          40     0.00340  0.00340  0.50   86057     292   85911  2744432  31.89
  1954          41     0.00358  0.00357  0.50   85764     306   85611  2658521  31.00
  1954          42     0.00391  0.00390  0.50   85458     334   85291  2572910  30.11
  1954          43     0.00437  0.00436  0.50   85124     371   84939  2487619  29.22
  1954          44     0.00491  0.00490  0.50   84753     415   84545  2402680  28.35
  1954          45     0.00547  0.00545  0.50   84338     460   84108  2318135  27.49
  1954          46     0.00600  0.00599  0.50   83878     502   83627  2234027  26.63
  1954          47     0.00667  0.00665  0.50   83376     555   83098  2150401  25.79
  1954          48     0.00746  0.00743  0.50   82821     615   82513  2067302  24.96
  1954          49     0.00827  0.00824  0.50   82206     677   81867  1984789  24.14
  1954          50     0.00907  0.00903  0.50   81528     736   81160  1902922  23.34
  1954          51     0.00980  0.00976  0.50   80792     788   80398  1821761  22.55
  1954          52     0.01054  0.01048  0.50   80004     839   79585  1741363  21.77
  1954          53     0.01128  0.01121  0.50   79166     888   78722  1661778  20.99
  1954          54     0.01191  0.01184  0.50   78278     927   77815  1583057  20.22
  1954          55     0.01280  0.01271  0.50   77351     983   76860  1505242  19.46
  1954          56     0.01431  0.01421  0.50   76368    1085   75825  1428383  18.70
  1954          57     0.01622  0.01609  0.50   75283    1211   74677  1352557  17.97
  1954          58     0.01819  0.01802  0.50   74072    1335   73404  1277880  17.25
  1954          59     0.02007  0.01987  0.50   72737    1445   72014  1204475  16.56
  1954          60     0.02209  0.02185  0.50   71291    1558   70513  1132461  15.88
  1954          61     0.02436  0.02406  0.50   69734    1678   68895  1061949  15.23
  1954          62     0.02628  0.02594  0.50   68056    1765   67173   993054  14.59
  1954          63     0.02740  0.02703  0.50   66291    1792   65395   925881  13.97
  1954          64     0.02860  0.02820  0.50   64499    1819   63590   860486  13.34
  1954          65     0.03078  0.03031  0.50   62680    1900   61730   796896  12.71
  1954          66     0.03353  0.03298  0.50   60780    2004   59778   735166  12.10
  1954          67     0.03650  0.03584  0.50   58776    2107   57723   675388  11.49
  1954          68     0.03962  0.03885  0.50   56669    2202   55568   617665  10.90
  1954          69     0.04382  0.04288  0.50   54467    2335   53300   562097  10.32
  1954          70     0.04981  0.04860  0.50   52132    2533   50865   508797   9.76
  1954          71     0.05681  0.05524  0.50   49599    2740   48229   457932   9.23
  1954          72     0.06415  0.06216  0.50   46859    2913   45402   409703   8.74
  1954          73     0.07122  0.06877  0.50   43946    3022   42435   364300   8.29
  1954          74     0.07713  0.07427  0.50   40924    3039   39404   321865   7.86
  1954          75     0.08174  0.07853  0.50   37885    2975   36397   282461   7.46
  1954          76     0.08737  0.08371  0.50   34910    2922   33449   246064   7.05
  1954          77     0.09511  0.09080  0.50   31987    2904   30535   212615   6.65
  1954          78     0.10488  0.09966  0.50   29083    2898   27634   182080   6.26
  1954          79     0.11391  0.10778  0.50   26185    2822   24774   154446   5.90
  1954          80     0.12034  0.11351  0.50   23363    2652   22037   129672   5.55
  1954          81     0.12852  0.12076  0.50   20711    2501   19460   107635   5.20
  1954          82     0.14223  0.13279  0.50   18210    2418   17001    88175   4.84
  1954          83     0.15778  0.14624  0.50   15792    2309   14637    71174   4.51
  1954          84     0.17457  0.16055  0.50   13482    2165   12400    56537   4.19
  1954          85     0.19313  0.17613  0.50   11318    1993   10321    44137   3.90
  1954          86     0.21350  0.19290  0.50    9324    1799    8425    33816   3.63
  1954          87     0.23555  0.21073  0.50    7526    1586    6733    25391   3.37
  1954          88     0.25930  0.22954  0.50    5940    1363    5258    18659   3.14
  1954          89     0.28464  0.24918  0.50    4576    1140    4006    13401   2.93
  1954          90     0.31141  0.26946  0.50    3436     926    2973     9395   2.73
  1954          91     0.33940  0.29016  0.50    2510     728    2146     6421   2.56
  1954          92     0.36835  0.31106  0.50    1782     554    1505     4276   2.40
  1954          93     0.39795  0.33191  0.50    1228     407    1024     2771   2.26
  1954          94     0.42781  0.35243  0.50     820     289     676     1747   2.13
  1954          95     0.45756  0.37237  0.50     531     198     432     1071   2.02
  1954          96     0.48679  0.39150  0.50     333     130     268      639   1.92
  1954          97     0.51511  0.40961  0.50     203      83     161      371   1.83
  1954          98     0.54228  0.42661  0.50     120      51      94      210   1.75
  1954          99     0.56810  0.44243  0.50      69      30      53      116   1.68
  1954         100     0.59255  0.45712  0.50      38      18      30       62   1.62
  1954         101     0.61580  0.47083  0.50      21      10      16       33   1.57
  1954         102     0.63803  0.48372  0.50      11       5       8       17   1.52
  1954         103     0.65949  0.49595  0.50       6       3       4        8   1.47
  1954         104     0.68040  0.50768  0.50       3       1       2        4   1.43
  1954         105     0.70086  0.51899  0.50       1       1       1        2   1.39
  1954         106     0.72089  0.52989  0.50       1       0       0        1   1.36
  1954         107     0.74042  0.54037  0.50       0       0       0        0   1.32
  1954         108     0.75930  0.55036  0.50       0       0       0        0   1.29
  1954         109     0.77741  0.55981  0.50       0       0       0        0   1.27
  1954         110+    0.80622  1.00000  1.24       0       0       0        0   1.24
  1955           0     0.05352  0.05133  0.20  100000    5133   95911  6463180  64.63
  1955           1     0.00705  0.00702  0.50   94867     666   94534  6367270  67.12
  1955           2     0.00565  0.00564  0.50   94201     531   93935  6272736  66.59
  1955           3     0.00400  0.00399  0.50   93670     374   93483  6178801  65.96
  1955           4     0.00257  0.00256  0.50   93296     239   93176  6085318  65.23
  1955           5     0.00181  0.00180  0.50   93057     168   92973  5992142  64.39
  1955           6     0.00141  0.00141  0.50   92889     131   92824  5899169  63.51
  1955           7     0.00102  0.00102  0.50   92758      95   92711  5806346  62.60
  1955           8     0.00081  0.00081  0.50   92663      75   92625  5713635  61.66
  1955           9     0.00075  0.00075  0.50   92588      70   92553  5621010  60.71
  1955          10     0.00075  0.00075  0.50   92518      70   92483  5528457  59.76
  1955          11     0.00077  0.00077  0.50   92448      72   92413  5435973  58.80
  1955          12     0.00080  0.00080  0.50   92377      74   92340  5343561  57.85
  1955          13     0.00085  0.00085  0.50   92303      79   92264  5251221  56.89
  1955          14     0.00094  0.00094  0.50   92224      87   92181  5158957  55.94
  1955          15     0.00109  0.00109  0.50   92138     100   92088  5066776  54.99
  1955          16     0.00131  0.00131  0.50   92037     120   91977  4974689  54.05
  1955          17     0.00159  0.00159  0.50   91917     146   91844  4882712  53.12
  1955          18     0.00190  0.00189  0.50   91771     174   91684  4790868  52.20
  1955          19     0.00215  0.00215  0.50   91597     197   91498  4699184  51.30
  1955          20     0.00233  0.00233  0.50   91400     213   91293  4607686  50.41
  1955          21     0.00245  0.00244  0.50   91187     223   91075  4516392  49.53
  1955          22     0.00251  0.00251  0.50   90964     228   90850  4425317  48.65
  1955          23     0.00254  0.00254  0.50   90736     230   90620  4334467  47.77
  1955          24     0.00255  0.00254  0.50   90505     230   90390  4243847  46.89
  1955          25     0.00254  0.00254  0.50   90275     229   90161  4153457  46.01
  1955          26     0.00252  0.00251  0.50   90046     226   89933  4063296  45.12
  1955          27     0.00247  0.00246  0.50   89820     221   89709  3973363  44.24
  1955          28     0.00242  0.00242  0.50   89599     217   89490  3883653  43.34
  1955          29     0.00240  0.00240  0.50   89382     214   89275  3794163  42.45
  1955          30     0.00239  0.00238  0.50   89168     213   89062  3704888  41.55
  1955          31     0.00239  0.00238  0.50   88955     212   88849  3615826  40.65
  1955          32     0.00240  0.00240  0.50   88743     213   88637  3526977  39.74
  1955          33     0.00245  0.00245  0.50   88530     217   88422  3438340  38.84
  1955          34     0.00253  0.00253  0.50   88314     224   88202  3349918  37.93
  1955          35     0.00270  0.00270  0.50   88090     237   87971  3261716  37.03
  1955          36     0.00295  0.00295  0.50   87853     259   87723  3173745  36.13
  1955          37     0.00316  0.00316  0.50   87594     276   87456  3086021  35.23
  1955          38     0.00331  0.00331  0.50   87317     289   87173  2998566  34.34
  1955          39     0.00344  0.00343  0.50   87028     298   86879  2911393  33.45
  1955          40     0.00354  0.00353  0.50   86730     307   86577  2824514  32.57
  1955          41     0.00366  0.00366  0.50   86423     316   86265  2737937  31.68
  1955          42     0.00387  0.00387  0.50   86107     333   85941  2651672  30.79
  1955          43     0.00413  0.00413  0.50   85775     354   85598  2565730  29.91
  1955          44     0.00440  0.00439  0.50   85421     375   85233  2480133  29.03
  1955          45     0.00469  0.00468  0.50   85046     398   84847  2394899  28.16
  1955          46     0.00504  0.00502  0.50   84648     425   84436  2310053  27.29
  1955          47     0.00548  0.00546  0.50   84223     460   83993  2225617  26.43
  1955          48     0.00602  0.00600  0.50   83763     503   83511  2141624  25.57
  1955          49     0.00667  0.00664  0.50   83260     553   82983  2058113  24.72
  1955          50     0.00736  0.00733  0.50   82707     606   82404  1975129  23.88
  1955          51     0.00807  0.00804  0.50   82100     660   81770  1892726  23.05
  1955          52     0.00891  0.00887  0.50   81440     723   81079  1810955  22.24
  1955          53     0.00988  0.00983  0.50   80718     794   80321  1729876  21.43
  1955          54     0.01066  0.01060  0.50   79924     847   79500  1649556  20.64
  1955          55     0.01143  0.01137  0.50   79077     899   78627  1570056  19.85
  1955          56     0.01252  0.01244  0.50   78178     972   77691  1491428  19.08
  1955          57     0.01400  0.01390  0.50   77205    1074   76669  1413737  18.31
  1955          58     0.01574  0.01562  0.50   76132    1189   75537  1337068  17.56
  1955          59     0.01707  0.01693  0.50   74943    1269   74308  1261531  16.83
  1955          60     0.01834  0.01817  0.50   73674    1339   73005  1187223  16.11
  1955          61     0.02008  0.01988  0.50   72335    1438   71616  1114218  15.40
  1955          62     0.02235  0.02211  0.50   70898    1567   70114  1042602  14.71
  1955          63     0.02509  0.02477  0.50   69330    1718   68471   972488  14.03
  1955          64     0.02802  0.02763  0.50   67613    1868   66678   904016  13.37
  1955          65     0.03132  0.03083  0.50   65744    2027   64731   837338  12.74
  1955          66     0.03617  0.03552  0.50   63717    2263   62585   772607  12.13
  1955          67     0.04097  0.04015  0.50   61454    2467   60220   710022  11.55
  1955          68     0.04403  0.04308  0.50   58986    2541   57716   649802  11.02
  1955          69     0.04636  0.04531  0.50   56445    2558   55166   592086  10.49
  1955          70     0.04931  0.04813  0.50   53887    2594   52591   536920   9.96
  1955          71     0.05291  0.05155  0.50   51294    2644   49972   484329   9.44
  1955          72     0.05792  0.05629  0.50   48650    2738   47281   434357   8.93
  1955          73     0.06487  0.06283  0.50   45912    2885   44469   387076   8.43
  1955          74     0.07231  0.06979  0.50   43027    3003   41525   342607   7.96
  1955          75     0.07873  0.07574  0.50   40024    3032   38508   301082   7.52
  1955          76     0.08452  0.08109  0.50   36992    3000   35493   262574   7.10
  1955          77     0.09157  0.08757  0.50   33993    2977   32504   227081   6.68
  1955          78     0.10145  0.09655  0.50   31016    2995   29519   194577   6.27
  1955          79     0.11342  0.10733  0.50   28021    3008   26518   165058   5.89
  1955          80     0.12618  0.11869  0.50   25014    2969   23529   138540   5.54
  1955          81     0.13840  0.12944  0.50   22045    2854   20618   115011   5.22
  1955          82     0.14955  0.13915  0.50   19191    2670   17856    94393   4.92
  1955          83     0.16177  0.14967  0.50   16521    2473   15285    76536   4.63
  1955          84     0.17544  0.16129  0.50   14048    2266   12915    61252   4.36
  1955          85     0.19033  0.17379  0.50   11782    2048   10759    48336   4.10
  1955          86     0.20639  0.18708  0.50    9735    1821    8824    37578   3.86
  1955          87     0.22359  0.20111  0.50    7914    1591    7118    28754   3.63
  1955          88     0.24188  0.21578  0.50    6322    1364    5640    21636   3.42
  1955          89     0.26118  0.23101  0.50    4958    1145    4385    15996   3.23
  1955          90     0.28142  0.24670  0.50    3813     941    3342    11611   3.05
  1955          91     0.30245  0.26272  0.50    2872     755    2495     8268   2.88
  1955          92     0.32414  0.27893  0.50    2117     591    1822     5774   2.73
  1955          93     0.34626  0.29516  0.50    1527     451    1301     3951   2.59
  1955          94     0.36855  0.31120  0.50    1076     335     909     2650   2.46
  1955          95     0.39073  0.32687  0.50     741     242     620     1741   2.35
  1955          96     0.41251  0.34197  0.50     499     171     414     1121   2.25
  1955          97     0.43365  0.35638  0.50     328     117     270      708   2.15
  1955          98     0.45414  0.37010  0.50     211      78     172      438   2.07
  1955          99     0.47405  0.38322  0.50     133      51     108      265   1.99
  1955         100     0.49370  0.39596  0.50      82      33      66      158   1.92
  1955         101     0.51341  0.40853  0.50      50      20      39       92   1.86
  1955         102     0.53342  0.42110  0.50      29      12      23       53   1.79
  1955         103     0.55377  0.43369  0.50      17       7      13       29   1.73
  1955         104     0.57444  0.44627  0.50      10       4       7       16   1.67
  1955         105     0.59524  0.45872  0.50       5       2       4        9   1.62
  1955         106     0.61598  0.47093  0.50       3       1       2        5   1.57
  1955         107     0.63648  0.48282  0.50       2       1       1        2   1.53
  1955         108     0.65657  0.49430  0.50       1       0       1        1   1.48
  1955         109     0.67616  0.50532  0.50       0       0       0        1   1.44
  1955         110+    0.71083  1.00000  1.41       0       0       0        0   1.41
  1956           0     0.05867  0.05607  0.21  100000    5607   95571  6419357  64.19
  1956           1     0.00697  0.00695  0.50   94393     656   94065  6323786  66.99
  1956           2     0.00484  0.00483  0.50   93737     453   93511  6229721  66.46
  1956           3     0.00361  0.00360  0.50   93284     336   93117  6136211  65.78
  1956           4     0.00291  0.00290  0.50   92949     270   92814  6043094  65.02
  1956           5     0.00219  0.00219  0.50   92679     203   92578  5950280  64.20
  1956           6     0.00151  0.00151  0.50   92476     140   92407  5857703  63.34
  1956           7     0.00105  0.00105  0.50   92337      97   92288  5765296  62.44
  1956           8     0.00080  0.00080  0.50   92240      74   92203  5673007  61.50
  1956           9     0.00070  0.00070  0.50   92166      65   92134  5580804  60.55
  1956          10     0.00066  0.00066  0.50   92101      61   92071  5488671  59.59
  1956          11     0.00063  0.00063  0.50   92041      58   92012  5396599  58.63
  1956          12     0.00061  0.00061  0.50   91983      56   91954  5304588  57.67
  1956          13     0.00063  0.00063  0.50   91926      58   91897  5212633  56.70
  1956          14     0.00072  0.00072  0.50   91868      66   91835  5120736  55.74
  1956          15     0.00089  0.00089  0.50   91802      82   91761  5028901  54.78
  1956          16     0.00112  0.00112  0.50   91720     103   91668  4937140  53.83
  1956          17     0.00138  0.00138  0.50   91617     127   91554  4845472  52.89
  1956          18     0.00162  0.00162  0.50   91490     148   91416  4753918  51.96
  1956          19     0.00180  0.00179  0.50   91342     164   91260  4662502  51.04
  1956          20     0.00192  0.00192  0.50   91179     175   91091  4571241  50.14
  1956          21     0.00201  0.00200  0.50   91004     182   90912  4480150  49.23
  1956          22     0.00207  0.00206  0.50   90821     187   90727  4389238  48.33
  1956          23     0.00214  0.00214  0.50   90634     194   90537  4298511  47.43
  1956          24     0.00226  0.00226  0.50   90440     204   90338  4207974  46.53
  1956          25     0.00233  0.00233  0.50   90236     210   90131  4117636  45.63
  1956          26     0.00237  0.00237  0.50   90026     213   89919  4027506  44.74
  1956          27     0.00243  0.00243  0.50   89812     218   89704  3937586  43.84
  1956          28     0.00250  0.00250  0.50   89595     224   89483  3847883  42.95
  1956          29     0.00254  0.00254  0.50   89371     227   89258  3758400  42.05
  1956          30     0.00246  0.00246  0.50   89144     219   89035  3669143  41.16
  1956          31     0.00239  0.00238  0.50   88925     212   88819  3580108  40.26
  1956          32     0.00242  0.00242  0.50   88713     215   88606  3491289  39.35
  1956          33     0.00247  0.00247  0.50   88498     218   88389  3402684  38.45
  1956          34     0.00242  0.00241  0.50   88280     213   88173  3314294  37.54
  1956          35     0.00237  0.00237  0.50   88067     209   87963  3226121  36.63
  1956          36     0.00245  0.00245  0.50   87858     215   87751  3138159  35.72
  1956          37     0.00260  0.00260  0.50   87643     228   87529  3050408  34.80
  1956          38     0.00281  0.00280  0.50   87415     245   87293  2962879  33.89
  1956          39     0.00303  0.00303  0.50   87170     264   87039  2875586  32.99
  1956          40     0.00329  0.00328  0.50   86907     285   86764  2788547  32.09
  1956          41     0.00357  0.00356  0.50   86622     309   86467  2701783  31.19
  1956          42     0.00386  0.00385  0.50   86313     333   86147  2615316  30.30
  1956          43     0.00423  0.00422  0.50   85980     363   85799  2529169  29.42
  1956          44     0.00476  0.00475  0.50   85617     406   85414  2443370  28.54
  1956          45     0.00540  0.00539  0.50   85211     459   84981  2357956  27.67
  1956          46     0.00605  0.00603  0.50   84752     511   84496  2272975  26.82
  1956          47     0.00649  0.00647  0.50   84241     545   83968  2188478  25.98
  1956          48     0.00689  0.00687  0.50   83696     575   83408  2104510  25.14
  1956          49     0.00746  0.00744  0.50   83121     618   82812  2021102  24.32
  1956          50     0.00813  0.00809  0.50   82503     668   82169  1938290  23.49
  1956          51     0.00877  0.00873  0.50   81835     715   81478  1856121  22.68
  1956          52     0.00950  0.00946  0.50   81120     767   80737  1774644  21.88
  1956          53     0.01039  0.01034  0.50   80353     831   79938  1693907  21.08
  1956          54     0.01124  0.01118  0.50   79522     889   79078  1613969  20.30
  1956          55     0.01207  0.01200  0.50   78633     943   78162  1534891  19.52
  1956          56     0.01300  0.01291  0.50   77690    1003   77188  1456730  18.75
  1956          57     0.01440  0.01430  0.50   76687    1096   76139  1379542  17.99
  1956          58     0.01628  0.01615  0.50   75591    1220   74980  1303403  17.24
  1956          59     0.01738  0.01723  0.50   74370    1281   73729  1228423  16.52
  1956          60     0.01807  0.01791  0.50   73089    1309   72434  1154693  15.80
  1956          61     0.01913  0.01895  0.50   71780    1360   71100  1082259  15.08
  1956          62     0.02095  0.02073  0.50   70420    1460   69690  1011159  14.36
  1956          63     0.02363  0.02335  0.50   68960    1610   68154   941470  13.65
  1956          64     0.02654  0.02620  0.50   67349    1764   66467   873315  12.97
  1956          65     0.02931  0.02889  0.50   65585    1895   64638   806848  12.30
  1956          66     0.03294  0.03241  0.50   63690    2064   62658   742210  11.65
  1956          67     0.03778  0.03708  0.50   61626    2285   60484   679552  11.03
  1956          68     0.04361  0.04268  0.50   59341    2533   58075   619068  10.43
  1956          69     0.04918  0.04800  0.50   56809    2727   55445   560993   9.88
  1956          70     0.05383  0.05242  0.50   54082    2835   52664   505548   9.35
  1956          71     0.05959  0.05787  0.50   51247    2966   49764   452884   8.84
  1956          72     0.06653  0.06439  0.50   48281    3109   46727   403120   8.35
  1956          73     0.07424  0.07158  0.50   45173    3233   43556   356393   7.89
  1956          74     0.08321  0.07989  0.50   41939    3350   40264   312837   7.46
  1956          75     0.09296  0.08883  0.50   38589    3428   36875   272574   7.06
  1956          76     0.09983  0.09509  0.50   35161    3343   33489   235699   6.70
  1956          77     0.10563  0.10033  0.50   31817    3192   30221   202210   6.36
  1956          78     0.11332  0.10724  0.50   28625    3070   27090   171989   6.01
  1956          79     0.12394  0.11671  0.50   25555    2982   24064   144899   5.67
  1956          80     0.13719  0.12838  0.50   22573    2898   21124   120835   5.35
  1956          81     0.14943  0.13904  0.50   19675    2736   18307    99711   5.07
  1956          82     0.15834  0.14672  0.50   16939    2485   15697    81404   4.81
  1956          83     0.16869  0.15557  0.50   14454    2249   13330    65707   4.55
  1956          84     0.18115  0.16610  0.50   12205    2027   11192    52377   4.29
  1956          85     0.19499  0.17767  0.50   10178    1808    9274    41186   4.05
  1956          86     0.21020  0.19021  0.50    8370    1592    7574    31912   3.81
  1956          87     0.22684  0.20373  0.50    6778    1381    6087    24338   3.59
  1956          88     0.24480  0.21811  0.50    5397    1177    4808    18251   3.38
  1956          89     0.26402  0.23323  0.50    4220     984    3728    13443   3.19
  1956          90     0.28444  0.24903  0.50    3236     806    2833     9715   3.00
  1956          91     0.30600  0.26539  0.50    2430     645    2107     6882   2.83
  1956          92     0.32857  0.28221  0.50    1785     504    1533     4775   2.67
  1956          93     0.35203  0.29934  0.50    1281     384    1089     3242   2.53
  1956          94     0.37621  0.31665  0.50     898     284     756     2152   2.40
  1956          95     0.40087  0.33394  0.50     613     205     511     1396   2.28
  1956          96     0.42571  0.35100  0.50     409     143     337      885   2.17
  1956          97     0.45038  0.36760  0.50     265      97     216      549   2.07
  1956          98     0.47456  0.38355  0.50     168      64     136      332   1.98
  1956          99     0.49795  0.39869  0.50     103      41      83      197   1.90
  1956         100     0.52040  0.41295  0.50      62      26      49      114   1.83
  1956         101     0.54199  0.42643  0.50      36      16      29       64   1.77
  1956         102     0.56285  0.43924  0.50      21       9      16       36   1.71
  1956         103     0.58317  0.45151  0.50      12       5       9       19   1.65
  1956         104     0.60313  0.46339  0.50       6       3       5       10   1.60
  1956         105     0.62277  0.47489  0.50       3       2       3        5   1.56
  1956         106     0.64209  0.48604  0.50       2       1       1        3   1.52
  1956         107     0.66104  0.49683  0.50       1       0       1        1   1.48
  1956         108     0.67952  0.50720  0.50       0       0       0        1   1.44
  1956         109     0.69747  0.51713  0.50       0       0       0        0   1.40
  1956         110+    0.72869  1.00000  1.37       0       0       0        0   1.37
  1957           0     0.05249  0.05038  0.20  100000    5038   95980  6437007  64.37
  1957           1     0.00584  0.00583  0.50   94962     553   94685  6341028  66.77
  1957           2     0.00449  0.00448  0.50   94409     423   94197  6246342  66.16
  1957           3     0.00324  0.00323  0.50   93986     304   93834  6152145  65.46
  1957           4     0.00229  0.00229  0.50   93682     215   93575  6058311  64.67
  1957           5     0.00179  0.00179  0.50   93467     167   93384  5964736  63.82
  1957           6     0.00149  0.00149  0.50   93300     139   93231  5871353  62.93
  1957           7     0.00114  0.00114  0.50   93161     107   93108  5778122  62.02
  1957           8     0.00086  0.00086  0.50   93055      80   93015  5685014  61.09
  1957           9     0.00066  0.00066  0.50   92975      61   92944  5591999  60.15
  1957          10     0.00052  0.00052  0.50   92913      48   92889  5499055  59.18
  1957          11     0.00044  0.00044  0.50   92865      41   92845  5406165  58.22
  1957          12     0.00042  0.00042  0.50   92825      39   92805  5313320  57.24
  1957          13     0.00047  0.00047  0.50   92786      43   92764  5220515  56.26
  1957          14     0.00060  0.00060  0.50   92742      55   92715  5127751  55.29
  1957          15     0.00084  0.00084  0.50   92687      78   92648  5035036  54.32
  1957          16     0.00116  0.00116  0.50   92609     108   92556  4942388  53.37
  1957          17     0.00154  0.00154  0.50   92502     142   92431  4849832  52.43
  1957          18     0.00190  0.00190  0.50   92360     175   92272  4757402  51.51
  1957          19     0.00219  0.00219  0.50   92184     202   92084  4665129  50.61
  1957          20     0.00235  0.00234  0.50   91983     216   91875  4573046  49.72
  1957          21     0.00244  0.00243  0.50   91767     223   91656  4481171  48.83
  1957          22     0.00253  0.00252  0.50   91544     231   91428  4389515  47.95
  1957          23     0.00256  0.00256  0.50   91313     234   91196  4298087  47.07
  1957          24     0.00248  0.00248  0.50   91079     226   90966  4206891  46.19
  1957          25     0.00234  0.00234  0.50   90853     213   90747  4115925  45.30
  1957          26     0.00220  0.00220  0.50   90640     199   90541  4025178  44.41
  1957          27     0.00210  0.00210  0.50   90441     190   90346  3934637  43.51
  1957          28     0.00205  0.00205  0.50   90251     185   90159  3844291  42.60
  1957          29     0.00203  0.00203  0.50   90066     183   89975  3754133  41.68
  1957          30     0.00201  0.00201  0.50   89883     181   89793  3664158  40.77
  1957          31     0.00204  0.00204  0.50   89703     183   89611  3574365  39.85
  1957          32     0.00216  0.00215  0.50   89520     193   89424  3484754  38.93
  1957          33     0.00235  0.00235  0.50   89327     210   89222  3395330  38.01
  1957          34     0.00259  0.00258  0.50   89117     230   89002  3306108  37.10
  1957          35     0.00280  0.00280  0.50   88887     249   88762  3217106  36.19
  1957          36     0.00297  0.00296  0.50   88638     263   88507  3128344  35.29
  1957          37     0.00312  0.00312  0.50   88375     275   88237  3039837  34.40
  1957          38     0.00323  0.00322  0.50   88100     284   87958  2951600  33.50
  1957          39     0.00325  0.00324  0.50   87816     285   87674  2863642  32.61
  1957          40     0.00323  0.00323  0.50   87531     282   87390  2775968  31.71
  1957          41     0.00325  0.00324  0.50   87249     283   87108  2688578  30.81
  1957          42     0.00336  0.00335  0.50   86966     292   86820  2601470  29.91
  1957          43     0.00362  0.00361  0.50   86675     313   86518  2514650  29.01
  1957          44     0.00406  0.00406  0.50   86362     350   86187  2428131  28.12
  1957          45     0.00464  0.00462  0.50   86011     398   85813  2341945  27.23
  1957          46     0.00526  0.00524  0.50   85614     449   85389  2256132  26.35
  1957          47     0.00590  0.00588  0.50   85165     501   84915  2170743  25.49
  1957          48     0.00654  0.00652  0.50   84664     552   84388  2085829  24.64
  1957          49     0.00717  0.00714  0.50   84112     601   83812  2001440  23.79
  1957          50     0.00781  0.00778  0.50   83512     650   83187  1917628  22.96
  1957          51     0.00850  0.00847  0.50   82862     702   82511  1834442  22.14
  1957          52     0.00929  0.00924  0.50   82160     759   81781  1751930  21.32
  1957          53     0.01021  0.01016  0.50   81401     827   80988  1670150  20.52
  1957          54     0.01132  0.01126  0.50   80574     907   80121  1589162  19.72
  1957          55     0.01252  0.01244  0.50   79667     991   79172  1509041  18.94
  1957          56     0.01370  0.01361  0.50   78676    1071   78141  1429870  18.17
  1957          57     0.01507  0.01496  0.50   77606    1161   77025  1351729  17.42
  1957          58     0.01672  0.01658  0.50   76445    1268   75811  1274704  16.67
  1957          59     0.01829  0.01812  0.50   75177    1363   74496  1198893  15.95
  1957          60     0.01982  0.01963  0.50   73815    1449   73090  1124397  15.23
  1957          61     0.02151  0.02128  0.50   72366    1540   71596  1051307  14.53
  1957          62     0.02356  0.02329  0.50   70825    1649   70001   979711  13.83
  1957          63     0.02613  0.02580  0.50   69176    1784   68284   909711  13.15
  1957          64     0.02920  0.02878  0.50   67392    1940   66422   841427  12.49
  1957          65     0.03263  0.03211  0.50   65452    2101   64401   775005  11.84
  1957          66     0.03620  0.03555  0.50   63350    2252   62224   710604  11.22
  1957          67     0.04055  0.03974  0.50   61098    2428   59884   648380  10.61
  1957          68     0.04620  0.04516  0.50   58670    2649   57345   588496  10.03
  1957          69     0.05228  0.05095  0.50   56020    2854   54593   531151   9.48
  1957          70     0.05777  0.05615  0.50   53166    2985   51674   476557   8.96
  1957          71     0.06267  0.06077  0.50   50181    3049   48656   424884   8.47
  1957          72     0.06805  0.06581  0.50   47131    3102   45581   376228   7.98
  1957          73     0.07495  0.07224  0.50   44030    3181   42439   330647   7.51
  1957          74     0.08363  0.08028  0.50   40849    3279   39209   288208   7.06
  1957          75     0.09357  0.08939  0.50   37570    3358   35891   248998   6.63
  1957          76     0.10270  0.09769  0.50   34211    3342   32540   213108   6.23
  1957          77     0.11138  0.10551  0.50   30869    3257   29241   180567   5.85
  1957          78     0.12084  0.11395  0.50   27612    3146   26039   151326   5.48
  1957          79     0.13273  0.12447  0.50   24466    3045   22943   125287   5.12
  1957          80     0.14801  0.13781  0.50   21421    2952   19945   102344   4.78
  1957          81     0.16425  0.15179  0.50   18469    2803   17067    82399   4.46
  1957          82     0.17943  0.16466  0.50   15665    2579   14376    65332   4.17
  1957          83     0.19579  0.17833  0.50   13086    2334   11919    50956   3.89
  1957          84     0.21422  0.19350  0.50   10752    2081    9712    39037   3.63
  1957          85     0.23494  0.21024  0.50    8672    1823    7760    29325   3.38
  1957          86     0.25783  0.22839  0.50    6849    1564    6067    21565   3.15
  1957          87     0.28275  0.24773  0.50    5284    1309    4630    15498   2.93
  1957          88     0.30952  0.26804  0.50    3975    1066    3443    10868   2.73
  1957          89     0.33795  0.28910  0.50    2910     841    2489     7426   2.55
  1957          90     0.36782  0.31068  0.50    2069     643    1747     4936   2.39
  1957          91     0.39886  0.33254  0.50    1426     474    1189     3189   2.24
  1957          92     0.43074  0.35441  0.50     952     337     783     2000   2.10
  1957          93     0.46311  0.37603  0.50     614     231     499     1217   1.98
  1957          94     0.49554  0.39714  0.50     383     152     307      718   1.87
  1957          95     0.52761  0.41748  0.50     231      96     183      411   1.78
  1957          96     0.55884  0.43679  0.50     135      59     105      228   1.70
  1957          97     0.58877  0.45487  0.50      76      34      59      123   1.62
  1957          98     0.61705  0.47156  0.50      41      19      32       64   1.56
  1957          99     0.64338  0.48678  0.50      22      11      17       33   1.50
  1957         100     0.66768  0.50057  0.50      11       6       8       16   1.46
  1957         101     0.69015  0.51309  0.50       6       3       4        8   1.41
  1957         102     0.71107  0.52457  0.50       3       1       2        4   1.38
  1957         103     0.73079  0.53522  0.50       1       1       1        2   1.34
  1957         104     0.74966  0.54528  0.50       1       0       0        1   1.31
  1957         105     0.76788  0.55485  0.50       0       0       0        0   1.28
  1957         106     0.78544  0.56396  0.50       0       0       0        0   1.25
  1957         107     0.80229  0.57260  0.50       0       0       0        0   1.23
  1957         108     0.81833  0.58072  0.50       0       0       0        0   1.21
  1957         109     0.83356  0.58835  0.50       0       0       0        0   1.19
  1957         110+    0.85630  1.00000  1.17       0       0       0        0   1.17
  1958           0     0.04807  0.04629  0.20  100000    4629   96283  6568658  65.69
  1958           1     0.00456  0.00455  0.50   95371     434   95154  6472375  67.87
  1958           2     0.00383  0.00383  0.50   94938     363   94756  6377221  67.17
  1958           3     0.00313  0.00313  0.50   94574     296   94427  6282465  66.43
  1958           4     0.00248  0.00248  0.50   94279     233   94162  6188038  65.64
  1958           5     0.00191  0.00191  0.50   94045     179   93956  6093876  64.80
  1958           6     0.00143  0.00143  0.50   93866     134   93799  5999920  63.92
  1958           7     0.00104  0.00104  0.50   93732      98   93683  5906121  63.01
  1958           8     0.00075  0.00075  0.50   93635      70   93599  5812438  62.08
  1958           9     0.00055  0.00055  0.50   93564      52   93539  5718838  61.12
  1958          10     0.00044  0.00044  0.50   93513      41   93492  5625300  60.16
  1958          11     0.00040  0.00040  0.50   93472      38   93453  5531807  59.18
  1958          12     0.00042  0.00042  0.50   93434      39   93415  5438354  58.21
  1958          13     0.00049  0.00049  0.50   93395      46   93372  5344940  57.23
  1958          14     0.00060  0.00060  0.50   93349      56   93321  5251568  56.26
  1958          15     0.00077  0.00077  0.50   93293      71   93257  5158247  55.29
  1958          16     0.00098  0.00098  0.50   93221      91   93176  5064990  54.33
  1958          17     0.00123  0.00123  0.50   93130     115   93073  4971814  53.39
  1958          18     0.00151  0.00151  0.50   93016     140   92945  4878741  52.45
  1958          19     0.00178  0.00177  0.50   92875     165   92793  4785796  51.53
  1958          20     0.00200  0.00200  0.50   92711     185   92618  4693003  50.62
  1958          21     0.00216  0.00216  0.50   92525     200   92425  4600385  49.72
  1958          22     0.00226  0.00226  0.50   92326     208   92221  4507960  48.83
  1958          23     0.00229  0.00229  0.50   92117     211   92012  4415738  47.94
  1958          24     0.00228  0.00228  0.50   91906     209   91802  4323727  47.04
  1958          25     0.00225  0.00225  0.50   91697     206   91594  4231925  46.15
  1958          26     0.00222  0.00222  0.50   91491     203   91389  4140331  45.25
  1958          27     0.00221  0.00220  0.50   91287     201   91187  4048942  44.35
  1958          28     0.00221  0.00221  0.50   91086     201   90986  3957755  43.45
  1958          29     0.00226  0.00225  0.50   90885     205   90782  3866770  42.55
  1958          30     0.00232  0.00231  0.50   90680     210   90575  3775987  41.64
  1958          31     0.00238  0.00238  0.50   90470     215   90363  3685412  40.74
  1958          32     0.00244  0.00244  0.50   90255     220   90145  3595050  39.83
  1958          33     0.00247  0.00247  0.50   90035     222   89924  3504905  38.93
  1958          34     0.00246  0.00246  0.50   89813     221   89702  3414980  38.02
  1958          35     0.00243  0.00243  0.50   89592     218   89483  3325278  37.12
  1958          36     0.00240  0.00240  0.50   89374     214   89267  3235795  36.21
  1958          37     0.00240  0.00240  0.50   89160     214   89053  3146528  35.29
  1958          38     0.00246  0.00246  0.50   88946     219   88837  3057475  34.37
  1958          39     0.00260  0.00260  0.50   88727     231   88612  2968639  33.46
  1958          40     0.00282  0.00282  0.50   88496     249   88372  2880027  32.54
  1958          41     0.00310  0.00310  0.50   88247     274   88110  2791655  31.63
  1958          42     0.00342  0.00341  0.50   87973     300   87823  2703545  30.73
  1958          43     0.00378  0.00377  0.50   87673     330   87508  2615721  29.83
  1958          44     0.00419  0.00418  0.50   87343     365   87160  2528213  28.95
  1958          45     0.00468  0.00467  0.50   86977     406   86774  2441053  28.07
  1958          46     0.00523  0.00522  0.50   86572     452   86346  2354279  27.19
  1958          47     0.00585  0.00583  0.50   86120     502   85869  2267933  26.33
  1958          48     0.00650  0.00648  0.50   85618     555   85340  2182064  25.49
  1958          49     0.00715  0.00712  0.50   85063     606   84760  2096724  24.65
  1958          50     0.00782  0.00779  0.50   84457     658   84128  2011963  23.82
  1958          51     0.00853  0.00849  0.50   83800     712   83444  1927835  23.01
  1958          52     0.00929  0.00924  0.50   83088     768   82704  1844391  22.20
  1958          53     0.01008  0.01003  0.50   82320     825   81907  1761688  21.40
  1958          54     0.01090  0.01084  0.50   81494     884   81053  1679781  20.61
  1958          55     0.01179  0.01172  0.50   80611     945   80139  1598728  19.83
  1958          56     0.01278  0.01270  0.50   79666    1012   79160  1518589  19.06
  1958          57     0.01392  0.01383  0.50   78654    1088   78111  1439429  18.30
  1958          58     0.01524  0.01512  0.50   77567    1173   76980  1361319  17.55
  1958          59     0.01667  0.01653  0.50   76394    1263   75762  1284338  16.81
  1958          60     0.01822  0.01805  0.50   75131    1356   74453  1208576  16.09
  1958          61     0.01992  0.01972  0.50   73775    1455   73047  1134123  15.37
  1958          62     0.02191  0.02167  0.50   72320    1567   71536  1061076  14.67
  1958          63     0.02430  0.02401  0.50   70752    1699   69903   989540  13.99
  1958          64     0.02705  0.02669  0.50   69053    1843   68132   919637  13.32
  1958          65     0.03005  0.02961  0.50   67211    1990   66216   851505  12.67
  1958          66     0.03328  0.03273  0.50   65221    2135   64153   785289  12.04
  1958          67     0.03684  0.03618  0.50   63086    2282   61945   721135  11.43
  1958          68     0.04090  0.04008  0.50   60804    2437   59585   659191  10.84
  1958          69     0.04551  0.04450  0.50   58367    2597   57068   599605  10.27
  1958          70     0.05072  0.04946  0.50   55770    2758   54391   542537   9.73
  1958          71     0.05646  0.05491  0.50   53011    2911   51556   488146   9.21
  1958          72     0.06261  0.06071  0.50   50101    3041   48580   436590   8.71
  1958          73     0.06909  0.06678  0.50   47059    3143   45488   388010   8.25
  1958          74     0.07605  0.07326  0.50   43917    3217   42308   342522   7.80
  1958          75     0.08362  0.08026  0.50   40699    3267   39066   300214   7.38
  1958          76     0.09169  0.08767  0.50   37433    3282   35792   261148   6.98
  1958          77     0.09995  0.09520  0.50   34151    3251   32526   225357   6.60
  1958          78     0.10822  0.10266  0.50   30900    3172   29314   192831   6.24
  1958          79     0.11684  0.11039  0.50   27728    3061   26197   163517   5.90
  1958          80     0.12623  0.11873  0.50   24667    2929   23202   137320   5.57
  1958          81     0.13646  0.12775  0.50   21738    2777   20350   114118   5.25
  1958          82     0.14760  0.13745  0.50   18961    2606   17658    93768   4.95
  1958          83     0.15981  0.14799  0.50   16355    2420   15145    76110   4.65
  1958          84     0.17326  0.15945  0.50   13934    2222   12824    60965   4.38
  1958          85     0.18808  0.17192  0.50   11713    2014   10706    48142   4.11
  1958          86     0.20433  0.18539  0.50    9699    1798    8800    37436   3.86
  1958          87     0.22203  0.19985  0.50    7901    1579    7111    28636   3.62
  1958          88     0.24113  0.21519  0.50    6322    1360    5642    21525   3.40
  1958          89     0.26152  0.23128  0.50    4962    1148    4388    15883   3.20
  1958          90     0.28305  0.24796  0.50    3814     946    3341    11495   3.01
  1958          91     0.30550  0.26502  0.50    2868     760    2488     8154   2.84
  1958          92     0.32861  0.28224  0.50    2108     595    1811     5666   2.69
  1958          93     0.35206  0.29936  0.50    1513     453    1287     3855   2.55
  1958          94     0.37548  0.31613  0.50    1060     335     893     2568   2.42
  1958          95     0.39853  0.33231  0.50     725     241     605     1676   2.31
  1958          96     0.42085  0.34769  0.50     484     168     400     1071   2.21
  1958          97     0.44217  0.36211  0.50     316     114     259      671   2.13
  1958          98     0.46235  0.37554  0.50     201      76     164      413   2.05
  1958          99     0.48134  0.38797  0.50     126      49     101      249   1.98
  1958         100     0.49928  0.39954  0.50      77      31      62      148   1.92
  1958         101     0.51645  0.41046  0.50      46      19      37       86   1.86
  1958         102     0.53316  0.42095  0.50      27      11      22       49   1.81
  1958         103     0.54974  0.43121  0.50      16       7      12       28   1.75
  1958         104     0.56646  0.44143  0.50       9       4       7       15   1.71
  1958         105     0.58350  0.45171  0.50       5       2       4        8   1.66
  1958         106     0.60088  0.46206  0.50       3       1       2        4   1.61
  1958         107     0.61860  0.47246  0.50       1       1       1        2   1.57
  1958         108     0.63654  0.48286  0.50       1       0       1        1   1.53
  1958         109     0.65461  0.49319  0.50       0       0       0        1   1.49
  1958         110+    0.68867  1.00000  1.45       0       0       0        0   1.45
  1959           0     0.04664  0.04496  0.20  100000    4496   96388  6597802  65.98
  1959           1     0.00487  0.00486  0.50   95504     464   95272  6501415  68.07
  1959           2     0.00362  0.00361  0.50   95040     344   94868  6406142  67.40
  1959           3     0.00258  0.00258  0.50   94697     244   94574  6311274  66.65
  1959           4     0.00181  0.00181  0.50   94452     171   94367  6216700  65.82
  1959           5     0.00128  0.00128  0.50   94282     120   94221  6122333  64.94
  1959           6     0.00093  0.00093  0.50   94161      88   94117  6028112  64.02
  1959           7     0.00072  0.00072  0.50   94073      68   94039  5933995  63.08
  1959           8     0.00062  0.00062  0.50   94005      58   93976  5839955  62.12
  1959           9     0.00060  0.00060  0.50   93947      56   93919  5745979  61.16
  1959          10     0.00061  0.00061  0.50   93890      57   93862  5652061  60.20
  1959          11     0.00061  0.00061  0.50   93833      57   93805  5558199  59.23
  1959          12     0.00058  0.00058  0.50   93776      54   93749  5464394  58.27
  1959          13     0.00054  0.00054  0.50   93722      51   93696  5370645  57.30
  1959          14     0.00054  0.00054  0.50   93671      50   93646  5276948  56.33
  1959          15     0.00060  0.00060  0.50   93621      56   93593  5183302  55.36
  1959          16     0.00076  0.00076  0.50   93565      71   93529  5089709  54.40
  1959          17     0.00101  0.00101  0.50   93494      95   93447  4996180  53.44
  1959          18     0.00131  0.00130  0.50   93399     122   93338  4902733  52.49
  1959          19     0.00156  0.00156  0.50   93277     146   93205  4809395  51.56
  1959          20     0.00176  0.00176  0.50   93132     164   93050  4716191  50.64
  1959          21     0.00190  0.00189  0.50   92968     176   92879  4623141  49.73
  1959          22     0.00197  0.00197  0.50   92791     183   92700  4530261  48.82
  1959          23     0.00201  0.00201  0.50   92609     186   92515  4437561  47.92
  1959          24     0.00204  0.00204  0.50   92422     188   92328  4345046  47.01
  1959          25     0.00204  0.00204  0.50   92234     188   92140  4252718  46.11
  1959          26     0.00204  0.00204  0.50   92045     188   91951  4160579  45.20
  1959          27     0.00207  0.00207  0.50   91857     190   91762  4068627  44.29
  1959          28     0.00214  0.00213  0.50   91667     196   91570  3976865  43.38
  1959          29     0.00224  0.00224  0.50   91472     204   91370  3885295  42.48
  1959          30     0.00234  0.00234  0.50   91267     214   91160  3793926  41.57
  1959          31     0.00242  0.00241  0.50   91054     220   90944  3702765  40.67
  1959          32     0.00242  0.00242  0.50   90834     220   90724  3611822  39.76
  1959          33     0.00238  0.00238  0.50   90614     215   90507  3521098  38.86
  1959          34     0.00233  0.00233  0.50   90399     210   90294  3430591  37.95
  1959          35     0.00229  0.00228  0.50   90189     206   90086  3340297  37.04
  1959          36     0.00227  0.00226  0.50   89983     204   89881  3250212  36.12
  1959          37     0.00228  0.00228  0.50   89779     205   89677  3160331  35.20
  1959          38     0.00238  0.00237  0.50   89574     213   89468  3070655  34.28
  1959          39     0.00258  0.00258  0.50   89362     231   89246  2981187  33.36
  1959          40     0.00283  0.00282  0.50   89131     252   89005  2891940  32.45
  1959          41     0.00303  0.00302  0.50   88879     269   88745  2802935  31.54
  1959          42     0.00319  0.00318  0.50   88611     282   88470  2714191  30.63
  1959          43     0.00341  0.00340  0.50   88329     300   88178  2625721  29.73
  1959          44     0.00378  0.00377  0.50   88028     332   87862  2537543  28.83
  1959          45     0.00431  0.00430  0.50   87696     377   87507  2449681  27.93
  1959          46     0.00495  0.00494  0.50   87319     431   87103  2362173  27.05
  1959          47     0.00558  0.00557  0.50   86888     484   86646  2275070  26.18
  1959          48     0.00613  0.00611  0.50   86404     528   86140  2188424  25.33
  1959          49     0.00656  0.00654  0.50   85876     561   85595  2102284  24.48
  1959          50     0.00698  0.00695  0.50   85315     593   85018  2016689  23.64
  1959          51     0.00751  0.00748  0.50   84722     634   84405  1931671  22.80
  1959          52     0.00826  0.00822  0.50   84088     692   83742  1847266  21.97
  1959          53     0.00929  0.00925  0.50   83397     771   83011  1763523  21.15
  1959          54     0.01054  0.01049  0.50   82625     867   82192  1680512  20.34
  1959          55     0.01190  0.01183  0.50   81758     967   81275  1598321  19.55
  1959          56     0.01326  0.01317  0.50   80792    1064   80259  1517046  18.78
  1959          57     0.01466  0.01455  0.50   79727    1160   79147  1436786  18.02
  1959          58     0.01616  0.01603  0.50   78567    1260   77937  1357639  17.28
  1959          59     0.01785  0.01769  0.50   77307    1368   76623  1279702  16.55
  1959          60     0.01968  0.01949  0.50   75940    1480   75199  1203079  15.84
  1959          61     0.02157  0.02134  0.50   74459    1589   73665  1127879  15.15
  1959          62     0.02338  0.02311  0.50   72870    1684   72028  1054214  14.47
  1959          63     0.02509  0.02478  0.50   71186    1764   70304   982186  13.80
  1959          64     0.02721  0.02684  0.50   69422    1864   68491   911882  13.14
  1959          65     0.03017  0.02972  0.50   67559    2008   66555   843391  12.48
  1959          66     0.03366  0.03310  0.50   65551    2170   64466   776836  11.85
  1959          67     0.03752  0.03683  0.50   63381    2334   62214   712370  11.24
  1959          68     0.04170  0.04085  0.50   61047    2494   59800   650156  10.65
  1959          69     0.04634  0.04529  0.50   58553    2652   57227   590356  10.08
  1959          70     0.05161  0.05031  0.50   55901    2812   54495   533129   9.54
  1959          71     0.05737  0.05577  0.50   53089    2961   51609   478634   9.02
  1959          72     0.06321  0.06128  0.50   50128    3072   48592   427025   8.52
  1959          73     0.06894  0.06664  0.50   47057    3136   45489   378433   8.04
  1959          74     0.07558  0.07283  0.50   43921    3199   42321   332944   7.58
  1959          75     0.08400  0.08062  0.50   40722    3283   39081   290623   7.14
  1959          76     0.09339  0.08922  0.50   37439    3340   35769   251542   6.72
  1959          77     0.10290  0.09787  0.50   34099    3337   32430   215773   6.33
  1959          78     0.11211  0.10616  0.50   30762    3266   29129   183343   5.96
  1959          79     0.12175  0.11476  0.50   27496    3156   25918   154214   5.61
  1959          80     0.13263  0.12438  0.50   24340    3027   22827   128296   5.27
  1959          81     0.14482  0.13504  0.50   21313    2878   19874   105470   4.95
  1959          82     0.15818  0.14659  0.50   18435    2702   17084    85596   4.64
  1959          83     0.17258  0.15887  0.50   15732    2499   14483    68512   4.35
  1959          84     0.18809  0.17192  0.50   13233    2275   12096    54030   4.08
  1959          85     0.20479  0.18577  0.50   10958    2036    9940    41934   3.83
  1959          86     0.22278  0.20045  0.50    8922    1789    8028    31994   3.59
  1959          87     0.24216  0.21601  0.50    7134    1541    6363    23966   3.36
  1959          88     0.26299  0.23242  0.50    5593    1300    4943    17602   3.15
  1959          89     0.28528  0.24967  0.50    4293    1072    3757    12659   2.95
  1959          90     0.30908  0.26771  0.50    3221     862    2790     8902   2.76
  1959          91     0.33437  0.28648  0.50    2359     676    2021     6112   2.59
  1959          92     0.36118  0.30593  0.50    1683     515    1426     4091   2.43
  1959          93     0.38948  0.32600  0.50    1168     381     978     2666   2.28
  1959          94     0.41930  0.34663  0.50     787     273     651     1688   2.14
  1959          95     0.45061  0.36775  0.50     514     189     420     1037   2.02
  1959          96     0.48340  0.38930  0.50     325     127     262      617   1.90
  1959          97     0.51760  0.41119  0.50     199      82     158      355   1.79
  1959          98     0.55305  0.43325  0.50     117      51      92      198   1.69
  1959          99     0.58951  0.45530  0.50      66      30      51      106   1.60
  1959         100     0.62656  0.47709  0.50      36      17      27       55   1.52
  1959         101     0.66357  0.49826  0.50      19       9      14       27   1.44
  1959         102     0.69986  0.51844  0.50       9       5       7       13   1.38
  1959         103     0.73461  0.53727  0.50       5       2       3        6   1.32
  1959         104     0.76700  0.55439  0.50       2       1       2        3   1.27
  1959         105     0.79642  0.56960  0.50       1       1       1        1   1.23
  1959         106     0.82258  0.58286  0.50       0       0       0        0   1.20
  1959         107     0.84544  0.59424  0.50       0       0       0        0   1.17
  1959         108     0.86556  0.60411  0.50       0       0       0        0   1.14
  1959         109     0.88370  0.61290  0.50       0       0       0        0   1.12
  1959         110+    0.90435  1.00000  1.11       0       0       0        0   1.11
  1960           0     0.04058  0.03928  0.19  100000    3928   96813  6663503  66.64
  1960           1     0.00398  0.00397  0.50   96072     382   95881  6566690  68.35
  1960           2     0.00323  0.00322  0.50   95690     308   95536  6470809  67.62
  1960           3     0.00252  0.00252  0.50   95382     240   95262  6375274  66.84
  1960           4     0.00190  0.00190  0.50   95142     181   95051  6280012  66.01
  1960           5     0.00141  0.00141  0.50   94961     134   94894  6184961  65.13
  1960           6     0.00104  0.00104  0.50   94827      98   94778  6090066  64.22
  1960           7     0.00078  0.00078  0.50   94729      74   94692  5995288  63.29
  1960           8     0.00061  0.00061  0.50   94655      58   94626  5900596  62.34
  1960           9     0.00052  0.00052  0.50   94597      49   94573  5805970  61.38
  1960          10     0.00047  0.00047  0.50   94548      45   94526  5711397  60.41
  1960          11     0.00046  0.00046  0.50   94504      44   94482  5616871  59.44
  1960          12     0.00049  0.00049  0.50   94460      47   94437  5522389  58.46
  1960          13     0.00056  0.00056  0.50   94413      53   94387  5427953  57.49
  1960          14     0.00066  0.00066  0.50   94361      63   94329  5333566  56.52
  1960          15     0.00080  0.00080  0.50   94298      76   94260  5239236  55.56
  1960          16     0.00096  0.00096  0.50   94223      90   94177  5144976  54.60
  1960          17     0.00113  0.00113  0.50   94132     106   94079  5050798  53.66
  1960          18     0.00128  0.00128  0.50   94026     121   93966  4956719  52.72
  1960          19     0.00142  0.00141  0.50   93906     133   93839  4862753  51.78
  1960          20     0.00150  0.00150  0.50   93773     141   93702  4768914  50.86
  1960          21     0.00156  0.00155  0.50   93632     146   93559  4675212  49.93
  1960          22     0.00158  0.00158  0.50   93486     148   93412  4581653  49.01
  1960          23     0.00160  0.00159  0.50   93338     149   93264  4488241  48.09
  1960          24     0.00162  0.00162  0.50   93190     151   93114  4394977  47.16
  1960          25     0.00166  0.00166  0.50   93039     154   92962  4301862  46.24
  1960          26     0.00170  0.00170  0.50   92885     158   92806  4208901  45.31
  1960          27     0.00174  0.00173  0.50   92727     161   92646  4116095  44.39
  1960          28     0.00176  0.00176  0.50   92566     163   92485  4023448  43.47
  1960          29     0.00178  0.00178  0.50   92403     164   92321  3930964  42.54
  1960          30     0.00180  0.00179  0.50   92239     165   92156  3838643  41.62
  1960          31     0.00181  0.00181  0.50   92073     167   91990  3746487  40.69
  1960          32     0.00184  0.00184  0.50   91907     169   91822  3654497  39.76
  1960          33     0.00188  0.00188  0.50   91738     172   91652  3562675  38.84
  1960          34     0.00194  0.00194  0.50   91566     178   91477  3471023  37.91
  1960          35     0.00203  0.00203  0.50   91388     186   91295  3379546  36.98
  1960          36     0.00215  0.00215  0.50   91202     196   91104  3288251  36.05
  1960          37     0.00231  0.00231  0.50   91006     210   90901  3197147  35.13
  1960          38     0.00251  0.00250  0.50   90796     227   90683  3106246  34.21
  1960          39     0.00275  0.00275  0.50   90569     249   90445  3015563  33.30
  1960          40     0.00300  0.00299  0.50   90320     270   90185  2925119  32.39
  1960          41     0.00322  0.00321  0.50   90050     289   89905  2834934  31.48
  1960          42     0.00342  0.00342  0.50   89761     307   89607  2745029  30.58
  1960          43     0.00367  0.00367  0.50   89454     328   89290  2655421  29.68
  1960          44     0.00400  0.00399  0.50   89126     356   88948  2566132  28.79
  1960          45     0.00438  0.00437  0.50   88770     388   88576  2477184  27.91
  1960          46     0.00480  0.00479  0.50   88382     423   88170  2388608  27.03
  1960          47     0.00527  0.00526  0.50   87959     463   87728  2300437  26.15
  1960          48     0.00582  0.00581  0.50   87496     508   87242  2212710  25.29
  1960          49     0.00645  0.00643  0.50   86988     559   86708  2125468  24.43
  1960          50     0.00715  0.00713  0.50   86429     616   86121  2038759  23.59
  1960          51     0.00791  0.00788  0.50   85813     676   85475  1952638  22.75
  1960          52     0.00871  0.00867  0.50   85136     738   84767  1867164  21.93
  1960          53     0.00950  0.00946  0.50   84398     798   83999  1782396  21.12
  1960          54     0.01032  0.01027  0.50   83600     859   83171  1698397  20.32
  1960          55     0.01116  0.01110  0.50   82742     919   82282  1615226  19.52
  1960          56     0.01204  0.01197  0.50   81823     979   81334  1532944  18.73
  1960          57     0.01307  0.01299  0.50   80844    1050   80319  1451610  17.96
  1960          58     0.01441  0.01431  0.50   79794    1142   79223  1371292  17.19
  1960          59     0.01610  0.01598  0.50   78652    1257   78024  1292069  16.43
  1960          60     0.01814  0.01798  0.50   77396    1391   76700  1214045  15.69
  1960          61     0.02049  0.02028  0.50   76004    1542   75234  1137345  14.96
  1960          62     0.02319  0.02292  0.50   74463    1707   73609  1062111  14.26
  1960          63     0.02621  0.02588  0.50   72756    1883   71814   988502  13.59
  1960          64     0.02937  0.02894  0.50   70873    2051   69847   916688  12.93
  1960          65     0.03246  0.03194  0.50   68822    2198   67723   846840  12.30
  1960          66     0.03556  0.03494  0.50   66623    2328   65459   779117  11.69
  1960          67     0.03884  0.03810  0.50   64296    2450   63071   713658  11.10
  1960          68     0.04250  0.04162  0.50   61846    2574   60559   650588  10.52
  1960          69     0.04672  0.04566  0.50   59272    2706   57919   590029   9.95
  1960          70     0.05162  0.05032  0.50   56566    2846   55142   532110   9.41
  1960          71     0.05710  0.05551  0.50   53719    2982   52228   476968   8.88
  1960          72     0.06316  0.06123  0.50   50737    3107   49184   424740   8.37
  1960          73     0.06985  0.06749  0.50   47630    3215   46023   375557   7.88
  1960          74     0.07717  0.07430  0.50   44416    3300   42765   329534   7.42
  1960          75     0.08515  0.08167  0.50   41115    3358   39436   286768   6.97
  1960          76     0.09390  0.08969  0.50   37757    3386   36064   247332   6.55
  1960          77     0.10364  0.09853  0.50   34371    3387   32678   211268   6.15
  1960          78     0.11453  0.10833  0.50   30984    3356   29306   178590   5.76
  1960          79     0.12649  0.11896  0.50   27628    3287   25985   149284   5.40
  1960          80     0.13938  0.13030  0.50   24341    3172   22755   123299   5.07
  1960          81     0.15313  0.14224  0.50   21170    3011   19664   100544   4.75
  1960          82     0.16768  0.15471  0.50   18158    2809   16754    80880   4.45
  1960          83     0.18310  0.16775  0.50   15349    2575   14062    64126   4.18
  1960          84     0.19952  0.18142  0.50   12774    2318   11616    50064   3.92
  1960          85     0.21703  0.19579  0.50   10457    2047    9433    38449   3.68
  1960          86     0.23574  0.21088  0.50    8410    1773    7523    29016   3.45
  1960          87     0.25569  0.22671  0.50    6636    1504    5884    21493   3.24
  1960          88     0.27691  0.24324  0.50    5132    1248    4508    15609   3.04
  1960          89     0.29938  0.26040  0.50    3883    1011    3378    11101   2.86
  1960          90     0.32305  0.27813  0.50    2872     799    2473     7723   2.69
  1960          91     0.34783  0.29630  0.50    2073     614    1766     5251   2.53
  1960          92     0.37362  0.31481  0.50    1459     459    1229     3484   2.39
  1960          93     0.40028  0.33353  0.50    1000     333     833     2255   2.26
  1960          94     0.42767  0.35233  0.50     666     235     549     1422   2.13
  1960          95     0.45562  0.37108  0.50     432     160     351      873   2.02
  1960          96     0.48395  0.38966  0.50     271     106     219      522   1.92
  1960          97     0.51246  0.40794  0.50     166      68     132      303   1.83
  1960          98     0.54097  0.42580  0.50      98      42      77      171   1.75
  1960          99     0.56926  0.44313  0.50      56      25      44       94   1.67
  1960         100     0.59715  0.45985  0.50      31      14      24       50   1.60
  1960         101     0.62444  0.47586  0.50      17       8      13       26   1.54
  1960         102     0.65095  0.49110  0.50       9       4       7       13   1.48
  1960         103     0.67654  0.50553  0.50       5       2       3        6   1.43
  1960         104     0.70108  0.51911  0.50       2       1       2        3   1.39
  1960         105     0.72452  0.53185  0.50       1       1       1        1   1.35
  1960         106     0.74687  0.54380  0.50       1       0       0        1   1.31
  1960         107     0.76821  0.55502  0.50       0       0       0        0   1.28
  1960         108     0.78874  0.56566  0.50       0       0       0        0   1.25
  1960         109     0.80872  0.57587  0.50       0       0       0        0   1.22
  1960         110+    0.83495  1.00000  1.20       0       0       0        0   1.20
  1961           0     0.04020  0.03893  0.19  100000    3893   96840  6671123  66.71
  1961           1     0.00377  0.00376  0.50   96107     362   95927  6574284  68.41
  1961           2     0.00296  0.00296  0.50   95746     283   95604  6478357  67.66
  1961           3     0.00225  0.00225  0.50   95462     215   95355  6382753  66.86
  1961           4     0.00168  0.00168  0.50   95247     160   95167  6287398  66.01
  1961           5     0.00126  0.00126  0.50   95087     120   95028  6192231  65.12
  1961           6     0.00097  0.00097  0.50   94968      92   94922  6097203  64.20
  1961           7     0.00079  0.00079  0.50   94875      75   94838  6002282  63.26
  1961           8     0.00067  0.00067  0.50   94800      64   94769  5907444  62.31
  1961           9     0.00059  0.00059  0.50   94737      56   94709  5812675  61.36
  1961          10     0.00053  0.00053  0.50   94681      50   94657  5717966  60.39
  1961          11     0.00049  0.00049  0.50   94632      47   94608  5623309  59.42
  1961          12     0.00049  0.00049  0.50   94585      47   94562  5528701  58.45
  1961          13     0.00053  0.00053  0.50   94538      50   94513  5434139  57.48
  1961          14     0.00060  0.00060  0.50   94489      57   94460  5339626  56.51
  1961          15     0.00072  0.00072  0.50   94432      68   94398  5245166  55.54
  1961          16     0.00087  0.00087  0.50   94364      82   94323  5150768  54.58
  1961          17     0.00106  0.00106  0.50   94282     100   94232  5056445  53.63
  1961          18     0.00126  0.00126  0.50   94182     119   94123  4962213  52.69
  1961          19     0.00146  0.00145  0.50   94063     137   93995  4868091  51.75
  1961          20     0.00161  0.00161  0.50   93927     151   93851  4774096  50.83
  1961          21     0.00172  0.00172  0.50   93775     161   93695  4680245  49.91
  1961          22     0.00179  0.00179  0.50   93614     167   93531  4586550  48.99
  1961          23     0.00182  0.00182  0.50   93447     170   93362  4493019  48.08
  1961          24     0.00182  0.00182  0.50   93277     170   93192  4399657  47.17
  1961          25     0.00181  0.00181  0.50   93108     169   93023  4306464  46.25
  1961          26     0.00181  0.00181  0.50   92939     168   92855  4213441  45.34
  1961          27     0.00182  0.00182  0.50   92771     169   92687  4120586  44.42
  1961          28     0.00182  0.00182  0.50   92602     169   92518  4027900  43.50
  1961          29     0.00179  0.00179  0.50   92433     165   92351  3935382  42.58
  1961          30     0.00173  0.00173  0.50   92268     160   92188  3843031  41.65
  1961          31     0.00169  0.00169  0.50   92109     155   92031  3750842  40.72
  1961          32     0.00168  0.00168  0.50   91953     154   91876  3658812  39.79
  1961          33     0.00173  0.00173  0.50   91799     159   91719  3566936  38.86
  1961          34     0.00184  0.00184  0.50   91640     169   91556  3475216  37.92
  1961          35     0.00200  0.00200  0.50   91471     183   91380  3383660  36.99
  1961          36     0.00219  0.00219  0.50   91288     200   91188  3292281  36.06
  1961          37     0.00238  0.00238  0.50   91089     217   90980  3201092  35.14
  1961          38     0.00257  0.00256  0.50   90872     233   90755  3110112  34.23
  1961          39     0.00272  0.00272  0.50   90639     246   90516  3019357  33.31
  1961          40     0.00287  0.00286  0.50   90392     259   90263  2928842  32.40
  1961          41     0.00305  0.00304  0.50   90133     274   89996  2838579  31.49
  1961          42     0.00328  0.00327  0.50   89859     294   89712  2748582  30.59
  1961          43     0.00353  0.00352  0.50   89565     316   89407  2658870  29.69
  1961          44     0.00378  0.00377  0.50   89250     337   89081  2569463  28.79
  1961          45     0.00404  0.00403  0.50   88913     358   88734  2480381  27.90
  1961          46     0.00435  0.00434  0.50   88555     384   88363  2391648  27.01
  1961          47     0.00475  0.00474  0.50   88170     418   87961  2303285  26.12
  1961          48     0.00531  0.00529  0.50   87752     464   87520  2215324  25.25
  1961          49     0.00604  0.00602  0.50   87288     525   87025  2127803  24.38
  1961          50     0.00689  0.00686  0.50   86763     596   86465  2040778  23.52
  1961          51     0.00779  0.00776  0.50   86167     668   85833  1954313  22.68
  1961          52     0.00869  0.00865  0.50   85499     740   85129  1868480  21.85
  1961          53     0.00959  0.00954  0.50   84759     809   84355  1783351  21.04
  1961          54     0.01050  0.01044  0.50   83950     877   83512  1698996  20.24
  1961          55     0.01149  0.01142  0.50   83074     949   82599  1615484  19.45
  1961          56     0.01263  0.01255  0.50   82125    1031   81609  1532885  18.67
  1961          57     0.01398  0.01388  0.50   81094    1126   80531  1451275  17.90
  1961          58     0.01556  0.01544  0.50   79969    1235   79351  1370744  17.14
  1961          59     0.01728  0.01714  0.50   78734    1349   78059  1291393  16.40
  1961          60     0.01910  0.01892  0.50   77385    1464   76653  1213333  15.68
  1961          61     0.02100  0.02078  0.50   75921    1578   75132  1136681  14.97
  1961          62     0.02307  0.02281  0.50   74343    1696   73495  1061549  14.28
  1961          63     0.02540  0.02509  0.50   72647    1822   71736   988054  13.60
  1961          64     0.02797  0.02759  0.50   70824    1954   69847   916319  12.94
  1961          65     0.03076  0.03030  0.50   68870    2087   67827   846471  12.29
  1961          66     0.03386  0.03330  0.50   66784    2224   65672   778644  11.66
  1961          67     0.03742  0.03673  0.50   64560    2372   63374   712972  11.04
  1961          68     0.04156  0.04072  0.50   62188    2532   60922   649598  10.45
  1961          69     0.04632  0.04528  0.50   59656    2701   58306   588676   9.87
  1961          70     0.05174  0.05043  0.50   56955    2872   55519   530371   9.31
  1961          71     0.05790  0.05627  0.50   54083    3043   52561   474852   8.78
  1961          72     0.06473  0.06270  0.50   51039    3200   49439   422291   8.27
  1961          73     0.07206  0.06956  0.50   47839    3328   46175   372852   7.79
  1961          74     0.07967  0.07662  0.50   44511    3411   42806   326677   7.34
  1961          75     0.08745  0.08379  0.50   41101    3444   39379   283871   6.91
  1961          76     0.09579  0.09141  0.50   37657    3442   35936   244492   6.49
  1961          77     0.10497  0.09974  0.50   34215    3413   32508   208556   6.10
  1961          78     0.11519  0.10891  0.50   30802    3355   29125   176048   5.72
  1961          79     0.12636  0.11885  0.50   27447    3262   25816   146923   5.35
  1961          80     0.13846  0.12949  0.50   24185    3132   22619   121106   5.01
  1961          81     0.15186  0.14115  0.50   21054    2972   19568    98487   4.68
  1961          82     0.16697  0.15411  0.50   18082    2787   16689    78919   4.36
  1961          83     0.18383  0.16835  0.50   15295    2575   14008    62231   4.07
  1961          84     0.20240  0.18380  0.50   12720    2338   11551    48223   3.79
  1961          85     0.22267  0.20036  0.50   10382    2080    9342    36671   3.53
  1961          86     0.24458  0.21793  0.50    8302    1809    7397    27329   3.29
  1961          87     0.26806  0.23638  0.50    6493    1535    5725    19932   3.07
  1961          88     0.29307  0.25561  0.50    4958    1267    4324    14206   2.87
  1961          89     0.31953  0.27551  0.50    3691    1017    3182     9882   2.68
  1961          90     0.34734  0.29594  0.50    2674     791    2278     6699   2.51
  1961          91     0.37638  0.31677  0.50    1883     596    1584     4421   2.35
  1961          92     0.40650  0.33783  0.50    1286     435    1069     2837   2.21
  1961          93     0.43751  0.35898  0.50     852     306     699     1768   2.08
  1961          94     0.46918  0.38003  0.50     546     207     442     1069   1.96
  1961          95     0.50128  0.40082  0.50     338     136     271      627   1.85
  1961          96     0.53354  0.42118  0.50     203      85     160      356   1.76
  1961          97     0.56568  0.44096  0.50     117      52      92      196   1.67
  1961          98     0.59744  0.46002  0.50      66      30      51      105   1.59
  1961          99     0.62854  0.47824  0.50      35      17      27       54   1.52
  1961         100     0.65873  0.49552  0.50      18       9      14       27   1.46
  1961         101     0.68778  0.51178  0.50       9       5       7       13   1.41
  1961         102     0.71548  0.52696  0.50       5       2       3        6   1.36
  1961         103     0.74168  0.54104  0.50       2       1       2        3   1.32
  1961         104     0.76626  0.55400  0.50       1       1       1        1   1.28
  1961         105     0.78917  0.56588  0.50       0       0       0        1   1.24
  1961         106     0.81049  0.57676  0.50       0       0       0        0   1.21
  1961         107     0.83033  0.58674  0.50       0       0       0        0   1.19
  1961         108     0.84901  0.59600  0.50       0       0       0        0   1.16
  1961         109     0.86689  0.60476  0.50       0       0       0        0   1.14
  1961         110+    0.88862  1.00000  1.13       0       0       0        0   1.13
  1962           0     0.03142  0.03063  0.18  100000    3063   97482  6798336  67.98
  1962           1     0.00406  0.00405  0.50   96937     393   96740  6700854  69.13
  1962           2     0.00256  0.00255  0.50   96544     246   96421  6604113  68.41
  1962           3     0.00165  0.00165  0.50   96297     159   96218  6507693  67.58
  1962           4     0.00119  0.00119  0.50   96139     115   96081  6411475  66.69
  1962           5     0.00090  0.00090  0.50   96024      87   95981  6315393  65.77
  1962           6     0.00071  0.00071  0.50   95938      68   95904  6219413  64.83
  1962           7     0.00059  0.00059  0.50   95870      57   95842  6123509  63.87
  1962           8     0.00054  0.00054  0.50   95813      52   95787  6027667  62.91
  1962           9     0.00051  0.00051  0.50   95761      49   95737  5931880  61.94
  1962          10     0.00045  0.00045  0.50   95713      43   95691  5836143  60.98
  1962          11     0.00043  0.00043  0.50   95669      41   95649  5740452  60.00
  1962          12     0.00047  0.00047  0.50   95629      45   95606  5644803  59.03
  1962          13     0.00049  0.00049  0.50   95584      47   95560  5549197  58.06
  1962          14     0.00051  0.00051  0.50   95537      49   95513  5453636  57.08
  1962          15     0.00058  0.00058  0.50   95488      56   95460  5358124  56.11
  1962          16     0.00070  0.00070  0.50   95432      67   95399  5262664  55.15
  1962          17     0.00087  0.00087  0.50   95365      83   95324  5167265  54.18
  1962          18     0.00106  0.00106  0.50   95282     101   95232  5071941  53.23
  1962          19     0.00124  0.00124  0.50   95181     118   95122  4976709  52.29
  1962          20     0.00139  0.00139  0.50   95063     132   94997  4881587  51.35
  1962          21     0.00148  0.00148  0.50   94931     140   94861  4786590  50.42
  1962          22     0.00149  0.00149  0.50   94791     141   94720  4691729  49.50
  1962          23     0.00146  0.00146  0.50   94650     138   94581  4597009  48.57
  1962          24     0.00144  0.00144  0.50   94512     136   94444  4502428  47.64
  1962          25     0.00152  0.00152  0.50   94376     143   94304  4407984  46.71
  1962          26     0.00168  0.00168  0.50   94233     158   94154  4313680  45.78
  1962          27     0.00185  0.00185  0.50   94075     174   93988  4219526  44.85
  1962          28     0.00190  0.00190  0.50   93901     178   93811  4125538  43.94
  1962          29     0.00177  0.00177  0.50   93722     166   93639  4031727  43.02
  1962          30     0.00172  0.00172  0.50   93556     161   93475  3938088  42.09
  1962          31     0.00176  0.00176  0.50   93395     164   93313  3844612  41.17
  1962          32     0.00183  0.00183  0.50   93230     170   93145  3751300  40.24
  1962          33     0.00195  0.00195  0.50   93060     182   92969  3658154  39.31
  1962          34     0.00216  0.00215  0.50   92879     200   92779  3565185  38.39
  1962          35     0.00233  0.00233  0.50   92678     216   92571  3472407  37.47
  1962          36     0.00241  0.00240  0.50   92463     222   92351  3379836  36.55
  1962          37     0.00252  0.00252  0.50   92240     232   92124  3287485  35.64
  1962          38     0.00264  0.00263  0.50   92008     242   91887  3195360  34.73
  1962          39     0.00267  0.00266  0.50   91766     245   91643  3103474  33.82
  1962          40     0.00260  0.00259  0.50   91521     237   91402  3011830  32.91
  1962          41     0.00254  0.00253  0.50   91284     231   91168  2920428  31.99
  1962          42     0.00288  0.00287  0.50   91052     262   90922  2829260  31.07
  1962          43     0.00341  0.00340  0.50   90791     309   90636  2738338  30.16
  1962          44     0.00381  0.00381  0.50   90482     344   90309  2647702  29.26
  1962          45     0.00406  0.00405  0.50   90137     365   89954  2557393  28.37
  1962          46     0.00424  0.00423  0.50   89772     380   89582  2467438  27.49
  1962          47     0.00453  0.00452  0.50   89392     404   89190  2377856  26.60
  1962          48     0.00500  0.00499  0.50   88988     444   88767  2288666  25.72
  1962          49     0.00565  0.00563  0.50   88545     499   88295  2199899  24.85
  1962          50     0.00639  0.00637  0.50   88046     561   87766  2111604  23.98
  1962          51     0.00716  0.00714  0.50   87485     624   87173  2023839  23.13
  1962          52     0.00807  0.00803  0.50   86861     698   86512  1936666  22.30
  1962          53     0.00909  0.00905  0.50   86163     780   85773  1850154  21.47
  1962          54     0.00984  0.00979  0.50   85383     836   84965  1764381  20.66
  1962          55     0.01068  0.01062  0.50   84547     898   84098  1679416  19.86
  1962          56     0.01201  0.01194  0.50   83649     998   83150  1595318  19.07
  1962          57     0.01359  0.01350  0.50   82651    1115   82093  1512168  18.30
  1962          58     0.01511  0.01500  0.50   81535    1223   80924  1430075  17.54
  1962          59     0.01667  0.01653  0.50   80312    1328   79648  1349152  16.80
  1962          60     0.01829  0.01812  0.50   78984    1431   78269  1269504  16.07
  1962          61     0.01996  0.01977  0.50   77553    1533   76786  1191235  15.36
  1962          62     0.02176  0.02152  0.50   76020    1636   75202  1114449  14.66
  1962          63     0.02372  0.02344  0.50   74384    1744   73512  1039247  13.97
  1962          64     0.02581  0.02548  0.50   72640    1851   71715   965735  13.29
  1962          65     0.02798  0.02760  0.50   70789    1953   69813   894020  12.63
  1962          66     0.03054  0.03008  0.50   68836    2071   67800   824208  11.97
  1962          67     0.03414  0.03357  0.50   66765    2241   65645   756407  11.33
  1962          68     0.03927  0.03851  0.50   64524    2485   63282   690763  10.71
  1962          69     0.04549  0.04448  0.50   62039    2759   60659   627481  10.11
  1962          70     0.05203  0.05072  0.50   59280    3006   57777   566822   9.56
  1962          71     0.05797  0.05634  0.50   56273    3170   54688   509045   9.05
  1962          72     0.06312  0.06119  0.50   53103    3249   51479   454357   8.56
  1962          73     0.06783  0.06560  0.50   49854    3270   48219   402879   8.08
  1962          74     0.07363  0.07101  0.50   46584    3308   44929   354660   7.61
  1962          75     0.08200  0.07877  0.50   43275    3409   41571   309730   7.16
  1962          76     0.09268  0.08857  0.50   39867    3531   38101   268159   6.73
  1962          77     0.10370  0.09859  0.50   36335    3582   34544   230058   6.33
  1962          78     0.11345  0.10736  0.50   32753    3516   30995   195514   5.97
  1962          79     0.12281  0.11571  0.50   29237    3383   27545   164519   5.63
  1962          80     0.13311  0.12480  0.50   25854    3227   24240   136974   5.30
  1962          81     0.14480  0.13502  0.50   22627    3055   21100   112734   4.98
  1962          82     0.15798  0.14642  0.50   19572    2866   18139    91634   4.68
  1962          83     0.17225  0.15859  0.50   16706    2649   15382    73495   4.40
  1962          84     0.18748  0.17141  0.50   14057    2409   12852    58114   4.13
  1962          85     0.20369  0.18486  0.50   11647    2153   10571    45261   3.89
  1962          86     0.22091  0.19893  0.50    9494    1889    8550    34691   3.65
  1962          87     0.23917  0.21362  0.50    7606    1625    6793    26141   3.44
  1962          88     0.25848  0.22890  0.50    5981    1369    5296    19348   3.23
  1962          89     0.27883  0.24471  0.50    4612    1129    4048    14051   3.05
  1962          90     0.30020  0.26102  0.50    3483     909    3029    10004   2.87
  1962          91     0.32255  0.27776  0.50    2574     715    2217     6975   2.71
  1962          92     0.34583  0.29485  0.50    1859     548    1585     4758   2.56
  1962          93     0.36997  0.31222  0.50    1311     409    1106     3173   2.42
  1962          94     0.39488  0.32977  0.50     902     297     753     2067   2.29
  1962          95     0.42045  0.34742  0.50     604     210     499     1314   2.17
  1962          96     0.44657  0.36506  0.50     394     144     322      815   2.07
  1962          97     0.47310  0.38259  0.50     250      96     202      492   1.97
  1962          98     0.49989  0.39993  0.50     155      62     124      290   1.88
  1962          99     0.52678  0.41696  0.50      93      39      73      166   1.79
  1962         100     0.55363  0.43360  0.50      54      23      42       93   1.72
  1962         101     0.58026  0.44977  0.50      31      14      24       50   1.65
  1962         102     0.60651  0.46538  0.50      17       8      13       27   1.58
  1962         103     0.63225  0.48039  0.50       9       4       7       14   1.53
  1962         104     0.65732  0.49472  0.50       5       2       4        7   1.47
  1962         105     0.68159  0.50835  0.50       2       1       2        3   1.43
  1962         106     0.70493  0.52122  0.50       1       1       1        2   1.38
  1962         107     0.72722  0.53331  0.50       1       0       0        1   1.34
  1962         108     0.74847  0.54464  0.50       0       0       0        0   1.31
  1962         109     0.76875  0.55530  0.50       0       0       0        0   1.28
  1962         110+    0.80039  1.00000  1.25       0       0       0        0   1.25
  1963           0     0.03019  0.02946  0.18  100000    2946   97574  6864445  68.64
  1963           1     0.00345  0.00344  0.50   97054     334   96887  6766871  69.72
  1963           2     0.00228  0.00228  0.50   96720     220   96610  6669984  68.96
  1963           3     0.00149  0.00149  0.50   96500     143   96428  6573374  68.12
  1963           4     0.00105  0.00105  0.50   96356     101   96306  6476946  67.22
  1963           5     0.00084  0.00084  0.50   96255      80   96215  6380641  66.29
  1963           6     0.00073  0.00073  0.50   96175      71   96139  6284426  65.34
  1963           7     0.00066  0.00066  0.50   96104      63   96073  6188286  64.39
  1963           8     0.00059  0.00059  0.50   96041      57   96013  6092214  63.43
  1963           9     0.00052  0.00052  0.50   95984      50   95960  5996201  62.47
  1963          10     0.00042  0.00042  0.50   95935      41   95914  5900241  61.50
  1963          11     0.00035  0.00035  0.50   95894      34   95877  5804327  60.53
  1963          12     0.00034  0.00034  0.50   95860      33   95844  5708450  59.55
  1963          13     0.00034  0.00034  0.50   95827      32   95811  5612606  58.57
  1963          14     0.00034  0.00034  0.50   95795      33   95779  5516795  57.59
  1963          15     0.00038  0.00038  0.50   95762      36   95744  5421016  56.61
  1963          16     0.00049  0.00049  0.50   95726      47   95703  5325272  55.63
  1963          17     0.00070  0.00070  0.50   95679      67   95646  5229569  54.66
  1963          18     0.00091  0.00091  0.50   95612      87   95569  5133924  53.70
  1963          19     0.00102  0.00102  0.50   95526      97   95477  5038355  52.74
  1963          20     0.00107  0.00107  0.50   95429     102   95378  4942877  51.80
  1963          21     0.00114  0.00114  0.50   95327     109   95272  4847500  50.85
  1963          22     0.00130  0.00130  0.50   95218     124   95156  4752227  49.91
  1963          23     0.00151  0.00151  0.50   95095     144   95023  4657071  48.97
  1963          24     0.00170  0.00170  0.50   94951     162   94870  4562048  48.05
  1963          25     0.00175  0.00174  0.50   94790     165   94707  4467178  47.13
  1963          26     0.00169  0.00168  0.50   94624     159   94545  4372471  46.21
  1963          27     0.00160  0.00160  0.50   94465     151   94389  4277926  45.29
  1963          28     0.00151  0.00151  0.50   94314     142   94243  4183537  44.36
  1963          29     0.00144  0.00144  0.50   94171     136   94103  4089294  43.42
  1963          30     0.00148  0.00148  0.50   94036     139   93966  3995191  42.49
  1963          31     0.00160  0.00160  0.50   93897     150   93821  3901225  41.55
  1963          32     0.00177  0.00177  0.50   93746     166   93663  3807403  40.61
  1963          33     0.00195  0.00195  0.50   93580     183   93489  3713740  39.69
  1963          34     0.00211  0.00210  0.50   93398     196   93299  3620251  38.76
  1963          35     0.00220  0.00219  0.50   93201     204   93099  3526952  37.84
  1963          36     0.00221  0.00220  0.50   92997     205   92894  3433853  36.92
  1963          37     0.00219  0.00218  0.50   92792     203   92690  3340959  36.00
  1963          38     0.00223  0.00223  0.50   92589     206   92486  3248268  35.08
  1963          39     0.00241  0.00241  0.50   92383     222   92272  3155782  34.16
  1963          40     0.00264  0.00264  0.50   92161     243   92039  3063511  33.24
  1963          41     0.00284  0.00284  0.50   91917     261   91787  2971472  32.33
  1963          42     0.00301  0.00301  0.50   91657     276   91519  2879685  31.42
  1963          43     0.00326  0.00325  0.50   91381     297   91233  2788166  30.51
  1963          44     0.00364  0.00364  0.50   91084     331   90918  2696933  29.61
  1963          45     0.00405  0.00404  0.50   90753     367   90569  2606015  28.72
  1963          46     0.00436  0.00435  0.50   90386     394   90189  2515446  27.83
  1963          47     0.00463  0.00462  0.50   89992     415   89785  2425257  26.95
  1963          48     0.00494  0.00493  0.50   89577     441   89356  2335472  26.07
  1963          49     0.00538  0.00536  0.50   89136     478   88897  2246116  25.20
  1963          50     0.00598  0.00597  0.50   88657     529   88393  2157219  24.33
  1963          51     0.00675  0.00673  0.50   88129     593   87832  2068826  23.48
  1963          52     0.00753  0.00750  0.50   87536     656   87207  1980994  22.63
  1963          53     0.00823  0.00820  0.50   86879     712   86523  1893787  21.80
  1963          54     0.00908  0.00904  0.50   86167     779   85777  1807264  20.97
  1963          55     0.01010  0.01004  0.50   85388     858   84959  1721486  20.16
  1963          56     0.01123  0.01117  0.50   84530     944   84058  1636527  19.36
  1963          57     0.01253  0.01245  0.50   83586    1041   83066  1552469  18.57
  1963          58     0.01399  0.01389  0.50   82545    1146   81972  1469403  17.80
  1963          59     0.01534  0.01522  0.50   81399    1239   80779  1387431  17.04
  1963          60     0.01675  0.01662  0.50   80160    1332   79494  1306652  16.30
  1963          61     0.01845  0.01828  0.50   78828    1441   78107  1227158  15.57
  1963          62     0.02044  0.02024  0.50   77386    1566   76603  1149051  14.85
  1963          63     0.02269  0.02244  0.50   75820    1701   74970  1072448  14.14
  1963          64     0.02524  0.02492  0.50   74119    1847   73195   997478  13.46
  1963          65     0.02830  0.02791  0.50   72272    2017   71263   924283  12.79
  1963          66     0.03251  0.03199  0.50   70255    2248   69131   853020  12.14
  1963          67     0.03717  0.03649  0.50   68007    2481   66766   783889  11.53
  1963          68     0.04143  0.04059  0.50   65525    2660   64196   717123  10.94
  1963          69     0.04542  0.04441  0.50   62866    2792   61470   652928  10.39
  1963          70     0.04955  0.04835  0.50   60074    2905   58622   591458   9.85
  1963          71     0.05433  0.05290  0.50   57169    3024   55657   532836   9.32
  1963          72     0.05952  0.05780  0.50   54145    3129   52580   477179   8.81
  1963          73     0.06484  0.06280  0.50   51016    3204   49414   424599   8.32
  1963          74     0.07074  0.06832  0.50   47812    3267   46179   375185   7.85
  1963          75     0.07784  0.07493  0.50   44545    3338   42877   329006   7.39
  1963          76     0.08661  0.08301  0.50   41208    3421   39497   286130   6.94
  1963          77     0.09700  0.09252  0.50   37787    3496   36039   246632   6.53
  1963          78     0.10862  0.10303  0.50   34291    3533   32525   210594   6.14
  1963          79     0.12006  0.11326  0.50   30758    3484   29016   178069   5.79
  1963          80     0.13020  0.12224  0.50   27274    3334   25607   149053   5.46
  1963          81     0.14021  0.13102  0.50   23940    3137   22372   123446   5.16
  1963          82     0.15145  0.14079  0.50   20804    2929   19339   101074   4.86
  1963          83     0.16407  0.15163  0.50   17875    2710   16519    81735   4.57
  1963          84     0.17798  0.16344  0.50   15164    2478   13925    65215   4.30
  1963          85     0.19313  0.17612  0.50   12686    2234   11569    51290   4.04
  1963          86     0.20946  0.18960  0.50   10452    1982    9461    39721   3.80
  1963          87     0.22694  0.20382  0.50    8470    1726    7607    30261   3.57
  1963          88     0.24560  0.21874  0.50    6744    1475    6006    22654   3.36
  1963          89     0.26543  0.23433  0.50    5269    1235    4651    16648   3.16
  1963          90     0.28644  0.25055  0.50    4034    1011    3529    11997   2.97
  1963          91     0.30858  0.26733  0.50    3023     808    2619     8468   2.80
  1963          92     0.33182  0.28460  0.50    2215     630    1900     5849   2.64
  1963          93     0.35607  0.30226  0.50    1585     479    1345     3949   2.49
  1963          94     0.38124  0.32020  0.50    1106     354     929     2604   2.36
  1963          95     0.40722  0.33833  0.50     752     254     624     1675   2.23
  1963          96     0.43386  0.35652  0.50     497     177     409     1051   2.11
  1963          97     0.46102  0.37466  0.50     320     120     260      642   2.01
  1963          98     0.48853  0.39262  0.50     200      79     161      382   1.91
  1963          99     0.51622  0.41031  0.50     122      50      97      221   1.82
  1963         100     0.54390  0.42761  0.50      72      31      56      125   1.74
  1963         101     0.57141  0.44443  0.50      41      18      32       68   1.67
  1963         102     0.59857  0.46069  0.50      23      11      18       36   1.60
  1963         103     0.62520  0.47631  0.50      12       6       9       19   1.54
  1963         104     0.65115  0.49122  0.50       6       3       5       10   1.48
  1963         105     0.67625  0.50537  0.50       3       2       2        5   1.44
  1963         106     0.70038  0.51873  0.50       2       1       1        2   1.39
  1963         107     0.72344  0.53127  0.50       1       0       1        1   1.35
  1963         108     0.74547  0.54305  0.50       0       0       0        0   1.31
  1963         109     0.76663  0.55420  0.50       0       0       0        0   1.28
  1963         110+    0.79929  1.00000  1.25       0       0       0        0   1.25
  1964           0     0.02660  0.02602  0.17  100000    2602   97846  6889784  68.90
  1964           1     0.00316  0.00316  0.50   97398     308   97244  6791938  69.73
  1964           2     0.00218  0.00218  0.50   97090     212   96984  6694694  68.95
  1964           3     0.00154  0.00154  0.50   96878     149   96804  6597710  68.10
  1964           4     0.00119  0.00119  0.50   96729     115   96671  6500906  67.21
  1964           5     0.00107  0.00107  0.50   96614     103   96562  6404235  66.29
  1964           6     0.00096  0.00096  0.50   96511      93   96464  6307673  65.36
  1964           7     0.00074  0.00074  0.50   96418      72   96382  6211209  64.42
  1964           8     0.00061  0.00061  0.50   96346      59   96317  6114827  63.47
  1964           9     0.00054  0.00054  0.50   96287      52   96261  6018510  62.51
  1964          10     0.00047  0.00047  0.50   96235      46   96212  5922249  61.54
  1964          11     0.00046  0.00046  0.50   96189      44   96167  5826037  60.57
  1964          12     0.00051  0.00051  0.50   96145      49   96121  5729870  59.60
  1964          13     0.00042  0.00042  0.50   96096      40   96076  5633749  58.63
  1964          14     0.00033  0.00033  0.50   96056      31   96040  5537673  57.65
  1964          15     0.00041  0.00041  0.50   96024      39   96005  5441633  56.67
  1964          16     0.00059  0.00059  0.50   95985      57   95957  5345628  55.69
  1964          17     0.00079  0.00079  0.50   95928      76   95890  5249671  54.72
  1964          18     0.00104  0.00104  0.50   95852      99   95803  5153781  53.77
  1964          19     0.00129  0.00129  0.50   95753     124   95691  5057978  52.82
  1964          20     0.00130  0.00130  0.50   95629     124   95567  4962287  51.89
  1964          21     0.00122  0.00122  0.50   95505     116   95447  4866720  50.96
  1964          22     0.00127  0.00127  0.50   95389     121   95328  4771273  50.02
  1964          23     0.00144  0.00144  0.50   95268     137   95199  4675944  49.08
  1964          24     0.00161  0.00160  0.50   95131     153   95055  4580745  48.15
  1964          25     0.00165  0.00164  0.50   94978     156   94900  4485690  47.23
  1964          26     0.00157  0.00157  0.50   94822     149   94748  4390790  46.31
  1964          27     0.00145  0.00144  0.50   94673     137   94605  4296042  45.38
  1964          28     0.00142  0.00142  0.50   94537     134   94470  4201437  44.44
  1964          29     0.00155  0.00155  0.50   94403     146   94330  4106967  43.50
  1964          30     0.00160  0.00160  0.50   94257     151   94181  4012638  42.57
  1964          31     0.00161  0.00161  0.50   94105     151   94030  3918457  41.64
  1964          32     0.00166  0.00165  0.50   93954     155   93876  3824427  40.71
  1964          33     0.00173  0.00173  0.50   93799     162   93718  3730551  39.77
  1964          34     0.00182  0.00182  0.50   93636     171   93551  3636833  38.84
  1964          35     0.00204  0.00204  0.50   93466     190   93371  3543282  37.91
  1964          36     0.00241  0.00241  0.50   93275     225   93163  3449911  36.99
  1964          37     0.00265  0.00265  0.50   93051     246   92928  3356748  36.07
  1964          38     0.00268  0.00268  0.50   92805     249   92680  3263820  35.17
  1964          39     0.00258  0.00258  0.50   92556     239   92437  3171140  34.26
  1964          40     0.00268  0.00268  0.50   92318     247   92194  3078703  33.35
  1964          41     0.00310  0.00309  0.50   92070     285   91928  2986509  32.44
  1964          42     0.00308  0.00307  0.50   91785     282   91644  2894582  31.54
  1964          43     0.00291  0.00291  0.50   91503     266   91370  2802937  30.63
  1964          44     0.00309  0.00309  0.50   91237     282   91096  2711567  29.72
  1964          45     0.00357  0.00356  0.50   90955     324   90793  2620472  28.81
  1964          46     0.00413  0.00412  0.50   90631     374   90444  2529678  27.91
  1964          47     0.00461  0.00460  0.50   90258     415   90050  2439234  27.03
  1964          48     0.00506  0.00505  0.50   89842     454   89616  2349184  26.15
  1964          49     0.00563  0.00561  0.50   89389     502   89138  2259568  25.28
  1964          50     0.00649  0.00647  0.50   88887     575   88600  2170431  24.42
  1964          51     0.00766  0.00763  0.50   88312     674   87975  2081831  23.57
  1964          52     0.00847  0.00843  0.50   87638     739   87269  1993856  22.75
  1964          53     0.00853  0.00849  0.50   86899     738   86530  1906587  21.94
  1964          54     0.00905  0.00901  0.50   86161     777   85773  1820057  21.12
  1964          55     0.01023  0.01017  0.50   85385     869   84950  1734284  20.31
  1964          56     0.01174  0.01167  0.50   84516     987   84023  1649334  19.52
  1964          57     0.01287  0.01279  0.50   83529    1068   82995  1565312  18.74
  1964          58     0.01356  0.01347  0.50   82461    1111   81905  1482317  17.98
  1964          59     0.01580  0.01568  0.50   81350    1275   80712  1400411  17.21
  1964          60     0.01824  0.01808  0.50   80075    1447   79351  1319699  16.48
  1964          61     0.01912  0.01894  0.50   78627    1489   77883  1240348  15.78
  1964          62     0.01914  0.01896  0.50   77138    1462   76407  1162465  15.07
  1964          63     0.01978  0.01959  0.50   75676    1482   74935  1086057  14.35
  1964          64     0.02321  0.02295  0.50   74194    1703   73343  1011122  13.63
  1964          65     0.02898  0.02857  0.50   72491    2071   71456   937780  12.94
  1964          66     0.02954  0.02911  0.50   70421    2050   69396   866324  12.30
  1964          67     0.03053  0.03007  0.50   68371    2056   67343   796928  11.66
  1964          68     0.03804  0.03733  0.50   66315    2476   65077   729585  11.00
  1964          69     0.04403  0.04308  0.50   63839    2750   62464   664508  10.41
  1964          70     0.04357  0.04264  0.50   61089    2605   59787   602044   9.86
  1964          71     0.05118  0.04990  0.50   58484    2918   57025   542257   9.27
  1964          72     0.05936  0.05765  0.50   55566    3203   53964   485232   8.73
  1964          73     0.05918  0.05748  0.50   52363    3010   50858   431267   8.24
  1964          74     0.06475  0.06272  0.50   49353    3095   47805   380409   7.71
  1964          75     0.08508  0.08161  0.50   46258    3775   44370   332604   7.19
  1964          76     0.09559  0.09123  0.50   42483    3876   40545   288234   6.78
  1964          77     0.09979  0.09504  0.50   38607    3669   36772   247689   6.42
  1964          78     0.10842  0.10284  0.50   34938    3593   33141   210917   6.04
  1964          79     0.12211  0.11508  0.50   31345    3607   29541   177776   5.67
  1964          80     0.13831  0.12937  0.50   27737    3588   25943   148235   5.34
  1964          81     0.15192  0.14119  0.50   24149    3410   22444   122292   5.06
  1964          82     0.16034  0.14844  0.50   20739    3078   19200    99848   4.81
  1964          83     0.17096  0.15750  0.50   17661    2782   16270    80648   4.57
  1964          84     0.18375  0.16829  0.50   14879    2504   13627    64378   4.33
  1964          85     0.19662  0.17902  0.50   12375    2215   11267    50750   4.10
  1964          86     0.21012  0.19014  0.50   10160    1932    9194    39483   3.89
  1964          87     0.22501  0.20226  0.50    8228    1664    7396    30289   3.68
  1964          88     0.24071  0.21485  0.50    6564    1410    5859    22893   3.49
  1964          89     0.25720  0.22790  0.50    5154    1174    4566    17035   3.31
  1964          90     0.27467  0.24151  0.50    3979     961    3499    12468   3.13
  1964          91     0.29304  0.25559  0.50    3018     771    2632     8970   2.97
  1964          92     0.31220  0.27004  0.50    2247     607    1943     6337   2.82
  1964          93     0.33215  0.28485  0.50    1640     467    1406     4394   2.68
  1964          94     0.35285  0.29993  0.50    1173     352     997     2987   2.55
  1964          95     0.37419  0.31521  0.50     821     259     692     1991   2.42
  1964          96     0.39610  0.33062  0.50     562     186     469     1299   2.31
  1964          97     0.41849  0.34608  0.50     376     130     311      830   2.20
  1964          98     0.44127  0.36151  0.50     246      89     202      518   2.11
  1964          99     0.46431  0.37683  0.50     157      59     128      317   2.02
  1964         100     0.48751  0.39196  0.50      98      38      79      189   1.93
  1964         101     0.51074  0.40685  0.50      60      24      47      110   1.85
  1964         102     0.53390  0.42141  0.50      35      15      28       63   1.78
  1964         103     0.55687  0.43559  0.50      20       9      16       35   1.72
  1964         104     0.57953  0.44933  0.50      12       5       9       19   1.66
  1964         105     0.60177  0.46258  0.50       6       3       5       10   1.60
  1964         106     0.62349  0.47531  0.50       3       2       3        5   1.55
  1964         107     0.64463  0.48750  0.50       2       1       1        3   1.51
  1964         108     0.66505  0.49909  0.50       1       0       1        1   1.47
  1964         109     0.68466  0.51005  0.50       0       0       0        1   1.43
  1964         110+    0.71800  1.00000  1.39       0       0       0        0   1.39
  1965           0     0.02462  0.02413  0.17  100000    2413   97997  6909532  69.10
  1965           1     0.00227  0.00226  0.50   97587     221   97477  6811535  69.80
  1965           2     0.00183  0.00183  0.50   97366     178   97277  6714059  68.96
  1965           3     0.00142  0.00142  0.50   97188     138   97119  6616781  68.08
  1965           4     0.00108  0.00108  0.50   97050     104   96998  6519662  67.18
  1965           5     0.00081  0.00080  0.50   96946      78   96907  6422664  66.25
  1965           6     0.00060  0.00060  0.50   96868      59   96838  6325757  65.30
  1965           7     0.00046  0.00046  0.50   96809      45   96787  6228919  64.34
  1965           8     0.00037  0.00037  0.50   96764      35   96746  6132132  63.37
  1965           9     0.00031  0.00031  0.50   96729      30   96714  6035386  62.39
  1965          10     0.00028  0.00028  0.50   96699      27   96686  5938672  61.41
  1965          11     0.00029  0.00029  0.50   96672      28   96658  5841986  60.43
  1965          12     0.00033  0.00033  0.50   96644      32   96628  5745328  59.45
  1965          13     0.00039  0.00039  0.50   96612      38   96593  5648700  58.47
  1965          14     0.00046  0.00046  0.50   96575      45   96552  5552106  57.49
  1965          15     0.00055  0.00055  0.50   96530      53   96503  5455554  56.52
  1965          16     0.00064  0.00064  0.50   96477      62   96446  5359051  55.55
  1965          17     0.00075  0.00075  0.50   96415      72   96378  5262605  54.58
  1965          18     0.00088  0.00088  0.50   96342      85   96300  5166227  53.62
  1965          19     0.00104  0.00104  0.50   96258     100   96208  5069927  52.67
  1965          20     0.00123  0.00122  0.50   96158     118   96099  4973719  51.72
  1965          21     0.00140  0.00140  0.50   96040     135   95973  4877620  50.79
  1965          22     0.00154  0.00154  0.50   95905     148   95831  4781647  49.86
  1965          23     0.00163  0.00163  0.50   95758     156   95679  4685816  48.93
  1965          24     0.00168  0.00168  0.50   95601     160   95521  4590136  48.01
  1965          25     0.00167  0.00167  0.50   95441     160   95361  4494615  47.09
  1965          26     0.00163  0.00163  0.50   95281     155   95204  4399254  46.17
  1965          27     0.00157  0.00157  0.50   95126     149   95052  4304050  45.25
  1965          28     0.00151  0.00151  0.50   94977     143   94905  4208999  44.32
  1965          29     0.00148  0.00148  0.50   94834     140   94764  4114093  43.38
  1965          30     0.00148  0.00148  0.50   94694     140   94624  4019329  42.45
  1965          31     0.00152  0.00152  0.50   94554     144   94482  3924706  41.51
  1965          32     0.00160  0.00160  0.50   94410     151   94334  3830224  40.57
  1965          33     0.00171  0.00171  0.50   94259     161   94178  3735889  39.63
  1965          34     0.00183  0.00183  0.50   94098     172   94012  3641711  38.70
  1965          35     0.00196  0.00196  0.50   93926     184   93834  3547699  37.77
  1965          36     0.00209  0.00209  0.50   93742     196   93644  3453865  36.84
  1965          37     0.00224  0.00224  0.50   93546     209   93441  3360222  35.92
  1965          38     0.00240  0.00239  0.50   93336     224   93225  3266781  35.00
  1965          39     0.00257  0.00257  0.50   93113     239   92993  3173556  34.08
  1965          40     0.00276  0.00276  0.50   92874     256   92746  3080563  33.17
  1965          41     0.00295  0.00295  0.50   92618     273   92481  2987817  32.26
  1965          42     0.00318  0.00318  0.50   92344     293   92198  2895336  31.35
  1965          43     0.00345  0.00344  0.50   92051     317   91893  2803138  30.45
  1965          44     0.00376  0.00375  0.50   91734     344   91562  2711246  29.56
  1965          45     0.00410  0.00409  0.50   91390     374   91203  2619684  28.66
  1965          46     0.00448  0.00447  0.50   91016     407   90813  2528480  27.78
  1965          47     0.00490  0.00489  0.50   90609     443   90388  2437668  26.90
  1965          48     0.00535  0.00534  0.50   90166     481   89925  2347280  26.03
  1965          49     0.00581  0.00579  0.50   89685     519   89425  2257355  25.17
  1965          50     0.00629  0.00627  0.50   89166     559   88886  2167929  24.31
  1965          51     0.00682  0.00679  0.50   88607     602   88306  2079043  23.46
  1965          52     0.00745  0.00742  0.50   88005     653   87678  1990737  22.62
  1965          53     0.00820  0.00817  0.50   87352     713   86995  1903059  21.79
  1965          54     0.00902  0.00898  0.50   86639     778   86250  1816064  20.96
  1965          55     0.00987  0.00982  0.50   85861     843   85439  1729814  20.15
  1965          56     0.01074  0.01068  0.50   85018     908   84563  1644375  19.34
  1965          57     0.01173  0.01166  0.50   84109     981   83619  1559812  18.55
  1965          58     0.01293  0.01285  0.50   83129    1068   82595  1476192  17.76
  1965          59     0.01435  0.01425  0.50   82061    1169   81476  1393598  16.98
  1965          60     0.01600  0.01588  0.50   80891    1284   80249  1312122  16.22
  1965          61     0.01790  0.01774  0.50   79607    1412   78901  1231873  15.47
  1965          62     0.02003  0.01983  0.50   78195    1551   77419  1152972  14.74
  1965          63     0.02240  0.02216  0.50   76644    1698   75795  1075553  14.03
  1965          64     0.02505  0.02474  0.50   74946    1854   74019   999758  13.34
  1965          65     0.02800  0.02762  0.50   73091    2018   72082   925739  12.67
  1965          66     0.03126  0.03078  0.50   71073    2188   69979   853657  12.01
  1965          67     0.03490  0.03430  0.50   68885    2363   67704   783678  11.38
  1965          68     0.03900  0.03825  0.50   66523    2545   65250   715974  10.76
  1965          69     0.04372  0.04278  0.50   63978    2737   62609   650724  10.17
  1965          70     0.04915  0.04797  0.50   61241    2938   59772   588114   9.60
  1965          71     0.05511  0.05363  0.50   58303    3127   56739   528343   9.06
  1965          72     0.06133  0.05950  0.50   55176    3283   53534   471603   8.55
  1965          73     0.06766  0.06545  0.50   51893    3396   50195   418069   8.06
  1965          74     0.07435  0.07169  0.50   48496    3476   46758   367874   7.59
  1965          75     0.08175  0.07854  0.50   45020    3536   43252   321116   7.13
  1965          76     0.09027  0.08637  0.50   41484    3583   39693   277864   6.70
  1965          77     0.09997  0.09521  0.50   37901    3609   36097   238172   6.28
  1965          78     0.11080  0.10499  0.50   34293    3600   32492   202075   5.89
  1965          79     0.12255  0.11548  0.50   30692    3544   28920   169582   5.53
  1965          80     0.13502  0.12648  0.50   27148    3434   25431   140662   5.18
  1965          81     0.14825  0.13802  0.50   23714    3273   22078   115231   4.86
  1965          82     0.16234  0.15016  0.50   20441    3069   18907    93153   4.56
  1965          83     0.17740  0.16295  0.50   17372    2831   15957    74246   4.27
  1965          84     0.19350  0.17643  0.50   14541    2566   13259    58289   4.01
  1965          85     0.21072  0.19064  0.50   11976    2283   10834    45031   3.76
  1965          86     0.22911  0.20556  0.50    9693    1992    8697    34196   3.53
  1965          87     0.24869  0.22118  0.50    7700    1703    6849    25500   3.31
  1965          88     0.26947  0.23747  0.50    5997    1424    5285    18651   3.11
  1965          89     0.29142  0.25436  0.50    4573    1163    3991    13366   2.92
  1965          90     0.31453  0.27179  0.50    3410     927    2946     9375   2.75
  1965          91     0.33873  0.28967  0.50    2483     719    2123     6428   2.59
  1965          92     0.36396  0.30792  0.50    1764     543    1492     4305   2.44
  1965          93     0.39012  0.32645  0.50    1221     398    1021     2813   2.30
  1965          94     0.41712  0.34514  0.50     822     284     680     1791   2.18
  1965          95     0.44484  0.36390  0.50     538     196     440     1111   2.06
  1965          96     0.47314  0.38262  0.50     342     131     277      670   1.96
  1965          97     0.50188  0.40120  0.50     211      85     169      393   1.86
  1965          98     0.53090  0.41954  0.50     127      53     100      224   1.77
  1965          99     0.56005  0.43753  0.50      73      32      57      124   1.69
  1965         100     0.58915  0.45509  0.50      41      19      32       67   1.62
  1965         101     0.61801  0.47212  0.50      23      11      17       35   1.55
  1965         102     0.64645  0.48854  0.50      12       6       9       18   1.49
  1965         103     0.67431  0.50429  0.50       6       3       5        9   1.43
  1965         104     0.70142  0.51929  0.50       3       2       2        4   1.38
  1965         105     0.72764  0.53353  0.50       1       1       1        2   1.34
  1965         106     0.75294  0.54701  0.50       1       0       0        1   1.30
  1965         107     0.77731  0.55976  0.50       0       0       0        0   1.26
  1965         108     0.80090  0.57189  0.50       0       0       0        0   1.23
  1965         109     0.82393  0.58354  0.50       0       0       0        0   1.20
  1965         110+    0.85384  1.00000  1.17       0       0       0        0   1.17
  1966           0     0.02189  0.02149  0.17  100000    2149   98209  7008542  70.09
  1966           1     0.00251  0.00251  0.50   97851     246   97728  6910333  70.62
  1966           2     0.00177  0.00177  0.50   97605     173   97519  6812605  69.80
  1966           3     0.00130  0.00130  0.50   97432     127   97369  6715087  68.92
  1966           4     0.00103  0.00103  0.50   97306     101   97256  6617717  68.01
  1966           5     0.00084  0.00084  0.50   97205      82   97164  6520462  67.08
  1966           6     0.00070  0.00070  0.50   97123      68   97090  6423298  66.14
  1966           7     0.00060  0.00060  0.50   97056      59   97026  6326208  65.18
  1966           8     0.00051  0.00051  0.50   96997      50   96972  6229182  64.22
  1966           9     0.00041  0.00041  0.50   96947      40   96927  6132209  63.25
  1966          10     0.00031  0.00031  0.50   96908      30   96892  6035282  62.28
  1966          11     0.00025  0.00025  0.50   96877      24   96865  5938390  61.30
  1966          12     0.00026  0.00026  0.50   96853      25   96841  5841524  60.31
  1966          13     0.00030  0.00030  0.50   96828      29   96814  5744684  59.33
  1966          14     0.00037  0.00037  0.50   96799      36   96781  5647870  58.35
  1966          15     0.00047  0.00047  0.50   96763      46   96740  5551089  57.37
  1966          16     0.00060  0.00060  0.50   96718      58   96689  5454348  56.39
  1966          17     0.00077  0.00077  0.50   96659      74   96622  5357660  55.43
  1966          18     0.00094  0.00094  0.50   96585      91   96540  5261038  54.47
  1966          19     0.00108  0.00108  0.50   96495     105   96442  5164498  53.52
  1966          20     0.00122  0.00122  0.50   96390     118   96331  5068056  52.58
  1966          21     0.00131  0.00131  0.50   96272     126   96209  4971724  51.64
  1966          22     0.00130  0.00130  0.50   96146     125   96084  4875515  50.71
  1966          23     0.00126  0.00126  0.50   96021     121   95961  4779432  49.77
  1966          24     0.00123  0.00123  0.50   95900     118   95841  4683471  48.84
  1966          25     0.00123  0.00123  0.50   95782     118   95723  4587630  47.90
  1966          26     0.00122  0.00121  0.50   95665     116   95606  4491906  46.95
  1966          27     0.00117  0.00117  0.50   95548     112   95492  4396300  46.01
  1966          28     0.00119  0.00119  0.50   95436     113   95380  4300807  45.06
  1966          29     0.00131  0.00131  0.50   95323     125   95261  4205428  44.12
  1966          30     0.00145  0.00145  0.50   95198     138   95129  4110167  43.17
  1966          31     0.00157  0.00157  0.50   95060     149   94986  4015038  42.24
  1966          32     0.00169  0.00169  0.50   94911     160   94831  3920052  41.30
  1966          33     0.00177  0.00177  0.50   94750     168   94667  3825222  40.37
  1966          34     0.00179  0.00179  0.50   94583     169   94498  3730555  39.44
  1966          35     0.00181  0.00181  0.50   94414     171   94328  3636057  38.51
  1966          36     0.00192  0.00192  0.50   94243     181   94152  3541729  37.58
  1966          37     0.00208  0.00208  0.50   94062     196   93964  3447576  36.65
  1966          38     0.00227  0.00227  0.50   93866     213   93760  3353612  35.73
  1966          39     0.00247  0.00246  0.50   93653     231   93538  3259853  34.81
  1966          40     0.00266  0.00266  0.50   93423     249   93298  3166315  33.89
  1966          41     0.00285  0.00285  0.50   93174     265   93041  3073016  32.98
  1966          42     0.00302  0.00302  0.50   92909     280   92769  2979975  32.07
  1966          43     0.00320  0.00319  0.50   92628     296   92481  2887206  31.17
  1966          44     0.00338  0.00338  0.50   92333     312   92177  2794726  30.27
  1966          45     0.00359  0.00358  0.50   92021     329   91856  2702549  29.37
  1966          46     0.00379  0.00378  0.50   91692     347   91518  2610692  28.47
  1966          47     0.00397  0.00396  0.50   91345     362   91164  2519174  27.58
  1966          48     0.00429  0.00428  0.50   90983     389   90788  2428010  26.69
  1966          49     0.00488  0.00487  0.50   90593     441   90373  2337222  25.80
  1966          50     0.00565  0.00563  0.50   90152     508   89899  2246849  24.92
  1966          51     0.00646  0.00644  0.50   89645     577   89356  2156951  24.06
  1966          52     0.00730  0.00727  0.50   89067     648   88743  2067595  23.21
  1966          53     0.00815  0.00812  0.50   88420     718   88061  1978851  22.38
  1966          54     0.00896  0.00892  0.50   87701     783   87310  1890791  21.56
  1966          55     0.00972  0.00967  0.50   86919     841   86499  1803481  20.75
  1966          56     0.01048  0.01042  0.50   86078     897   85630  1716982  19.95
  1966          57     0.01145  0.01139  0.50   85181     970   84696  1631352  19.15
  1966          58     0.01273  0.01265  0.50   84211    1065   83679  1546656  18.37
  1966          59     0.01398  0.01389  0.50   83146    1155   82569  1462978  17.60
  1966          60     0.01549  0.01537  0.50   81991    1260   81361  1380409  16.84
  1966          61     0.01753  0.01738  0.50   80731    1403   80030  1299047  16.09
  1966          62     0.01978  0.01958  0.50   79328    1554   78551  1219018  15.37
  1966          63     0.02183  0.02159  0.50   77775    1679   76935  1140466  14.66
  1966          64     0.02383  0.02355  0.50   76095    1792   75199  1063531  13.98
  1966          65     0.02616  0.02583  0.50   74304    1919   73344   988332  13.30
  1966          66     0.02941  0.02898  0.50   72385    2098   71336   914988  12.64
  1966          67     0.03325  0.03270  0.50   70287    2299   69138   843652  12.00
  1966          68     0.03726  0.03657  0.50   67988    2487   66745   774514  11.39
  1966          69     0.04150  0.04065  0.50   65502    2663   64170   707769  10.81
  1966          70     0.04611  0.04507  0.50   62839    2832   61423   643599  10.24
  1966          71     0.05114  0.04987  0.50   60007    2992   58510   582176   9.70
  1966          72     0.05687  0.05530  0.50   57014    3153   55438   523666   9.18
  1966          73     0.06347  0.06152  0.50   53861    3313   52205   468228   8.69
  1966          74     0.07035  0.06796  0.50   50548    3435   48830   416024   8.23
  1966          75     0.07656  0.07374  0.50   47112    3474   45375   367193   7.79
  1966          76     0.08113  0.07797  0.50   43638    3402   41937   321818   7.37
  1966          77     0.08589  0.08236  0.50   40236    3314   38579   279881   6.96
  1966          78     0.09300  0.08887  0.50   36922    3281   35282   241302   6.54
  1966          79     0.10290  0.09786  0.50   33641    3292   31995   206020   6.12
  1966          80     0.11522  0.10895  0.50   30349    3306   28696   174025   5.73
  1966          81     0.12825  0.12052  0.50   27042    3259   25413   145330   5.37
  1966          82     0.14059  0.13135  0.50   23783    3124   22221   119917   5.04
  1966          83     0.15339  0.14246  0.50   20659    2943   19188    97696   4.73
  1966          84     0.16733  0.15441  0.50   17716    2736   16348    78508   4.43
  1966          85     0.18272  0.16742  0.50   14980    2508   13726    62160   4.15
  1966          86     0.19966  0.18154  0.50   12472    2264   11340    48433   3.88
  1966          87     0.21817  0.19671  0.50   10208    2008    9204    37093   3.63
  1966          88     0.23818  0.21283  0.50    8200    1745    7327    27889   3.40
  1966          89     0.25959  0.22977  0.50    6455    1483    5713    20562   3.19
  1966          90     0.28232  0.24740  0.50    4972    1230    4357    14848   2.99
  1966          91     0.30624  0.26557  0.50    3742     994    3245    10492   2.80
  1966          92     0.33117  0.28413  0.50    2748     781    2358     7247   2.64
  1966          93     0.35694  0.30288  0.50    1967     596    1669     4889   2.49
  1966          94     0.38329  0.32165  0.50    1371     441    1151     3220   2.35
  1966          95     0.40997  0.34023  0.50     930     317     772     2069   2.22
  1966          96     0.43668  0.35842  0.50     614     220     504     1297   2.11
  1966          97     0.46311  0.37604  0.50     394     148     320      793   2.01
  1966          98     0.48891  0.39287  0.50     246      97     197      473   1.93
  1966          99     0.51377  0.40877  0.50     149      61     119      276   1.85
  1966         100     0.53736  0.42356  0.50      88      37      70      157   1.78
  1966         101     0.55940  0.43713  0.50      51      22      40       88   1.72
  1966         102     0.57963  0.44939  0.50      29      13      22       48   1.67
  1966         103     0.59792  0.46030  0.50      16       7      12       26   1.63
  1966         104     0.61415  0.46987  0.50       9       4       7       14   1.59
  1966         105     0.62837  0.47814  0.50       5       2       3        7   1.56
  1966         106     0.64075  0.48528  0.50       2       1       2        4   1.54
  1966         107     0.65155  0.49145  0.50       1       1       1        2   1.51
  1966         108     0.66117  0.49690  0.50       1       0       0        1   1.49
  1966         109     0.67006  0.50191  0.50       0       0       0        0   1.47
  1966         110+    0.68666  1.00000  1.46       0       0       0        0   1.46
  1967           0     0.02004  0.01971  0.16  100000    1971   98353  7079451  70.79
  1967           1     0.00171  0.00171  0.50   98029     168   97945  6981098  71.21
  1967           2     0.00142  0.00142  0.50   97861     139   97792  6883153  70.34
  1967           3     0.00114  0.00114  0.50   97723     112   97667  6785361  69.43
  1967           4     0.00091  0.00091  0.50   97611      89   97567  6687694  68.51
  1967           5     0.00074  0.00074  0.50   97522      72   97486  6590128  67.58
  1967           6     0.00063  0.00063  0.50   97450      61   97419  6492642  66.63
  1967           7     0.00055  0.00055  0.50   97389      53   97362  6395222  65.67
  1967           8     0.00049  0.00049  0.50   97335      48   97311  6297861  64.70
  1967           9     0.00045  0.00045  0.50   97287      44   97266  6200549  63.73
  1967          10     0.00042  0.00042  0.50   97244      41   97223  6103284  62.76
  1967          11     0.00041  0.00041  0.50   97203      40   97183  6006060  61.79
  1967          12     0.00043  0.00043  0.50   97162      42   97142  5908878  60.81
  1967          13     0.00046  0.00046  0.50   97121      45   97099  5811736  59.84
  1967          14     0.00052  0.00052  0.50   97076      50   97051  5714638  58.87
  1967          15     0.00059  0.00059  0.50   97026      57   96998  5617587  57.90
  1967          16     0.00066  0.00066  0.50   96969      64   96937  5520589  56.93
  1967          17     0.00074  0.00074  0.50   96905      71   96869  5423652  55.97
  1967          18     0.00082  0.00082  0.50   96834      79   96794  5326783  55.01
  1967          19     0.00090  0.00090  0.50   96754      87   96711  5229989  54.05
  1967          20     0.00098  0.00098  0.50   96667      95   96620  5133278  53.10
  1967          21     0.00105  0.00105  0.50   96573     101   96522  5036658  52.15
  1967          22     0.00112  0.00112  0.50   96471     108   96417  4940136  51.21
  1967          23     0.00118  0.00118  0.50   96364     114   96307  4843718  50.27
  1967          24     0.00124  0.00124  0.50   96249     119   96190  4747412  49.32
  1967          25     0.00129  0.00129  0.50   96130     124   96068  4651222  48.38
  1967          26     0.00132  0.00132  0.50   96006     127   95943  4555154  47.45
  1967          27     0.00134  0.00134  0.50   95880     128   95815  4459211  46.51
  1967          28     0.00134  0.00134  0.50   95751     128   95687  4363395  45.57
  1967          29     0.00134  0.00134  0.50   95623     128   95559  4267709  44.63
  1967          30     0.00135  0.00135  0.50   95495     128   95431  4172150  43.69
  1967          31     0.00138  0.00138  0.50   95366     132   95301  4076719  42.75
  1967          32     0.00145  0.00145  0.50   95235     138   95166  3981418  41.81
  1967          33     0.00154  0.00154  0.50   95097     146   95024  3886252  40.87
  1967          34     0.00165  0.00165  0.50   94951     157   94873  3791228  39.93
  1967          35     0.00178  0.00178  0.50   94794     168   94710  3696356  38.99
  1967          36     0.00193  0.00193  0.50   94626     182   94535  3601646  38.06
  1967          37     0.00210  0.00210  0.50   94443     198   94344  3507111  37.13
  1967          38     0.00227  0.00227  0.50   94245     214   94139  3412767  36.21
  1967          39     0.00243  0.00242  0.50   94032     228   93918  3318628  35.29
  1967          40     0.00255  0.00255  0.50   93804     239   93684  3224710  34.38
  1967          41     0.00264  0.00264  0.50   93565     247   93441  3131026  33.46
  1967          42     0.00271  0.00271  0.50   93317     253   93191  3037585  32.55
  1967          43     0.00279  0.00279  0.50   93065     259   92935  2944394  31.64
  1967          44     0.00290  0.00290  0.50   92805     269   92671  2851459  30.73
  1967          45     0.00306  0.00306  0.50   92537     283   92395  2758788  29.81
  1967          46     0.00329  0.00329  0.50   92254     303   92102  2666392  28.90
  1967          47     0.00359  0.00359  0.50   91950     330   91786  2574290  28.00
  1967          48     0.00396  0.00395  0.50   91621     362   91440  2482505  27.10
  1967          49     0.00440  0.00439  0.50   91258     400   91058  2391065  26.20
  1967          50     0.00490  0.00488  0.50   90858     444   90636  2300007  25.31
  1967          51     0.00546  0.00545  0.50   90414     493   90168  2209371  24.44
  1967          52     0.00611  0.00609  0.50   89922     548   89648  2119203  23.57
  1967          53     0.00687  0.00684  0.50   89374     611   89068  2029555  22.71
  1967          54     0.00776  0.00773  0.50   88762     686   88419  1940487  21.86
  1967          55     0.00878  0.00874  0.50   88076     770   87691  1852068  21.03
  1967          56     0.00992  0.00987  0.50   87306     862   86875  1764376  20.21
  1967          57     0.01112  0.01106  0.50   86444     956   85967  1677501  19.41
  1967          58     0.01234  0.01226  0.50   85489    1048   84964  1591534  18.62
  1967          59     0.01364  0.01355  0.50   84440    1144   83868  1506570  17.84
  1967          60     0.01506  0.01495  0.50   83296    1245   82674  1422702  17.08
  1967          61     0.01664  0.01650  0.50   82051    1354   81374  1340028  16.33
  1967          62     0.01835  0.01818  0.50   80697    1467   79964  1258654  15.60
  1967          63     0.02021  0.02001  0.50   79230    1585   78437  1178690  14.88
  1967          64     0.02231  0.02206  0.50   77645    1713   76788  1100253  14.17
  1967          65     0.02477  0.02447  0.50   75932    1858   75003  1023464  13.48
  1967          66     0.02766  0.02728  0.50   74074    2021   73063   948462  12.80
  1967          67     0.03095  0.03048  0.50   72053    2196   70955   875398  12.15
  1967          68     0.03461  0.03403  0.50   69856    2377   68668   804444  11.52
  1967          69     0.03867  0.03794  0.50   67480    2560   66199   735776  10.90
  1967          70     0.04318  0.04226  0.50   64919    2744   63547   669576  10.31
  1967          71     0.04814  0.04701  0.50   62176    2923   60714   606029   9.75
  1967          72     0.05360  0.05220  0.50   59253    3093   57706   545315   9.20
  1967          73     0.05959  0.05787  0.50   56160    3250   54535   487609   8.68
  1967          74     0.06626  0.06414  0.50   52910    3393   51213   433074   8.19
  1967          75     0.07366  0.07105  0.50   49516    3518   47757   381861   7.71
  1967          76     0.08159  0.07839  0.50   45998    3606   44195   334104   7.26
  1967          77     0.08996  0.08609  0.50   42392    3649   40568   289908   6.84
  1967          78     0.09876  0.09412  0.50   38743    3646   36920   249341   6.44
  1967          79     0.10815  0.10261  0.50   35097    3601   33296   212421   6.05
  1967          80     0.11831  0.11170  0.50   31496    3518   29736   179125   5.69
  1967          81     0.12939  0.12153  0.50   27977    3400   26277   149388   5.34
  1967          82     0.14152  0.13217  0.50   24577    3248   22953   123111   5.01
  1967          83     0.15479  0.14367  0.50   21329    3064   19797   100158   4.70
  1967          84     0.16927  0.15606  0.50   18265    2850   16839    80361   4.40
  1967          85     0.18501  0.16935  0.50   15414    2610   14109    63522   4.12
  1967          86     0.20206  0.18352  0.50   12804    2350   11629    49413   3.86
  1967          87     0.22043  0.19855  0.50   10454    2076    9416    37784   3.61
  1967          88     0.24014  0.21440  0.50    8378    1796    7480    28367   3.39
  1967          89     0.26116  0.23100  0.50    6582    1520    5822    20887   3.17
  1967          90     0.28348  0.24829  0.50    5062    1257    4433    15065   2.98
  1967          91     0.30703  0.26617  0.50    3805    1013    3299    10632   2.79
  1967          92     0.33174  0.28454  0.50    2792     794    2395     7333   2.63
  1967          93     0.35750  0.30329  0.50    1998     606    1695     4938   2.47
  1967          94     0.38420  0.32229  0.50    1392     449    1168     3244   2.33
  1967          95     0.41169  0.34142  0.50     943     322     782     2076   2.20
  1967          96     0.43981  0.36053  0.50     621     224     509     1294   2.08
  1967          97     0.46836  0.37949  0.50     397     151     322      785   1.98
  1967          98     0.49715  0.39817  0.50     246      98     197      463   1.88
  1967          99     0.52595  0.41644  0.50     148      62     117      265   1.79
  1967         100     0.55456  0.43417  0.50      87      38      68      148   1.71
  1967         101     0.58275  0.45126  0.50      49      22      38       80   1.64
  1967         102     0.61030  0.46761  0.50      27      13      21       42   1.57
  1967         103     0.63705  0.48316  0.50      14       7      11       22   1.51
  1967         104     0.66285  0.49785  0.50       7       4       6       11   1.46
  1967         105     0.68760  0.51169  0.50       4       2       3        5   1.41
  1967         106     0.71132  0.52471  0.50       2       1       1        2   1.37
  1967         107     0.73407  0.53698  0.50       1       0       1        1   1.33
  1967         108     0.75605  0.54865  0.50       0       0       0        1   1.30
  1967         109     0.77751  0.55986  0.50       0       0       0        0   1.27
  1967         110+    0.80617  1.00000  1.24       0       0       0        0   1.24
  1968           0     0.01649  0.01627  0.16  100000    1627   98634  7095605  70.96
  1968           1     0.00184  0.00184  0.50   98373     181   98283  6996971  71.13
  1968           2     0.00142  0.00142  0.50   98193     140   98123  6898688  70.26
  1968           3     0.00104  0.00104  0.50   98053     102   98002  6800566  69.36
  1968           4     0.00075  0.00075  0.50   97951      74   97914  6702564  68.43
  1968           5     0.00058  0.00058  0.50   97877      57   97849  6604650  67.48
  1968           6     0.00048  0.00047  0.50   97820      46   97797  6506802  66.52
  1968           7     0.00039  0.00039  0.50   97774      38   97755  6409004  65.55
  1968           8     0.00031  0.00031  0.50   97736      31   97721  6311249  64.57
  1968           9     0.00026  0.00026  0.50   97706      26   97693  6213529  63.59
  1968          10     0.00024  0.00024  0.50   97680      23   97669  6115836  62.61
  1968          11     0.00024  0.00024  0.50   97657      23   97645  6018167  61.63
  1968          12     0.00027  0.00027  0.50   97634      26   97621  5920522  60.64
  1968          13     0.00032  0.00032  0.50   97607      32   97592  5822901  59.66
  1968          14     0.00041  0.00041  0.50   97576      40   97556  5725310  58.68
  1968          15     0.00051  0.00051  0.50   97536      49   97511  5627754  57.70
  1968          16     0.00063  0.00063  0.50   97487      62   97456  5530242  56.73
  1968          17     0.00078  0.00078  0.50   97425      76   97387  5432786  55.76
  1968          18     0.00092  0.00092  0.50   97349      89   97305  5335399  54.81
  1968          19     0.00102  0.00102  0.50   97260      99   97211  5238094  53.86
  1968          20     0.00109  0.00109  0.50   97161     106   97109  5140883  52.91
  1968          21     0.00115  0.00115  0.50   97056     111   97000  5043775  51.97
  1968          22     0.00120  0.00120  0.50   96944     117   96886  4946775  51.03
  1968          23     0.00124  0.00124  0.50   96828     120   96768  4849888  50.09
  1968          24     0.00124  0.00124  0.50   96708     120   96648  4753121  49.15
  1968          25     0.00124  0.00124  0.50   96588     119   96528  4656473  48.21
  1968          26     0.00124  0.00124  0.50   96468     119   96409  4559945  47.27
  1968          27     0.00126  0.00126  0.50   96349     121   96288  4463536  46.33
  1968          28     0.00129  0.00129  0.50   96227     124   96165  4367248  45.38
  1968          29     0.00131  0.00131  0.50   96103     126   96040  4271083  44.44
  1968          30     0.00133  0.00133  0.50   95977     128   95913  4175042  43.50
  1968          31     0.00137  0.00137  0.50   95849     132   95784  4079129  42.56
  1968          32     0.00146  0.00146  0.50   95718     140   95648  3983346  41.62
  1968          33     0.00158  0.00158  0.50   95578     151   95503  3887698  40.68
  1968          34     0.00173  0.00172  0.50   95427     164   95345  3792195  39.74
  1968          35     0.00188  0.00188  0.50   95263     179   95173  3696850  38.81
  1968          36     0.00205  0.00204  0.50   95083     194   94986  3601677  37.88
  1968          37     0.00219  0.00219  0.50   94889     208   94785  3506691  36.96
  1968          38     0.00230  0.00230  0.50   94681     217   94573  3411906  36.04
  1968          39     0.00237  0.00237  0.50   94464     224   94352  3317333  35.12
  1968          40     0.00243  0.00243  0.50   94240     229   94126  3222981  34.20
  1968          41     0.00253  0.00253  0.50   94011     238   93892  3128855  33.28
  1968          42     0.00271  0.00271  0.50   93773     254   93647  3034963  32.36
  1968          43     0.00296  0.00295  0.50   93520     276   93382  2941316  31.45
  1968          44     0.00326  0.00325  0.50   93243     303   93092  2847934  30.54
  1968          45     0.00360  0.00359  0.50   92940     334   92773  2754843  29.64
  1968          46     0.00396  0.00395  0.50   92606     366   92423  2662069  28.75
  1968          47     0.00428  0.00427  0.50   92241     394   92044  2569646  27.86
  1968          48     0.00457  0.00456  0.50   91847     419   91638  2477602  26.98
  1968          49     0.00488  0.00487  0.50   91428     445   91205  2385965  26.10
  1968          50     0.00526  0.00525  0.50   90983     478   90744  2294759  25.22
  1968          51     0.00575  0.00574  0.50   90505     519   90246  2204016  24.35
  1968          52     0.00637  0.00635  0.50   89986     572   89700  2113770  23.49
  1968          53     0.00714  0.00712  0.50   89414     636   89096  2024070  22.64
  1968          54     0.00806  0.00802  0.50   88778     712   88422  1934974  21.80
  1968          55     0.00913  0.00909  0.50   88065     800   87665  1846552  20.97
  1968          56     0.01035  0.01030  0.50   87265     898   86816  1758887  20.16
  1968          57     0.01153  0.01146  0.50   86367     990   85872  1672071  19.36
  1968          58     0.01254  0.01246  0.50   85377    1064   84845  1586200  18.58
  1968          59     0.01364  0.01354  0.50   84313    1142   83742  1501355  17.81
  1968          60     0.01506  0.01495  0.50   83171    1243   82549  1417613  17.04
  1968          61     0.01694  0.01680  0.50   81928    1377   81239  1335063  16.30
  1968          62     0.01907  0.01889  0.50   80551    1522   79790  1253824  15.57
  1968          63     0.02121  0.02098  0.50   79029    1658   78200  1174034  14.86
  1968          64     0.02332  0.02305  0.50   77371    1783   76479  1095834  14.16
  1968          65     0.02544  0.02512  0.50   75588    1899   74638  1019355  13.49
  1968          66     0.02771  0.02733  0.50   73689    2014   72681   944717  12.82
  1968          67     0.03028  0.02983  0.50   71674    2138   70605   872035  12.17
  1968          68     0.03331  0.03277  0.50   69536    2278   68397   801430  11.53
  1968          69     0.03704  0.03637  0.50   67258    2446   66035   733032  10.90
  1968          70     0.04161  0.04076  0.50   64812    2642   63491   666997  10.29
  1968          71     0.04683  0.04576  0.50   62171    2845   60748   603506   9.71
  1968          72     0.05260  0.05125  0.50   59326    3041   57806   542758   9.15
  1968          73     0.05885  0.05717  0.50   56285    3218   54676   484952   8.62
  1968          74     0.06543  0.06336  0.50   53067    3362   51386   430276   8.11
  1968          75     0.07219  0.06967  0.50   49705    3463   47974   378890   7.62
  1968          76     0.07923  0.07621  0.50   46242    3524   44480   330916   7.16
  1968          77     0.08733  0.08367  0.50   42718    3574   40931   286436   6.71
  1968          78     0.09717  0.09267  0.50   39144    3627   37330   245505   6.27
  1968          79     0.10841  0.10283  0.50   35517    3652   33690   208174   5.86
  1968          80     0.12052  0.11367  0.50   31864    3622   30053   174484   5.48
  1968          81     0.13340  0.12506  0.50   28242    3532   26476   144431   5.11
  1968          82     0.14709  0.13701  0.50   24710    3386   23018   117954   4.77
  1968          83     0.16196  0.14983  0.50   21325    3195   19727    94937   4.45
  1968          84     0.17831  0.16371  0.50   18130    2968   16646    75209   4.15
  1968          85     0.19636  0.17881  0.50   15162    2711   13806    58564   3.86
  1968          86     0.21623  0.19513  0.50   12451    2430   11236    44758   3.59
  1968          87     0.23797  0.21267  0.50   10021    2131    8956    33522   3.35
  1968          88     0.26157  0.23132  0.50    7890    1825    6977    24566   3.11
  1968          89     0.28696  0.25095  0.50    6065    1522    5304    17589   2.90
  1968          90     0.31403  0.27141  0.50    4543    1233    3926    12285   2.70
  1968          91     0.34262  0.29251  0.50    3310     968    2826     8358   2.53
  1968          92     0.37255  0.31405  0.50    2342     735    1974     5533   2.36
  1968          93     0.40356  0.33581  0.50    1606     539    1337     3559   2.22
  1968          94     0.43538  0.35755  0.50    1067     381     876     2222   2.08
  1968          95     0.46770  0.37906  0.50     685     260     556     1346   1.96
  1968          96     0.50016  0.40010  0.50     426     170     340      790   1.86
  1968          97     0.53242  0.42049  0.50     255     107     202      450   1.76
  1968          98     0.56413  0.44002  0.50     148      65     115      248   1.68
  1968          99     0.59494  0.45854  0.50      83      38      64      133   1.60
  1968         100     0.62455  0.47593  0.50      45      21      34       69   1.54
  1968         101     0.65272  0.49211  0.50      24      12      18       35   1.48
  1968         102     0.67924  0.50704  0.50      12       6       9       17   1.43
  1968         103     0.70402  0.52072  0.50       6       3       4        8   1.38
  1968         104     0.72700  0.53318  0.50       3       2       2        4   1.35
  1968         105     0.74823  0.54452  0.50       1       1       1        2   1.31
  1968         106     0.76784  0.55483  0.50       1       0       0        1   1.28
  1968         107     0.78603  0.56426  0.50       0       0       0        0   1.25
  1968         108     0.80310  0.57301  0.50       0       0       0        0   1.23
  1968         109     0.81941  0.58127  0.50       0       0       0        0   1.21
  1968         110+    0.84299  1.00000  1.19       0       0       0        0   1.19
  1969           0     0.01486  0.01467  0.16  100000    1467   98765  7151684  71.52
  1969           1     0.00205  0.00205  0.50   98533     202   98432  7052919  71.58
  1969           2     0.00168  0.00168  0.50   98331     165   98248  6954487  70.73
  1969           3     0.00130  0.00130  0.50   98166     128   98102  6856239  69.84
  1969           4     0.00096  0.00096  0.50   98038      94   97991  6758137  68.93
  1969           5     0.00070  0.00070  0.50   97944      68   97910  6660146  68.00
  1969           6     0.00051  0.00051  0.50   97876      50   97851  6562236  67.05
  1969           7     0.00038  0.00038  0.50   97826      37   97807  6464385  66.08
  1969           8     0.00030  0.00030  0.50   97789      29   97774  6366578  65.11
  1969           9     0.00027  0.00027  0.50   97760      26   97747  6268804  64.12
  1969          10     0.00030  0.00030  0.50   97734      29   97719  6171057  63.14
  1969          11     0.00034  0.00033  0.50   97705      33   97688  6073338  62.16
  1969          12     0.00035  0.00035  0.50   97672      34   97655  5975649  61.18
  1969          13     0.00032  0.00032  0.50   97638      31   97623  5877994  60.20
  1969          14     0.00030  0.00030  0.50   97607      29   97593  5780371  59.22
  1969          15     0.00034  0.00034  0.50   97578      34   97561  5682779  58.24
  1969          16     0.00046  0.00046  0.50   97545      45   97522  5585217  57.26
  1969          17     0.00065  0.00065  0.50   97499      63   97468  5487695  56.28
  1969          18     0.00085  0.00085  0.50   97436      82   97395  5390228  55.32
  1969          19     0.00100  0.00100  0.50   97354      97   97305  5292833  54.37
  1969          20     0.00110  0.00110  0.50   97257     107   97203  5195528  53.42
  1969          21     0.00119  0.00119  0.50   97149     115   97092  5098325  52.48
  1969          22     0.00127  0.00127  0.50   97034     123   96973  5001233  51.54
  1969          23     0.00133  0.00133  0.50   96911     129   96847  4904260  50.61
  1969          24     0.00134  0.00134  0.50   96783     130   96718  4807413  49.67
  1969          25     0.00131  0.00131  0.50   96653     127   96589  4710695  48.74
  1969          26     0.00126  0.00126  0.50   96526     121   96465  4614106  47.80
  1969          27     0.00123  0.00123  0.50   96405     119   96345  4517641  46.86
  1969          28     0.00126  0.00125  0.50   96286     121   96226  4421295  45.92
  1969          29     0.00134  0.00134  0.50   96165     129   96101  4325070  44.98
  1969          30     0.00144  0.00144  0.50   96037     138   95968  4228969  44.03
  1969          31     0.00153  0.00153  0.50   95899     146   95825  4133001  43.10
  1969          32     0.00158  0.00158  0.50   95752     151   95677  4037176  42.16
  1969          33     0.00162  0.00161  0.50   95601     154   95524  3941499  41.23
  1969          34     0.00167  0.00167  0.50   95447     159   95368  3845975  40.29
  1969          35     0.00175  0.00175  0.50   95288     167   95205  3750607  39.36
  1969          36     0.00189  0.00189  0.50   95121     180   95031  3655403  38.43
  1969          37     0.00206  0.00206  0.50   94941     195   94844  3560372  37.50
  1969          38     0.00227  0.00227  0.50   94746     215   94639  3465528  36.58
  1969          39     0.00251  0.00251  0.50   94531     237   94413  3370889  35.66
  1969          40     0.00274  0.00274  0.50   94294     258   94165  3276477  34.75
  1969          41     0.00290  0.00290  0.50   94036     272   93900  3182311  33.84
  1969          42     0.00299  0.00298  0.50   93764     280   93624  3088411  32.94
  1969          43     0.00302  0.00302  0.50   93484     282   93343  2994788  32.04
  1969          44     0.00302  0.00302  0.50   93202     281   93061  2901445  31.13
  1969          45     0.00305  0.00304  0.50   92921     283   92779  2808383  30.22
  1969          46     0.00314  0.00313  0.50   92638     290   92493  2715604  29.31
  1969          47     0.00333  0.00333  0.50   92348     307   92194  2623111  28.40
  1969          48     0.00362  0.00361  0.50   92040     332   91874  2530918  27.50
  1969          49     0.00397  0.00396  0.50   91708     364   91526  2439043  26.60
  1969          50     0.00441  0.00440  0.50   91345     402   91143  2347517  25.70
  1969          51     0.00496  0.00495  0.50   90942     450   90717  2256374  24.81
  1969          52     0.00568  0.00567  0.50   90492     513   90236  2165656  23.93
  1969          53     0.00660  0.00658  0.50   89979     592   89683  2075421  23.07
  1969          54     0.00760  0.00757  0.50   89387     677   89049  1985737  22.22
  1969          55     0.00864  0.00860  0.50   88710     763   88329  1896689  21.38
  1969          56     0.00970  0.00965  0.50   87947     849   87523  1808360  20.56
  1969          57     0.01076  0.01070  0.50   87098     932   86632  1720838  19.76
  1969          58     0.01182  0.01175  0.50   86166    1013   85660  1634205  18.97
  1969          59     0.01291  0.01283  0.50   85154    1092   84608  1548545  18.19
  1969          60     0.01413  0.01403  0.50   84061    1180   83472  1463937  17.42
  1969          61     0.01558  0.01546  0.50   82882    1281   82241  1380466  16.66
  1969          62     0.01723  0.01709  0.50   81600    1394   80903  1298225  15.91
  1969          63     0.01907  0.01889  0.50   80206    1515   79449  1217322  15.18
  1969          64     0.02118  0.02096  0.50   78691    1649   77867  1137873  14.46
  1969          65     0.02368  0.02341  0.50   77042    1803   76140  1060007  13.76
  1969          66     0.02668  0.02633  0.50   75239    1981   74248   983866  13.08
  1969          67     0.03012  0.02967  0.50   73258    2174   72171   909618  12.42
  1969          68     0.03393  0.03336  0.50   71084    2371   69899   837447  11.78
  1969          69     0.03789  0.03718  0.50   68713    2555   67435   767548  11.17
  1969          70     0.04190  0.04104  0.50   66158    2715   64800   700113  10.58
  1969          71     0.04633  0.04528  0.50   63442    2873   62006   635313  10.01
  1969          72     0.05147  0.05018  0.50   60570    3039   59050   573307   9.47
  1969          73     0.05747  0.05586  0.50   57530    3214   55923   514257   8.94
  1969          74     0.06389  0.06192  0.50   54316    3363   52635   458333   8.44
  1969          75     0.07025  0.06787  0.50   50953    3458   49224   405699   7.96
  1969          76     0.07650  0.07369  0.50   47495    3500   45745   356474   7.51
  1969          77     0.08331  0.07998  0.50   43995    3519   42236   310729   7.06
  1969          78     0.09140  0.08741  0.50   40477    3538   38708   268493   6.63
  1969          79     0.10115  0.09628  0.50   36939    3556   35161   229785   6.22
  1969          80     0.11261  0.10660  0.50   33382    3559   31603   194625   5.83
  1969          81     0.12503  0.11767  0.50   29824    3509   28069   163021   5.47
  1969          82     0.13770  0.12883  0.50   26314    3390   24619   134953   5.13
  1969          83     0.15086  0.14028  0.50   22924    3216   21316   110333   4.81
  1969          84     0.16479  0.15225  0.50   19709    3001   18208    89017   4.52
  1969          85     0.17971  0.16489  0.50   16708    2755   15330    70809   4.24
  1969          86     0.19574  0.17829  0.50   13953    2488   12709    55478   3.98
  1969          87     0.21300  0.19250  0.50   11465    2207   10362    42769   3.73
  1969          88     0.23151  0.20749  0.50    9258    1921    8298    32407   3.50
  1969          89     0.25126  0.22322  0.50    7337    1638    6518    24110   3.29
  1969          90     0.27223  0.23962  0.50    5699    1366    5017    17592   3.09
  1969          91     0.29437  0.25660  0.50    4334    1112    3778    12575   2.90
  1969          92     0.31761  0.27409  0.50    3222     883    2780     8797   2.73
  1969          93     0.34189  0.29197  0.50    2339     683    1997     6017   2.57
  1969          94     0.36708  0.31015  0.50    1656     514    1399     4020   2.43
  1969          95     0.39307  0.32850  0.50    1142     375     955     2621   2.29
  1969          96     0.41971  0.34691  0.50     767     266     634     1666   2.17
  1969          97     0.44686  0.36525  0.50     501     183     409     1032   2.06
  1969          98     0.47434  0.38341  0.50     318     122     257      623   1.96
  1969          99     0.50197  0.40126  0.50     196      79     157      366   1.87
  1969         100     0.52958  0.41871  0.50     117      49      93      209   1.78
  1969         101     0.55696  0.43565  0.50      68      30      53      116   1.71
  1969         102     0.58396  0.45199  0.50      39      17      30       63   1.64
  1969         103     0.61039  0.46766  0.50      21      10      16       33   1.57
  1969         104     0.63607  0.48259  0.50      11       5       9       17   1.52
  1969         105     0.66088  0.49674  0.50       6       3       4        9   1.47
  1969         106     0.68468  0.51007  0.50       3       1       2        4   1.42
  1969         107     0.70745  0.52259  0.50       1       1       1        2   1.38
  1969         108     0.72927  0.53441  0.50       1       0       1        1   1.34
  1969         109     0.75035  0.54564  0.50       0       0       0        0   1.31
  1969         110+    0.78263  1.00000  1.28       0       0       0        0   1.28
  1970           0     0.01628  0.01606  0.16  100000    1606   98651  7137216  71.37
  1970           1     0.00151  0.00151  0.50   98394     149   98319  7038565  71.53
  1970           2     0.00129  0.00129  0.50   98245     127   98182  6940245  70.64
  1970           3     0.00106  0.00106  0.50   98118     104   98066  6842064  69.73
  1970           4     0.00087  0.00087  0.50   98014      85   97972  6743997  68.81
  1970           5     0.00074  0.00074  0.50   97929      72   97893  6646026  67.87
  1970           6     0.00064  0.00064  0.50   97857      62   97826  6548133  66.92
  1970           7     0.00054  0.00054  0.50   97795      53   97768  6450307  65.96
  1970           8     0.00046  0.00046  0.50   97742      45   97719  6352539  64.99
  1970           9     0.00040  0.00040  0.50   97697      39   97677  6254819  64.02
  1970          10     0.00035  0.00035  0.50   97658      34   97641  6157142  63.05
  1970          11     0.00031  0.00031  0.50   97624      30   97608  6059501  62.07
  1970          12     0.00029  0.00029  0.50   97593      29   97579  5961893  61.09
  1970          13     0.00030  0.00030  0.50   97565      29   97550  5864314  60.11
  1970          14     0.00035  0.00035  0.50   97535      34   97518  5766764  59.12
  1970          15     0.00046  0.00046  0.50   97501      45   97479  5669246  58.15
  1970          16     0.00061  0.00061  0.50   97456      60   97426  5571768  57.17
  1970          17     0.00079  0.00079  0.50   97396      77   97358  5474341  56.21
  1970          18     0.00095  0.00095  0.50   97320      92   97274  5376983  55.25
  1970          19     0.00107  0.00107  0.50   97228     104   97176  5279709  54.30
  1970          20     0.00116  0.00116  0.50   97124     112   97067  5182534  53.36
  1970          21     0.00120  0.00120  0.50   97011     116   96953  5085466  52.42
  1970          22     0.00120  0.00120  0.50   96895     116   96837  4988513  51.48
  1970          23     0.00120  0.00120  0.50   96779     116   96721  4891677  50.55
  1970          24     0.00123  0.00123  0.50   96663     119   96604  4794956  49.60
  1970          25     0.00126  0.00126  0.50   96544     122   96484  4698352  48.67
  1970          26     0.00127  0.00127  0.50   96423     122   96362  4601869  47.73
  1970          27     0.00125  0.00125  0.50   96300     120   96240  4505507  46.79
  1970          28     0.00120  0.00120  0.50   96180     115   96123  4409267  45.84
  1970          29     0.00116  0.00116  0.50   96065     111   96009  4313144  44.90
  1970          30     0.00116  0.00116  0.50   95954     111   95898  4217135  43.95
  1970          31     0.00124  0.00124  0.50   95843     119   95783  4121236  43.00
  1970          32     0.00141  0.00140  0.50   95724     134   95657  4025453  42.05
  1970          33     0.00162  0.00162  0.50   95590     155   95512  3929796  41.11
  1970          34     0.00185  0.00185  0.50   95435     176   95346  3834284  40.18
  1970          35     0.00205  0.00205  0.50   95258     195   95161  3738938  39.25
  1970          36     0.00221  0.00220  0.50   95063     210   94958  3643777  38.33
  1970          37     0.00228  0.00228  0.50   94853     216   94745  3548819  37.41
  1970          38     0.00233  0.00233  0.50   94637     220   94527  3454074  36.50
  1970          39     0.00241  0.00241  0.50   94417     227   94303  3359547  35.58
  1970          40     0.00252  0.00252  0.50   94190     237   94071  3265244  34.67
  1970          41     0.00267  0.00267  0.50   93952     251   93827  3171173  33.75
  1970          42     0.00286  0.00286  0.50   93702     268   93568  3077346  32.84
  1970          43     0.00307  0.00307  0.50   93434     286   93291  2983778  31.93
  1970          44     0.00325  0.00324  0.50   93148     302   92997  2890487  31.03
  1970          45     0.00337  0.00337  0.50   92846     313   92689  2797490  30.13
  1970          46     0.00345  0.00345  0.50   92533     319   92374  2704801  29.23
  1970          47     0.00363  0.00362  0.50   92214     334   92047  2612427  28.33
  1970          48     0.00397  0.00396  0.50   91880     364   91698  2520380  27.43
  1970          49     0.00452  0.00451  0.50   91516     412   91310  2428682  26.54
  1970          50     0.00520  0.00519  0.50   91104     473   90867  2337372  25.66
  1970          51     0.00593  0.00592  0.50   90631     536   90363  2246505  24.79
  1970          52     0.00660  0.00658  0.50   90095     593   89799  2156142  23.93
  1970          53     0.00714  0.00711  0.50   89502     637   89184  2066343  23.09
  1970          54     0.00767  0.00764  0.50   88865     679   88526  1977159  22.25
  1970          55     0.00832  0.00828  0.50   88187     730   87822  1888633  21.42
  1970          56     0.00916  0.00912  0.50   87456     797   87058  1800812  20.59
  1970          57     0.01012  0.01007  0.50   86659     873   86223  1713754  19.78
  1970          58     0.01112  0.01106  0.50   85786     949   85312  1627531  18.97
  1970          59     0.01222  0.01214  0.50   84838    1030   84323  1542219  18.18
  1970          60     0.01360  0.01351  0.50   83807    1132   83241  1457897  17.40
  1970          61     0.01541  0.01529  0.50   82675    1264   82043  1374655  16.63
  1970          62     0.01748  0.01732  0.50   81411    1410   80706  1292612  15.88
  1970          63     0.01963  0.01944  0.50   80001    1555   79223  1211907  15.15
  1970          64     0.02185  0.02162  0.50   78445    1696   77597  1132684  14.44
  1970          65     0.02412  0.02383  0.50   76750    1829   75835  1055086  13.75
  1970          66     0.02637  0.02602  0.50   74920    1950   73945   979251  13.07
  1970          67     0.02888  0.02846  0.50   72971    2077   71932   905306  12.41
  1970          68     0.03196  0.03146  0.50   70894    2230   69778   833374  11.76
  1970          69     0.03563  0.03500  0.50   68663    2403   67461   763595  11.12
  1970          70     0.03988  0.03910  0.50   66260    2591   64964   696134  10.51
  1970          71     0.04507  0.04408  0.50   63669    2807   62266   631170   9.91
  1970          72     0.05143  0.05014  0.50   60862    3052   59336   568904   9.35
  1970          73     0.05893  0.05724  0.50   57811    3309   56156   509568   8.81
  1970          74     0.06678  0.06462  0.50   54502    3522   52741   453411   8.32
  1970          75     0.07417  0.07151  0.50   50980    3646   49157   400671   7.86
  1970          76     0.08094  0.07779  0.50   47334    3682   45493   351514   7.43
  1970          77     0.08731  0.08365  0.50   43652    3652   41826   306021   7.01
  1970          78     0.09366  0.08947  0.50   40000    3579   38211   264195   6.60
  1970          79     0.10084  0.09600  0.50   36421    3496   34673   225984   6.20
  1970          80     0.10967  0.10397  0.50   32925    3423   31213   191311   5.81
  1970          81     0.12046  0.11362  0.50   29502    3352   27826   160097   5.43
  1970          82     0.13329  0.12496  0.50   26150    3268   24516   132271   5.06
  1970          83     0.14787  0.13769  0.50   22882    3151   21307   107755   4.71
  1970          84     0.16407  0.15163  0.50   19731    2992   18236    86448   4.38
  1970          85     0.18181  0.16666  0.50   16740    2790   15345    68213   4.07
  1970          86     0.20110  0.18273  0.50   13950    2549   12675    52868   3.79
  1970          87     0.22197  0.19980  0.50   11401    2278   10262    40193   3.53
  1970          88     0.24445  0.21783  0.50    9123    1987    8129    29931   3.28
  1970          89     0.26855  0.23676  0.50    7136    1689    6291    21802   3.06
  1970          90     0.29423  0.25650  0.50    5446    1397    4748    15511   2.85
  1970          91     0.32143  0.27692  0.50    4049    1121    3489    10763   2.66
  1970          92     0.35004  0.29790  0.50    2928     872    2492     7275   2.48
  1970          93     0.37991  0.31926  0.50    2056     656    1728     4783   2.33
  1970          94     0.41083  0.34082  0.50    1399     477    1161     3055   2.18
  1970          95     0.44260  0.36240  0.50     922     334     755     1894   2.05
  1970          96     0.47494  0.38380  0.50     588     226     475     1139   1.94
  1970          97     0.50760  0.40485  0.50     362     147     289      664   1.83
  1970          98     0.54027  0.42537  0.50     216      92     170      375   1.74
  1970          99     0.57268  0.44520  0.50     124      55      96      205   1.65
  1970         100     0.60455  0.46422  0.50      69      32      53      108   1.58
  1970         101     0.63560  0.48232  0.50      37      18      28       56   1.51
  1970         102     0.66559  0.49939  0.50      19      10      14       28   1.45
  1970         103     0.69431  0.51539  0.50      10       5       7       13   1.40
  1970         104     0.72156  0.53026  0.50       5       2       3        6   1.35
  1970         105     0.74722  0.54398  0.50       2       1       2        3   1.31
  1970         106     0.77122  0.55659  0.50       1       1       1        1   1.27
  1970         107     0.79359  0.56815  0.50       0       0       0        1   1.24
  1970         108     0.81458  0.57883  0.50       0       0       0        0   1.21
  1970         109     0.83454  0.58883  0.50       0       0       0        0   1.18
  1970         110+    0.86157  1.00000  1.16       0       0       0        0   1.16
  1971           0     0.01405  0.01388  0.16  100000    1388   98831  7217814  72.18
  1971           1     0.00221  0.00221  0.50   98612     218   98503  7118983  72.19
  1971           2     0.00151  0.00151  0.50   98394     148   98320  7020480  71.35
  1971           3     0.00097  0.00097  0.50   98246      95   98198  6922160  70.46
  1971           4     0.00063  0.00063  0.50   98150      62   98119  6823962  69.53
  1971           5     0.00046  0.00046  0.50   98088      45   98066  6725843  68.57
  1971           6     0.00039  0.00039  0.50   98043      38   98024  6627777  67.60
  1971           7     0.00035  0.00035  0.50   98005      34   97988  6529753  66.63
  1971           8     0.00032  0.00032  0.50   97970      31   97955  6431765  65.65
  1971           9     0.00028  0.00028  0.50   97939      28   97925  6333811  64.67
  1971          10     0.00024  0.00024  0.50   97911      23   97900  6235885  63.69
  1971          11     0.00021  0.00021  0.50   97888      20   97878  6137986  62.70
  1971          12     0.00022  0.00022  0.50   97868      21   97857  6040108  61.72
  1971          13     0.00030  0.00030  0.50   97846      29   97832  5942251  60.73
  1971          14     0.00042  0.00042  0.50   97818      41   97797  5844419  59.75
  1971          15     0.00057  0.00057  0.50   97776      56   97749  5746622  58.77
  1971          16     0.00072  0.00072  0.50   97721      70   97685  5648873  57.81
  1971          17     0.00085  0.00085  0.50   97650      83   97609  5551188  56.85
  1971          18     0.00094  0.00094  0.50   97567      92   97521  5453579  55.90
  1971          19     0.00100  0.00100  0.50   97475      98   97427  5356058  54.95
  1971          20     0.00105  0.00105  0.50   97378     102   97327  5258631  54.00
  1971          21     0.00109  0.00109  0.50   97275     106   97222  5161305  53.06
  1971          22     0.00112  0.00112  0.50   97169     109   97115  5064082  52.12
  1971          23     0.00111  0.00111  0.50   97060     107   97006  4966968  51.17
  1971          24     0.00105  0.00105  0.50   96953     102   96902  4869961  50.23
  1971          25     0.00106  0.00106  0.50   96851     102   96799  4773060  49.28
  1971          26     0.00114  0.00114  0.50   96748     110   96693  4676260  48.33
  1971          27     0.00128  0.00128  0.50   96638     124   96576  4579567  47.39
  1971          28     0.00139  0.00139  0.50   96514     134   96447  4482991  46.45
  1971          29     0.00142  0.00142  0.50   96380     137   96312  4386544  45.51
  1971          30     0.00146  0.00145  0.50   96243     140   96173  4290232  44.58
  1971          31     0.00150  0.00150  0.50   96103     144   96031  4194059  43.64
  1971          32     0.00153  0.00153  0.50   95959     146   95886  4098028  42.71
  1971          33     0.00156  0.00156  0.50   95813     149   95738  4002142  41.77
  1971          34     0.00161  0.00161  0.50   95664     154   95587  3906404  40.83
  1971          35     0.00168  0.00168  0.50   95510     160   95430  3810817  39.90
  1971          36     0.00177  0.00177  0.50   95349     169   95265  3715387  38.97
  1971          37     0.00194  0.00194  0.50   95181     184   95089  3620122  38.03
  1971          38     0.00210  0.00210  0.50   94996     199   94897  3525034  37.11
  1971          39     0.00218  0.00217  0.50   94797     206   94694  3430137  36.18
  1971          40     0.00226  0.00226  0.50   94591     213   94485  3335442  35.26
  1971          41     0.00243  0.00243  0.50   94378     230   94263  3240957  34.34
  1971          42     0.00266  0.00265  0.50   94149     250   94024  3146694  33.42
  1971          43     0.00291  0.00291  0.50   93899     273   93762  3052670  32.51
  1971          44     0.00319  0.00318  0.50   93626     298   93477  2958908  31.60
  1971          45     0.00342  0.00342  0.50   93328     319   93168  2865431  30.70
  1971          46     0.00354  0.00353  0.50   93009     329   92845  2772262  29.81
  1971          47     0.00352  0.00352  0.50   92680     326   92517  2679418  28.91
  1971          48     0.00352  0.00351  0.50   92354     324   92192  2586900  28.01
  1971          49     0.00368  0.00367  0.50   92030     338   91861  2494708  27.11
  1971          50     0.00403  0.00402  0.50   91692     369   91507  2402847  26.21
  1971          51     0.00455  0.00454  0.50   91323     415   91115  2311340  25.31
  1971          52     0.00522  0.00521  0.50   90908     474   90671  2220224  24.42
  1971          53     0.00605  0.00603  0.50   90434     545   90162  2129553  23.55
  1971          54     0.00705  0.00703  0.50   89889     632   89573  2039391  22.69
  1971          55     0.00786  0.00783  0.50   89257     699   88908  1949818  21.84
  1971          56     0.00820  0.00816  0.50   88558     723   88197  1860910  21.01
  1971          57     0.00867  0.00863  0.50   87835     758   87456  1772713  20.18
  1971          58     0.00982  0.00978  0.50   87077     851   86652  1685257  19.35
  1971          59     0.01133  0.01126  0.50   86226     971   85741  1598605  18.54
  1971          60     0.01301  0.01292  0.50   85255    1102   84704  1512864  17.75
  1971          61     0.01485  0.01474  0.50   84153    1240   83533  1428160  16.97
  1971          62     0.01695  0.01681  0.50   82913    1394   82216  1344627  16.22
  1971          63     0.01940  0.01922  0.50   81519    1567   80736  1262411  15.49
  1971          64     0.02211  0.02187  0.50   79953    1749   79078  1181675  14.78
  1971          65     0.02487  0.02457  0.50   78204    1921   77243  1102596  14.10
  1971          66     0.02730  0.02693  0.50   76283    2054   75255  1025353  13.44
  1971          67     0.02913  0.02871  0.50   74228    2131   73163   950098  12.80
  1971          68     0.03042  0.02996  0.50   72097    2160   71017   876935  12.16
  1971          69     0.03218  0.03167  0.50   69937    2215   68829   805918  11.52
  1971          70     0.03572  0.03510  0.50   67722    2377   66533   737089  10.88
  1971          71     0.04185  0.04100  0.50   65345    2679   64005   670556  10.26
  1971          72     0.04937  0.04818  0.50   62666    3019   61156   606550   9.68
  1971          73     0.05686  0.05528  0.50   59647    3297   57998   545394   9.14
  1971          74     0.06413  0.06213  0.50   56349    3501   54599   487396   8.65
  1971          75     0.07074  0.06832  0.50   52848    3611   51043   432797   8.19
  1971          76     0.07515  0.07243  0.50   49237    3566   47454   381754   7.75
  1971          77     0.07993  0.07686  0.50   45671    3510   43916   334300   7.32
  1971          78     0.08786  0.08416  0.50   42161    3548   40387   290384   6.89
  1971          79     0.09803  0.09345  0.50   38613    3608   36809   249997   6.47
  1971          80     0.10885  0.10323  0.50   35005    3614   33198   213189   6.09
  1971          81     0.11971  0.11295  0.50   31391    3546   29618   179991   5.73
  1971          82     0.13046  0.12247  0.50   27845    3410   26140   150373   5.40
  1971          83     0.14177  0.13238  0.50   24435    3235   22818   124233   5.08
  1971          84     0.15398  0.14297  0.50   21200    3031   19685   101415   4.78
  1971          85     0.16727  0.15436  0.50   18169    2805   16767    81730   4.50
  1971          86     0.18170  0.16656  0.50   15365    2559   14085    64963   4.23
  1971          87     0.19729  0.17958  0.50   12805    2300   11656    50878   3.97
  1971          88     0.21406  0.19337  0.50   10506    2031    9490    39223   3.73
  1971          89     0.23202  0.20790  0.50    8474    1762    7594    29733   3.51
  1971          90     0.25116  0.22314  0.50    6713    1498    5964    22139   3.30
  1971          91     0.27148  0.23903  0.50    5215    1246    4592    16175   3.10
  1971          92     0.29295  0.25552  0.50    3968    1014    3461    11584   2.92
  1971          93     0.31555  0.27255  0.50    2954     805    2552     8123   2.75
  1971          94     0.33921  0.29002  0.50    2149     623    1837     5571   2.59
  1971          95     0.36386  0.30785  0.50    1526     470    1291     3733   2.45
  1971          96     0.38940  0.32594  0.50    1056     344     884     2442   2.31
  1971          97     0.41573  0.34419  0.50     712     245     589     1558   2.19
  1971          98     0.44272  0.36248  0.50     467     169     382      969   2.08
  1971          99     0.47023  0.38072  0.50     298     113     241      587   1.97
  1971         100     0.49810  0.39878  0.50     184      74     148      346   1.88
  1971         101     0.52616  0.41657  0.50     111      46      88      198   1.79
  1971         102     0.55424  0.43397  0.50      65      28      51      111   1.71
  1971         103     0.58214  0.45090  0.50      37      17      28       60   1.64
  1971         104     0.60968  0.46724  0.50      20       9      15       32   1.57
  1971         105     0.63665  0.48292  0.50      11       5       8       16   1.51
  1971         106     0.66284  0.49784  0.50       6       3       4        8   1.46
  1971         107     0.68806  0.51194  0.50       3       1       2        4   1.41
  1971         108     0.71229  0.52523  0.50       1       1       1        2   1.37
  1971         109     0.73559  0.53779  0.50       1       0       0        1   1.33
  1971         110+    0.77243  1.00000  1.29       0       0       0        0   1.29
  1972           0     0.01320  0.01305  0.16  100000    1305   98899  7284178  72.84
  1972           1     0.00145  0.00145  0.50   98695     143   98623  7185278  72.80
  1972           2     0.00122  0.00122  0.50   98552     120   98492  7086655  71.91
  1972           3     0.00100  0.00100  0.50   98432      99   98382  6988163  70.99
  1972           4     0.00081  0.00081  0.50   98333      80   98293  6889781  70.07
  1972           5     0.00066  0.00066  0.50   98253      64   98221  6791488  69.12
  1972           6     0.00054  0.00054  0.50   98189      53   98162  6693267  68.17
  1972           7     0.00046  0.00046  0.50   98136      45   98113  6595105  67.20
  1972           8     0.00042  0.00042  0.50   98091      41   98070  6496992  66.23
  1972           9     0.00040  0.00040  0.50   98049      39   98030  6398922  65.26
  1972          10     0.00038  0.00038  0.50   98010      37   97991  6300892  64.29
  1972          11     0.00036  0.00036  0.50   97973      35   97955  6202901  63.31
  1972          12     0.00035  0.00035  0.50   97937      34   97920  6104946  62.34
  1972          13     0.00036  0.00036  0.50   97903      35   97885  6007026  61.36
  1972          14     0.00040  0.00040  0.50   97868      39   97848  5909141  60.38
  1972          15     0.00046  0.00046  0.50   97829      45   97806  5811293  59.40
  1972          16     0.00055  0.00055  0.50   97783      54   97757  5713487  58.43
  1972          17     0.00064  0.00064  0.50   97730      63   97699  5615730  57.46
  1972          18     0.00074  0.00074  0.50   97667      72   97631  5518032  56.50
  1972          19     0.00082  0.00082  0.50   97595      80   97555  5420400  55.54
  1972          20     0.00089  0.00089  0.50   97515      87   97471  5322845  54.59
  1972          21     0.00095  0.00095  0.50   97428      93   97381  5225374  53.63
  1972          22     0.00101  0.00101  0.50   97335      98   97285  5127993  52.68
  1972          23     0.00106  0.00106  0.50   97236     103   97185  5030707  51.74
  1972          24     0.00108  0.00108  0.50   97133     105   97081  4933523  50.79
  1972          25     0.00108  0.00108  0.50   97028     105   96976  4836442  49.85
  1972          26     0.00106  0.00105  0.50   96923     102   96872  4739466  48.90
  1972          27     0.00102  0.00101  0.50   96821      98   96772  4642594  47.95
  1972          28     0.00098  0.00098  0.50   96723      95   96675  4545822  47.00
  1972          29     0.00099  0.00099  0.50   96628      95   96580  4449146  46.04
  1972          30     0.00103  0.00103  0.50   96532      99   96483  4352566  45.09
  1972          31     0.00112  0.00112  0.50   96433     108   96379  4256083  44.14
  1972          32     0.00125  0.00125  0.50   96325     121   96265  4159704  43.18
  1972          33     0.00140  0.00140  0.50   96205     135   96137  4063439  42.24
  1972          34     0.00154  0.00154  0.50   96070     148   95996  3967302  41.30
  1972          35     0.00168  0.00168  0.50   95922     161   95841  3871306  40.36
  1972          36     0.00180  0.00180  0.50   95761     173   95675  3775465  39.43
  1972          37     0.00191  0.00191  0.50   95588     182   95497  3679790  38.50
  1972          38     0.00201  0.00201  0.50   95406     191   95310  3584293  37.57
  1972          39     0.00211  0.00211  0.50   95215     201   95114  3488982  36.64
  1972          40     0.00223  0.00223  0.50   95014     212   94908  3393868  35.72
  1972          41     0.00236  0.00236  0.50   94802     224   94690  3298961  34.80
  1972          42     0.00251  0.00251  0.50   94578     237   94459  3204271  33.88
  1972          43     0.00268  0.00267  0.50   94341     252   94215  3109812  32.96
  1972          44     0.00288  0.00287  0.50   94089     270   93953  3015597  32.05
  1972          45     0.00310  0.00310  0.50   93818     290   93673  2921644  31.14
  1972          46     0.00334  0.00333  0.50   93528     312   93372  2827971  30.24
  1972          47     0.00359  0.00358  0.50   93216     334   93049  2734599  29.34
  1972          48     0.00387  0.00386  0.50   92882     359   92703  2641550  28.44
  1972          49     0.00419  0.00419  0.50   92523     387   92330  2548847  27.55
  1972          50     0.00455  0.00454  0.50   92136     418   91927  2456517  26.66
  1972          51     0.00492  0.00491  0.50   91718     451   91493  2364590  25.78
  1972          52     0.00536  0.00535  0.50   91267     488   91024  2273098  24.91
  1972          53     0.00590  0.00588  0.50   90780     534   90513  2182074  24.04
  1972          54     0.00657  0.00655  0.50   90246     591   89950  2091561  23.18
  1972          55     0.00738  0.00736  0.50   89655     659   89325  2001611  22.33
  1972          56     0.00830  0.00827  0.50   88995     736   88627  1912286  21.49
  1972          57     0.00926  0.00922  0.50   88259     814   87852  1823659  20.66
  1972          58     0.01021  0.01016  0.50   87445     888   87001  1735807  19.85
  1972          59     0.01121  0.01114  0.50   86557     965   86075  1648806  19.05
  1972          60     0.01233  0.01225  0.50   85592    1049   85068  1562731  18.26
  1972          61     0.01363  0.01354  0.50   84544    1144   83971  1477663  17.48
  1972          62     0.01516  0.01505  0.50   83399    1255   82772  1393692  16.71
  1972          63     0.01696  0.01682  0.50   82144    1381   81454  1310920  15.96
  1972          64     0.01900  0.01882  0.50   80763    1520   80003  1229466  15.22
  1972          65     0.02123  0.02100  0.50   79243    1664   78411  1149463  14.51
  1972          66     0.02357  0.02329  0.50   77578    1807   76675  1071053  13.81
  1972          67     0.02612  0.02578  0.50   75771    1954   74795   994378  13.12
  1972          68     0.02902  0.02861  0.50   73818    2112   72762   919583  12.46
  1972          69     0.03231  0.03180  0.50   71706    2280   70566   846821  11.81
  1972          70     0.03603  0.03539  0.50   69426    2457   68197   776255  11.18
  1972          71     0.04028  0.03948  0.50   66969    2644   65647   708058  10.57
  1972          72     0.04508  0.04409  0.50   64325    2836   62907   642411   9.99
  1972          73     0.05044  0.04920  0.50   61489    3025   59976   579504   9.42
  1972          74     0.05631  0.05476  0.50   58463    3202   56862   519528   8.89
  1972          75     0.06265  0.06075  0.50   55262    3357   53583   462666   8.37
  1972          76     0.06961  0.06727  0.50   51905    3492   50159   409083   7.88
  1972          77     0.07729  0.07442  0.50   48413    3603   46612   358924   7.41
  1972          78     0.08577  0.08224  0.50   44810    3685   42968   312312   6.97
  1972          79     0.09506  0.09075  0.50   41125    3732   39259   269345   6.55
  1972          80     0.10514  0.09989  0.50   37393    3735   35525   230086   6.15
  1972          81     0.11590  0.10955  0.50   33658    3687   31814   194560   5.78
  1972          82     0.12726  0.11965  0.50   29970    3586   28178   162746   5.43
  1972          83     0.13933  0.13025  0.50   26385    3437   24666   134569   5.10
  1972          84     0.15223  0.14146  0.50   22948    3246   21325   109903   4.79
  1972          85     0.16607  0.15334  0.50   19702    3021   18191    88578   4.50
  1972          86     0.18096  0.16595  0.50   16681    2768   15297    70387   4.22
  1972          87     0.19698  0.17932  0.50   13912    2495   12665    55090   3.96
  1972          88     0.21420  0.19348  0.50   11418    2209   10313    42425   3.72
  1972          89     0.23264  0.20840  0.50    9209    1919    8249    32112   3.49
  1972          90     0.25233  0.22407  0.50    7290    1633    6473    23863   3.27
  1972          91     0.27328  0.24043  0.50    5656    1360    4976    17390   3.07
  1972          92     0.29546  0.25743  0.50    4296    1106    3743    12414   2.89
  1972          93     0.31885  0.27501  0.50    3190     877    2752     8670   2.72
  1972          94     0.34336  0.29305  0.50    2313     678    1974     5919   2.56
  1972          95     0.36894  0.31148  0.50    1635     509    1380     3945   2.41
  1972          96     0.39545  0.33017  0.50    1126     372     940     2564   2.28
  1972          97     0.42278  0.34900  0.50     754     263     623     1624   2.15
  1972          98     0.45076  0.36785  0.50     491     181     401     1002   2.04
  1972          99     0.47922  0.38659  0.50     310     120     250      601   1.94
  1972         100     0.50797  0.40508  0.50     190      77     152      351   1.84
  1972         101     0.53679  0.42320  0.50     113      48      89      199   1.76
  1972         102     0.56546  0.44083  0.50      65      29      51      110   1.68
  1972         103     0.59379  0.45785  0.50      37      17      28       59   1.61
  1972         104     0.62156  0.47419  0.50      20       9      15       31   1.55
  1972         105     0.64861  0.48977  0.50      10       5       8       15   1.49
  1972         106     0.67486  0.50460  0.50       5       3       4        8   1.44
  1972         107     0.70028  0.51867  0.50       3       1       2        4   1.39
  1972         108     0.72498  0.53210  0.50       1       1       1        2   1.35
  1972         109     0.74914  0.54500  0.50       1       0       0        1   1.31
  1972         110+    0.78479  1.00000  1.27       0       0       0        0   1.27
  1973           0     0.01274  0.01261  0.16  100000    1261   98935  7307532  73.08
  1973           1     0.00190  0.00189  0.50   98739     187   98646  7208596  73.01
  1973           2     0.00150  0.00150  0.50   98552     148   98478  7109951  72.14
  1973           3     0.00116  0.00116  0.50   98404     114   98347  7011472  71.25
  1973           4     0.00088  0.00088  0.50   98290      86   98247  6913125  70.33
  1973           5     0.00066  0.00066  0.50   98204      65   98172  6814878  69.40
  1973           6     0.00051  0.00051  0.50   98139      50   98114  6716706  68.44
  1973           7     0.00041  0.00041  0.50   98089      40   98069  6618592  67.48
  1973           8     0.00034  0.00034  0.50   98049      33   98033  6520523  66.50
  1973           9     0.00029  0.00029  0.50   98016      28   98002  6422490  65.52
  1973          10     0.00025  0.00025  0.50   97988      25   97976  6324488  64.54
  1973          11     0.00024  0.00024  0.50   97963      24   97951  6226512  63.56
  1973          12     0.00027  0.00027  0.50   97939      26   97926  6128561  62.58
  1973          13     0.00032  0.00032  0.50   97913      31   97898  6030635  61.59
  1973          14     0.00040  0.00040  0.50   97882      39   97862  5932737  60.61
  1973          15     0.00051  0.00051  0.50   97843      49   97818  5834875  59.64
  1973          16     0.00063  0.00063  0.50   97793      62   97762  5737057  58.67
  1973          17     0.00077  0.00077  0.50   97732      75   97694  5639294  57.70
  1973          18     0.00089  0.00089  0.50   97657      87   97613  5541600  56.75
  1973          19     0.00099  0.00099  0.50   97569      96   97521  5443987  55.80
  1973          20     0.00103  0.00103  0.50   97473     101   97423  5346466  54.85
  1973          21     0.00104  0.00104  0.50   97372     101   97322  5249043  53.91
  1973          22     0.00102  0.00102  0.50   97271      99   97222  5151721  52.96
  1973          23     0.00101  0.00101  0.50   97172      98   97123  5054500  52.02
  1973          24     0.00101  0.00101  0.50   97074      98   97025  4957376  51.07
  1973          25     0.00103  0.00103  0.50   96976     100   96926  4860351  50.12
  1973          26     0.00107  0.00107  0.50   96876     104   96824  4763425  49.17
  1973          27     0.00113  0.00113  0.50   96772     109   96718  4666600  48.22
  1973          28     0.00117  0.00117  0.50   96663     114   96607  4569883  47.28
  1973          29     0.00121  0.00121  0.50   96550     117   96491  4473276  46.33
  1973          30     0.00124  0.00124  0.50   96433     120   96373  4376785  45.39
  1973          31     0.00127  0.00127  0.50   96313     123   96252  4280412  44.44
  1973          32     0.00132  0.00132  0.50   96190     127   96127  4184160  43.50
  1973          33     0.00139  0.00138  0.50   96064     133   95997  4088033  42.56
  1973          34     0.00148  0.00148  0.50   95931     142   95860  3992036  41.61
  1973          35     0.00159  0.00158  0.50   95789     152   95713  3896176  40.67
  1973          36     0.00169  0.00169  0.50   95637     162   95556  3800463  39.74
  1973          37     0.00181  0.00180  0.50   95475     172   95389  3704907  38.80
  1973          38     0.00193  0.00193  0.50   95303     184   95211  3609517  37.87
  1973          39     0.00204  0.00204  0.50   95120     194   95022  3514306  36.95
  1973          40     0.00215  0.00214  0.50   94925     204   94824  3419284  36.02
  1973          41     0.00223  0.00223  0.50   94722     211   94616  3324460  35.10
  1973          42     0.00233  0.00233  0.50   94511     220   94401  3229844  34.17
  1973          43     0.00247  0.00247  0.50   94291     233   94174  3135443  33.25
  1973          44     0.00270  0.00269  0.50   94058     253   93931  3041269  32.33
  1973          45     0.00296  0.00296  0.50   93804     277   93666  2947338  31.42
  1973          46     0.00323  0.00323  0.50   93527     302   93376  2853672  30.51
  1973          47     0.00351  0.00350  0.50   93225     327   93062  2760296  29.61
  1973          48     0.00380  0.00379  0.50   92899     352   92723  2667234  28.71
  1973          49     0.00410  0.00409  0.50   92546     378   92357  2574512  27.82
  1973          50     0.00438  0.00438  0.50   92168     403   91966  2482154  26.93
  1973          51     0.00465  0.00464  0.50   91765     425   91552  2390188  26.05
  1973          52     0.00491  0.00490  0.50   91339     447   91116  2298636  25.17
  1973          53     0.00521  0.00520  0.50   90892     473   90656  2207520  24.29
  1973          54     0.00564  0.00563  0.50   90419     509   90165  2116864  23.41
  1973          55     0.00630  0.00628  0.50   89911     565   89628  2026699  22.54
  1973          56     0.00724  0.00721  0.50   89346     645   89024  1937071  21.68
  1973          57     0.00837  0.00834  0.50   88701     740   88332  1848047  20.83
  1973          58     0.00958  0.00953  0.50   87962     838   87542  1759716  20.01
  1973          59     0.01080  0.01074  0.50   87123     936   86655  1672173  19.19
  1973          60     0.01204  0.01196  0.50   86187    1031   85672  1585518  18.40
  1973          61     0.01330  0.01321  0.50   85156    1125   84593  1499846  17.61
  1973          62     0.01466  0.01455  0.50   84031    1223   83420  1415253  16.84
  1973          63     0.01617  0.01604  0.50   82808    1329   82144  1331833  16.08
  1973          64     0.01791  0.01775  0.50   81480    1446   80757  1249689  15.34
  1973          65     0.01989  0.01970  0.50   80033    1576   79245  1168932  14.61
  1973          66     0.02207  0.02183  0.50   78457    1713   77600  1089687  13.89
  1973          67     0.02444  0.02415  0.50   76744    1853   75817  1012087  13.19
  1973          68     0.02703  0.02667  0.50   74891    1997   73892   936269  12.50
  1973          69     0.02995  0.02951  0.50   72894    2151   71818   862377  11.83
  1973          70     0.03336  0.03281  0.50   70743    2321   69582   790559  11.18
  1973          71     0.03743  0.03674  0.50   68421    2514   67164   720977  10.54
  1973          72     0.04217  0.04130  0.50   65907    2722   64546   653813   9.92
  1973          73     0.04762  0.04651  0.50   63185    2939   61716   589266   9.33
  1973          74     0.05387  0.05246  0.50   60246    3160   58666   527551   8.76
  1973          75     0.06111  0.05930  0.50   57086    3385   55393   468884   8.21
  1973          76     0.06949  0.06716  0.50   53701    3606   51898   413491   7.70
  1973          77     0.07871  0.07573  0.50   50094    3793   48198   361593   7.22
  1973          78     0.08840  0.08466  0.50   46301    3920   44341   313395   6.77
  1973          79     0.09857  0.09394  0.50   42381    3981   40391   269054   6.35
  1973          80     0.10928  0.10362  0.50   38400    3979   36411   228663   5.95
  1973          81     0.12064  0.11378  0.50   34421    3916   32463   192253   5.59
  1973          82     0.13276  0.12450  0.50   30505    3798   28606   159790   5.24
  1973          83     0.14576  0.13586  0.50   26707    3628   24893   131184   4.91
  1973          84     0.15973  0.14791  0.50   23079    3414   21372   106291   4.61
  1973          85     0.17474  0.16070  0.50   19665    3160   18085    84919   4.32
  1973          86     0.19085  0.17422  0.50   16505    2876   15067    66834   4.05
  1973          87     0.20807  0.18846  0.50   13629    2569   12345    51767   3.80
  1973          88     0.22642  0.20340  0.50   11061    2250    9936    39422   3.56
  1973          89     0.24590  0.21897  0.50    8811    1929    7846    29486   3.35
  1973          90     0.26647  0.23514  0.50    6882    1618    6073    21640   3.14
  1973          91     0.28810  0.25183  0.50    5263    1325    4601    15568   2.96
  1973          92     0.31074  0.26896  0.50    3938    1059    3408    10967   2.78
  1973          93     0.33433  0.28645  0.50    2879     825    2467     7558   2.63
  1973          94     0.35877  0.30420  0.50    2054     625    1742     5092   2.48
  1973          95     0.38397  0.32213  0.50    1429     460    1199     3350   2.34
  1973          96     0.40982  0.34012  0.50     969     330     804     2151   2.22
  1973          97     0.43618  0.35809  0.50     639     229     525     1347   2.11
  1973          98     0.46292  0.37591  0.50     410     154     333      822   2.00
  1973          99     0.48987  0.39349  0.50     256     101     206      489   1.91
  1973         100     0.51690  0.41074  0.50     155      64     123      283   1.82
  1973         101     0.54382  0.42756  0.50      92      39      72      160   1.74
  1973         102     0.57047  0.44386  0.50      52      23      41       88   1.67
  1973         103     0.59669  0.45958  0.50      29      13      22       47   1.61
  1973         104     0.62235  0.47465  0.50      16       7      12       24   1.55
  1973         105     0.64732  0.48904  0.50       8       4       6       12   1.49
  1973         106     0.67155  0.50274  0.50       4       2       3        6   1.45
  1973         107     0.69504  0.51579  0.50       2       1       2        3   1.40
  1973         108     0.71791  0.52828  0.50       1       1       1        1   1.36
  1973         109     0.74032  0.54031  0.50       0       0       0        1   1.32
  1973         110+    0.77429  1.00000  1.29       0       0       0        0   1.29
  1974           0     0.01241  0.01228  0.16  100000    1228   98963  7290436  72.90
  1974           1     0.00166  0.00166  0.50   98772     164   98690  7191473  72.81
  1974           2     0.00123  0.00123  0.50   98608     121   98547  7092784  71.93
  1974           3     0.00090  0.00090  0.50   98487      89   98443  6994236  71.02
  1974           4     0.00068  0.00068  0.50   98398      67   98365  6895794  70.08
  1974           5     0.00055  0.00055  0.50   98331      54   98304  6797429  69.13
  1974           6     0.00045  0.00045  0.50   98277      44   98255  6699125  68.17
  1974           7     0.00036  0.00036  0.50   98233      35   98215  6600870  67.20
  1974           8     0.00028  0.00028  0.50   98198      28   98184  6502655  66.22
  1974           9     0.00024  0.00024  0.50   98170      24   98158  6404471  65.24
  1974          10     0.00023  0.00023  0.50   98146      23   98135  6306313  64.25
  1974          11     0.00025  0.00025  0.50   98123      25   98111  6208179  63.27
  1974          12     0.00028  0.00028  0.50   98098      27   98084  6110068  62.29
  1974          13     0.00030  0.00030  0.50   98071      30   98056  6011984  61.30
  1974          14     0.00034  0.00034  0.50   98041      34   98024  5913928  60.32
  1974          15     0.00044  0.00044  0.50   98007      43   97986  5815903  59.34
  1974          16     0.00056  0.00056  0.50   97965      54   97938  5717917  58.37
  1974          17     0.00067  0.00067  0.50   97910      66   97877  5619980  57.40
  1974          18     0.00076  0.00076  0.50   97844      74   97807  5522103  56.44
  1974          19     0.00080  0.00080  0.50   97770      78   97731  5424295  55.48
  1974          20     0.00083  0.00083  0.50   97692      81   97651  5326564  54.52
  1974          21     0.00087  0.00087  0.50   97611      84   97568  5228913  53.57
  1974          22     0.00090  0.00090  0.50   97526      88   97482  5131344  52.62
  1974          23     0.00093  0.00093  0.50   97438      90   97393  5033862  51.66
  1974          24     0.00094  0.00094  0.50   97348      91   97302  4936469  50.71
  1974          25     0.00096  0.00096  0.50   97257      93   97210  4839167  49.76
  1974          26     0.00100  0.00099  0.50   97163      97   97115  4741957  48.80
  1974          27     0.00104  0.00104  0.50   97067     101   97016  4644842  47.85
  1974          28     0.00110  0.00110  0.50   96965     107   96912  4547826  46.90
  1974          29     0.00117  0.00117  0.50   96859     113   96802  4450914  45.95
  1974          30     0.00122  0.00122  0.50   96746     118   96687  4354112  45.01
  1974          31     0.00126  0.00126  0.50   96627     121   96567  4257425  44.06
  1974          32     0.00125  0.00125  0.50   96506     121   96446  4160858  43.12
  1974          33     0.00125  0.00125  0.50   96385     120   96325  4064413  42.17
  1974          34     0.00128  0.00128  0.50   96265     123   96204  3968087  41.22
  1974          35     0.00138  0.00138  0.50   96142     133   96076  3871884  40.27
  1974          36     0.00155  0.00155  0.50   96009     149   95935  3775808  39.33
  1974          37     0.00176  0.00175  0.50   95860     168   95776  3679874  38.39
  1974          38     0.00197  0.00197  0.50   95692     188   95598  3584098  37.45
  1974          39     0.00218  0.00218  0.50   95504     208   95400  3488500  36.53
  1974          40     0.00240  0.00240  0.50   95295     229   95181  3393101  35.61
  1974          41     0.00262  0.00262  0.50   95067     249   94942  3297919  34.69
  1974          42     0.00280  0.00280  0.50   94818     265   94685  3202977  33.78
  1974          43     0.00294  0.00293  0.50   94553     277   94414  3108292  32.87
  1974          44     0.00304  0.00304  0.50   94275     286   94132  3013878  31.97
  1974          45     0.00317  0.00317  0.50   93989     298   93840  2919746  31.06
  1974          46     0.00338  0.00337  0.50   93691     316   93533  2825905  30.16
  1974          47     0.00372  0.00371  0.50   93375     347   93202  2732372  29.26
  1974          48     0.00413  0.00412  0.50   93029     383   92837  2639170  28.37
  1974          49     0.00453  0.00452  0.50   92645     419   92436  2546333  27.48
  1974          50     0.00491  0.00489  0.50   92227     451   92001  2453897  26.61
  1974          51     0.00525  0.00524  0.50   91775     481   91535  2361896  25.74
  1974          52     0.00556  0.00555  0.50   91295     506   91041  2270361  24.87
  1974          53     0.00588  0.00586  0.50   90788     532   90522  2179320  24.00
  1974          54     0.00635  0.00633  0.50   90256     571   89971  2088797  23.14
  1974          55     0.00701  0.00699  0.50   89685     627   89372  1998827  22.29
  1974          56     0.00784  0.00781  0.50   89058     695   88711  1909455  21.44
  1974          57     0.00873  0.00869  0.50   88363     768   87979  1820745  20.61
  1974          58     0.00961  0.00957  0.50   87595     838   87176  1732765  19.78
  1974          59     0.01058  0.01052  0.50   86757     913   86301  1645589  18.97
  1974          60     0.01170  0.01163  0.50   85844     999   85345  1559288  18.16
  1974          61     0.01303  0.01294  0.50   84846    1098   84297  1473944  17.37
  1974          62     0.01454  0.01444  0.50   83748    1209   83143  1389647  16.59
  1974          63     0.01621  0.01608  0.50   82539    1327   81875  1306504  15.83
  1974          64     0.01792  0.01776  0.50   81212    1443   80490  1224629  15.08
  1974          65     0.01964  0.01945  0.50   79769    1552   78993  1144138  14.34
  1974          66     0.02158  0.02135  0.50   78217    1670   77382  1065145  13.62
  1974          67     0.02393  0.02365  0.50   76547    1810   75642   987763  12.90
  1974          68     0.02686  0.02651  0.50   74737    1981   73746   912121  12.20
  1974          69     0.03044  0.02998  0.50   72756    2181   71665   838374  11.52
  1974          70     0.03474  0.03415  0.50   70575    2410   69370   766709  10.86
  1974          71     0.03985  0.03907  0.50   68165    2663   66833   697339  10.23
  1974          72     0.04557  0.04455  0.50   65501    2918   64042   630507   9.63
  1974          73     0.05169  0.05039  0.50   62583    3153   61006   566464   9.05
  1974          74     0.05820  0.05655  0.50   59430    3361   57749   505458   8.51
  1974          75     0.06513  0.06308  0.50   56069    3537   54300   447709   7.99
  1974          76     0.07257  0.07003  0.50   52532    3679   50693   393408   7.49
  1974          77     0.08086  0.07772  0.50   48853    3797   46955   342716   7.02
  1974          78     0.09030  0.08640  0.50   45057    3893   43110   295761   6.56
  1974          79     0.10063  0.09580  0.50   41164    3944   39192   252651   6.14
  1974          80     0.11157  0.10568  0.50   37220    3933   35253   213459   5.74
  1974          81     0.12343  0.11625  0.50   33287    3870   31352   178205   5.35
  1974          82     0.13656  0.12783  0.50   29417    3760   27537   146854   4.99
  1974          83     0.15112  0.14050  0.50   25657    3605   23854   119317   4.65
  1974          84     0.16721  0.15431  0.50   22052    3403   20350    95462   4.33
  1974          85     0.18491  0.16926  0.50   18649    3157   17071    75112   4.03
  1974          86     0.20427  0.18534  0.50   15492    2871   14057    58041   3.75
  1974          87     0.22530  0.20249  0.50   12621    2556   11343    43985   3.49
  1974          88     0.24804  0.22067  0.50   10065    2221    8955    32641   3.24
  1974          89     0.27244  0.23978  0.50    7844    1881    6904    23687   3.02
  1974          90     0.29848  0.25972  0.50    5963    1549    5189    16783   2.81
  1974          91     0.32607  0.28036  0.50    4415    1238    3796    11594   2.63
  1974          92     0.35508  0.30154  0.50    3177     958    2698     7798   2.45
  1974          93     0.38534  0.32309  0.50    2219     717    1860     5100   2.30
  1974          94     0.41666  0.34482  0.50    1502     518    1243     3240   2.16
  1974          95     0.44878  0.36654  0.50     984     361     804     1997   2.03
  1974          96     0.48146  0.38804  0.50     623     242     502     1193   1.91
  1974          97     0.51438  0.40915  0.50     381     156     303      690   1.81
  1974          98     0.54727  0.42969  0.50     225      97     177      387   1.72
  1974          99     0.57983  0.44951  0.50     129      58     100      210   1.63
  1974         100     0.61176  0.46847  0.50      71      33      54      110   1.56
  1974         101     0.64280  0.48645  0.50      38      18      28       56   1.49
  1974         102     0.67270  0.50339  0.50      19      10      14       28   1.44
  1974         103     0.70125  0.51921  0.50      10       5       7       13   1.38
  1974         104     0.72827  0.53387  0.50       5       2       3        6   1.34
  1974         105     0.75364  0.54738  0.50       2       1       2        3   1.30
  1974         106     0.77732  0.55976  0.50       1       1       1        1   1.26
  1974         107     0.79937  0.57111  0.50       0       0       0        1   1.23
  1974         108     0.82006  0.58159  0.50       0       0       0        0   1.20
  1974         109     0.83974  0.59142  0.50       0       0       0        0   1.18
  1974         110+    0.86587  1.00000  1.15       0       0       0        0   1.15
  1975           0     0.01034  0.01025  0.15  100000    1025   99132  7408405  74.08
  1975           1     0.00125  0.00125  0.50   98975     124   98913  7309273  73.85
  1975           2     0.00104  0.00104  0.50   98851     103   98800  7210360  72.94
  1975           3     0.00085  0.00085  0.50   98748      84   98706  7111561  72.02
  1975           4     0.00067  0.00067  0.50   98664      67   98631  7012855  71.08
  1975           5     0.00052  0.00051  0.50   98598      51   98572  6914224  70.13
  1975           6     0.00038  0.00038  0.50   98547      37   98528  6815652  69.16
  1975           7     0.00027  0.00027  0.50   98510      26   98497  6717124  68.19
  1975           8     0.00019  0.00019  0.50   98483      19   98474  6618627  67.21
  1975           9     0.00015  0.00015  0.50   98465      15   98457  6520153  66.22
  1975          10     0.00014  0.00014  0.50   98450      13   98443  6421696  65.23
  1975          11     0.00015  0.00015  0.50   98437      15   98429  6323252  64.24
  1975          12     0.00018  0.00018  0.50   98422      18   98413  6224823  63.25
  1975          13     0.00023  0.00023  0.50   98404      23   98393  6126410  62.26
  1975          14     0.00031  0.00031  0.50   98381      30   98366  6028017  61.27
  1975          15     0.00041  0.00041  0.50   98351      41   98331  5929651  60.29
  1975          16     0.00055  0.00055  0.50   98310      54   98283  5831320  59.32
  1975          17     0.00070  0.00070  0.50   98256      69   98222  5733037  58.35
  1975          18     0.00083  0.00083  0.50   98188      82   98147  5634815  57.39
  1975          19     0.00092  0.00092  0.50   98106      91   98061  5536668  56.44
  1975          20     0.00096  0.00096  0.50   98015      94   97968  5438607  55.49
  1975          21     0.00097  0.00097  0.50   97921      95   97874  5340639  54.54
  1975          22     0.00097  0.00097  0.50   97827      95   97779  5242765  53.59
  1975          23     0.00096  0.00096  0.50   97732      94   97685  5144986  52.64
  1975          24     0.00096  0.00096  0.50   97638      94   97591  5047301  51.69
  1975          25     0.00096  0.00096  0.50   97544      93   97498  4949710  50.74
  1975          26     0.00096  0.00096  0.50   97451      94   97404  4852212  49.79
  1975          27     0.00098  0.00098  0.50   97357      95   97310  4754808  48.84
  1975          28     0.00099  0.00099  0.50   97262      96   97214  4657498  47.89
  1975          29     0.00099  0.00099  0.50   97166      96   97118  4560285  46.93
  1975          30     0.00100  0.00100  0.50   97069      97   97021  4463167  45.98
  1975          31     0.00102  0.00102  0.50   96972      99   96923  4366146  45.02
  1975          32     0.00107  0.00106  0.50   96873     103   96822  4269223  44.07
  1975          33     0.00114  0.00114  0.50   96770     110   96715  4172402  43.12
  1975          34     0.00124  0.00124  0.50   96660     120   96600  4075686  42.17
  1975          35     0.00137  0.00137  0.50   96540     132   96474  3979086  41.22
  1975          36     0.00150  0.00149  0.50   96408     144   96336  3882613  40.27
  1975          37     0.00160  0.00159  0.50   96264     153   96187  3786277  39.33
  1975          38     0.00167  0.00167  0.50   96110     160   96030  3690090  38.39
  1975          39     0.00173  0.00173  0.50   95950     166   95866  3594061  37.46
  1975          40     0.00180  0.00180  0.50   95783     172   95697  3498194  36.52
  1975          41     0.00189  0.00189  0.50   95611     181   95521  3402497  35.59
  1975          42     0.00204  0.00204  0.50   95430     194   95333  3306976  34.65
  1975          43     0.00224  0.00224  0.50   95236     213   95129  3211643  33.72
  1975          44     0.00248  0.00248  0.50   95023     236   94905  3116514  32.80
  1975          45     0.00274  0.00274  0.50   94787     260   94657  3021609  31.88
  1975          46     0.00300  0.00300  0.50   94527     283   94386  2926951  30.96
  1975          47     0.00326  0.00326  0.50   94244     307   94091  2832565  30.06
  1975          48     0.00355  0.00354  0.50   93937     333   93771  2738475  29.15
  1975          49     0.00386  0.00385  0.50   93605     361   93425  2644703  28.25
  1975          50     0.00419  0.00418  0.50   93244     389   93049  2551279  27.36
  1975          51     0.00451  0.00450  0.50   92855     418   92646  2458229  26.47
  1975          52     0.00486  0.00485  0.50   92437     449   92213  2365583  25.59
  1975          53     0.00530  0.00529  0.50   91989     486   91746  2273371  24.71
  1975          54     0.00582  0.00581  0.50   91502     531   91237  2181625  23.84
  1975          55     0.00646  0.00644  0.50   90971     586   90678  2090388  22.98
  1975          56     0.00722  0.00720  0.50   90385     651   90060  1999710  22.12
  1975          57     0.00813  0.00810  0.50   89735     727   89371  1909650  21.28
  1975          58     0.00915  0.00911  0.50   89008     811   88603  1820279  20.45
  1975          59     0.01020  0.01014  0.50   88198     895   87750  1731676  19.63
  1975          60     0.01129  0.01122  0.50   87303     980   86813  1643926  18.83
  1975          61     0.01247  0.01239  0.50   86323    1070   85788  1557113  18.04
  1975          62     0.01385  0.01376  0.50   85253    1173   84667  1471325  17.26
  1975          63     0.01552  0.01540  0.50   84080    1294   83433  1386658  16.49
  1975          64     0.01746  0.01731  0.50   82786    1433   82069  1303225  15.74
  1975          65     0.01963  0.01944  0.50   81353    1582   80562  1221156  15.01
  1975          66     0.02194  0.02170  0.50   79771    1731   78906  1140594  14.30
  1975          67     0.02438  0.02409  0.50   78040    1880   77100  1061688  13.60
  1975          68     0.02698  0.02662  0.50   76160    2028   75146   984588  12.93
  1975          69     0.02977  0.02934  0.50   74133    2175   73045   909442  12.27
  1975          70     0.03281  0.03228  0.50   71958    2323   70796   836397  11.62
  1975          71     0.03623  0.03558  0.50   69635    2478   68396   765600  10.99
  1975          72     0.04013  0.03934  0.50   67157    2642   65836   697204  10.38
  1975          73     0.04463  0.04365  0.50   64515    2816   63107   631368   9.79
  1975          74     0.04992  0.04870  0.50   61699    3005   60196   568261   9.21
  1975          75     0.05622  0.05468  0.50   58694    3210   57089   508065   8.66
  1975          76     0.06362  0.06166  0.50   55484    3421   53774   450976   8.13
  1975          77     0.07195  0.06945  0.50   52063    3616   50255   397202   7.63
  1975          78     0.08099  0.07784  0.50   48447    3771   46562   346947   7.16
  1975          79     0.09064  0.08671  0.50   44676    3874   42739   300385   6.72
  1975          80     0.10082  0.09598  0.50   40802    3916   38844   257646   6.31
  1975          81     0.11143  0.10555  0.50   36886    3893   34940   218802   5.93
  1975          82     0.12244  0.11538  0.50   32993    3807   31090   183862   5.57
  1975          83     0.13408  0.12565  0.50   29186    3667   27353   152773   5.23
  1975          84     0.14652  0.13652  0.50   25519    3484   23777   125420   4.91
  1975          85     0.15994  0.14810  0.50   22035    3263   20403   101643   4.61
  1975          86     0.17445  0.16045  0.50   18772    3012   17266    81240   4.33
  1975          87     0.19014  0.17364  0.50   15760    2736   14392    63974   4.06
  1975          88     0.20708  0.18765  0.50   13023    2444   11801    49582   3.81
  1975          89     0.22527  0.20247  0.50   10579    2142    9508    37781   3.57
  1975          90     0.24473  0.21805  0.50    8437    1840    7518    28272   3.35
  1975          91     0.26544  0.23434  0.50    6598    1546    5825    20755   3.15
  1975          92     0.28735  0.25125  0.50    5052    1269    4417    14930   2.96
  1975          93     0.31041  0.26870  0.50    3782    1016    3274    10513   2.78
  1975          94     0.33453  0.28660  0.50    2766     793    2370     7239   2.62
  1975          95     0.35963  0.30482  0.50    1973     601    1673     4869   2.47
  1975          96     0.38557  0.32325  0.50    1372     443    1150     3197   2.33
  1975          97     0.41222  0.34178  0.50     928     317     770     2047   2.20
  1975          98     0.43942  0.36026  0.50     611     220     501     1277   2.09
  1975          99     0.46699  0.37859  0.50     391     148     317      776   1.98
  1975         100     0.49474  0.39663  0.50     243      96     195      459   1.89
  1975         101     0.52249  0.41426  0.50     147      61     116      264   1.80
  1975         102     0.55002  0.43139  0.50      86      37      67      148   1.72
  1975         103     0.57715  0.44790  0.50      49      22      38       81   1.65
  1975         104     0.60370  0.46373  0.50      27      12      21       43   1.59
  1975         105     0.62954  0.47882  0.50      14       7      11       22   1.53
  1975         106     0.65458  0.49317  0.50       8       4       6       11   1.48
  1975         107     0.67881  0.50680  0.50       4       2       3        5   1.43
  1975         108     0.70235  0.51981  0.50       2       1       1        3   1.39
  1975         109     0.72540  0.53232  0.50       1       0       1        1   1.35
  1975         110+    0.76031  1.00000  1.32       0       0       1        1   1.32
  1976           0     0.00949  0.00942  0.15  100000     942   99201  7439857  74.40
  1976           1     0.00180  0.00180  0.50   99058     178   98969  7340656  74.10
  1976           2     0.00106  0.00106  0.50   98880     105   98828  7241687  73.24
  1976           3     0.00066  0.00066  0.50   98776      65   98743  7142859  72.31
  1976           4     0.00052  0.00052  0.50   98710      52   98685  7044116  71.36
  1976           5     0.00050  0.00050  0.50   98659      49   98634  6945431  70.40
  1976           6     0.00051  0.00051  0.50   98610      50   98585  6846797  69.43
  1976           7     0.00049  0.00049  0.50   98560      48   98536  6748212  68.47
  1976           8     0.00036  0.00036  0.50   98512      35   98494  6649677  67.50
  1976           9     0.00019  0.00019  0.50   98477      19   98467  6551182  66.53
  1976          10     0.00011  0.00011  0.50   98457      11   98452  6452715  65.54
  1976          11     0.00017  0.00017  0.50   98447      17   98438  6354263  64.55
  1976          12     0.00035  0.00035  0.50   98430      35   98412  6255825  63.56
  1976          13     0.00038  0.00038  0.50   98395      38   98376  6157413  62.58
  1976          14     0.00035  0.00035  0.50   98357      34   98340  6059037  61.60
  1976          15     0.00039  0.00039  0.50   98323      39   98304  5960697  60.62
  1976          16     0.00045  0.00045  0.50   98284      44   98262  5862393  59.65
  1976          17     0.00043  0.00043  0.50   98240      42   98219  5764131  58.67
  1976          18     0.00047  0.00047  0.50   98198      46   98175  5665911  57.70
  1976          19     0.00063  0.00063  0.50   98152      62   98121  5567737  56.73
  1976          20     0.00066  0.00066  0.50   98090      65   98057  5469616  55.76
  1976          21     0.00063  0.00063  0.50   98025      62   97994  5371558  54.80
  1976          22     0.00065  0.00065  0.50   97963      63   97931  5273564  53.83
  1976          23     0.00069  0.00069  0.50   97900      67   97866  5175633  52.87
  1976          24     0.00069  0.00069  0.50   97833      68   97799  5077767  51.90
  1976          25     0.00073  0.00073  0.50   97765      71   97729  4979968  50.94
  1976          26     0.00075  0.00075  0.50   97694      74   97657  4882239  49.97
  1976          27     0.00075  0.00075  0.50   97620      73   97584  4784581  49.01
  1976          28     0.00081  0.00081  0.50   97547      79   97508  4686997  48.05
  1976          29     0.00098  0.00098  0.50   97468      96   97420  4589490  47.09
  1976          30     0.00097  0.00097  0.50   97372      95   97325  4492070  46.13
  1976          31     0.00092  0.00092  0.50   97277      90   97232  4394745  45.18
  1976          32     0.00103  0.00103  0.50   97187     100   97137  4297513  44.22
  1976          33     0.00117  0.00117  0.50   97087     114   97030  4200376  43.26
  1976          34     0.00118  0.00118  0.50   96973     114   96916  4103346  42.31
  1976          35     0.00106  0.00106  0.50   96859     103   96807  4006430  41.36
  1976          36     0.00093  0.00092  0.50   96756      89   96711  3909623  40.41
  1976          37     0.00095  0.00095  0.50   96666      92   96620  3812912  39.44
  1976          38     0.00118  0.00118  0.50   96574     114   96518  3716292  38.48
  1976          39     0.00154  0.00154  0.50   96461     149   96386  3619774  37.53
  1976          40     0.00178  0.00178  0.50   96312     172   96226  3523388  36.58
  1976          41     0.00175  0.00174  0.50   96140     168   96057  3427162  35.65
  1976          42     0.00186  0.00185  0.50   95973     178   95884  3331105  34.71
  1976          43     0.00217  0.00217  0.50   95795     207   95691  3235221  33.77
  1976          44     0.00259  0.00259  0.50   95587     247   95464  3139530  32.84
  1976          45     0.00301  0.00301  0.50   95340     287   95197  3044067  31.93
  1976          46     0.00331  0.00330  0.50   95053     314   94896  2948870  31.02
  1976          47     0.00343  0.00342  0.50   94739     324   94577  2853974  30.12
  1976          48     0.00352  0.00351  0.50   94415     331   94250  2759396  29.23
  1976          49     0.00372  0.00371  0.50   94084     349   93909  2665147  28.33
  1976          50     0.00392  0.00391  0.50   93735     367   93552  2571237  27.43
  1976          51     0.00406  0.00405  0.50   93368     379   93179  2477686  26.54
  1976          52     0.00443  0.00442  0.50   92990     411   92784  2384507  25.64
  1976          53     0.00526  0.00525  0.50   92579     486   92336  2291723  24.75
  1976          54     0.00625  0.00623  0.50   92093     574   91806  2199387  23.88
  1976          55     0.00682  0.00680  0.50   91519     622   91208  2107581  23.03
  1976          56     0.00670  0.00668  0.50   90897     607   90593  2016373  22.18
  1976          57     0.00694  0.00692  0.50   90290     625   89977  1925780  21.33
  1976          58     0.00830  0.00827  0.50   89665     741   89294  1835803  20.47
  1976          59     0.00953  0.00948  0.50   88923     843   88502  1746508  19.64
  1976          60     0.01069  0.01063  0.50   88080     937   87612  1658006  18.82
  1976          61     0.01217  0.01210  0.50   87144    1054   86617  1570394  18.02
  1976          62     0.01351  0.01342  0.50   86090    1155   85512  1483778  17.24
  1976          63     0.01441  0.01431  0.50   84934    1215   84327  1398266  16.46
  1976          64     0.01607  0.01594  0.50   83719    1335   83052  1313939  15.69
  1976          65     0.01913  0.01894  0.50   82384    1561   81604  1230887  14.94
  1976          66     0.02144  0.02121  0.50   80824    1714   79966  1149283  14.22
  1976          67     0.02358  0.02330  0.50   79109    1843   78187  1069317  13.52
  1976          68     0.02654  0.02620  0.50   77266    2024   76254   991129  12.83
  1976          69     0.02947  0.02904  0.50   75242    2185   74149   914876  12.16
  1976          70     0.03189  0.03139  0.50   73057    2293   71910   840726  11.51
  1976          71     0.03585  0.03522  0.50   70764    2493   69517   768816  10.86
  1976          72     0.04067  0.03986  0.50   68271    2721   66910   699299  10.24
  1976          73     0.04534  0.04433  0.50   65550    2906   64097   632389   9.65
  1976          74     0.05126  0.04998  0.50   62643    3131   61078   568292   9.07
  1976          75     0.05899  0.05730  0.50   59512    3410   57807   507214   8.52
  1976          76     0.06476  0.06273  0.50   56102    3519   54342   449407   8.01
  1976          77     0.06960  0.06726  0.50   52583    3537   50814   395065   7.51
  1976          78     0.07608  0.07329  0.50   49046    3595   47249   344250   7.02
  1976          79     0.08672  0.08312  0.50   45451    3778   43562   297002   6.53
  1976          80     0.10247  0.09748  0.50   41673    4062   39642   253439   6.08
  1976          81     0.11806  0.11148  0.50   37611    4193   35515   213797   5.68
  1976          82     0.12936  0.12150  0.50   33418    4060   31388   178282   5.33
  1976          83     0.14133  0.13200  0.50   29358    3875   27420   146894   5.00
  1976          84     0.15494  0.14380  0.50   25483    3664   23650   119474   4.69
  1976          85     0.16967  0.15640  0.50   21818    3412   20112    95824   4.39
  1976          86     0.18555  0.16979  0.50   18406    3125   16843    75712   4.11
  1976          87     0.20269  0.18404  0.50   15281    2812   13874    58868   3.85
  1976          88     0.22108  0.19908  0.50   12468    2482   11227    44994   3.61
  1976          89     0.24073  0.21487  0.50    9986    2146    8913    33767   3.38
  1976          90     0.26167  0.23139  0.50    7840    1814    6933    24853   3.17
  1976          91     0.28387  0.24858  0.50    6026    1498    5277    17920   2.97
  1976          92     0.30729  0.26637  0.50    4528    1206    3925    12643   2.79
  1976          93     0.33190  0.28466  0.50    3322     946    2849     8718   2.62
  1976          94     0.35762  0.30337  0.50    2376     721    2016     5869   2.47
  1976          95     0.38435  0.32239  0.50    1655     534    1389     3853   2.33
  1976          96     0.41198  0.34161  0.50    1122     383     930     2464   2.20
  1976          97     0.44037  0.36090  0.50     739     267     605     1534   2.08
  1976          98     0.46938  0.38016  0.50     472     179     382      929   1.97
  1976          99     0.49883  0.39925  0.50     293     117     234      546   1.87
  1976         100     0.52855  0.41807  0.50     176      73     139      312   1.78
  1976         101     0.55836  0.43650  0.50     102      45      80      173   1.69
  1976         102     0.58805  0.45444  0.50      58      26      45       93   1.62
  1976         103     0.61745  0.47179  0.50      31      15      24       49   1.55
  1976         104     0.64635  0.48848  0.50      17       8      13       25   1.49
  1976         105     0.67457  0.50443  0.50       8       4       6       12   1.43
  1976         106     0.70195  0.51959  0.50       4       2       3        6   1.38
  1976         107     0.72832  0.53390  0.50       2       1       1        3   1.34
  1976         108     0.75344  0.54727  0.50       1       1       1        1   1.30
  1976         109     0.77723  0.55971  0.50       0       0       0        1   1.26
  1976         110+    0.81387  1.00000  1.23       0       0       0        0   1.23
  1977           0     0.00920  0.00913  0.15  100000     913   99225  7499791  75.00
  1977           1     0.00178  0.00178  0.50   99087     177   98998  7400566  74.69
  1977           2     0.00102  0.00102  0.50   98910     100   98860  7301567  73.82
  1977           3     0.00059  0.00059  0.50   98810      59   98780  7202707  72.89
  1977           4     0.00043  0.00043  0.50   98751      43   98730  7103927  71.94
  1977           5     0.00038  0.00038  0.50   98708      37   98689  7005197  70.97
  1977           6     0.00036  0.00036  0.50   98671      35   98653  6906508  70.00
  1977           7     0.00033  0.00033  0.50   98635      32   98619  6807855  69.02
  1977           8     0.00029  0.00029  0.50   98603      29   98588  6709236  68.04
  1977           9     0.00028  0.00028  0.50   98574      28   98560  6610647  67.06
  1977          10     0.00032  0.00032  0.50   98546      32   98530  6512087  66.08
  1977          11     0.00029  0.00029  0.50   98514      29   98500  6413557  65.10
  1977          12     0.00015  0.00015  0.50   98486      15   98479  6315057  64.12
  1977          13     0.00012  0.00012  0.50   98471      12   98465  6216578  63.13
  1977          14     0.00019  0.00019  0.50   98459      19   98450  6118113  62.14
  1977          15     0.00028  0.00028  0.50   98440      27   98426  6019663  61.15
  1977          16     0.00036  0.00036  0.50   98413      36   98395  5921237  60.17
  1977          17     0.00044  0.00044  0.50   98377      44   98355  5822842  59.19
  1977          18     0.00048  0.00048  0.50   98333      47   98310  5724487  58.22
  1977          19     0.00048  0.00048  0.50   98286      47   98263  5626177  57.24
  1977          20     0.00062  0.00062  0.50   98239      61   98209  5527915  56.27
  1977          21     0.00077  0.00077  0.50   98178      75   98141  5429706  55.30
  1977          22     0.00077  0.00077  0.50   98103      76   98065  5331565  54.35
  1977          23     0.00068  0.00068  0.50   98027      67   97994  5233500  53.39
  1977          24     0.00061  0.00061  0.50   97961      59   97931  5135506  52.42
  1977          25     0.00068  0.00068  0.50   97901      67   97868  5037576  51.46
  1977          26     0.00080  0.00080  0.50   97834      78   97795  4939708  50.49
  1977          27     0.00081  0.00081  0.50   97756      79   97717  4841913  49.53
  1977          28     0.00082  0.00082  0.50   97677      80   97637  4744196  48.57
  1977          29     0.00090  0.00090  0.50   97597      88   97553  4646559  47.61
  1977          30     0.00083  0.00083  0.50   97509      81   97468  4549006  46.65
  1977          31     0.00072  0.00072  0.50   97428      70   97393  4451538  45.69
  1977          32     0.00076  0.00076  0.50   97358      74   97321  4354145  44.72
  1977          33     0.00091  0.00091  0.50   97284      88   97240  4256824  43.76
  1977          34     0.00106  0.00106  0.50   97196     103   97144  4159584  42.80
  1977          35     0.00120  0.00119  0.50   97092     116   97034  4062440  41.84
  1977          36     0.00127  0.00127  0.50   96976     123   96915  3965406  40.89
  1977          37     0.00128  0.00128  0.50   96853     124   96791  3868491  39.94
  1977          38     0.00135  0.00135  0.50   96729     131   96664  3771700  38.99
  1977          39     0.00158  0.00158  0.50   96598     152   96522  3675036  38.04
  1977          40     0.00178  0.00178  0.50   96446     172   96360  3578514  37.10
  1977          41     0.00184  0.00184  0.50   96274     177   96186  3482154  36.17
  1977          42     0.00199  0.00199  0.50   96097     191   96002  3385968  35.23
  1977          43     0.00224  0.00223  0.50   95907     214   95799  3289966  34.30
  1977          44     0.00249  0.00248  0.50   95692     238   95573  3194167  33.38
  1977          45     0.00260  0.00260  0.50   95455     248   95331  3098593  32.46
  1977          46     0.00265  0.00265  0.50   95206     252   95080  3003263  31.54
  1977          47     0.00319  0.00318  0.50   94954     302   94803  2908182  30.63
  1977          48     0.00374  0.00374  0.50   94652     354   94475  2813379  29.72
  1977          49     0.00381  0.00380  0.50   94298     358   94119  2718904  28.83
  1977          50     0.00384  0.00383  0.50   93940     360   93760  2624785  27.94
  1977          51     0.00435  0.00434  0.50   93580     406   93377  2531025  27.05
  1977          52     0.00501  0.00500  0.50   93174     466   92941  2437648  26.16
  1977          53     0.00540  0.00538  0.50   92708     499   92459  2344706  25.29
  1977          54     0.00547  0.00545  0.50   92209     503   91958  2252248  24.43
  1977          55     0.00573  0.00571  0.50   91706     524   91444  2160290  23.56
  1977          56     0.00662  0.00660  0.50   91182     602   90882  2068845  22.69
  1977          57     0.00780  0.00777  0.50   90581     703   90229  1977964  21.84
  1977          58     0.00877  0.00873  0.50   89877     785   89485  1887735  21.00
  1977          59     0.00933  0.00929  0.50   89093     827   88679  1798250  20.18
  1977          60     0.00970  0.00966  0.50   88265     852   87839  1709571  19.37
  1977          61     0.01021  0.01015  0.50   87413     888   86969  1621732  18.55
  1977          62     0.01113  0.01107  0.50   86525     958   86046  1534762  17.74
  1977          63     0.01268  0.01260  0.50   85567    1078   85028  1448716  16.93
  1977          64     0.01470  0.01460  0.50   84489    1233   83872  1363688  16.14
  1977          65     0.01700  0.01686  0.50   83256    1404   82554  1279815  15.37
  1977          66     0.01953  0.01934  0.50   81852    1583   81061  1197261  14.63
  1977          67     0.02227  0.02203  0.50   80269    1768   79385  1116201  13.91
  1977          68     0.02520  0.02489  0.50   78501    1954   77524  1036816  13.21
  1977          69     0.02827  0.02788  0.50   76547    2134   75480   959292  12.53
  1977          70     0.03120  0.03072  0.50   74413    2286   73270   883811  11.88
  1977          71     0.03340  0.03285  0.50   72127    2369   70942   810541  11.24
  1977          72     0.03647  0.03582  0.50   69758    2499   68508   739599  10.60
  1977          73     0.04196  0.04110  0.50   67259    2764   65877   671091   9.98
  1977          74     0.04864  0.04748  0.50   64495    3062   62963   605214   9.38
  1977          75     0.05479  0.05333  0.50   61432    3276   59794   542250   8.83
  1977          76     0.06025  0.05849  0.50   58156    3401   56455   482456   8.30
  1977          77     0.06768  0.06547  0.50   54755    3585   52962   426001   7.78
  1977          78     0.07916  0.07614  0.50   51170    3896   49222   373038   7.29
  1977          79     0.09151  0.08751  0.50   47274    4137   45205   323817   6.85
  1977          80     0.10142  0.09652  0.50   43137    4164   41055   278611   6.46
  1977          81     0.11001  0.10428  0.50   38973    4064   36941   237556   6.10
  1977          82     0.11922  0.11251  0.50   34909    3928   32945   200615   5.75
  1977          83     0.12950  0.12162  0.50   30982    3768   29097   167670   5.41
  1977          84     0.14086  0.13159  0.50   27213    3581   25423   138572   5.09
  1977          85     0.15326  0.14235  0.50   23632    3364   21950   113150   4.79
  1977          86     0.16673  0.15390  0.50   20268    3119   18709    91199   4.50
  1977          87     0.18133  0.16626  0.50   17149    2851   15723    72490   4.23
  1977          88     0.19709  0.17941  0.50   14298    2565   13015    56767   3.97
  1977          89     0.21404  0.19335  0.50   11733    2268   10598    43752   3.73
  1977          90     0.23218  0.20803  0.50    9464    1969    8480    33153   3.50
  1977          91     0.25153  0.22343  0.50    7495    1675    6658    24673   3.29
  1977          92     0.27206  0.23948  0.50    5821    1394    5124    18015   3.10
  1977          93     0.29373  0.25612  0.50    4427    1134    3860    12892   2.91
  1977          94     0.31651  0.27326  0.50    3293     900    2843     9032   2.74
  1977          95     0.34031  0.29082  0.50    2393     696    2045     6189   2.59
  1977          96     0.36504  0.30870  0.50    1697     524    1435     4144   2.44
  1977          97     0.39061  0.32679  0.50    1173     383     982     2708   2.31
  1977          98     0.41687  0.34497  0.50     790     272     654     1727   2.19
  1977          99     0.44369  0.36313  0.50     517     188     423     1073   2.07
  1977         100     0.47090  0.38116  0.50     329     126     267      650   1.97
  1977         101     0.49834  0.39894  0.50     204      81     163      383   1.88
  1977         102     0.52582  0.41636  0.50     123      51      97      220   1.79
  1977         103     0.55317  0.43332  0.50      72      31      56      123   1.72
  1977         104     0.58020  0.44973  0.50      41      18      31       67   1.65
  1977         105     0.60673  0.46551  0.50      22      10      17       35   1.58
  1977         106     0.63260  0.48059  0.50      12       6       9       18   1.52
  1977         107     0.65764  0.49490  0.50       6       3       5        9   1.47
  1977         108     0.68167  0.50839  0.50       3       2       2        4   1.43
  1977         109     0.70461  0.52104  0.50       2       1       1        2   1.38
  1977         110+    0.74264  1.00000  1.35       1       1       1        1   1.35
  1978           0     0.00843  0.00837  0.15  100000     837   99290  7509235  75.09
  1978           1     0.00141  0.00141  0.50   99163     140   99093  7409945  74.72
  1978           2     0.00109  0.00109  0.50   99023     108   98969  7310852  73.83
  1978           3     0.00080  0.00080  0.50   98915      79   98875  7211883  72.91
  1978           4     0.00058  0.00058  0.50   98836      57   98807  7113008  71.97
  1978           5     0.00043  0.00043  0.50   98779      42   98758  7014200  71.01
  1978           6     0.00035  0.00035  0.50   98737      35   98719  6915443  70.04
  1978           7     0.00034  0.00034  0.50   98702      34   98685  6816723  69.06
  1978           8     0.00034  0.00034  0.50   98668      34   98651  6718038  68.09
  1978           9     0.00032  0.00032  0.50   98634      32   98618  6619387  67.11
  1978          10     0.00028  0.00028  0.50   98603      28   98589  6520769  66.13
  1978          11     0.00023  0.00023  0.50   98575      23   98563  6422180  65.15
  1978          12     0.00019  0.00019  0.50   98552      19   98542  6323617  64.17
  1978          13     0.00020  0.00020  0.50   98533      20   98523  6225075  63.18
  1978          14     0.00028  0.00028  0.50   98513      28   98500  6126551  62.19
  1978          15     0.00044  0.00044  0.50   98486      43   98464  6028052  61.21
  1978          16     0.00060  0.00060  0.50   98443      59   98413  5929588  60.23
  1978          17     0.00071  0.00071  0.50   98383      70   98349  5831175  59.27
  1978          18     0.00073  0.00073  0.50   98314      72   98278  5732826  58.31
  1978          19     0.00069  0.00069  0.50   98242      68   98208  5634548  57.35
  1978          20     0.00064  0.00064  0.50   98174      63   98142  5536340  56.39
  1978          21     0.00065  0.00065  0.50   98111      64   98079  5438198  55.43
  1978          22     0.00073  0.00073  0.50   98047      71   98012  5340119  54.46
  1978          23     0.00081  0.00081  0.50   97976      79   97936  5242108  53.50
  1978          24     0.00083  0.00083  0.50   97897      82   97856  5144171  52.55
  1978          25     0.00082  0.00082  0.50   97815      80   97775  5046315  51.59
  1978          26     0.00081  0.00081  0.50   97735      79   97695  4948540  50.63
  1978          27     0.00084  0.00084  0.50   97656      82   97614  4850845  49.67
  1978          28     0.00087  0.00087  0.50   97573      85   97531  4753231  48.71
  1978          29     0.00087  0.00087  0.50   97488      84   97446  4655700  47.76
  1978          30     0.00086  0.00086  0.50   97404      83   97362  4558254  46.80
  1978          31     0.00088  0.00088  0.50   97320      85   97278  4460892  45.84
  1978          32     0.00095  0.00095  0.50   97235      92   97189  4363614  44.88
  1978          33     0.00105  0.00105  0.50   97143     102   97092  4266425  43.92
  1978          34     0.00116  0.00116  0.50   97041     112   96985  4169333  42.96
  1978          35     0.00126  0.00126  0.50   96929     122   96867  4072349  42.01
  1978          36     0.00137  0.00137  0.50   96806     132   96740  3975481  41.07
  1978          37     0.00149  0.00149  0.50   96674     144   96602  3878741  40.12
  1978          38     0.00162  0.00162  0.50   96530     157   96452  3782139  39.18
  1978          39     0.00177  0.00176  0.50   96374     170   96289  3685687  38.24
  1978          40     0.00190  0.00190  0.50   96204     183   96112  3589398  37.31
  1978          41     0.00202  0.00202  0.50   96021     194   95924  3493285  36.38
  1978          42     0.00209  0.00209  0.50   95827     200   95727  3397361  35.45
  1978          43     0.00215  0.00215  0.50   95627     205   95524  3301634  34.53
  1978          44     0.00224  0.00223  0.50   95421     213   95315  3206110  33.60
  1978          45     0.00239  0.00238  0.50   95208     227   95095  3110795  32.67
  1978          46     0.00262  0.00262  0.50   94981     248   94857  3015700  31.75
  1978          47     0.00288  0.00288  0.50   94733     273   94596  2920843  30.83
  1978          48     0.00316  0.00315  0.50   94460     298   94311  2826247  29.92
  1978          49     0.00345  0.00344  0.50   94162     324   94000  2731936  29.01
  1978          50     0.00382  0.00381  0.50   93838     358   93659  2637936  28.11
  1978          51     0.00434  0.00433  0.50   93480     405   93278  2544277  27.22
  1978          52     0.00489  0.00488  0.50   93075     454   92848  2451000  26.33
  1978          53     0.00534  0.00533  0.50   92621     493   92374  2358151  25.46
  1978          54     0.00561  0.00559  0.50   92128     515   91870  2265777  24.59
  1978          55     0.00582  0.00581  0.50   91612     532   91346  2173907  23.73
  1978          56     0.00613  0.00611  0.50   91081     557   90802  2082561  22.87
  1978          57     0.00660  0.00658  0.50   90524     595   90226  1991759  22.00
  1978          58     0.00724  0.00721  0.50   89928     648   89604  1901533  21.14
  1978          59     0.00803  0.00800  0.50   89280     714   88923  1811929  20.29
  1978          60     0.00902  0.00898  0.50   88565     796   88168  1723006  19.45
  1978          61     0.01024  0.01018  0.50   87770     894   87323  1634838  18.63
  1978          62     0.01165  0.01158  0.50   86876    1006   86373  1547515  17.81
  1978          63     0.01321  0.01312  0.50   85870    1127   85307  1461142  17.02
  1978          64     0.01484  0.01473  0.50   84743    1248   84119  1375836  16.24
  1978          65     0.01651  0.01638  0.50   83495    1368   82811  1291716  15.47
  1978          66     0.01841  0.01824  0.50   82128    1498   81379  1208905  14.72
  1978          67     0.02051  0.02031  0.50   80629    1637   79811  1127526  13.98
  1978          68     0.02280  0.02254  0.50   78992    1780   78102  1047715  13.26
  1978          69     0.02539  0.02508  0.50   77212    1936   76244   969613  12.56
  1978          70     0.02853  0.02812  0.50   75276    2117   74217   893369  11.87
  1978          71     0.03248  0.03196  0.50   73159    2338   71990   819152  11.20
  1978          72     0.03725  0.03657  0.50   70821    2590   69526   747163  10.55
  1978          73     0.04272  0.04183  0.50   68231    2854   66804   677637   9.93
  1978          74     0.04854  0.04739  0.50   65377    3098   63828   610833   9.34
  1978          75     0.05448  0.05304  0.50   62279    3303   60627   547005   8.78
  1978          76     0.06090  0.05910  0.50   58976    3485   57233   486378   8.25
  1978          77     0.06813  0.06589  0.50   55490    3656   53662   429145   7.73
  1978          78     0.07639  0.07358  0.50   51834    3814   49927   375483   7.24
  1978          79     0.08562  0.08211  0.50   48020    3943   46049   325556   6.78
  1978          80     0.09568  0.09131  0.50   44077    4025   42065   279507   6.34
  1978          81     0.10642  0.10104  0.50   40053    4047   38029   237442   5.93
  1978          82     0.11782  0.11126  0.50   36006    4006   34003   199413   5.54
  1978          83     0.13020  0.12224  0.50   32000    3912   30044   165410   5.17
  1978          84     0.14385  0.13420  0.50   28088    3769   26203   135367   4.82
  1978          85     0.15897  0.14727  0.50   24319    3581   22528   109163   4.49
  1978          86     0.17570  0.16151  0.50   20737    3349   19063    86636   4.18
  1978          87     0.19412  0.17695  0.50   17388    3077   15850    67573   3.89
  1978          88     0.21429  0.19355  0.50   14311    2770   12926    51723   3.61
  1978          89     0.23621  0.21126  0.50   11541    2438   10322    38797   3.36
  1978          90     0.25989  0.23000  0.50    9103    2094    8056    28475   3.13
  1978          91     0.28527  0.24966  0.50    7009    1750    6134    20419   2.91
  1978          92     0.31227  0.27010  0.50    5259    1421    4549    14284   2.72
  1978          93     0.34077  0.29116  0.50    3839    1118    3280     9735   2.54
  1978          94     0.37058  0.31265  0.50    2721     851    2296     6455   2.37
  1978          95     0.40151  0.33438  0.50    1870     625    1558     4159   2.22
  1978          96     0.43330  0.35614  0.50    1245     443    1023     2602   2.09
  1978          97     0.46566  0.37772  0.50     802     303     650     1578   1.97
  1978          98     0.49830  0.39891  0.50     499     199     399      928   1.86
  1978          99     0.53091  0.41954  0.50     300     126     237      529   1.76
  1978         100     0.56317  0.43943  0.50     174      76     136      292   1.68
  1978         101     0.59478  0.45844  0.50      98      45      75      156   1.60
  1978         102     0.62546  0.47646  0.50      53      25      40       81   1.53
  1978         103     0.65496  0.49338  0.50      28      14      21       41   1.47
  1978         104     0.68304  0.50915  0.50      14       7      10       20   1.42
  1978         105     0.70952  0.52373  0.50       7       4       5        9   1.37
  1978         106     0.73429  0.53710  0.50       3       2       2        4   1.33
  1978         107     0.75729  0.54930  0.50       2       1       1        2   1.29
  1978         108     0.77874  0.56050  0.50       1       0       0        1   1.26
  1978         109     0.79895  0.57089  0.50       0       0       0        0   1.23
  1978         110+    0.82740  1.00000  1.21       0       0       0        0   1.21
  1979           0     0.00864  0.00858  0.15  100000     858   99271  7604735  76.05
  1979           1     0.00139  0.00139  0.50   99142     138   99073  7505463  75.70
  1979           2     0.00105  0.00105  0.50   99004     104   98952  7406390  74.81
  1979           3     0.00077  0.00077  0.50   98900      76   98862  7307438  73.89
  1979           4     0.00056  0.00055  0.50   98824      55   98796  7208577  72.94
  1979           5     0.00041  0.00041  0.50   98769      41   98749  7109780  71.98
  1979           6     0.00033  0.00033  0.50   98728      32   98712  7011032  71.01
  1979           7     0.00028  0.00028  0.50   98696      27   98682  6912320  70.04
  1979           8     0.00023  0.00023  0.50   98669      22   98657  6813637  69.06
  1979           9     0.00018  0.00018  0.50   98646      18   98637  6714980  68.07
  1979          10     0.00015  0.00015  0.50   98629      14   98621  6616342  67.08
  1979          11     0.00013  0.00013  0.50   98614      13   98608  6517721  66.09
  1979          12     0.00014  0.00014  0.50   98601      14   98594  6419113  65.10
  1979          13     0.00019  0.00019  0.50   98587      19   98578  6320519  64.11
  1979          14     0.00027  0.00027  0.50   98569      27   98555  6221941  63.12
  1979          15     0.00039  0.00039  0.50   98542      38   98523  6123386  62.14
  1979          16     0.00048  0.00048  0.50   98504      48   98480  6024863  61.16
  1979          17     0.00054  0.00054  0.50   98456      53   98430  5926383  60.19
  1979          18     0.00056  0.00056  0.50   98403      55   98376  5827953  59.23
  1979          19     0.00057  0.00057  0.50   98348      56   98321  5729578  58.26
  1979          20     0.00059  0.00059  0.50   98293      58   98264  5631257  57.29
  1979          21     0.00061  0.00061  0.50   98235      60   98205  5532993  56.32
  1979          22     0.00061  0.00061  0.50   98175      60   98145  5434789  55.36
  1979          23     0.00064  0.00064  0.50   98115      63   98083  5336644  54.39
  1979          24     0.00073  0.00073  0.50   98052      71   98016  5238561  53.43
  1979          25     0.00078  0.00078  0.50   97980      76   97942  5140545  52.46
  1979          26     0.00078  0.00078  0.50   97904      77   97866  5042602  51.51
  1979          27     0.00077  0.00077  0.50   97828      75   97790  4944736  50.55
  1979          28     0.00074  0.00074  0.50   97753      72   97716  4846946  49.58
  1979          29     0.00073  0.00072  0.50   97680      71   97645  4749230  48.62
  1979          30     0.00070  0.00070  0.50   97609      69   97575  4651585  47.66
  1979          31     0.00071  0.00071  0.50   97541      69   97506  4554010  46.69
  1979          32     0.00076  0.00076  0.50   97472      74   97435  4456504  45.72
  1979          33     0.00087  0.00087  0.50   97398      85   97355  4359069  44.76
  1979          34     0.00102  0.00102  0.50   97313     100   97263  4261714  43.79
  1979          35     0.00115  0.00115  0.50   97213     112   97157  4164451  42.84
  1979          36     0.00122  0.00122  0.50   97101     118   97041  4067295  41.89
  1979          37     0.00127  0.00127  0.50   96982     123   96921  3970253  40.94
  1979          38     0.00131  0.00131  0.50   96859     127   96795  3873333  39.99
  1979          39     0.00135  0.00135  0.50   96732     130   96667  3776537  39.04
  1979          40     0.00144  0.00144  0.50   96602     139   96532  3679870  38.09
  1979          41     0.00165  0.00165  0.50   96462     159   96383  3583338  37.15
  1979          42     0.00194  0.00194  0.50   96303     187   96210  3486955  36.21
  1979          43     0.00221  0.00220  0.50   96117     212   96011  3390745  35.28
  1979          44     0.00238  0.00237  0.50   95905     228   95791  3294734  34.35
  1979          45     0.00254  0.00254  0.50   95677     243   95556  3198943  33.43
  1979          46     0.00281  0.00281  0.50   95434     268   95300  3103387  32.52
  1979          47     0.00315  0.00314  0.50   95167     299   95017  3008086  31.61
  1979          48     0.00349  0.00348  0.50   94867     330   94702  2913069  30.71
  1979          49     0.00376  0.00375  0.50   94537     355   94360  2818367  29.81
  1979          50     0.00397  0.00396  0.50   94183     373   93996  2724007  28.92
  1979          51     0.00416  0.00415  0.50   93810     389   93615  2630011  28.04
  1979          52     0.00441  0.00440  0.50   93420     411   93214  2536396  27.15
  1979          53     0.00478  0.00477  0.50   93009     444   92787  2443181  26.27
  1979          54     0.00521  0.00519  0.50   92565     481   92324  2350394  25.39
  1979          55     0.00564  0.00563  0.50   92084     518   91825  2258070  24.52
  1979          56     0.00610  0.00608  0.50   91566     557   91288  2166245  23.66
  1979          57     0.00669  0.00667  0.50   91010     607   90706  2074957  22.80
  1979          58     0.00749  0.00746  0.50   90402     675   90065  1984251  21.95
  1979          59     0.00823  0.00820  0.50   89728     736   89360  1894186  21.11
  1979          60     0.00891  0.00887  0.50   88992     790   88597  1804826  20.28
  1979          61     0.00961  0.00956  0.50   88202     843   87781  1716229  19.46
  1979          62     0.01044  0.01038  0.50   87359     907   86906  1628448  18.64
  1979          63     0.01150  0.01144  0.50   86452     989   85958  1541543  17.83
  1979          64     0.01282  0.01273  0.50   85463    1088   84919  1455585  17.03
  1979          65     0.01439  0.01429  0.50   84375    1206   83772  1370666  16.24
  1979          66     0.01635  0.01621  0.50   83169    1348   82495  1286893  15.47
  1979          67     0.01869  0.01851  0.50   81821    1515   81064  1204398  14.72
  1979          68     0.02136  0.02114  0.50   80306    1697   79458  1123334  13.99
  1979          69     0.02422  0.02393  0.50   78609    1881   77669  1043876  13.28
  1979          70     0.02708  0.02672  0.50   76728    2050   75703   966208  12.59
  1979          71     0.02990  0.02946  0.50   74678    2200   73578   890505  11.92
  1979          72     0.03293  0.03240  0.50   72478    2348   71304   816927  11.27
  1979          73     0.03657  0.03591  0.50   70130    2519   68871   745622  10.63
  1979          74     0.04159  0.04074  0.50   67612    2755   66234   676752  10.01
  1979          75     0.04832  0.04718  0.50   64857    3060   63327   610517   9.41
  1979          76     0.05541  0.05392  0.50   61797    3332   60131   547190   8.85
  1979          77     0.06252  0.06063  0.50   58465    3545   56693   487059   8.33
  1979          78     0.06972  0.06737  0.50   54921    3700   53071   430366   7.84
  1979          79     0.07709  0.07423  0.50   51221    3802   49320   377295   7.37
  1979          80     0.08483  0.08138  0.50   47419    3859   45489   327975   6.92
  1979          81     0.09329  0.08914  0.50   43560    3883   41618   282486   6.49
  1979          82     0.10286  0.09783  0.50   39677    3882   37736   240868   6.07
  1979          83     0.11367  0.10756  0.50   35795    3850   33870   203131   5.67
  1979          84     0.12577  0.11833  0.50   31945    3780   30055   169261   5.30
  1979          85     0.13919  0.13013  0.50   28165    3665   26332   139206   4.94
  1979          86     0.15398  0.14297  0.50   24500    3503   22748   112874   4.61
  1979          87     0.17019  0.15684  0.50   20997    3293   19351    90125   4.29
  1979          88     0.18789  0.17175  0.50   17704    3041   16184    70775   4.00
  1979          89     0.20714  0.18770  0.50   14663    2752   13287    54591   3.72
  1979          90     0.22797  0.20464  0.50   11911    2438   10692    41304   3.47
  1979          91     0.25040  0.22254  0.50    9473    2108    8419    30612   3.23
  1979          92     0.27442  0.24131  0.50    7365    1777    6477    22192   3.01
  1979          93     0.29996  0.26084  0.50    5588    1458    4859    15716   2.81
  1979          94     0.32695  0.28101  0.50    4130    1161    3550    10856   2.63
  1979          95     0.35527  0.30168  0.50    2970     896    2522     7306   2.46
  1979          96     0.38475  0.32267  0.50    2074     669    1739     4785   2.31
  1979          97     0.41520  0.34382  0.50    1405     483    1163     3045   2.17
  1979          98     0.44640  0.36495  0.50     922     336     754     1882   2.04
  1979          99     0.47811  0.38587  0.50     585     226     472     1129   1.93
  1979         100     0.51007  0.40642  0.50     359     146     286      656   1.83
  1979         101     0.54200  0.42643  0.50     213      91     168      370   1.73
  1979         102     0.57363  0.44577  0.50     122      55      95      202   1.65
  1979         103     0.60470  0.46431  0.50      68      31      52      107   1.58
  1979         104     0.63494  0.48194  0.50      36      18      28       55   1.51
  1979         105     0.66412  0.49857  0.50      19       9      14       27   1.45
  1979         106     0.69205  0.51414  0.50       9       5       7       13   1.40
  1979         107     0.71858  0.52864  0.50       5       2       3        6   1.35
  1979         108     0.74381  0.54217  0.50       2       1       2        3   1.31
  1979         109     0.76795  0.55489  0.50       1       1       1        1   1.28
  1979         110+    0.80407  1.00000  1.24       0       0       1        1   1.24
  1980           0     0.00758  0.00753  0.15  100000     753   99359  7600388  76.00
  1980           1     0.00114  0.00114  0.50   99247     113   99190  7501029  75.58
  1980           2     0.00085  0.00085  0.50   99134      85   99091  7401839  74.67
  1980           3     0.00062  0.00062  0.50   99049      62   99018  7302747  73.73
  1980           4     0.00047  0.00047  0.50   98987      46   98964  7203729  72.77
  1980           5     0.00038  0.00038  0.50   98941      38   98922  7104765  71.81
  1980           6     0.00033  0.00033  0.50   98904      33   98887  7005842  70.84
  1980           7     0.00027  0.00027  0.50   98871      27   98857  6906955  69.86
  1980           8     0.00023  0.00023  0.50   98844      23   98832  6808098  68.88
  1980           9     0.00020  0.00020  0.50   98821      20   98811  6709265  67.89
  1980          10     0.00018  0.00018  0.50   98801      18   98792  6610454  66.91
  1980          11     0.00017  0.00017  0.50   98783      17   98774  6511662  65.92
  1980          12     0.00017  0.00017  0.50   98766      16   98758  6412888  64.93
  1980          13     0.00018  0.00018  0.50   98749      18   98740  6314130  63.94
  1980          14     0.00023  0.00023  0.50   98731      23   98720  6215390  62.95
  1980          15     0.00031  0.00031  0.50   98709      30   98694  6116670  61.97
  1980          16     0.00040  0.00040  0.50   98678      40   98658  6017977  60.99
  1980          17     0.00051  0.00051  0.50   98638      50   98613  5919318  60.01
  1980          18     0.00061  0.00061  0.50   98588      60   98558  5820705  59.04
  1980          19     0.00066  0.00066  0.50   98528      65   98496  5722147  58.08
  1980          20     0.00067  0.00067  0.50   98463      66   98430  5623651  57.11
  1980          21     0.00064  0.00064  0.50   98397      63   98366  5525221  56.15
  1980          22     0.00062  0.00062  0.50   98335      61   98304  5426855  55.19
  1980          23     0.00060  0.00060  0.50   98274      59   98244  5328551  54.22
  1980          24     0.00060  0.00060  0.50   98215      59   98185  5230306  53.25
  1980          25     0.00063  0.00063  0.50   98156      62   98125  5132121  52.29
  1980          26     0.00068  0.00068  0.50   98094      67   98061  5033996  51.32
  1980          27     0.00072  0.00072  0.50   98027      71   97992  4935935  50.35
  1980          28     0.00075  0.00075  0.50   97957      73   97920  4837943  49.39
  1980          29     0.00075  0.00075  0.50   97884      73   97847  4740023  48.43
  1980          30     0.00079  0.00079  0.50   97810      77   97772  4642176  47.46
  1980          31     0.00086  0.00086  0.50   97733      84   97691  4544405  46.50
  1980          32     0.00093  0.00093  0.50   97649      91   97604  4446714  45.54
  1980          33     0.00101  0.00101  0.50   97558      99   97509  4349110  44.58
  1980          34     0.00111  0.00111  0.50   97460     108   97406  4251601  43.62
  1980          35     0.00119  0.00119  0.50   97352     116   97294  4154195  42.67
  1980          36     0.00125  0.00125  0.50   97236     121   97175  4056900  41.72
  1980          37     0.00128  0.00128  0.50   97115     124   97053  3959725  40.77
  1980          38     0.00130  0.00130  0.50   96990     126   96927  3862673  39.83
  1980          39     0.00133  0.00133  0.50   96864     129   96800  3765745  38.88
  1980          40     0.00140  0.00140  0.50   96736     136   96668  3668945  37.93
  1980          41     0.00156  0.00156  0.50   96600     150   96525  3572277  36.98
  1980          42     0.00176  0.00175  0.50   96450     169   96365  3475753  36.04
  1980          43     0.00200  0.00199  0.50   96280     192   96184  3379388  35.10
  1980          44     0.00229  0.00229  0.50   96088     220   95979  3283203  34.17
  1980          45     0.00261  0.00261  0.50   95869     250   95744  3187225  33.25
  1980          46     0.00291  0.00291  0.50   95619     278   95480  3091481  32.33
  1980          47     0.00313  0.00312  0.50   95341     298   95192  2996001  31.42
  1980          48     0.00330  0.00330  0.50   95043     314   94886  2900809  30.52
  1980          49     0.00352  0.00351  0.50   94729     333   94563  2805923  29.62
  1980          50     0.00376  0.00375  0.50   94397     354   94220  2711360  28.72
  1980          51     0.00399  0.00398  0.50   94043     375   93855  2617140  27.83
  1980          52     0.00427  0.00426  0.50   93668     399   93468  2523285  26.94
  1980          53     0.00463  0.00462  0.50   93269     431   93053  2429817  26.05
  1980          54     0.00502  0.00501  0.50   92838     465   92605  2336763  25.17
  1980          55     0.00543  0.00541  0.50   92373     500   92123  2244158  24.29
  1980          56     0.00589  0.00588  0.50   91873     540   91603  2152035  23.42
  1980          57     0.00652  0.00650  0.50   91333     594   91036  2060432  22.56
  1980          58     0.00736  0.00733  0.50   90740     665   90407  1969396  21.70
  1980          59     0.00825  0.00821  0.50   90074     740   89704  1878989  20.86
  1980          60     0.00919  0.00915  0.50   89334     817   88926  1789284  20.03
  1980          61     0.01021  0.01016  0.50   88518     900   88068  1700358  19.21
  1980          62     0.01138  0.01131  0.50   87618     991   87122  1612290  18.40
  1980          63     0.01270  0.01262  0.50   86627    1093   86080  1525168  17.61
  1980          64     0.01412  0.01402  0.50   85534    1199   84934  1439088  16.82
  1980          65     0.01556  0.01544  0.50   84335    1302   83684  1354154  16.06
  1980          66     0.01698  0.01683  0.50   83033    1398   82334  1270470  15.30
  1980          67     0.01853  0.01836  0.50   81635    1499   80886  1188136  14.55
  1980          68     0.02040  0.02020  0.50   80136    1619   79327  1107250  13.82
  1980          69     0.02275  0.02249  0.50   78518    1766   77635  1027923  13.09
  1980          70     0.02570  0.02537  0.50   76752    1948   75778   950288  12.38
  1980          71     0.02938  0.02896  0.50   74804    2166   73721   874510  11.69
  1980          72     0.03349  0.03293  0.50   72638    2392   71442   800788  11.02
  1980          73     0.03771  0.03702  0.50   70246    2600   68946   729346  10.38
  1980          74     0.04225  0.04137  0.50   67646    2799   66246   660400   9.76
  1980          75     0.04747  0.04637  0.50   64847    3007   63344   594154   9.16
  1980          76     0.05386  0.05245  0.50   61840    3244   60218   530811   8.58
  1980          77     0.06124  0.05942  0.50   58597    3482   56856   470592   8.03
  1980          78     0.06931  0.06699  0.50   55115    3692   53269   413737   7.51
  1980          79     0.07818  0.07524  0.50   51423    3869   49488   360468   7.01
  1980          80     0.08797  0.08426  0.50   47554    4007   45550   310979   6.54
  1980          81     0.09864  0.09400  0.50   43547    4093   41500   265429   6.10
  1980          82     0.11016  0.10441  0.50   39453    4119   37394   223929   5.68
  1980          83     0.12279  0.11569  0.50   35334    4088   33290   186535   5.28
  1980          84     0.13680  0.12804  0.50   31246    4001   29246   153245   4.90
  1980          85     0.15239  0.14160  0.50   27246    3858   25317   123999   4.55
  1980          86     0.16972  0.15644  0.50   23388    3659   21558    98682   4.22
  1980          87     0.18893  0.17262  0.50   19729    3406   18026    77124   3.91
  1980          88     0.21011  0.19014  0.50   16323    3104   14771    59098   3.62
  1980          89     0.23330  0.20893  0.50   13220    2762   11839    44327   3.35
  1980          90     0.25852  0.22893  0.50   10458    2394    9261    32488   3.11
  1980          91     0.28572  0.25001  0.50    8063    2016    7056    23228   2.88
  1980          92     0.31482  0.27201  0.50    6048    1645    5225    16172   2.67
  1980          93     0.34568  0.29473  0.50    4403    1298    3754    10947   2.49
  1980          94     0.37807  0.31796  0.50    3105     987    2611     7193   2.32
  1980          95     0.41176  0.34146  0.50    2118     723    1756     4582   2.16
  1980          96     0.44643  0.36497  0.50    1395     509    1140     2826   2.03
  1980          97     0.48174  0.38823  0.50     886     344     714     1685   1.90
  1980          98     0.51731  0.41100  0.50     542     223     430      972   1.79
  1980          99     0.55277  0.43307  0.50     319     138     250      541   1.70
  1980         100     0.58772  0.45424  0.50     181      82     140      291   1.61
  1980         101     0.62181  0.47434  0.50      99      47      75      151   1.53
  1980         102     0.65470  0.49324  0.50      52      26      39       76   1.47
  1980         103     0.68611  0.51086  0.50      26      13      20       37   1.41
  1980         104     0.71578  0.52712  0.50      13       7       9       17   1.36
  1980         105     0.74352  0.54202  0.50       6       3       4        8   1.31
  1980         106     0.76928  0.55558  0.50       3       2       2        4   1.27
  1980         107     0.79306  0.56788  0.50       1       1       1        2   1.24
  1980         108     0.81516  0.57912  0.50       1       0       0        1   1.21
  1980         109     0.83601  0.58957  0.50       0       0       0        0   1.18
  1980         110+    0.86355  1.00000  1.16       0       0       0        0   1.16
  1981           0     0.00777  0.00772  0.15  100000     772   99344  7633626  76.34
  1981           1     0.00150  0.00150  0.50   99228     149   99153  7534282  75.93
  1981           2     0.00102  0.00102  0.50   99079     101   99029  7435128  75.04
  1981           3     0.00064  0.00064  0.50   98978      63   98947  7336100  74.12
  1981           4     0.00040  0.00040  0.50   98915      39   98895  7237153  73.17
  1981           5     0.00028  0.00028  0.50   98875      28   98862  7138258  72.19
  1981           6     0.00025  0.00025  0.50   98848      24   98836  7039396  71.21
  1981           7     0.00026  0.00026  0.50   98823      26   98811  6940561  70.23
  1981           8     0.00027  0.00027  0.50   98798      26   98785  6841750  69.25
  1981           9     0.00025  0.00025  0.50   98772      24   98759  6742965  68.27
  1981          10     0.00020  0.00020  0.50   98747      20   98737  6644206  67.29
  1981          11     0.00016  0.00016  0.50   98727      16   98719  6545469  66.30
  1981          12     0.00015  0.00015  0.50   98711      15   98704  6446750  65.31
  1981          13     0.00018  0.00018  0.50   98696      18   98687  6348046  64.32
  1981          14     0.00023  0.00023  0.50   98678      23   98667  6249359  63.33
  1981          15     0.00030  0.00030  0.50   98656      29   98641  6150692  62.34
  1981          16     0.00037  0.00037  0.50   98627      37   98608  6052050  61.36
  1981          17     0.00045  0.00045  0.50   98590      44   98568  5953442  60.39
  1981          18     0.00052  0.00052  0.50   98545      51   98520  5854875  59.41
  1981          19     0.00057  0.00057  0.50   98494      57   98466  5756355  58.44
  1981          20     0.00061  0.00061  0.50   98438      60   98408  5657889  57.48
  1981          21     0.00064  0.00064  0.50   98377      63   98346  5559481  56.51
  1981          22     0.00067  0.00067  0.50   98314      65   98282  5461136  55.55
  1981          23     0.00066  0.00066  0.50   98249      64   98217  5362854  54.58
  1981          24     0.00059  0.00059  0.50   98184      58   98155  5264637  53.62
  1981          25     0.00053  0.00053  0.50   98126      52   98100  5166482  52.65
  1981          26     0.00049  0.00049  0.50   98075      48   98051  5068382  51.68
  1981          27     0.00049  0.00049  0.50   98027      48   98003  4970331  50.70
  1981          28     0.00053  0.00053  0.50   97979      52   97953  4872328  49.73
  1981          29     0.00061  0.00061  0.50   97927      60   97897  4774375  48.75
  1981          30     0.00072  0.00072  0.50   97867      70   97832  4676478  47.78
  1981          31     0.00081  0.00081  0.50   97797      79   97757  4578646  46.82
  1981          32     0.00087  0.00087  0.50   97718      85   97675  4480889  45.86
  1981          33     0.00090  0.00090  0.50   97633      88   97589  4383213  44.89
  1981          34     0.00092  0.00092  0.50   97546      90   97501  4285624  43.93
  1981          35     0.00096  0.00096  0.50   97456      94   97409  4188123  42.97
  1981          36     0.00103  0.00103  0.50   97362     100   97312  4090715  42.02
  1981          37     0.00112  0.00111  0.50   97262     108   97208  3993402  41.06
  1981          38     0.00120  0.00120  0.50   97154     117   97095  3896194  40.10
  1981          39     0.00128  0.00128  0.50   97037     124   96975  3799099  39.15
  1981          40     0.00137  0.00136  0.50   96913     132   96847  3702124  38.20
  1981          41     0.00148  0.00147  0.50   96781     143   96709  3605278  37.25
  1981          42     0.00156  0.00156  0.50   96638     151   96562  3508568  36.31
  1981          43     0.00166  0.00166  0.50   96487     160   96407  3412006  35.36
  1981          44     0.00182  0.00182  0.50   96327     175   96240  3315599  34.42
  1981          45     0.00208  0.00208  0.50   96152     200   96052  3219359  33.48
  1981          46     0.00242  0.00242  0.50   95952     232   95836  3123307  32.55
  1981          47     0.00274  0.00274  0.50   95720     262   95589  3027471  31.63
  1981          48     0.00308  0.00307  0.50   95458     293   95311  2931882  30.71
  1981          49     0.00349  0.00348  0.50   95164     331   94998  2836571  29.81
  1981          50     0.00391  0.00390  0.50   94833     370   94648  2741573  28.91
  1981          51     0.00426  0.00425  0.50   94463     402   94262  2646925  28.02
  1981          52     0.00460  0.00459  0.50   94061     432   93845  2552663  27.14
  1981          53     0.00498  0.00497  0.50   93629     465   93397  2458817  26.26
  1981          54     0.00542  0.00540  0.50   93164     504   92913  2365420  25.39
  1981          55     0.00588  0.00587  0.50   92661     544   92389  2272508  24.53
  1981          56     0.00633  0.00631  0.50   92117     582   91826  2180119  23.67
  1981          57     0.00675  0.00673  0.50   91536     616   91228  2088292  22.81
  1981          58     0.00714  0.00711  0.50   90920     647   90597  1997064  21.97
  1981          59     0.00760  0.00758  0.50   90273     684   89931  1906468  21.12
  1981          60     0.00825  0.00822  0.50   89589     737   89221  1816536  20.28
  1981          61     0.00917  0.00913  0.50   88853     811   88447  1727315  19.44
  1981          62     0.01026  0.01021  0.50   88042     899   87592  1638868  18.61
  1981          63     0.01144  0.01138  0.50   87143     992   86647  1551275  17.80
  1981          64     0.01271  0.01263  0.50   86151    1088   85607  1464628  17.00
  1981          65     0.01412  0.01402  0.50   85063    1192   84467  1379021  16.21
  1981          66     0.01577  0.01565  0.50   83871    1312   83215  1294555  15.44
  1981          67     0.01777  0.01761  0.50   82558    1454   81832  1211340  14.67
  1981          68     0.02016  0.01996  0.50   81105    1619   80295  1129508  13.93
  1981          69     0.02288  0.02262  0.50   79486    1798   78587  1049213  13.20
  1981          70     0.02591  0.02558  0.50   77688    1987   76695   970626  12.49
  1981          71     0.02943  0.02900  0.50   75701    2195   74603   893931  11.81
  1981          72     0.03325  0.03271  0.50   73506    2404   72304   819328  11.15
  1981          73     0.03719  0.03651  0.50   71102    2596   69804   747024  10.51
  1981          74     0.04152  0.04067  0.50   68506    2786   67113   677221   9.89
  1981          75     0.04669  0.04563  0.50   65719    2999   64220   610108   9.28
  1981          76     0.05324  0.05186  0.50   62721    3252   61095   545888   8.70
  1981          77     0.06126  0.05944  0.50   59468    3535   57701   484794   8.15
  1981          78     0.07056  0.06816  0.50   55934    3812   54027   427093   7.64
  1981          79     0.08016  0.07707  0.50   52121    4017   50113   373065   7.16
  1981          80     0.08920  0.08539  0.50   48104    4108   46050   322952   6.71
  1981          81     0.09826  0.09366  0.50   43997    4121   41936   276902   6.29
  1981          82     0.10817  0.10262  0.50   39876    4092   37830   234965   5.89
  1981          83     0.11929  0.11257  0.50   35784    4028   33770   197135   5.51
  1981          84     0.13173  0.12359  0.50   31756    3925   29794   163365   5.14
  1981          85     0.14558  0.13570  0.50   27831    3777   25943   133572   4.80
  1981          86     0.16085  0.14888  0.50   24054    3581   22264   107629   4.47
  1981          87     0.17758  0.16310  0.50   20473    3339   18804    85365   4.17
  1981          88     0.19580  0.17834  0.50   17134    3056   15606    66562   3.88
  1981          89     0.21556  0.19459  0.50   14078    2739   12709    50955   3.62
  1981          90     0.23689  0.21180  0.50   11339    2402   10138    38247   3.37
  1981          91     0.25979  0.22992  0.50    8937    2055    7910    28108   3.15
  1981          92     0.28423  0.24886  0.50    6882    1713    6026    20199   2.93
  1981          93     0.31017  0.26853  0.50    5170    1388    4476    14172   2.74
  1981          94     0.33751  0.28878  0.50    3781    1092    3235     9697   2.56
  1981          95     0.36612  0.30947  0.50    2689     832    2273     6461   2.40
  1981          96     0.39583  0.33043  0.50    1857     614    1550     4188   2.26
  1981          97     0.42646  0.35151  0.50    1243     437    1025     2638   2.12
  1981          98     0.45777  0.37251  0.50     806     300     656     1613   2.00
  1981          99     0.48953  0.39327  0.50     506     199     407      957   1.89
  1981         100     0.52147  0.41362  0.50     307     127     244      550   1.79
  1981         101     0.55332  0.43341  0.50     180      78     141      307   1.70
  1981         102     0.58481  0.45250  0.50     102      46      79      166   1.62
  1981         103     0.61567  0.47076  0.50      56      26      43       87   1.55
  1981         104     0.64566  0.48809  0.50      30      14      22       44   1.49
  1981         105     0.67453  0.50441  0.50      15       8      11       22   1.43
  1981         106     0.70211  0.51967  0.50       7       4       6       10   1.38
  1981         107     0.72827  0.53387  0.50       4       2       3        5   1.34
  1981         108     0.75313  0.54711  0.50       2       1       1        2   1.30
  1981         109     0.77693  0.55956  0.50       1       0       1        1   1.26
  1981         110+    0.81209  1.00000  1.23       0       0       0        0   1.23
  1982           0     0.00697  0.00692  0.16  100000     692   99415  7720856  77.21
  1982           1     0.00103  0.00103  0.50   99308     102   99256  7621441  76.75
  1982           2     0.00075  0.00075  0.50   99205      74   99168  7522184  75.82
  1982           3     0.00052  0.00052  0.50   99131      51   99105  7423016  74.88
  1982           4     0.00035  0.00035  0.50   99080      34   99063  7323911  73.92
  1982           5     0.00024  0.00024  0.50   99046      24   99034  7224848  72.94
  1982           6     0.00018  0.00018  0.50   99022      18   99013  7125814  71.96
  1982           7     0.00016  0.00016  0.50   99004      16   98996  7026801  70.98
  1982           8     0.00015  0.00015  0.50   98988      15   98980  6927806  69.99
  1982           9     0.00014  0.00014  0.50   98973      14   98966  6828825  69.00
  1982          10     0.00013  0.00013  0.50   98959      13   98953  6729859  68.01
  1982          11     0.00014  0.00014  0.50   98946      14   98939  6630906  67.02
  1982          12     0.00016  0.00016  0.50   98932      16   98924  6531967  66.02
  1982          13     0.00019  0.00019  0.50   98916      19   98907  6433043  65.04
  1982          14     0.00023  0.00023  0.50   98898      23   98886  6334136  64.05
  1982          15     0.00029  0.00029  0.50   98875      29   98860  6235250  63.06
  1982          16     0.00039  0.00039  0.50   98846      38   98827  6136390  62.08
  1982          17     0.00050  0.00050  0.50   98807      50   98783  6037563  61.10
  1982          18     0.00065  0.00065  0.50   98758      64   98726  5938781  60.13
  1982          19     0.00081  0.00081  0.50   98693      80   98654  5840055  59.17
  1982          20     0.00093  0.00093  0.50   98614      91   98568  5741402  58.22
  1982          21     0.00097  0.00097  0.50   98522      95   98475  5642834  57.27
  1982          22     0.00090  0.00090  0.50   98427      89   98383  5544359  56.33
  1982          23     0.00078  0.00078  0.50   98338      77   98300  5445976  55.38
  1982          24     0.00066  0.00066  0.50   98262      65   98229  5347676  54.42
  1982          25     0.00060  0.00060  0.50   98197      59   98168  5249447  53.46
  1982          26     0.00059  0.00059  0.50   98138      57   98110  5151279  52.49
  1982          27     0.00061  0.00061  0.50   98081      60   98051  5053170  51.52
  1982          28     0.00064  0.00064  0.50   98021      62   97990  4955119  50.55
  1982          29     0.00065  0.00065  0.50   97959      64   97927  4857128  49.58
  1982          30     0.00068  0.00068  0.50   97895      66   97862  4759202  48.62
  1982          31     0.00071  0.00071  0.50   97829      69   97794  4661340  47.65
  1982          32     0.00074  0.00074  0.50   97760      72   97723  4563546  46.68
  1982          33     0.00079  0.00079  0.50   97687      77   97649  4465822  45.72
  1982          34     0.00086  0.00085  0.50   97610      83   97569  4368174  44.75
  1982          35     0.00094  0.00094  0.50   97527      92   97481  4270605  43.79
  1982          36     0.00104  0.00104  0.50   97435     101   97385  4173124  42.83
  1982          37     0.00114  0.00114  0.50   97334     111   97279  4075739  41.87
  1982          38     0.00124  0.00124  0.50   97224     121   97163  3978461  40.92
  1982          39     0.00136  0.00136  0.50   97103     132   97037  3881298  39.97
  1982          40     0.00150  0.00150  0.50   96971     145   96898  3784261  39.02
  1982          41     0.00164  0.00163  0.50   96826     158   96746  3687363  38.08
  1982          42     0.00176  0.00176  0.50   96667     170   96582  3590616  37.14
  1982          43     0.00187  0.00187  0.50   96497     180   96407  3494034  36.21
  1982          44     0.00198  0.00198  0.50   96317     191   96222  3397626  35.28
  1982          45     0.00214  0.00214  0.50   96127     206   96024  3301404  34.34
  1982          46     0.00237  0.00237  0.50   95921     227   95808  3205380  33.42
  1982          47     0.00263  0.00263  0.50   95694     252   95568  3109573  32.49
  1982          48     0.00290  0.00290  0.50   95442     277   95304  3014005  31.58
  1982          49     0.00315  0.00315  0.50   95166     300   95016  2918700  30.67
  1982          50     0.00341  0.00341  0.50   94866     323   94705  2823684  29.76
  1982          51     0.00372  0.00371  0.50   94543     351   94368  2728980  28.86
  1982          52     0.00404  0.00404  0.50   94192     380   94002  2634612  27.97
  1982          53     0.00437  0.00436  0.50   93812     409   93607  2540610  27.08
  1982          54     0.00469  0.00468  0.50   93403     437   93184  2447003  26.20
  1982          55     0.00504  0.00503  0.50   92966     468   92732  2353818  25.32
  1982          56     0.00546  0.00544  0.50   92498     503   92246  2261087  24.44
  1982          57     0.00598  0.00597  0.50   91994     549   91720  2168840  23.58
  1982          58     0.00665  0.00662  0.50   91446     606   91143  2077120  22.71
  1982          59     0.00738  0.00736  0.50   90840     668   90506  1985978  21.86
  1982          60     0.00816  0.00812  0.50   90172     732   89805  1895472  21.02
  1982          61     0.00896  0.00892  0.50   89439     797   89040  1805667  20.19
  1982          62     0.00987  0.00982  0.50   88642     870   88207  1716626  19.37
  1982          63     0.01096  0.01090  0.50   87771     956   87293  1628420  18.55
  1982          64     0.01215  0.01208  0.50   86815    1049   86291  1541126  17.75
  1982          65     0.01339  0.01330  0.50   85766    1141   85196  1454836  16.96
  1982          66     0.01473  0.01462  0.50   84626    1237   84007  1369640  16.18
  1982          67     0.01624  0.01610  0.50   83388    1343   82717  1285633  15.42
  1982          68     0.01797  0.01781  0.50   82045    1461   81315  1202916  14.66
  1982          69     0.02003  0.01983  0.50   80584    1598   79785  1121601  13.92
  1982          70     0.02256  0.02231  0.50   78986    1762   78105  1041816  13.19
  1982          71     0.02578  0.02546  0.50   77224    1966   76242   963711  12.48
  1982          72     0.02959  0.02916  0.50   75259    2194   74161   887469  11.79
  1982          73     0.03382  0.03326  0.50   73064    2430   71849   813308  11.13
  1982          74     0.03853  0.03780  0.50   70634    2670   69299   741458  10.50
  1982          75     0.04379  0.04285  0.50   67964    2913   66508   672159   9.89
  1982          76     0.04959  0.04839  0.50   65051    3148   63477   605652   9.31
  1982          77     0.05597  0.05445  0.50   61903    3371   60218   542174   8.76
  1982          78     0.06293  0.06101  0.50   58533    3571   56747   481956   8.23
  1982          79     0.07030  0.06791  0.50   54961    3732   53095   425209   7.74
  1982          80     0.07793  0.07501  0.50   51229    3843   49308   372114   7.26
  1982          81     0.08614  0.08258  0.50   47386    3913   45430   322806   6.81
  1982          82     0.09525  0.09092  0.50   43473    3953   41497   277377   6.38
  1982          83     0.10539  0.10012  0.50   39520    3957   37542   235880   5.97
  1982          84     0.11667  0.11024  0.50   35564    3920   33603   198338   5.58
  1982          85     0.12916  0.12133  0.50   31643    3839   29724   164734   5.21
  1982          86     0.14295  0.13341  0.50   27804    3709   25949   135011   4.86
  1982          87     0.15810  0.14651  0.50   24095    3530   22330   109061   4.53
  1982          88     0.17466  0.16064  0.50   20564    3303   18913    86732   4.22
  1982          89     0.19271  0.17577  0.50   17261    3034   15744    67819   3.93
  1982          90     0.21228  0.19191  0.50   14227    2730   12862    52075   3.66
  1982          91     0.23341  0.20901  0.50   11497    2403   10295    39213   3.41
  1982          92     0.25609  0.22702  0.50    9094    2064    8061    28918   3.18
  1982          93     0.28031  0.24585  0.50    7029    1728    6165    20856   2.97
  1982          94     0.30600  0.26540  0.50    5301    1407    4598    14691   2.77
  1982          95     0.33310  0.28554  0.50    3894    1112    3338    10094   2.59
  1982          96     0.36147  0.30614  0.50    2782     852    2356     6755   2.43
  1982          97     0.39096  0.32703  0.50    1930     631    1615     4399   2.28
  1982          98     0.42138  0.34805  0.50    1299     452    1073     2784   2.14
  1982          99     0.45251  0.36902  0.50     847     313     691     1711   2.02
  1982         100     0.48411  0.38976  0.50     534     208     430     1020   1.91
  1982         101     0.51590  0.41011  0.50     326     134     259      590   1.81
  1982         102     0.54760  0.42990  0.50     192      83     151      331   1.72
  1982         103     0.57895  0.44898  0.50     110      49      85      180   1.64
  1982         104     0.60967  0.46724  0.50      60      28      46       95   1.57
  1982         105     0.63952  0.48457  0.50      32      16      24       48   1.50
  1982         106     0.66836  0.50095  0.50      17       8      12       24   1.44
  1982         107     0.69611  0.51638  0.50       8       4       6       12   1.39
  1982         108     0.72290  0.53098  0.50       4       2       3        5   1.35
  1982         109     0.74896  0.54490  0.50       2       1       1        2   1.31
  1982         110+    0.78733  1.00000  1.27       1       1       1        1   1.27
  1983           0     0.00679  0.00675  0.16  100000     675   99432  7709302  77.09
  1983           1     0.00081  0.00081  0.50   99325      81   99284  7609870  76.62
  1983           2     0.00062  0.00062  0.50   99244      61   99213  7510586  75.68
  1983           3     0.00044  0.00044  0.50   99183      44   99161  7411373  74.72
  1983           4     0.00032  0.00032  0.50   99139      31   99123  7312212  73.76
  1983           5     0.00026  0.00026  0.50   99108      25   99095  7213088  72.78
  1983           6     0.00024  0.00024  0.50   99082      23   99071  7113993  71.80
  1983           7     0.00023  0.00023  0.50   99059      23   99048  7014922  70.82
  1983           8     0.00026  0.00026  0.50   99036      25   99023  6915875  69.83
  1983           9     0.00029  0.00029  0.50   99011      28   98996  6816852  68.85
  1983          10     0.00031  0.00031  0.50   98982      31   98967  6717855  67.87
  1983          11     0.00033  0.00033  0.50   98951      32   98935  6618888  66.89
  1983          12     0.00033  0.00033  0.50   98919      33   98902  6519953  65.91
  1983          13     0.00032  0.00032  0.50   98886      31   98871  6421051  64.93
  1983          14     0.00031  0.00031  0.50   98855      30   98840  6322180  63.95
  1983          15     0.00030  0.00030  0.50   98825      30   98810  6223341  62.97
  1983          16     0.00033  0.00033  0.50   98795      32   98778  6124531  61.99
  1983          17     0.00038  0.00037  0.50   98762      37   98744  6025753  61.01
  1983          18     0.00044  0.00044  0.50   98725      43   98704  5927009  60.04
  1983          19     0.00051  0.00051  0.50   98682      50   98657  5828305  59.06
  1983          20     0.00056  0.00056  0.50   98632      55   98604  5729649  58.09
  1983          21     0.00062  0.00062  0.50   98577      61   98546  5631044  57.12
  1983          22     0.00072  0.00072  0.50   98516      71   98480  5532498  56.16
  1983          23     0.00080  0.00080  0.50   98445      79   98405  5434018  55.20
  1983          24     0.00080  0.00080  0.50   98366      79   98326  5335613  54.24
  1983          25     0.00071  0.00071  0.50   98287      70   98252  5237286  53.29
  1983          26     0.00061  0.00061  0.50   98217      60   98187  5139034  52.32
  1983          27     0.00057  0.00057  0.50   98157      56   98129  5040847  51.36
  1983          28     0.00058  0.00058  0.50   98101      57   98073  4942718  50.38
  1983          29     0.00064  0.00064  0.50   98044      63   98013  4844646  49.41
  1983          30     0.00069  0.00069  0.50   97981      68   97948  4746633  48.44
  1983          31     0.00071  0.00071  0.50   97914      69   97879  4648685  47.48
  1983          32     0.00069  0.00069  0.50   97844      67   97811  4550806  46.51
  1983          33     0.00067  0.00067  0.50   97777      66   97744  4452996  45.54
  1983          34     0.00072  0.00071  0.50   97711      70   97676  4355251  44.57
  1983          35     0.00081  0.00081  0.50   97642      79   97602  4257575  43.60
  1983          36     0.00092  0.00092  0.50   97563      90   97518  4159973  42.64
  1983          37     0.00106  0.00106  0.50   97473     103   97421  4062455  41.68
  1983          38     0.00120  0.00120  0.50   97370     117   97311  3965034  40.72
  1983          39     0.00133  0.00133  0.50   97253     129   97189  3867722  39.77
  1983          40     0.00145  0.00145  0.50   97124     141   97054  3770534  38.82
  1983          41     0.00159  0.00158  0.50   96983     154   96906  3673480  37.88
  1983          42     0.00171  0.00171  0.50   96830     165   96747  3576574  36.94
  1983          43     0.00183  0.00182  0.50   96664     176   96576  3479827  36.00
  1983          44     0.00195  0.00195  0.50   96488     188   96394  3383251  35.06
  1983          45     0.00213  0.00213  0.50   96300     205   96197  3286857  34.13
  1983          46     0.00239  0.00238  0.50   96095     229   95981  3190660  33.20
  1983          47     0.00268  0.00267  0.50   95866     256   95738  3094679  32.28
  1983          48     0.00302  0.00302  0.50   95610     289   95465  2998941  31.37
  1983          49     0.00344  0.00344  0.50   95321     328   95157  2903476  30.46
  1983          50     0.00389  0.00388  0.50   94993     369   94809  2808319  29.56
  1983          51     0.00431  0.00430  0.50   94624     407   94421  2713510  28.68
  1983          52     0.00466  0.00465  0.50   94217     438   93998  2619089  27.80
  1983          53     0.00491  0.00490  0.50   93779     460   93550  2525091  26.93
  1983          54     0.00517  0.00516  0.50   93320     481   93079  2431542  26.06
  1983          55     0.00552  0.00550  0.50   92839     511   92583  2338462  25.19
  1983          56     0.00601  0.00599  0.50   92328     553   92051  2245879  24.33
  1983          57     0.00659  0.00657  0.50   91774     603   91473  2153828  23.47
  1983          58     0.00720  0.00717  0.50   91171     654   90844  2062355  22.62
  1983          59     0.00789  0.00786  0.50   90517     712   90161  1971511  21.78
  1983          60     0.00865  0.00861  0.50   89806     773   89419  1881349  20.95
  1983          61     0.00941  0.00936  0.50   89032     834   88616  1791930  20.13
  1983          62     0.01001  0.00996  0.50   88199     878   87760  1703315  19.31
  1983          63     0.01038  0.01033  0.50   87320     902   86869  1615555  18.50
  1983          64     0.01085  0.01080  0.50   86418     933   85952  1528686  17.69
  1983          65     0.01180  0.01173  0.50   85486    1003   84984  1442734  16.88
  1983          66     0.01335  0.01326  0.50   84483    1120   83923  1357750  16.07
  1983          67     0.01539  0.01528  0.50   83362    1273   82726  1273827  15.28
  1983          68     0.01777  0.01762  0.50   82089    1446   81366  1191101  14.51
  1983          69     0.02028  0.02008  0.50   80643    1619   79833  1109735  13.76
  1983          70     0.02279  0.02254  0.50   79024    1781   78133  1029902  13.03
  1983          71     0.02551  0.02519  0.50   77243    1946   76270   951768  12.32
  1983          72     0.02878  0.02837  0.50   75297    2136   74229   875499  11.63
  1983          73     0.03287  0.03234  0.50   73161    2366   71978   801270  10.95
  1983          74     0.03781  0.03711  0.50   70795    2627   69481   729292  10.30
  1983          75     0.04354  0.04261  0.50   68168    2905   66715   659811   9.68
  1983          76     0.04989  0.04868  0.50   65263    3177   63674   593096   9.09
  1983          77     0.05667  0.05511  0.50   62086    3422   60375   529421   8.53
  1983          78     0.06376  0.06179  0.50   58664    3625   56852   469046   8.00
  1983          79     0.07147  0.06900  0.50   55039    3798   53140   412195   7.49
  1983          80     0.08009  0.07701  0.50   51241    3946   49268   359054   7.01
  1983          81     0.08958  0.08574  0.50   47295    4055   45268   309786   6.55
  1983          82     0.09985  0.09510  0.50   43240    4112   41184   264518   6.12
  1983          83     0.11108  0.10523  0.50   39128    4118   37069   223334   5.71
  1983          84     0.12344  0.11627  0.50   35011    4071   32975   186265   5.32
  1983          85     0.13710  0.12830  0.50   30940    3970   28955   153289   4.95
  1983          86     0.15215  0.14140  0.50   26970    3814   25064   124334   4.61
  1983          87     0.16873  0.15560  0.50   23157    3603   21355    99271   4.29
  1983          88     0.18691  0.17094  0.50   19554    3342   17882    77915   3.98
  1983          89     0.20676  0.18739  0.50   16211    3038   14692    60033   3.70
  1983          90     0.22833  0.20493  0.50   13173    2700   11823    45341   3.44
  1983          91     0.25164  0.22351  0.50   10474    2341    9303    33517   3.20
  1983          92     0.27667  0.24305  0.50    8133    1977    7144    24214   2.98
  1983          93     0.30340  0.26343  0.50    6156    1622    5345    17070   2.77
  1983          94     0.33171  0.28452  0.50    4534    1290    3889    11725   2.59
  1983          95     0.36148  0.30615  0.50    3244     993    2748     7836   2.42
  1983          96     0.39254  0.32814  0.50    2251     739    1882     5088   2.26
  1983          97     0.42466  0.35029  0.50    1512     530    1247     3206   2.12
  1983          98     0.45759  0.37239  0.50     983     366     800     1959   1.99
  1983          99     0.49104  0.39425  0.50     617     243     495     1159   1.88
  1983         100     0.52471  0.41566  0.50     374     155     296      664   1.78
  1983         101     0.55828  0.43645  0.50     218      95     171      368   1.69
  1983         102     0.59142  0.45644  0.50     123      56      95      197   1.60
  1983         103     0.62383  0.47551  0.50      67      32      51      102   1.53
  1983         104     0.65521  0.49353  0.50      35      17      26       51   1.47
  1983         105     0.68529  0.51040  0.50      18       9      13       25   1.41
  1983         106     0.71388  0.52610  0.50       9       5       6       12   1.36
  1983         107     0.74087  0.54061  0.50       4       2       3        5   1.32
  1983         108     0.76639  0.55407  0.50       2       1       1        2   1.28
  1983         109     0.79074  0.56669  0.50       1       0       1        1   1.24
  1983         110+    0.82564  1.00000  1.21       0       0       0        0   1.21
  1984           0     0.00615  0.00612  0.17  100000     612   99490  7748834  77.49
  1984           1     0.00110  0.00110  0.50   99388     109   99333  7649344  76.96
  1984           2     0.00074  0.00074  0.50   99279      74   99242  7550010  76.05
  1984           3     0.00049  0.00049  0.50   99205      49   99181  7450768  75.10
  1984           4     0.00035  0.00035  0.50   99156      35   99139  7351588  74.14
  1984           5     0.00030  0.00030  0.50   99121      30   99106  7252449  73.17
  1984           6     0.00029  0.00029  0.50   99091      29   99077  7153343  72.19
  1984           7     0.00030  0.00030  0.50   99062      29   99048  7054266  71.21
  1984           8     0.00027  0.00027  0.50   99033      26   99020  6955218  70.23
  1984           9     0.00021  0.00021  0.50   99007      21   98996  6856199  69.25
  1984          10     0.00016  0.00016  0.50   98985      16   98977  6757202  68.26
  1984          11     0.00012  0.00012  0.50   98969      12   98964  6658225  67.28
  1984          12     0.00011  0.00011  0.50   98958      10   98952  6559261  66.28
  1984          13     0.00013  0.00013  0.50   98947      13   98941  6460309  65.29
  1984          14     0.00020  0.00020  0.50   98934      20   98924  6361368  64.30
  1984          15     0.00032  0.00032  0.50   98914      31   98899  6262444  63.31
  1984          16     0.00045  0.00045  0.50   98883      45   98861  6163545  62.33
  1984          17     0.00058  0.00058  0.50   98839      57   98810  6064684  61.36
  1984          18     0.00067  0.00067  0.50   98782      66   98748  5965874  60.39
  1984          19     0.00073  0.00073  0.50   98715      72   98679  5867126  59.43
  1984          20     0.00075  0.00075  0.50   98643      74   98606  5768447  58.48
  1984          21     0.00074  0.00074  0.50   98570      73   98533  5669840  57.52
  1984          22     0.00072  0.00072  0.50   98497      71   98461  5571307  56.56
  1984          23     0.00071  0.00071  0.50   98426      70   98391  5472845  55.60
  1984          24     0.00073  0.00073  0.50   98356      71   98320  5374454  54.64
  1984          25     0.00079  0.00079  0.50   98285      78   98246  5276134  53.68
  1984          26     0.00085  0.00085  0.50   98207      83   98165  5177888  52.72
  1984          27     0.00083  0.00083  0.50   98124      82   98083  5079723  51.77
  1984          28     0.00078  0.00078  0.50   98042      76   98004  4981640  50.81
  1984          29     0.00072  0.00072  0.50   97966      70   97931  4883636  49.85
  1984          30     0.00068  0.00068  0.50   97896      67   97862  4785705  48.89
  1984          31     0.00066  0.00066  0.50   97829      64   97797  4687842  47.92
  1984          32     0.00064  0.00064  0.50   97765      63   97734  4590045  46.95
  1984          33     0.00067  0.00067  0.50   97702      65   97669  4492312  45.98
  1984          34     0.00076  0.00075  0.50   97637      74   97600  4394642  45.01
  1984          35     0.00089  0.00089  0.50   97563      87   97519  4297043  44.04
  1984          36     0.00106  0.00106  0.50   97476     104   97424  4199523  43.08
  1984          37     0.00124  0.00124  0.50   97372     121   97312  4102099  42.13
  1984          38     0.00139  0.00139  0.50   97251     135   97184  4004787  41.18
  1984          39     0.00146  0.00146  0.50   97116     142   97045  3907603  40.24
  1984          40     0.00150  0.00150  0.50   96974     145   96902  3810558  39.29
  1984          41     0.00154  0.00154  0.50   96829     149   96754  3713656  38.35
  1984          42     0.00162  0.00162  0.50   96679     156   96601  3616902  37.41
  1984          43     0.00175  0.00175  0.50   96523     169   96439  3520301  36.47
  1984          44     0.00196  0.00196  0.50   96355     189   96260  3423862  35.53
  1984          45     0.00223  0.00223  0.50   96166     215   96059  3327601  34.60
  1984          46     0.00253  0.00252  0.50   95951     242   95830  3231543  33.68
  1984          47     0.00278  0.00278  0.50   95709     266   95576  3135712  32.76
  1984          48     0.00302  0.00302  0.50   95443     288   95299  3040136  31.85
  1984          49     0.00327  0.00326  0.50   95155     310   95000  2944837  30.95
  1984          50     0.00354  0.00354  0.50   94845     335   94677  2849836  30.05
  1984          51     0.00386  0.00385  0.50   94510     364   94327  2755159  29.15
  1984          52     0.00418  0.00418  0.50   94145     393   93949  2660832  28.26
  1984          53     0.00449  0.00448  0.50   93752     420   93542  2566883  27.38
  1984          54     0.00482  0.00481  0.50   93333     449   93108  2473341  26.50
  1984          55     0.00519  0.00517  0.50   92883     480   92643  2380233  25.63
  1984          56     0.00555  0.00554  0.50   92403     512   92147  2287589  24.76
  1984          57     0.00596  0.00594  0.50   91891     546   91619  2195442  23.89
  1984          58     0.00645  0.00643  0.50   91346     587   91052  2103824  23.03
  1984          59     0.00705  0.00702  0.50   90759     637   90440  2012772  22.18
  1984          60     0.00776  0.00773  0.50   90121     697   89773  1922332  21.33
  1984          61     0.00858  0.00854  0.50   89424     764   89043  1832559  20.49
  1984          62     0.00948  0.00943  0.50   88661     836   88242  1743516  19.67
  1984          63     0.01043  0.01037  0.50   87824     911   87369  1655274  18.85
  1984          64     0.01137  0.01130  0.50   86913     982   86422  1567906  18.04
  1984          65     0.01229  0.01221  0.50   85931    1049   85406  1481484  17.24
  1984          66     0.01334  0.01325  0.50   84882    1125   84319  1396077  16.45
  1984          67     0.01459  0.01448  0.50   83757    1213   83151  1311758  15.66
  1984          68     0.01609  0.01596  0.50   82544    1318   81885  1228607  14.88
  1984          69     0.01800  0.01784  0.50   81226    1449   80502  1146722  14.12
  1984          70     0.02040  0.02019  0.50   79777    1611   78972  1066220  13.36
  1984          71     0.02317  0.02290  0.50   78166    1790   77271   987248  12.63
  1984          72     0.02653  0.02619  0.50   76376    2000   75376   909977  11.91
  1984          73     0.03075  0.03029  0.50   74376    2253   73250   834600  11.22
  1984          74     0.03578  0.03515  0.50   72124    2535   70856   761351  10.56
  1984          75     0.04145  0.04061  0.50   69589    2826   68176   690495   9.92
  1984          76     0.04760  0.04649  0.50   66763    3104   65211   622319   9.32
  1984          77     0.05424  0.05281  0.50   63659    3362   61978   557108   8.75
  1984          78     0.06144  0.05961  0.50   60297    3594   58499   495131   8.21
  1984          79     0.06925  0.06693  0.50   56702    3795   54805   436631   7.70
  1984          80     0.07769  0.07478  0.50   52907    3957   50929   381827   7.22
  1984          81     0.08670  0.08310  0.50   48950    4068   46917   330898   6.76
  1984          82     0.09629  0.09186  0.50   44883    4123   42821   283981   6.33
  1984          83     0.10668  0.10128  0.50   40760    4128   38696   241160   5.92
  1984          84     0.11810  0.11152  0.50   36631    4085   34589   202465   5.53
  1984          85     0.13071  0.12269  0.50   32546    3993   30550   167876   5.16
  1984          86     0.14462  0.13487  0.50   28553    3851   26628   137326   4.81
  1984          87     0.15995  0.14810  0.50   24702    3658   22873   110698   4.48
  1984          88     0.17676  0.16241  0.50   21044    3418   19335    87825   4.17
  1984          89     0.19512  0.17778  0.50   17626    3134   16059    68490   3.89
  1984          90     0.21508  0.19419  0.50   14493    2814   13085    52431   3.62
  1984          91     0.23665  0.21161  0.50   11678    2471   10443    39345   3.37
  1984          92     0.25984  0.22996  0.50    9207    2117    8148    28902   3.14
  1984          93     0.28461  0.24916  0.50    7090    1766    6207    20754   2.93
  1984          94     0.31091  0.26908  0.50    5323    1432    4607    14547   2.73
  1984          95     0.33863  0.28960  0.50    3891    1127    3328     9940   2.55
  1984          96     0.36762  0.31054  0.50    2764     858    2335     6613   2.39
  1984          97     0.39772  0.33175  0.50    1906     632    1590     4278   2.24
  1984          98     0.42871  0.35304  0.50    1274     450    1049     2688   2.11
  1984          99     0.46036  0.37422  0.50     824     308     670     1640   1.99
  1984         100     0.49239  0.39512  0.50     516     204     414      970   1.88
  1984         101     0.52454  0.41556  0.50     312     130     247      556   1.78
  1984         102     0.55652  0.43538  0.50     182      79     143      309   1.69
  1984         103     0.58805  0.45443  0.50     103      47      80      166   1.62
  1984         104     0.61883  0.47260  0.50      56      27      43       87   1.55
  1984         105     0.64863  0.48978  0.50      30      15      22       44   1.48
  1984         106     0.67723  0.50592  0.50      15       8      11       22   1.43
  1984         107     0.70453  0.52100  0.50       7       4       6       10   1.38
  1984         108     0.73063  0.53514  0.50       4       2       3        5   1.33
  1984         109     0.75575  0.54849  0.50       2       1       1        2   1.29
  1984         110+    0.79333  1.00000  1.26       1       1       1        1   1.26
  1985           0     0.00668  0.00664  0.16  100000     664   99441  7754732  77.55
  1985           1     0.00082  0.00082  0.50   99336      81   99295  7655291  77.06
  1985           2     0.00059  0.00059  0.50   99254      59   99225  7555996  76.13
  1985           3     0.00044  0.00044  0.50   99196      44   99174  7456771  75.17
  1985           4     0.00036  0.00036  0.50   99152      36   99134  7357597  74.21
  1985           5     0.00033  0.00033  0.50   99116      33   99100  7258463  73.23
  1985           6     0.00031  0.00031  0.50   99084      31   99068  7159363  72.26
  1985           7     0.00029  0.00029  0.50   99053      29   99038  7060295  71.28
  1985           8     0.00025  0.00025  0.50   99024      25   99012  6961256  70.30
  1985           9     0.00021  0.00021  0.50   98999      21   98989  6862245  69.32
  1985          10     0.00018  0.00018  0.50   98978      18   98969  6763256  68.33
  1985          11     0.00016  0.00016  0.50   98960      15   98952  6664287  67.34
  1985          12     0.00013  0.00013  0.50   98945      12   98938  6565335  66.35
  1985          13     0.00010  0.00010  0.50   98932      10   98927  6466396  65.36
  1985          14     0.00011  0.00011  0.50   98922      11   98916  6367470  64.37
  1985          15     0.00015  0.00015  0.50   98911      14   98904  6268553  63.38
  1985          16     0.00022  0.00022  0.50   98897      21   98886  6169649  62.38
  1985          17     0.00031  0.00031  0.50   98875      31   98860  6070763  61.40
  1985          18     0.00042  0.00042  0.50   98844      41   98824  5971903  60.42
  1985          19     0.00052  0.00052  0.50   98803      51   98778  5873080  59.44
  1985          20     0.00061  0.00061  0.50   98752      61   98722  5774302  58.47
  1985          21     0.00069  0.00069  0.50   98692      68   98657  5675580  57.51
  1985          22     0.00074  0.00074  0.50   98623      73   98587  5576923  56.55
  1985          23     0.00077  0.00077  0.50   98550      76   98512  5478336  55.59
  1985          24     0.00078  0.00078  0.50   98474      76   98436  5379824  54.63
  1985          25     0.00071  0.00071  0.50   98398      70   98363  5281387  53.67
  1985          26     0.00062  0.00062  0.50   98328      61   98297  5183025  52.71
  1985          27     0.00056  0.00056  0.50   98266      55   98239  5084728  51.74
  1985          28     0.00055  0.00055  0.50   98211      54   98184  4986489  50.77
  1985          29     0.00062  0.00062  0.50   98157      61   98127  4888304  49.80
  1985          30     0.00072  0.00072  0.50   98096      71   98061  4790178  48.83
  1985          31     0.00082  0.00082  0.50   98025      81   97985  4692117  47.87
  1985          32     0.00088  0.00088  0.50   97945      86   97901  4594132  46.91
  1985          33     0.00090  0.00090  0.50   97858      88   97814  4496231  45.95
  1985          34     0.00090  0.00090  0.50   97770      88   97726  4398417  44.99
  1985          35     0.00090  0.00090  0.50   97682      88   97638  4300691  44.03
  1985          36     0.00093  0.00093  0.50   97594      91   97549  4203053  43.07
  1985          37     0.00100  0.00100  0.50   97503      98   97454  4105504  42.11
  1985          38     0.00113  0.00113  0.50   97405     110   97350  4008050  41.15
  1985          39     0.00131  0.00131  0.50   97295     128   97232  3910700  40.19
  1985          40     0.00152  0.00152  0.50   97168     147   97094  3813468  39.25
  1985          41     0.00170  0.00170  0.50   97021     165   96938  3716374  38.30
  1985          42     0.00186  0.00186  0.50   96856     180   96766  3619435  37.37
  1985          43     0.00200  0.00199  0.50   96676     193   96580  3522670  36.44
  1985          44     0.00213  0.00212  0.50   96483     205   96381  3426090  35.51
  1985          45     0.00227  0.00226  0.50   96278     218   96169  3329709  34.58
  1985          46     0.00242  0.00242  0.50   96060     233   95944  3233540  33.66
  1985          47     0.00259  0.00259  0.50   95828     248   95704  3137596  32.74
  1985          48     0.00279  0.00278  0.50   95580     266   95447  3041892  31.83
  1985          49     0.00304  0.00303  0.50   95314     289   95170  2946445  30.91
  1985          50     0.00334  0.00334  0.50   95025     317   94867  2851275  30.01
  1985          51     0.00370  0.00369  0.50   94708     350   94533  2756409  29.10
  1985          52     0.00408  0.00407  0.50   94358     384   94166  2661875  28.21
  1985          53     0.00447  0.00446  0.50   93974     419   93765  2567709  27.32
  1985          54     0.00492  0.00490  0.50   93555     459   93326  2473945  26.44
  1985          55     0.00540  0.00539  0.50   93096     502   92845  2380619  25.57
  1985          56     0.00591  0.00590  0.50   92595     546   92322  2287774  24.71
  1985          57     0.00648  0.00646  0.50   92049     594   91751  2195452  23.85
  1985          58     0.00710  0.00707  0.50   91454     647   91131  2103701  23.00
  1985          59     0.00767  0.00764  0.50   90808     694   90461  2012570  22.16
  1985          60     0.00812  0.00809  0.50   90114     729   89750  1922109  21.33
  1985          61     0.00847  0.00843  0.50   89385     754   89008  1832359  20.50
  1985          62     0.00897  0.00893  0.50   88631     791   88236  1743351  19.67
  1985          63     0.00989  0.00984  0.50   87840     864   87408  1655115  18.84
  1985          64     0.01118  0.01112  0.50   86976     967   86493  1567707  18.02
  1985          65     0.01273  0.01265  0.50   86009    1088   85465  1481215  17.22
  1985          66     0.01444  0.01433  0.50   84922    1217   84313  1395749  16.44
  1985          67     0.01616  0.01603  0.50   83704    1342   83033  1311436  15.67
  1985          68     0.01777  0.01762  0.50   82362    1451   81637  1228403  14.91
  1985          69     0.01935  0.01916  0.50   80911    1551   80136  1146766  14.17
  1985          70     0.02110  0.02088  0.50   79361    1657   78532  1066630  13.44
  1985          71     0.02350  0.02323  0.50   77704    1805   76802   988098  12.72
  1985          72     0.02664  0.02629  0.50   75899    1996   74901   911296  12.01
  1985          73     0.03052  0.03006  0.50   73904    2222   72793   836395  11.32
  1985          74     0.03513  0.03452  0.50   71682    2475   70444   763602  10.65
  1985          75     0.04045  0.03964  0.50   69207    2744   67835   693158  10.02
  1985          76     0.04638  0.04533  0.50   66463    3012   64957   625323   9.41
  1985          77     0.05275  0.05139  0.50   63451    3261   61821   560366   8.83
  1985          78     0.05947  0.05775  0.50   60190    3476   58452   498545   8.28
  1985          79     0.06692  0.06475  0.50   56714    3672   54878   440093   7.76
  1985          80     0.07542  0.07268  0.50   53041    3855   51114   385216   7.26
  1985          81     0.08469  0.08125  0.50   49186    3997   47188   334102   6.79
  1985          82     0.09448  0.09022  0.50   45190    4077   43151   286914   6.35
  1985          83     0.10504  0.09980  0.50   41113    4103   39061   243762   5.93
  1985          84     0.11663  0.11021  0.50   37010    4079   34971   204701   5.53
  1985          85     0.12946  0.12159  0.50   32931    4004   30929   169730   5.15
  1985          86     0.14366  0.13403  0.50   28927    3877   26989   138801   4.80
  1985          87     0.15937  0.14761  0.50   25050    3698   23201   111812   4.46
  1985          88     0.17667  0.16233  0.50   21352    3466   19619    88611   4.15
  1985          89     0.19561  0.17818  0.50   17886    3187   16293    68992   3.86
  1985          90     0.21625  0.19515  0.50   14699    2869   13265    52699   3.59
  1985          91     0.23860  0.21317  0.50   11831    2522   10570    39434   3.33
  1985          92     0.26266  0.23217  0.50    9309    2161    8228    28864   3.10
  1985          93     0.28838  0.25204  0.50    7148    1801    6247    20636   2.89
  1985          94     0.31569  0.27265  0.50    5346    1458    4617    14389   2.69
  1985          95     0.34446  0.29385  0.50    3889    1143    3317     9772   2.51
  1985          96     0.37454  0.31546  0.50    2746     866    2313     6455   2.35
  1985          97     0.40573  0.33730  0.50    1880     634    1563     4142   2.20
  1985          98     0.43777  0.35916  0.50    1246     447    1022     2579   2.07
  1985          99     0.47042  0.38084  0.50     798     304     646     1557   1.95
  1985         100     0.50338  0.40216  0.50     494     199     395      911   1.84
  1985         101     0.53635  0.42293  0.50     295     125     233      516   1.75
  1985         102     0.56902  0.44299  0.50     171      76     133      283   1.66
  1985         103     0.60108  0.46218  0.50      95      44      73      150   1.58
  1985         104     0.63225  0.48038  0.50      51      25      39       77   1.52
  1985         105     0.66224  0.49750  0.50      27      13      20       39   1.46
  1985         106     0.69085  0.51348  0.50      13       7      10       19   1.40
  1985         107     0.71795  0.52830  0.50       6       3       5        9   1.36
  1985         108     0.74366  0.54209  0.50       3       2       2        4   1.31
  1985         109     0.76823  0.55503  0.50       1       1       1        2   1.28
  1985         110+    0.80430  1.00000  1.24       1       1       1        1   1.24
  1986           0     0.00550  0.00548  0.17  100000     548   99546  7840473  78.40
  1986           1     0.00056  0.00056  0.50   99452      56   99424  7740927  77.84
  1986           2     0.00046  0.00046  0.50   99396      45   99374  7641503  76.88
  1986           3     0.00037  0.00037  0.50   99351      36   99333  7542129  75.91
  1986           4     0.00030  0.00030  0.50   99315      30   99300  7442796  74.94
  1986           5     0.00026  0.00026  0.50   99285      26   99272  7343496  73.96
  1986           6     0.00024  0.00024  0.50   99259      24   99247  7244224  72.98
  1986           7     0.00021  0.00021  0.50   99235      21   99224  7144978  72.00
  1986           8     0.00014  0.00014  0.50   99214      14   99207  7045753  71.02
  1986           9     0.00009  0.00009  0.50   99200       9   99196  6946546  70.03
  1986          10     0.00009  0.00009  0.50   99191       8   99187  6847351  69.03
  1986          11     0.00011  0.00011  0.50   99183      11   99177  6748164  68.04
  1986          12     0.00012  0.00012  0.50   99172      12   99166  6648987  67.04
  1986          13     0.00013  0.00013  0.50   99160      13   99154  6549820  66.05
  1986          14     0.00015  0.00015  0.50   99147      15   99140  6450667  65.06
  1986          15     0.00019  0.00019  0.50   99133      19   99123  6351526  64.07
  1986          16     0.00026  0.00026  0.50   99114      26   99101  6252403  63.08
  1986          17     0.00034  0.00034  0.50   99088      34   99071  6153303  62.10
  1986          18     0.00044  0.00044  0.50   99054      44   99032  6054232  61.12
  1986          19     0.00057  0.00057  0.50   99011      56   98982  5955199  60.15
  1986          20     0.00067  0.00067  0.50   98954      66   98921  5856217  59.18
  1986          21     0.00072  0.00072  0.50   98888      72   98852  5757296  58.22
  1986          22     0.00072  0.00072  0.50   98816      72   98781  5658444  57.26
  1986          23     0.00066  0.00066  0.50   98745      66   98712  5559663  56.30
  1986          24     0.00055  0.00055  0.50   98679      54   98652  5460951  55.34
  1986          25     0.00045  0.00045  0.50   98625      44   98603  5362299  54.37
  1986          26     0.00038  0.00038  0.50   98581      37   98563  5263695  53.39
  1986          27     0.00035  0.00035  0.50   98544      35   98527  5165133  52.41
  1986          28     0.00040  0.00040  0.50   98509      39   98490  5066606  51.43
  1986          29     0.00052  0.00051  0.50   98470      51   98445  4968116  50.45
  1986          30     0.00066  0.00066  0.50   98419      65   98387  4869671  49.48
  1986          31     0.00077  0.00077  0.50   98354      76   98316  4771285  48.51
  1986          32     0.00081  0.00081  0.50   98278      80   98238  4672968  47.55
  1986          33     0.00083  0.00083  0.50   98199      82   98158  4574730  46.59
  1986          34     0.00091  0.00091  0.50   98117      90   98072  4476572  45.62
  1986          35     0.00102  0.00102  0.50   98027     100   97977  4378500  44.67
  1986          36     0.00111  0.00111  0.50   97927     108   97873  4280523  43.71
  1986          37     0.00113  0.00113  0.50   97819     111   97763  4182650  42.76
  1986          38     0.00115  0.00115  0.50   97708     112   97652  4084887  41.81
  1986          39     0.00121  0.00121  0.50   97596     118   97537  3987235  40.85
  1986          40     0.00129  0.00129  0.50   97478     126   97415  3889698  39.90
  1986          41     0.00135  0.00135  0.50   97352     131   97286  3792283  38.95
  1986          42     0.00142  0.00142  0.50   97221     138   97152  3694997  38.01
  1986          43     0.00151  0.00151  0.50   97083     146   97010  3597845  37.06
  1986          44     0.00165  0.00164  0.50   96936     159   96857  3500835  36.11
  1986          45     0.00187  0.00187  0.50   96777     181   96686  3403979  35.17
  1986          46     0.00220  0.00220  0.50   96596     212   96490  3307292  34.24
  1986          47     0.00254  0.00254  0.50   96384     245   96262  3210802  33.31
  1986          48     0.00285  0.00284  0.50   96139     273   96003  3114541  32.40
  1986          49     0.00311  0.00310  0.50   95866     297   95717  3018538  31.49
  1986          50     0.00340  0.00340  0.50   95569     325   95406  2922820  30.58
  1986          51     0.00380  0.00379  0.50   95244     361   95064  2827414  29.69
  1986          52     0.00420  0.00419  0.50   94883     398   94684  2732350  28.80
  1986          53     0.00454  0.00453  0.50   94486     428   94271  2637666  27.92
  1986          54     0.00488  0.00487  0.50   94057     458   93828  2543394  27.04
  1986          55     0.00531  0.00530  0.50   93599     496   93351  2449566  26.17
  1986          56     0.00588  0.00586  0.50   93103     545   92831  2356215  25.31
  1986          57     0.00647  0.00645  0.50   92558     597   92259  2263384  24.45
  1986          58     0.00697  0.00694  0.50   91961     638   91642  2171125  23.61
  1986          59     0.00733  0.00730  0.50   91322     667   90989  2079483  22.77
  1986          60     0.00766  0.00763  0.50   90656     692   90310  1988494  21.93
  1986          61     0.00808  0.00805  0.50   89964     724   89601  1898185  21.10
  1986          62     0.00860  0.00857  0.50   89239     765   88857  1808583  20.27
  1986          63     0.00924  0.00920  0.50   88475     814   88068  1719726  19.44
  1986          64     0.01013  0.01008  0.50   87661     883   87219  1631658  18.61
  1986          65     0.01139  0.01132  0.50   86778     982   86287  1544439  17.80
  1986          66     0.01288  0.01279  0.50   85795    1098   85247  1458152  17.00
  1986          67     0.01455  0.01445  0.50   84698    1224   84086  1372906  16.21
  1986          68     0.01641  0.01628  0.50   83474    1359   82794  1288820  15.44
  1986          69     0.01845  0.01829  0.50   82115    1502   81364  1206025  14.69
  1986          70     0.02062  0.02041  0.50   80613    1645   79791  1124661  13.95
  1986          71     0.02279  0.02253  0.50   78968    1779   78079  1044871  13.23
  1986          72     0.02530  0.02498  0.50   77189    1929   76225   966792  12.53
  1986          73     0.02851  0.02811  0.50   75260    2116   74202   890567  11.83
  1986          74     0.03225  0.03173  0.50   73145    2321   71984   816365  11.16
  1986          75     0.03634  0.03569  0.50   70823    2528   69559   744381  10.51
  1986          76     0.04120  0.04037  0.50   68296    2757   66917   674821   9.88
  1986          77     0.04694  0.04586  0.50   65539    3006   64036   607904   9.28
  1986          78     0.05355  0.05215  0.50   62533    3261   60903   543868   8.70
  1986          79     0.06089  0.05909  0.50   59272    3503   57521   482966   8.15
  1986          80     0.06883  0.06654  0.50   55770    3711   53914   425445   7.63
  1986          81     0.07732  0.07444  0.50   52058    3875   50121   371531   7.14
  1986          82     0.08638  0.08281  0.50   48183    3990   46188   321410   6.67
  1986          83     0.09630  0.09188  0.50   44193    4060   42163   275222   6.23
  1986          84     0.10729  0.10183  0.50   40133    4087   38090   233059   5.81
  1986          85     0.11951  0.11277  0.50   36046    4065   34014   194969   5.41
  1986          86     0.13309  0.12479  0.50   31981    3991   29986   160955   5.03
  1986          87     0.14813  0.13791  0.50   27990    3860   26060   130969   4.68
  1986          88     0.16470  0.15217  0.50   24130    3672   22294   104909   4.35
  1986          89     0.18288  0.16756  0.50   20458    3428   18744    82615   4.04
  1986          90     0.20273  0.18408  0.50   17030    3135   15463    63870   3.75
  1986          91     0.22429  0.20167  0.50   13895    2802   12494    48407   3.48
  1986          92     0.24757  0.22030  0.50   11093    2444    9871    35913   3.24
  1986          93     0.27256  0.23987  0.50    8649    2075    7612    26042   3.01
  1986          94     0.29918  0.26025  0.50    6575    1711    5719    18430   2.80
  1986          95     0.32736  0.28131  0.50    4864    1368    4179    12711   2.61
  1986          96     0.35695  0.30289  0.50    3495    1059    2966     8531   2.44
  1986          97     0.38778  0.32480  0.50    2437     791    2041     5565   2.28
  1986          98     0.41963  0.34685  0.50    1645     571    1360     3525   2.14
  1986          99     0.45225  0.36884  0.50    1075     396     876     2165   2.01
  1986         100     0.48536  0.39057  0.50     678     265     546     1288   1.90
  1986         101     0.51867  0.41186  0.50     413     170     328      742   1.80
  1986         102     0.55187  0.43252  0.50     243     105     191      414   1.70
  1986         103     0.58467  0.45241  0.50     138      62     107      224   1.62
  1986         104     0.61676  0.47139  0.50      76      36      58      117   1.55
  1986         105     0.64785  0.48934  0.50      40      20      30       59   1.48
  1986         106     0.67768  0.50617  0.50      20      10      15       29   1.43
  1986         107     0.70605  0.52183  0.50      10       5       7       14   1.37
  1986         108     0.73300  0.53640  0.50       5       3       4        6   1.33
  1986         109     0.75870  0.55004  0.50       2       1       2        3   1.29
  1986         110+    0.79746  1.00000  1.25       1       1       1        1   1.25
  1987           0     0.00543  0.00540  0.17  100000     540   99552  7879724  78.80
  1987           1     0.00089  0.00089  0.50   99460      89   99415  7780172  78.22
  1987           2     0.00069  0.00069  0.50   99371      68   99337  7680757  77.29
  1987           3     0.00051  0.00051  0.50   99303      50   99277  7581420  76.35
  1987           4     0.00037  0.00037  0.50   99252      37   99234  7482143  75.39
  1987           5     0.00028  0.00028  0.50   99216      27   99202  7382909  74.41
  1987           6     0.00022  0.00022  0.50   99188      21   99178  7283707  73.43
  1987           7     0.00017  0.00017  0.50   99167      17   99158  7184529  72.45
  1987           8     0.00014  0.00014  0.50   99150      14   99143  7085371  71.46
  1987           9     0.00012  0.00012  0.50   99136      12   99130  6986228  70.47
  1987          10     0.00011  0.00011  0.50   99125      11   99119  6887098  69.48
  1987          11     0.00012  0.00012  0.50   99113      12   99107  6787979  68.49
  1987          12     0.00013  0.00013  0.50   99101      12   99095  6688871  67.50
  1987          13     0.00012  0.00012  0.50   99089      12   99083  6589776  66.50
  1987          14     0.00013  0.00013  0.50   99077      13   99070  6490693  65.51
  1987          15     0.00016  0.00016  0.50   99064      16   99056  6391623  64.52
  1987          16     0.00022  0.00022  0.50   99048      21   99037  6292567  63.53
  1987          17     0.00029  0.00029  0.50   99026      29   99012  6193530  62.54
  1987          18     0.00038  0.00038  0.50   98997      38   98978  6094519  61.56
  1987          19     0.00045  0.00045  0.50   98960      45   98937  5995540  60.59
  1987          20     0.00050  0.00050  0.50   98915      49   98890  5896603  59.61
  1987          21     0.00052  0.00052  0.50   98866      52   98840  5797713  58.64
  1987          22     0.00054  0.00054  0.50   98814      54   98787  5698873  57.67
  1987          23     0.00056  0.00056  0.50   98761      56   98733  5600085  56.70
  1987          24     0.00058  0.00058  0.50   98705      57   98677  5501352  55.74
  1987          25     0.00056  0.00056  0.50   98648      55   98620  5402676  54.77
  1987          26     0.00053  0.00053  0.50   98593      53   98566  5304055  53.80
  1987          27     0.00052  0.00052  0.50   98540      51   98514  5205489  52.83
  1987          28     0.00054  0.00054  0.50   98489      53   98462  5106975  51.85
  1987          29     0.00059  0.00059  0.50   98436      58   98407  5008512  50.88
  1987          30     0.00065  0.00065  0.50   98378      64   98346  4910105  49.91
  1987          31     0.00070  0.00070  0.50   98314      68   98280  4811759  48.94
  1987          32     0.00074  0.00074  0.50   98246      73   98210  4713479  47.98
  1987          33     0.00080  0.00080  0.50   98173      78   98134  4615270  47.01
  1987          34     0.00089  0.00089  0.50   98095      87   98052  4517135  46.05
  1987          35     0.00101  0.00101  0.50   98008      99   97959  4419084  45.09
  1987          36     0.00112  0.00112  0.50   97909     110   97854  4321125  44.13
  1987          37     0.00121  0.00121  0.50   97799     119   97740  4223271  43.18
  1987          38     0.00128  0.00128  0.50   97681     125   97618  4125531  42.23
  1987          39     0.00132  0.00132  0.50   97556     129   97491  4027912  41.29
  1987          40     0.00134  0.00134  0.50   97427     130   97362  3930421  40.34
  1987          41     0.00133  0.00133  0.50   97297     129   97232  3833059  39.40
  1987          42     0.00138  0.00137  0.50   97168     134   97101  3735827  38.45
  1987          43     0.00151  0.00150  0.50   97034     146   96961  3638726  37.50
  1987          44     0.00171  0.00171  0.50   96888     165   96806  3541764  36.56
  1987          45     0.00193  0.00193  0.50   96723     186   96630  3444959  35.62
  1987          46     0.00212  0.00212  0.50   96537     205   96434  3348329  34.68
  1987          47     0.00231  0.00231  0.50   96332     222   96221  3251895  33.76
  1987          48     0.00256  0.00256  0.50   96110     246   95987  3155674  32.83
  1987          49     0.00292  0.00291  0.50   95864     279   95724  3059687  31.92
  1987          50     0.00333  0.00332  0.50   95584     318   95426  2963963  31.01
  1987          51     0.00374  0.00373  0.50   95267     355   95089  2868537  30.11
  1987          52     0.00413  0.00412  0.50   94911     391   94716  2773448  29.22
  1987          53     0.00451  0.00450  0.50   94520     425   94308  2678732  28.34
  1987          54     0.00490  0.00489  0.50   94095     460   93865  2584425  27.47
  1987          55     0.00528  0.00527  0.50   93635     493   93388  2490560  26.60
  1987          56     0.00563  0.00561  0.50   93141     522   92880  2397172  25.74
  1987          57     0.00594  0.00592  0.50   92619     549   92345  2304292  24.88
  1987          58     0.00626  0.00624  0.50   92070     575   91783  2211947  24.02
  1987          59     0.00665  0.00663  0.50   91496     606   91193  2120164  23.17
  1987          60     0.00713  0.00710  0.50   90889     646   90567  2028971  22.32
  1987          61     0.00772  0.00770  0.50   90244     694   89896  1938405  21.48
  1987          62     0.00848  0.00844  0.50   89549     756   89171  1848508  20.64
  1987          63     0.00943  0.00938  0.50   88793     833   88377  1759337  19.81
  1987          64     0.01057  0.01052  0.50   87960     925   87498  1670960  19.00
  1987          65     0.01188  0.01181  0.50   87035    1028   86521  1583463  18.19
  1987          66     0.01321  0.01312  0.50   86007    1128   85443  1496942  17.40
  1987          67     0.01446  0.01436  0.50   84879    1218   84270  1411499  16.63
  1987          68     0.01562  0.01550  0.50   83660    1297   83012  1327229  15.86
  1987          69     0.01693  0.01679  0.50   82363    1383   81672  1244217  15.11
  1987          70     0.01858  0.01841  0.50   80981    1491   80235  1162545  14.36
  1987          71     0.02053  0.02032  0.50   79490    1615   78682  1082310  13.62
  1987          72     0.02309  0.02283  0.50   77875    1778   76986  1003628  12.89
  1987          73     0.02658  0.02623  0.50   76097    1996   75099   926642  12.18
  1987          74     0.03082  0.03035  0.50   74101    2249   72976   851543  11.49
  1987          75     0.03548  0.03486  0.50   71852    2505   70599   778567  10.84
  1987          76     0.04026  0.03946  0.50   69347    2737   67979   707968  10.21
  1987          77     0.04503  0.04404  0.50   66610    2934   65143   639989   9.61
  1987          78     0.04994  0.04872  0.50   63677    3103   62125   574846   9.03
  1987          79     0.05580  0.05429  0.50   60574    3288   58930   512720   8.46
  1987          80     0.06330  0.06136  0.50   57286    3515   55528   453790   7.92
  1987          81     0.07189  0.06940  0.50   53771    3732   51905   398262   7.41
  1987          82     0.08091  0.07776  0.50   50039    3891   48093   346357   6.92
  1987          83     0.09047  0.08655  0.50   46148    3994   44151   298264   6.46
  1987          84     0.10085  0.09601  0.50   42154    4047   40130   254113   6.03
  1987          85     0.11231  0.10634  0.50   38106    4052   36080   213983   5.62
  1987          86     0.12507  0.11771  0.50   34054    4009   32050   177903   5.22
  1987          87     0.13932  0.13024  0.50   30045    3913   28089   145854   4.85
  1987          88     0.15517  0.14400  0.50   26132    3763   24251   117765   4.51
  1987          89     0.17274  0.15901  0.50   22369    3557   20591    93514   4.18
  1987          90     0.19211  0.17528  0.50   18812    3297   17164    72923   3.88
  1987          91     0.21333  0.19277  0.50   15515    2991   14019    55760   3.59
  1987          92     0.23643  0.21144  0.50   12524    2648   11200    41740   3.33
  1987          93     0.26142  0.23120  0.50    9876    2283    8734    30540   3.09
  1987          94     0.28822  0.25192  0.50    7593    1913    6636    21806   2.87
  1987          95     0.31677  0.27346  0.50    5680    1553    4903    15169   2.67
  1987          96     0.34691  0.29563  0.50    4127    1220    3517    10266   2.49
  1987          97     0.37845  0.31823  0.50    2907     925    2444     6749   2.32
  1987          98     0.41114  0.34104  0.50    1982     676    1644     4305   2.17
  1987          99     0.44471  0.36382  0.50    1306     475    1068     2661   2.04
  1987         100     0.47884  0.38634  0.50     831     321     670     1593   1.92
  1987         101     0.51319  0.40840  0.50     510     208     406      923   1.81
  1987         102     0.54740  0.42977  0.50     302     130     237      517   1.71
  1987         103     0.58112  0.45028  0.50     172      77     133      280   1.63
  1987         104     0.61400  0.46978  0.50      95      44      72      147   1.55
  1987         105     0.64574  0.48814  0.50      50      24      38       75   1.49
  1987         106     0.67609  0.50528  0.50      26      13      19       37   1.43
  1987         107     0.70490  0.52120  0.50      13       7       9       17   1.38
  1987         108     0.73229  0.53603  0.50       6       3       4        8   1.33
  1987         109     0.75852  0.54995  0.50       3       2       2        4   1.29
  1987         110+    0.79705  1.00000  1.25       1       1       2        2   1.25
  1988           0     0.00499  0.00497  0.18  100000     497   99593  7864023  78.64
  1988           1     0.00109  0.00109  0.50   99503     108   99449  7764430  78.03
  1988           2     0.00077  0.00077  0.50   99395      76   99357  7664981  77.12
  1988           3     0.00049  0.00049  0.50   99319      49   99294  7565624  76.18
  1988           4     0.00028  0.00028  0.50   99270      27   99256  7466330  75.21
  1988           5     0.00013  0.00013  0.50   99243      13   99236  7367073  74.23
  1988           6     0.00006  0.00006  0.50   99230       6   99227  7267837  73.24
  1988           7     0.00004  0.00004  0.50   99224       4   99222  7168610  72.25
  1988           8     0.00006  0.00006  0.50   99220       6   99217  7069388  71.25
  1988           9     0.00009  0.00009  0.50   99215       9   99210  6970171  70.25
  1988          10     0.00012  0.00012  0.50   99206      12   99200  6870961  69.26
  1988          11     0.00014  0.00014  0.50   99194      14   99187  6771761  68.27
  1988          12     0.00017  0.00017  0.50   99180      16   99171  6672574  67.28
  1988          13     0.00019  0.00019  0.50   99163      19   99154  6573403  66.29
  1988          14     0.00024  0.00024  0.50   99144      24   99132  6474249  65.30
  1988          15     0.00034  0.00034  0.50   99120      33   99103  6375117  64.32
  1988          16     0.00046  0.00046  0.50   99087      46   99064  6276014  63.34
  1988          17     0.00060  0.00060  0.50   99041      60   99011  6176950  62.37
  1988          18     0.00071  0.00071  0.50   98981      70   98946  6077939  61.41
  1988          19     0.00073  0.00073  0.50   98911      72   98875  5978993  60.45
  1988          20     0.00074  0.00074  0.50   98838      73   98802  5880119  59.49
  1988          21     0.00073  0.00073  0.50   98766      72   98730  5781317  58.54
  1988          22     0.00069  0.00069  0.50   98694      68   98660  5682587  57.58
  1988          23     0.00063  0.00063  0.50   98626      62   98595  5583927  56.62
  1988          24     0.00058  0.00058  0.50   98564      57   98535  5485332  55.65
  1988          25     0.00056  0.00056  0.50   98507      55   98479  5386797  54.68
  1988          26     0.00056  0.00056  0.50   98452      55   98424  5288318  53.71
  1988          27     0.00053  0.00053  0.50   98397      53   98371  5189893  52.74
  1988          28     0.00051  0.00051  0.50   98345      51   98319  5091523  51.77
  1988          29     0.00052  0.00052  0.50   98294      51   98269  4993203  50.80
  1988          30     0.00050  0.00050  0.50   98243      49   98219  4894935  49.82
  1988          31     0.00048  0.00048  0.50   98194      48   98171  4796716  48.85
  1988          32     0.00051  0.00051  0.50   98147      50   98122  4698545  47.87
  1988          33     0.00055  0.00055  0.50   98097      54   98070  4600423  46.90
  1988          34     0.00059  0.00059  0.50   98044      58   98015  4502352  45.92
  1988          35     0.00066  0.00066  0.50   97985      65   97953  4404338  44.95
  1988          36     0.00078  0.00078  0.50   97920      77   97882  4306385  43.98
  1988          37     0.00092  0.00092  0.50   97844      90   97799  4208503  43.01
  1988          38     0.00104  0.00104  0.50   97754     101   97703  4110704  42.05
  1988          39     0.00112  0.00112  0.50   97653     109   97598  4013000  41.09
  1988          40     0.00120  0.00120  0.50   97544     117   97485  3915402  40.14
  1988          41     0.00131  0.00131  0.50   97426     127   97363  3817917  39.19
  1988          42     0.00142  0.00142  0.50   97299     138   97230  3720555  38.24
  1988          43     0.00154  0.00154  0.50   97161     149   97086  3623325  37.29
  1988          44     0.00168  0.00168  0.50   97011     163   96930  3526239  36.35
  1988          45     0.00187  0.00187  0.50   96849     181   96758  3429309  35.41
  1988          46     0.00214  0.00214  0.50   96668     207   96564  3332550  34.47
  1988          47     0.00242  0.00242  0.50   96461     233   96344  3235986  33.55
  1988          48     0.00269  0.00268  0.50   96228     258   96099  3139642  32.63
  1988          49     0.00293  0.00293  0.50   95970     281   95829  3043543  31.71
  1988          50     0.00322  0.00321  0.50   95688     307   95535  2947714  30.81
  1988          51     0.00358  0.00357  0.50   95381     341   95211  2852179  29.90
  1988          52     0.00390  0.00389  0.50   95040     370   94855  2756969  29.01
  1988          53     0.00410  0.00409  0.50   94670     388   94477  2662113  28.12
  1988          54     0.00428  0.00427  0.50   94283     403   94081  2567637  27.23
  1988          55     0.00455  0.00454  0.50   93880     426   93667  2473555  26.35
  1988          56     0.00499  0.00498  0.50   93454     465   93222  2379888  25.47
  1988          57     0.00557  0.00556  0.50   92989     517   92731  2286666  24.59
  1988          58     0.00624  0.00622  0.50   92473     575   92185  2193935  23.73
  1988          59     0.00695  0.00692  0.50   91897     636   91579  2101750  22.87
  1988          60     0.00768  0.00766  0.50   91261     699   90912  2010171  22.03
  1988          61     0.00843  0.00840  0.50   90562     761   90182  1919259  21.19
  1988          62     0.00907  0.00903  0.50   89802     811   89396  1829077  20.37
  1988          63     0.00952  0.00947  0.50   88991     843   88569  1739681  19.55
  1988          64     0.01001  0.00996  0.50   88148     878   87709  1651111  18.73
  1988          65     0.01082  0.01076  0.50   87270     939   86800  1563403  17.91
  1988          66     0.01210  0.01203  0.50   86331    1039   85811  1476602  17.10
  1988          67     0.01389  0.01380  0.50   85292    1177   84704  1390791  16.31
  1988          68     0.01610  0.01597  0.50   84115    1344   83444  1306087  15.53
  1988          69     0.01835  0.01819  0.50   82772    1505   82019  1222644  14.77
  1988          70     0.02028  0.02007  0.50   81266    1631   80451  1140624  14.04
  1988          71     0.02189  0.02165  0.50   79635    1724   78773  1060174  13.31
  1988          72     0.02354  0.02327  0.50   77911    1813   77005   981401  12.60
  1988          73     0.02565  0.02533  0.50   76098    1927   75134   904396  11.88
  1988          74     0.02856  0.02816  0.50   74171    2089   73126   829262  11.18
  1988          75     0.03259  0.03207  0.50   72082    2311   70926   756135  10.49
  1988          76     0.03782  0.03711  0.50   69771    2590   68476   685209   9.82
  1988          77     0.04410  0.04315  0.50   67181    2899   65732   616733   9.18
  1988          78     0.05126  0.04998  0.50   64282    3213   62676   551001   8.57
  1988          79     0.05928  0.05758  0.50   61070    3516   59311   488325   8.00
  1988          80     0.06814  0.06590  0.50   57553    3793   55657   429014   7.45
  1988          81     0.07769  0.07478  0.50   53761    4020   51751   373357   6.94
  1988          82     0.08785  0.08415  0.50   49740    4186   47648   321606   6.47
  1988          83     0.09895  0.09428  0.50   45555    4295   43407   273959   6.01
  1988          84     0.11122  0.10536  0.50   41260    4347   39086   230551   5.59
  1988          85     0.12484  0.11751  0.50   36912    4337   34744   191465   5.19
  1988          86     0.13993  0.13078  0.50   32575    4260   30445   156722   4.81
  1988          87     0.15660  0.14523  0.50   28315    4112   26259   126277   4.46
  1988          88     0.17493  0.16086  0.50   24203    3893   22256   100018   4.13
  1988          89     0.19499  0.17767  0.50   20309    3608   18505    77763   3.83
  1988          90     0.21683  0.19562  0.50   16701    3267   15068    59257   3.55
  1988          91     0.24047  0.21466  0.50   13434    2884   11992    44190   3.29
  1988          92     0.26591  0.23470  0.50   10550    2476    9312    32198   3.05
  1988          93     0.29312  0.25565  0.50    8074    2064    7042    22885   2.83
  1988          94     0.32200  0.27735  0.50    6010    1667    5177    15843   2.64
  1988          95     0.35243  0.29963  0.50    4343    1301    3692    10667   2.46
  1988          96     0.38423  0.32231  0.50    3042     980    2552     6974   2.29
  1988          97     0.41718  0.34518  0.50    2061     712    1706     4423   2.15
  1988          98     0.45101  0.36802  0.50    1350     497    1101     2717   2.01
  1988          99     0.48543  0.39062  0.50     853     333     686     1616   1.89
  1988         100     0.52012  0.41277  0.50     520     215     413      929   1.79
  1988         101     0.55473  0.43428  0.50     305     133     239      517   1.69
  1988         102     0.58893  0.45496  0.50     173      79     133      278   1.61
  1988         103     0.62238  0.47467  0.50      94      45      72      144   1.53
  1988         104     0.65476  0.49327  0.50      49      24      37       73   1.47
  1988         105     0.68578  0.51067  0.50      25      13      19       35   1.41
  1988         106     0.71522  0.52682  0.50      12       6       9       17   1.36
  1988         107     0.74293  0.54171  0.50       6       3       4        8   1.31
  1988         108     0.76908  0.55548  0.50       3       1       2        3   1.27
  1988         109     0.79393  0.56832  0.50       1       1       1        1   1.24
  1988         110+    0.82944  1.00000  1.21       1       1       1        1   1.21
  1989           0     0.00593  0.00590  0.17  100000     590   99510  7909685  79.10
  1989           1     0.00066  0.00066  0.50   99410      66   99377  7810174  78.57
  1989           2     0.00049  0.00049  0.50   99344      48   99320  7710797  77.62
  1989           3     0.00036  0.00036  0.50   99296      36   99278  7611477  76.65
  1989           4     0.00029  0.00029  0.50   99260      29   99246  7512199  75.68
  1989           5     0.00027  0.00027  0.50   99231      27   99218  7412954  74.70
  1989           6     0.00026  0.00026  0.50   99204      26   99191  7313736  73.72
  1989           7     0.00024  0.00024  0.50   99178      24   99166  7214545  72.74
  1989           8     0.00019  0.00019  0.50   99155      19   99145  7115378  71.76
  1989           9     0.00013  0.00013  0.50   99136      13   99130  7016233  70.77
  1989          10     0.00010  0.00010  0.50   99123       9   99118  6917103  69.78
  1989          11     0.00008  0.00008  0.50   99114       8   99109  6817985  68.79
  1989          12     0.00010  0.00010  0.50   99105      10   99100  6718876  67.80
  1989          13     0.00013  0.00013  0.50   99096      13   99089  6619775  66.80
  1989          14     0.00017  0.00017  0.50   99083      17   99075  6520686  65.81
  1989          15     0.00022  0.00022  0.50   99066      22   99055  6421611  64.82
  1989          16     0.00031  0.00031  0.50   99044      31   99028  6322556  63.84
  1989          17     0.00044  0.00044  0.50   99013      44   98991  6223528  62.86
  1989          18     0.00057  0.00057  0.50   98969      57   98941  6124537  61.88
  1989          19     0.00065  0.00065  0.50   98913      64   98880  6025596  60.92
  1989          20     0.00065  0.00065  0.50   98848      64   98816  5926715  59.96
  1989          21     0.00062  0.00062  0.50   98784      61   98753  5827899  59.00
  1989          22     0.00062  0.00061  0.50   98722      61   98692  5729146  58.03
  1989          23     0.00062  0.00062  0.50   98662      62   98631  5630454  57.07
  1989          24     0.00063  0.00063  0.50   98600      62   98569  5531824  56.10
  1989          25     0.00062  0.00062  0.50   98538      61   98507  5433255  55.14
  1989          26     0.00060  0.00060  0.50   98477      59   98448  5334747  54.17
  1989          27     0.00059  0.00059  0.50   98418      58   98389  5236300  53.20
  1989          28     0.00060  0.00060  0.50   98360      59   98331  5137910  52.24
  1989          29     0.00060  0.00060  0.50   98302      59   98272  5039579  51.27
  1989          30     0.00061  0.00061  0.50   98243      60   98213  4941307  50.30
  1989          31     0.00060  0.00060  0.50   98183      59   98153  4843094  49.33
  1989          32     0.00059  0.00059  0.50   98124      58   98095  4744941  48.36
  1989          33     0.00060  0.00060  0.50   98066      59   98036  4646846  47.39
  1989          34     0.00064  0.00064  0.50   98007      63   97975  4548810  46.41
  1989          35     0.00070  0.00070  0.50   97944      69   97910  4450835  45.44
  1989          36     0.00077  0.00077  0.50   97875      75   97838  4352925  44.47
  1989          37     0.00084  0.00084  0.50   97800      82   97759  4255087  43.51
  1989          38     0.00093  0.00093  0.50   97718      91   97673  4157328  42.54
  1989          39     0.00105  0.00105  0.50   97627     102   97576  4059656  41.58
  1989          40     0.00116  0.00116  0.50   97525     113   97469  3962079  40.63
  1989          41     0.00125  0.00125  0.50   97412     122   97351  3864611  39.67
  1989          42     0.00132  0.00132  0.50   97290     128   97226  3767260  38.72
  1989          43     0.00140  0.00140  0.50   97161     136   97093  3670034  37.77
  1989          44     0.00154  0.00154  0.50   97025     150   96950  3572941  36.82
  1989          45     0.00176  0.00175  0.50   96875     170   96790  3475990  35.88
  1989          46     0.00204  0.00204  0.50   96705     198   96607  3379200  34.94
  1989          47     0.00234  0.00234  0.50   96508     226   96395  3282593  34.01
  1989          48     0.00260  0.00260  0.50   96282     250   96157  3186198  33.09
  1989          49     0.00279  0.00278  0.50   96032     267   95898  3090041  32.18
  1989          50     0.00294  0.00294  0.50   95764     281   95624  2994143  31.27
  1989          51     0.00312  0.00312  0.50   95483     298   95334  2898520  30.36
  1989          52     0.00337  0.00336  0.50   95185     320   95025  2803185  29.45
  1989          53     0.00371  0.00370  0.50   94865     351   94690  2708160  28.55
  1989          54     0.00420  0.00420  0.50   94514     397   94316  2613471  27.65
  1989          55     0.00479  0.00478  0.50   94117     450   93893  2519155  26.77
  1989          56     0.00539  0.00538  0.50   93668     504   93416  2425262  25.89
  1989          57     0.00599  0.00597  0.50   93164     556   92886  2331846  25.03
  1989          58     0.00656  0.00654  0.50   92608     606   92305  2238961  24.18
  1989          59     0.00702  0.00700  0.50   92002     644   91680  2146656  23.33
  1989          60     0.00739  0.00737  0.50   91358     673   91022  2054975  22.49
  1989          61     0.00775  0.00772  0.50   90685     700   90335  1963953  21.66
  1989          62     0.00825  0.00821  0.50   89985     739   89616  1873618  20.82
  1989          63     0.00901  0.00897  0.50   89246     800   88846  1784002  19.99
  1989          64     0.00993  0.00988  0.50   88446     874   88009  1695156  19.17
  1989          65     0.01090  0.01085  0.50   87573     950   87098  1607146  18.35
  1989          66     0.01205  0.01198  0.50   86623    1038   86104  1520049  17.55
  1989          67     0.01339  0.01331  0.50   85585    1139   85016  1433945  16.75
  1989          68     0.01492  0.01481  0.50   84446    1250   83821  1348929  15.97
  1989          69     0.01662  0.01649  0.50   83196    1372   82510  1265108  15.21
  1989          70     0.01857  0.01839  0.50   81824    1505   81072  1182598  14.45
  1989          71     0.02092  0.02070  0.50   80319    1663   79488  1101526  13.71
  1989          72     0.02358  0.02330  0.50   78656    1833   77740  1022038  12.99
  1989          73     0.02639  0.02605  0.50   76823    2001   75823   944299  12.29
  1989          74     0.02937  0.02894  0.50   74822    2165   73740   868476  11.61
  1989          75     0.03272  0.03219  0.50   72657    2339   71487   794736  10.94
  1989          76     0.03713  0.03645  0.50   70318    2563   69036   723249  10.29
  1989          77     0.04276  0.04187  0.50   67755    2837   66336   654213   9.66
  1989          78     0.04953  0.04833  0.50   64918    3138   63349   587877   9.06
  1989          79     0.05703  0.05545  0.50   61780    3425   60067   524528   8.49
  1989          80     0.06487  0.06283  0.50   58355    3666   56521   464460   7.96
  1989          81     0.07302  0.07044  0.50   54688    3852   52762   407939   7.46
  1989          82     0.08157  0.07837  0.50   50836    3984   48844   355177   6.99
  1989          83     0.09073  0.08680  0.50   46852    4067   44818   306333   6.54
  1989          84     0.10074  0.09591  0.50   42785    4103   40734   261515   6.11
  1989          85     0.11178  0.10587  0.50   38682    4095   36634   220781   5.71
  1989          86     0.12401  0.11677  0.50   34587    4039   32567   184147   5.32
  1989          87     0.13753  0.12868  0.50   30548    3931   28583   151580   4.96
  1989          88     0.15244  0.14164  0.50   26617    3770   24732   122997   4.62
  1989          89     0.16881  0.15567  0.50   22847    3557   21069    98265   4.30
  1989          90     0.18672  0.17078  0.50   19291    3294   17643    77196   4.00
  1989          91     0.20623  0.18696  0.50   15996    2991   14501    59552   3.72
  1989          92     0.22738  0.20417  0.50   13006    2655   11678    45052   3.46
  1989          93     0.25019  0.22237  0.50   10350    2302    9199    33374   3.22
  1989          94     0.27463  0.24147  0.50    8049    1944    7077    24174   3.00
  1989          95     0.30067  0.26138  0.50    6105    1596    5307    17097   2.80
  1989          96     0.32822  0.28195  0.50    4509    1271    3874    11790   2.61
  1989          97     0.35715  0.30304  0.50    3238     981    2747     7917   2.44
  1989          98     0.38730  0.32447  0.50    2257     732    1891     5169   2.29
  1989          99     0.41847  0.34606  0.50    1525     528    1261     3279   2.15
  1989         100     0.45041  0.36762  0.50     997     366     814     2018   2.02
  1989         101     0.48286  0.38896  0.50     630     245     508     1204   1.91
  1989         102     0.51554  0.40988  0.50     385     158     306      696   1.81
  1989         103     0.54813  0.43022  0.50     227      98     178      390   1.72
  1989         104     0.58033  0.44981  0.50     130      58     100      212   1.63
  1989         105     0.61184  0.46851  0.50      71      33      55      111   1.56
  1989         106     0.64241  0.48623  0.50      38      18      29       57   1.50
  1989         107     0.67186  0.50291  0.50      19      10      15       28   1.44
  1989         108     0.70024  0.51865  0.50      10       5       7       13   1.39
  1989         109     0.72772  0.53357  0.50       5       2       3        6   1.34
  1989         110+    0.77022  1.00000  1.30       2       2       3        3   1.30
  1990           0     0.00623  0.00620  0.16  100000     620   99481  7913360  79.13
  1990           1     0.00073  0.00073  0.50   99380      73   99344  7813879  78.63
  1990           2     0.00067  0.00067  0.50   99307      67   99274  7714535  77.68
  1990           3     0.00046  0.00046  0.50   99240      46   99217  7615262  76.74
  1990           4     0.00023  0.00023  0.50   99195      23   99183  7516044  75.77
  1990           5     0.00015  0.00015  0.50   99172      15   99164  7416861  74.79
  1990           6     0.00016  0.00016  0.50   99157      16   99149  7317697  73.80
  1990           7     0.00017  0.00017  0.50   99141      17   99132  7218548  72.81
  1990           8     0.00016  0.00016  0.50   99124      16   99116  7119415  71.82
  1990           9     0.00012  0.00012  0.50   99108      11   99102  7020299  70.83
  1990          10     0.00005  0.00005  0.50   99097       5   99094  6921197  69.84
  1990          11     0.00002  0.00002  0.50   99092       2   99091  6822103  68.85
  1990          12     0.00006  0.00006  0.50   99090       6   99087  6723012  67.85
  1990          13     0.00019  0.00019  0.50   99084      18   99075  6623925  66.85
  1990          14     0.00029  0.00029  0.50   99066      29   99051  6524850  65.86
  1990          15     0.00030  0.00030  0.50   99037      29   99022  6425799  64.88
  1990          16     0.00031  0.00031  0.50   99008      30   98992  6326776  63.90
  1990          17     0.00043  0.00043  0.50   98977      43   98956  6227784  62.92
  1990          18     0.00059  0.00059  0.50   98935      59   98905  6128828  61.95
  1990          19     0.00067  0.00067  0.50   98876      66   98843  6029923  60.98
  1990          20     0.00061  0.00061  0.50   98810      60   98780  5931080  60.03
  1990          21     0.00056  0.00056  0.50   98750      55   98722  5832300  59.06
  1990          22     0.00065  0.00065  0.50   98694      64   98663  5733578  58.09
  1990          23     0.00074  0.00074  0.50   98631      73   98594  5634915  57.13
  1990          24     0.00071  0.00071  0.50   98558      70   98523  5536321  56.17
  1990          25     0.00065  0.00065  0.50   98488      64   98456  5437798  55.21
  1990          26     0.00060  0.00060  0.50   98424      59   98395  5339341  54.25
  1990          27     0.00058  0.00058  0.50   98366      57   98337  5240946  53.28
  1990          28     0.00060  0.00060  0.50   98309      59   98279  5142609  52.31
  1990          29     0.00066  0.00066  0.50   98249      65   98217  5044330  51.34
  1990          30     0.00063  0.00063  0.50   98185      62   98154  4946113  50.38
  1990          31     0.00060  0.00060  0.50   98123      59   98094  4847959  49.41
  1990          32     0.00067  0.00067  0.50   98064      66   98032  4749865  48.44
  1990          33     0.00074  0.00074  0.50   97999      73   97962  4651833  47.47
  1990          34     0.00074  0.00074  0.50   97926      72   97890  4553871  46.50
  1990          35     0.00075  0.00075  0.50   97854      73   97817  4455981  45.54
  1990          36     0.00087  0.00087  0.50   97781      85   97738  4358164  44.57
  1990          37     0.00098  0.00098  0.50   97696      96   97648  4260425  43.61
  1990          38     0.00108  0.00108  0.50   97600     105   97547  4162778  42.65
  1990          39     0.00117  0.00117  0.50   97494     114   97438  4065231  41.70
  1990          40     0.00124  0.00123  0.50   97381     120   97321  3967793  40.75
  1990          41     0.00129  0.00129  0.50   97261     125   97198  3870473  39.79
  1990          42     0.00144  0.00143  0.50   97135     139   97065  3773275  38.85
  1990          43     0.00163  0.00162  0.50   96996     158   96917  3676209  37.90
  1990          44     0.00178  0.00178  0.50   96838     172   96752  3579292  36.96
  1990          45     0.00187  0.00187  0.50   96666     181   96575  3482540  36.03
  1990          46     0.00191  0.00191  0.50   96485     184   96393  3385965  35.09
  1990          47     0.00204  0.00204  0.50   96301     197   96202  3289572  34.16
  1990          48     0.00236  0.00235  0.50   96104     226   95991  3193370  33.23
  1990          49     0.00284  0.00283  0.50   95878     272   95742  3097379  32.31
  1990          50     0.00321  0.00320  0.50   95606     306   95453  3001637  31.40
  1990          51     0.00327  0.00326  0.50   95300     311   95145  2906184  30.50
  1990          52     0.00341  0.00341  0.50   94989     324   94828  2811039  29.59
  1990          53     0.00401  0.00400  0.50   94666     378   94477  2716212  28.69
  1990          54     0.00475  0.00474  0.50   94287     447   94064  2621735  27.81
  1990          55     0.00524  0.00523  0.50   93841     491   93595  2527671  26.94
  1990          56     0.00527  0.00526  0.50   93350     491   93105  2434076  26.07
  1990          57     0.00531  0.00529  0.50   92859     491   92613  2340971  25.21
  1990          58     0.00575  0.00573  0.50   92368     529   92103  2248358  24.34
  1990          59     0.00632  0.00630  0.50   91838     578   91549  2156254  23.48
  1990          60     0.00702  0.00700  0.50   91260     639   90941  2064705  22.62
  1990          61     0.00791  0.00788  0.50   90621     714   90264  1973765  21.78
  1990          62     0.00867  0.00864  0.50   89907     776   89519  1883500  20.95
  1990          63     0.00905  0.00900  0.50   89131     803   88729  1793982  20.13
  1990          64     0.00927  0.00922  0.50   88328     815   87921  1705252  19.31
  1990          65     0.00987  0.00982  0.50   87513     859   87084  1617332  18.48
  1990          66     0.01156  0.01150  0.50   86654     996   86156  1530248  17.66
  1990          67     0.01344  0.01335  0.50   85658    1143   85086  1444092  16.86
  1990          68     0.01458  0.01448  0.50   84515    1223   83903  1359006  16.08
  1990          69     0.01592  0.01580  0.50   83291    1316   82633  1275103  15.31
  1990          70     0.01823  0.01807  0.50   81975    1481   81235  1192470  14.55
  1990          71     0.02033  0.02013  0.50   80494    1620   79684  1111235  13.81
  1990          72     0.02259  0.02234  0.50   78874    1762   77993  1031551  13.08
  1990          73     0.02568  0.02536  0.50   77112    1955   76134   953558  12.37
  1990          74     0.02934  0.02892  0.50   75157    2173   74070   877423  11.67
  1990          75     0.03303  0.03250  0.50   72983    2372   71797   803353  11.01
  1990          76     0.03638  0.03573  0.50   70612    2523   69350   731556  10.36
  1990          77     0.04013  0.03934  0.50   68089    2679   66749   662206   9.73
  1990          78     0.04523  0.04423  0.50   65410    2893   63963   595457   9.10
  1990          79     0.05211  0.05079  0.50   62517    3175   60929   531493   8.50
  1990          80     0.06078  0.05898  0.50   59341    3500   57591   470564   7.93
  1990          81     0.06991  0.06755  0.50   55841    3772   53955   412973   7.40
  1990          82     0.07858  0.07561  0.50   52069    3937   50100   359018   6.90
  1990          83     0.08818  0.08446  0.50   48132    4065   46099   308917   6.42
  1990          84     0.09914  0.09445  0.50   44067    4162   41986   262818   5.96
  1990          85     0.11151  0.10562  0.50   39905    4215   37797   220832   5.53
  1990          86     0.12540  0.11800  0.50   35690    4211   33584   183035   5.13
  1990          87     0.14093  0.13166  0.50   31478    4144   29406   149451   4.75
  1990          88     0.15822  0.14662  0.50   27334    4008   25330   120045   4.39
  1990          89     0.17735  0.16290  0.50   23326    3800   21426    94714   4.06
  1990          90     0.19842  0.18051  0.50   19526    3525   17764    73288   3.75
  1990          91     0.22147  0.19939  0.50   16002    3191   14406    55524   3.47
  1990          92     0.24652  0.21947  0.50   12811    2812   11405    41117   3.21
  1990          93     0.27354  0.24063  0.50   10000    2406    8796    29712   2.97
  1990          94     0.30243  0.26271  0.50    7593    1995    6596    20916   2.75
  1990          95     0.33308  0.28553  0.50    5599    1599    4799    14320   2.56
  1990          96     0.36527  0.30886  0.50    4000    1235    3382     9520   2.38
  1990          97     0.39875  0.33247  0.50    2765     919    2305     6138   2.22
  1990          98     0.43323  0.35609  0.50    1845     657    1517     3833   2.08
  1990          99     0.46834  0.37948  0.50    1188     451     963     2316   1.95
  1990         100     0.50373  0.40238  0.50     737     297     589     1353   1.84
  1990         101     0.53899  0.42457  0.50     441     187     347      764   1.73
  1990         102     0.57376  0.44585  0.50     254     113     197      417   1.65
  1990         103     0.60767  0.46606  0.50     141      65     108      220   1.57
  1990         104     0.64039  0.48507  0.50      75      36      57      112   1.50
  1990         105     0.67165  0.50280  0.50      39      19      29       55   1.44
  1990         106     0.70122  0.51919  0.50      19      10      14       27   1.38
  1990         107     0.72891  0.53421  0.50       9       5       7       12   1.34
  1990         108     0.75457  0.54787  0.50       4       2       3        6   1.30
  1990         109     0.77827  0.56026  0.50       2       1       1        2   1.26
  1990         110+    0.81347  1.00000  1.23       1       1       1        1   1.23
  1991           0     0.00404  0.00403  0.19  100000     403   99674  7962703  79.63
  1991           1     0.00083  0.00083  0.50   99597      82   99556  7863029  78.95
  1991           2     0.00058  0.00058  0.50   99515      58   99486  7763473  78.01
  1991           3     0.00035  0.00035  0.50   99457      35   99440  7663988  77.06
  1991           4     0.00019  0.00019  0.50   99422      19   99413  7564548  76.09
  1991           5     0.00012  0.00012  0.50   99403      12   99397  7465135  75.10
  1991           6     0.00011  0.00011  0.50   99391      11   99386  7365738  74.11
  1991           7     0.00011  0.00011  0.50   99380      11   99374  7266353  73.12
  1991           8     0.00010  0.00010  0.50   99369      10   99364  7166978  72.12
  1991           9     0.00008  0.00008  0.50   99359       8   99355  7067614  71.13
  1991          10     0.00006  0.00006  0.50   99351       6   99348  6968259  70.14
  1991          11     0.00004  0.00004  0.50   99345       4   99343  6868911  69.14
  1991          12     0.00003  0.00003  0.50   99341       3   99339  6769568  68.14
  1991          13     0.00005  0.00005  0.50   99338       5   99335  6670228  67.15
  1991          14     0.00009  0.00009  0.50   99333       9   99328  6570893  66.15
  1991          15     0.00018  0.00018  0.50   99324      18   99315  6471565  65.16
  1991          16     0.00029  0.00029  0.50   99306      29   99292  6372250  64.17
  1991          17     0.00042  0.00042  0.50   99277      42   99256  6272958  63.19
  1991          18     0.00052  0.00052  0.50   99235      52   99209  6173702  62.21
  1991          19     0.00057  0.00057  0.50   99183      57   99155  6074493  61.25
  1991          20     0.00061  0.00061  0.50   99126      61   99096  5975338  60.28
  1991          21     0.00063  0.00063  0.50   99065      63   99034  5876242  59.32
  1991          22     0.00062  0.00062  0.50   99003      61   98972  5777208  58.35
  1991          23     0.00059  0.00059  0.50   98941      58   98912  5678236  57.39
  1991          24     0.00058  0.00058  0.50   98883      57   98854  5579324  56.42
  1991          25     0.00060  0.00060  0.50   98826      60   98796  5480470  55.46
  1991          26     0.00063  0.00063  0.50   98766      63   98735  5381674  54.49
  1991          27     0.00064  0.00064  0.50   98703      63   98672  5282940  53.52
  1991          28     0.00062  0.00062  0.50   98640      61   98610  5184268  52.56
  1991          29     0.00057  0.00057  0.50   98579      56   98551  5085658  51.59
  1991          30     0.00051  0.00051  0.50   98523      50   98498  4987107  50.62
  1991          31     0.00045  0.00045  0.50   98473      44   98451  4888609  49.64
  1991          32     0.00043  0.00043  0.50   98428      43   98407  4790159  48.67
  1991          33     0.00047  0.00047  0.50   98385      46   98362  4691752  47.69
  1991          34     0.00056  0.00056  0.50   98339      55   98312  4593389  46.71
  1991          35     0.00070  0.00070  0.50   98285      69   98250  4495078  45.74
  1991          36     0.00087  0.00087  0.50   98216      86   98173  4396827  44.77
  1991          37     0.00099  0.00099  0.50   98130      98   98081  4298654  43.81
  1991          38     0.00105  0.00105  0.50   98033     102   97981  4200573  42.85
  1991          39     0.00104  0.00104  0.50   97930     102   97879  4102592  41.89
  1991          40     0.00108  0.00108  0.50   97828     105   97775  4004713  40.94
  1991          41     0.00123  0.00123  0.50   97723     120   97663  3906937  39.98
  1991          42     0.00145  0.00145  0.50   97603     141   97532  3809275  39.03
  1991          43     0.00168  0.00168  0.50   97462     164   97380  3711742  38.08
  1991          44     0.00189  0.00189  0.50   97298     183   97206  3614363  37.15
  1991          45     0.00205  0.00205  0.50   97114     199   97015  3517157  36.22
  1991          46     0.00221  0.00220  0.50   96915     214   96808  3420142  35.29
  1991          47     0.00238  0.00237  0.50   96701     229   96586  3323334  34.37
  1991          48     0.00253  0.00253  0.50   96472     244   96350  3226748  33.45
  1991          49     0.00266  0.00265  0.50   96228     255   96100  3130398  32.53
  1991          50     0.00283  0.00282  0.50   95973     271   95837  3034298  31.62
  1991          51     0.00313  0.00313  0.50   95701     299   95552  2938461  30.70
  1991          52     0.00354  0.00354  0.50   95402     337   95233  2842909  29.80
  1991          53     0.00398  0.00397  0.50   95065     377   94876  2747676  28.90
  1991          54     0.00433  0.00433  0.50   94687     410   94482  2652800  28.02
  1991          55     0.00467  0.00466  0.50   94278     439   94058  2558317  27.14
  1991          56     0.00507  0.00506  0.50   93839     474   93601  2464259  26.26
  1991          57     0.00557  0.00556  0.50   93364     519   93105  2370658  25.39
  1991          58     0.00616  0.00614  0.50   92845     570   92560  2277553  24.53
  1991          59     0.00669  0.00667  0.50   92275     615   91967  2184993  23.68
  1991          60     0.00725  0.00722  0.50   91660     662   91329  2093026  22.83
  1991          61     0.00795  0.00791  0.50   90998     720   90638  2001697  22.00
  1991          62     0.00873  0.00870  0.50   90278     785   89885  1911059  21.17
  1991          63     0.00954  0.00949  0.50   89493     849   89068  1821174  20.35
  1991          64     0.01038  0.01032  0.50   88643     915   88186  1732106  19.54
  1991          65     0.01123  0.01117  0.50   87728     980   87238  1643921  18.74
  1991          66     0.01194  0.01187  0.50   86748    1030   86233  1556682  17.94
  1991          67     0.01279  0.01271  0.50   85718    1089   85174  1470449  17.15
  1991          68     0.01405  0.01395  0.50   84629    1181   84039  1385275  16.37
  1991          69     0.01560  0.01548  0.50   83449    1292   82803  1301236  15.59
  1991          70     0.01731  0.01716  0.50   82157    1410   81452  1218434  14.83
  1991          71     0.01944  0.01925  0.50   80747    1555   79969  1136982  14.08
  1991          72     0.02191  0.02167  0.50   79192    1716   78334  1057012  13.35
  1991          73     0.02458  0.02428  0.50   77476    1881   76535   978678  12.63
  1991          74     0.02740  0.02703  0.50   75595    2043   74573   902143  11.93
  1991          75     0.03061  0.03014  0.50   73551    2217   72443   827570  11.25
  1991          76     0.03505  0.03445  0.50   71334    2457   70105   755127  10.59
  1991          77     0.04044  0.03964  0.50   68877    2730   67512   685022   9.95
  1991          78     0.04627  0.04522  0.50   66147    2991   64651   617510   9.34
  1991          79     0.05257  0.05122  0.50   63155    3235   61538   552859   8.75
  1991          80     0.05948  0.05776  0.50   59920    3461   58190   491322   8.20
  1991          81     0.06700  0.06483  0.50   56459    3660   54629   433132   7.67
  1991          82     0.07518  0.07245  0.50   52799    3825   50886   378503   7.17
  1991          83     0.08422  0.08082  0.50   48974    3958   46995   327617   6.69
  1991          84     0.09433  0.09008  0.50   45015    4055   42988   280622   6.23
  1991          85     0.10563  0.10033  0.50   40961    4110   38906   237634   5.80
  1991          86     0.11826  0.11166  0.50   36851    4115   34794   198729   5.39
  1991          87     0.13232  0.12411  0.50   32736    4063   30705   163935   5.01
  1991          88     0.14791  0.13772  0.50   28674    3949   26699   133230   4.65
  1991          89     0.16513  0.15253  0.50   24725    3771   22839   106531   4.31
  1991          90     0.18405  0.16854  0.50   20953    3531   19187    83692   3.99
  1991          91     0.20474  0.18573  0.50   17422    3236   15804    64505   3.70
  1991          92     0.22724  0.20405  0.50   14186    2895   12739    48701   3.43
  1991          93     0.25154  0.22344  0.50   11291    2523   10030    35962   3.18
  1991          94     0.27763  0.24379  0.50    8768    2138    7700    25932   2.96
  1991          95     0.30542  0.26496  0.50    6631    1757    5752    18232   2.75
  1991          96     0.33478  0.28678  0.50    4874    1398    4175    12480   2.56
  1991          97     0.36557  0.30908  0.50    3476    1074    2939     8305   2.39
  1991          98     0.39755  0.33163  0.50    2402     797    2004     5366   2.23
  1991          99     0.43048  0.35423  0.50    1605     569    1321     3362   2.09
  1991         100     0.46406  0.37666  0.50    1037     390     841     2041   1.97
  1991         101     0.49797  0.39870  0.50     646     258     517     1200   1.86
  1991         102     0.53190  0.42016  0.50     389     163     307      683   1.76
  1991         103     0.56550  0.44085  0.50     225      99     176      376   1.67
  1991         104     0.59845  0.46062  0.50     126      58      97      200   1.59
  1991         105     0.63042  0.47933  0.50      68      33      52      103   1.52
  1991         106     0.66112  0.49688  0.50      35      18      27       52   1.46
  1991         107     0.69034  0.51320  0.50      18       9      13       25   1.40
  1991         108     0.71810  0.52838  0.50       9       5       6       12   1.35
  1991         109     0.74456  0.54257  0.50       4       2       3        5   1.31
  1991         110+    0.78479  1.00000  1.27       2       2       2        2   1.27
  1992           0     0.00585  0.00582  0.17  100000     582   99516  7948923  79.49
  1992           1     0.00092  0.00092  0.50   99418      92   99372  7849407  78.95
  1992           2     0.00056  0.00056  0.50   99326      55   99298  7750035  78.03
  1992           3     0.00030  0.00030  0.50   99271      30   99256  7650737  77.07
  1992           4     0.00018  0.00018  0.50   99241      18   99232  7551481  76.09
  1992           5     0.00015  0.00015  0.50   99223      15   99215  7452249  75.11
  1992           6     0.00016  0.00016  0.50   99208      16   99200  7353034  74.12
  1992           7     0.00017  0.00017  0.50   99192      17   99184  7253834  73.13
  1992           8     0.00015  0.00015  0.50   99175      15   99168  7154650  72.14
  1992           9     0.00012  0.00012  0.50   99161      12   99155  7055482  71.15
  1992          10     0.00009  0.00009  0.50   99149       9   99144  6956328  70.16
  1992          11     0.00007  0.00007  0.50   99140       7   99136  6857184  69.17
  1992          12     0.00007  0.00007  0.50   99132       7   99129  6758048  68.17
  1992          13     0.00010  0.00010  0.50   99125      10   99120  6658919  67.18
  1992          14     0.00014  0.00014  0.50   99116      14   99108  6559799  66.18
  1992          15     0.00020  0.00020  0.50   99101      20   99091  6460690  65.19
  1992          16     0.00027  0.00027  0.50   99081      27   99068  6361599  64.21
  1992          17     0.00033  0.00033  0.50   99054      32   99038  6262531  63.22
  1992          18     0.00039  0.00039  0.50   99022      38   99003  6163493  62.24
  1992          19     0.00046  0.00046  0.50   98984      46   98961  6064490  61.27
  1992          20     0.00056  0.00056  0.50   98938      56   98910  5965529  60.30
  1992          21     0.00063  0.00063  0.50   98882      62   98851  5866619  59.33
  1992          22     0.00062  0.00062  0.50   98820      61   98789  5767767  58.37
  1992          23     0.00055  0.00055  0.50   98759      55   98731  5668978  57.40
  1992          24     0.00046  0.00046  0.50   98704      45   98681  5570247  56.43
  1992          25     0.00040  0.00040  0.50   98659      39   98639  5471565  55.46
  1992          26     0.00039  0.00039  0.50   98620      39   98600  5372926  54.48
  1992          27     0.00045  0.00045  0.50   98581      45   98559  5274326  53.50
  1992          28     0.00055  0.00055  0.50   98536      54   98509  5175767  52.53
  1992          29     0.00062  0.00062  0.50   98483      61   98452  5077258  51.55
  1992          30     0.00065  0.00065  0.50   98422      64   98390  4978805  50.59
  1992          31     0.00066  0.00066  0.50   98358      64   98325  4880416  49.62
  1992          32     0.00067  0.00067  0.50   98293      65   98260  4782090  48.65
  1992          33     0.00069  0.00069  0.50   98228      68   98194  4683830  47.68
  1992          34     0.00075  0.00075  0.50   98160      73   98123  4585636  46.72
  1992          35     0.00083  0.00083  0.50   98086      81   98046  4487513  45.75
  1992          36     0.00093  0.00093  0.50   98005      91   97960  4389467  44.79
  1992          37     0.00100  0.00100  0.50   97914      97   97866  4291507  43.83
  1992          38     0.00104  0.00104  0.50   97817     102   97766  4193642  42.87
  1992          39     0.00109  0.00109  0.50   97715     107   97662  4095876  41.92
  1992          40     0.00119  0.00119  0.50   97609     116   97550  3998214  40.96
  1992          41     0.00137  0.00136  0.50   97492     133   97426  3900663  40.01
  1992          42     0.00156  0.00156  0.50   97359     152   97283  3803238  39.06
  1992          43     0.00176  0.00176  0.50   97207     171   97122  3705955  38.12
  1992          44     0.00193  0.00193  0.50   97036     187   96943  3608833  37.19
  1992          45     0.00208  0.00208  0.50   96849     202   96748  3511890  36.26
  1992          46     0.00223  0.00223  0.50   96647     215   96540  3415142  35.34
  1992          47     0.00242  0.00242  0.50   96432     233   96315  3318602  34.41
  1992          48     0.00264  0.00264  0.50   96199     254   96072  3222287  33.50
  1992          49     0.00286  0.00285  0.50   95945     274   95808  3126215  32.58
  1992          50     0.00309  0.00308  0.50   95671     295   95524  3030408  31.68
  1992          51     0.00337  0.00336  0.50   95376     321   95216  2934884  30.77
  1992          52     0.00369  0.00369  0.50   95056     350   94880  2839668  29.87
  1992          53     0.00405  0.00404  0.50   94705     383   94514  2744788  28.98
  1992          54     0.00439  0.00438  0.50   94323     413   94116  2650274  28.10
  1992          55     0.00469  0.00468  0.50   93910     439   93690  2556158  27.22
  1992          56     0.00496  0.00495  0.50   93470     463   93239  2462468  26.34
  1992          57     0.00531  0.00529  0.50   93008     492   92761  2369229  25.47
  1992          58     0.00581  0.00579  0.50   92515     536   92247  2276468  24.61
  1992          59     0.00648  0.00645  0.50   91980     594   91683  2184220  23.75
  1992          60     0.00724  0.00721  0.50   91386     659   91056  2092537  22.90
  1992          61     0.00803  0.00800  0.50   90727     725   90364  2001481  22.06
  1992          62     0.00877  0.00873  0.50   90001     786   89608  1911117  21.23
  1992          63     0.00944  0.00939  0.50   89215     838   88796  1821509  20.42
  1992          64     0.01008  0.01003  0.50   88377     886   87934  1732712  19.61
  1992          65     0.01079  0.01073  0.50   87491     939   87022  1644778  18.80
  1992          66     0.01163  0.01156  0.50   86552    1001   86052  1557757  18.00
  1992          67     0.01252  0.01245  0.50   85551    1065   85019  1471705  17.20
  1992          68     0.01341  0.01332  0.50   84486    1126   83924  1386686  16.41
  1992          69     0.01457  0.01447  0.50   83361    1206   82758  1302762  15.63
  1992          70     0.01631  0.01618  0.50   82155    1329   81490  1220005  14.85
  1992          71     0.01875  0.01858  0.50   80826    1501   80075  1138514  14.09
  1992          72     0.02174  0.02151  0.50   79324    1706   78471  1058439  13.34
  1992          73     0.02510  0.02478  0.50   77618    1924   76656   979968  12.63
  1992          74     0.02858  0.02818  0.50   75694    2133   74628   903312  11.93
  1992          75     0.03208  0.03157  0.50   73561    2322   72400   828685  11.27
  1992          76     0.03588  0.03525  0.50   71239    2511   69983   756284  10.62
  1992          77     0.04027  0.03948  0.50   68728    2713   67371   686301   9.99
  1992          78     0.04548  0.04446  0.50   66014    2935   64547   618930   9.38
  1992          79     0.05165  0.05035  0.50   63079    3176   61491   554383   8.79
  1992          80     0.05886  0.05718  0.50   59903    3425   58190   492892   8.23
  1992          81     0.06684  0.06468  0.50   56478    3653   54651   434702   7.70
  1992          82     0.07532  0.07259  0.50   52825    3834   50908   380051   7.19
  1992          83     0.08447  0.08105  0.50   48991    3971   47005   329143   6.72
  1992          84     0.09451  0.09024  0.50   45020    4063   42989   282138   6.27
  1992          85     0.10561  0.10031  0.50   40957    4109   38903   239149   5.84
  1992          86     0.11793  0.11136  0.50   36849    4104   34797   200246   5.43
  1992          87     0.13161  0.12348  0.50   32745    4043   30723   165449   5.05
  1992          88     0.14674  0.13671  0.50   28702    3924   26740   134726   4.69
  1992          89     0.16342  0.15108  0.50   24778    3743   22906   107986   4.36
  1992          90     0.18174  0.16660  0.50   21035    3504   19282    85080   4.04
  1992          91     0.20175  0.18327  0.50   17530    3213   15924    65797   3.75
  1992          92     0.22352  0.20105  0.50   14318    2879   12878    49873   3.48
  1992          93     0.24707  0.21991  0.50   11439    2516   10181    36995   3.23
  1992          94     0.27239  0.23974  0.50    8923    2139    7854    26814   3.00
  1992          95     0.29943  0.26044  0.50    6784    1767    5901    18960   2.79
  1992          96     0.32811  0.28187  0.50    5017    1414    4310    13059   2.60
  1992          97     0.35829  0.30385  0.50    3603    1095    3056     8749   2.43
  1992          98     0.38978  0.32621  0.50    2508     818    2099     5694   2.27
  1992          99     0.42237  0.34873  0.50    1690     589    1395     3594   2.13
  1992         100     0.45579  0.37120  0.50    1101     409     896     2199   2.00
  1992         101     0.48975  0.39341  0.50     692     272     556     1303   1.88
  1992         102     0.52391  0.41516  0.50     420     174     333      747   1.78
  1992         103     0.55794  0.43624  0.50     246     107     192      414   1.69
  1992         104     0.59149  0.45649  0.50     138      63     107      222   1.60
  1992         105     0.62423  0.47574  0.50      75      36      57      115   1.53
  1992         106     0.65587  0.49390  0.50      39      19      30       58   1.47
  1992         107     0.68618  0.51090  0.50      20      10      15       28   1.41
  1992         108     0.71521  0.52682  0.50      10       5       7       13   1.36
  1992         109     0.74315  0.54182  0.50       5       3       3        6   1.31
  1992         110+    0.78549  1.00000  1.27       2       2       3        3   1.27
  1993           0     0.00501  0.00499  0.18  100000     499   99591  7978306  79.78
  1993           1     0.00048  0.00048  0.50   99501      47   99477  7878715  79.18
  1993           2     0.00054  0.00054  0.50   99453      53   99427  7779238  78.22
  1993           3     0.00043  0.00043  0.50   99400      43   99378  7679811  77.26
  1993           4     0.00029  0.00029  0.50   99357      29   99343  7580433  76.29
  1993           5     0.00025  0.00025  0.50   99328      24   99316  7481090  75.32
  1993           6     0.00026  0.00026  0.50   99304      26   99291  7381774  74.34
  1993           7     0.00028  0.00028  0.50   99278      28   99263  7282483  73.35
  1993           8     0.00031  0.00031  0.50   99249      31   99234  7183220  72.38
  1993           9     0.00030  0.00030  0.50   99219      30   99204  7083986  71.40
  1993          10     0.00023  0.00023  0.50   99189      23   99178  6984782  70.42
  1993          11     0.00016  0.00016  0.50   99167      16   99159  6885604  69.43
  1993          12     0.00014  0.00014  0.50   99151      14   99144  6786445  68.45
  1993          13     0.00012  0.00012  0.50   99137      12   99131  6687301  67.46
  1993          14     0.00014  0.00014  0.50   99125      13   99118  6588170  66.46
  1993          15     0.00021  0.00021  0.50   99111      21   99101  6489052  65.47
  1993          16     0.00030  0.00030  0.50   99091      30   99076  6389951  64.49
  1993          17     0.00037  0.00037  0.50   99061      36   99043  6290875  63.50
  1993          18     0.00039  0.00039  0.50   99025      39   99005  6191832  62.53
  1993          19     0.00039  0.00039  0.50   98986      39   98966  6092826  61.55
  1993          20     0.00041  0.00041  0.50   98947      40   98927  5993860  60.58
  1993          21     0.00047  0.00047  0.50   98906      46   98883  5894934  59.60
  1993          22     0.00059  0.00059  0.50   98860      58   98831  5796050  58.63
  1993          23     0.00066  0.00066  0.50   98802      65   98769  5697220  57.66
  1993          24     0.00060  0.00060  0.50   98737      59   98707  5598450  56.70
  1993          25     0.00052  0.00052  0.50   98678      52   98652  5499743  55.73
  1993          26     0.00048  0.00048  0.50   98626      47   98602  5401091  54.76
  1993          27     0.00048  0.00048  0.50   98579      48   98555  5302488  53.79
  1993          28     0.00056  0.00056  0.50   98531      55   98504  5203933  52.82
  1993          29     0.00068  0.00068  0.50   98476      67   98443  5105430  51.84
  1993          30     0.00074  0.00074  0.50   98409      73   98373  5006987  50.88
  1993          31     0.00077  0.00077  0.50   98336      76   98298  4908614  49.92
  1993          32     0.00081  0.00081  0.50   98261      80   98221  4810316  48.95
  1993          33     0.00087  0.00087  0.50   98181      85   98138  4712095  47.99
  1993          34     0.00090  0.00090  0.50   98096      88   98052  4613957  47.04
  1993          35     0.00083  0.00083  0.50   98007      81   97967  4515906  46.08
  1993          36     0.00067  0.00067  0.50   97926      65   97894  4417939  45.11
  1993          37     0.00069  0.00069  0.50   97861      67   97827  4320045  44.14
  1993          38     0.00086  0.00086  0.50   97794      84   97752  4222218  43.17
  1993          39     0.00107  0.00107  0.50   97710     105   97657  4124466  42.21
  1993          40     0.00119  0.00119  0.50   97605     116   97547  4026809  41.26
  1993          41     0.00115  0.00115  0.50   97489     112   97433  3929262  40.30
  1993          42     0.00112  0.00112  0.50   97377     109   97322  3831829  39.35
  1993          43     0.00122  0.00122  0.50   97267     119   97208  3734508  38.39
  1993          44     0.00148  0.00148  0.50   97148     144   97076  3637300  37.44
  1993          45     0.00175  0.00175  0.50   97004     170   96920  3540224  36.50
  1993          46     0.00190  0.00190  0.50   96835     184   96743  3443304  35.56
  1993          47     0.00209  0.00208  0.50   96650     201   96550  3346561  34.63
  1993          48     0.00230  0.00230  0.50   96449     221   96338  3250012  33.70
  1993          49     0.00251  0.00250  0.50   96228     241   96107  3153673  32.77
  1993          50     0.00272  0.00272  0.50   95987     261   95856  3057566  31.85
  1993          51     0.00298  0.00297  0.50   95726     285   95584  2961710  30.94
  1993          52     0.00337  0.00337  0.50   95441     321   95281  2866126  30.03
  1993          53     0.00388  0.00387  0.50   95120     368   94936  2770845  29.13
  1993          54     0.00410  0.00409  0.50   94752     388   94558  2675910  28.24
  1993          55     0.00430  0.00429  0.50   94364     405   94161  2581352  27.36
  1993          56     0.00479  0.00478  0.50   93959     449   93734  2487191  26.47
  1993          57     0.00531  0.00530  0.50   93510     495   93262  2393456  25.60
  1993          58     0.00563  0.00562  0.50   93014     522   92753  2300194  24.73
  1993          59     0.00608  0.00606  0.50   92492     561   92212  2207441  23.87
  1993          60     0.00666  0.00664  0.50   91931     610   91626  2115229  23.01
  1993          61     0.00730  0.00727  0.50   91321     664   90989  2023603  22.16
  1993          62     0.00803  0.00800  0.50   90657     725   90295  1932614  21.32
  1993          63     0.00893  0.00889  0.50   89932     800   89532  1842319  20.49
  1993          64     0.01006  0.01001  0.50   89132     892   88686  1752787  19.66
  1993          65     0.01138  0.01132  0.50   88240     999   87741  1664101  18.86
  1993          66     0.01265  0.01257  0.50   87242    1096   86693  1576360  18.07
  1993          67     0.01380  0.01371  0.50   86145    1181   85555  1489666  17.29
  1993          68     0.01484  0.01473  0.50   84965    1251   84339  1404111  16.53
  1993          69     0.01570  0.01558  0.50   83713    1304   83061  1319772  15.77
  1993          70     0.01656  0.01643  0.50   82409    1354   81732  1236711  15.01
  1993          71     0.01832  0.01815  0.50   81055    1471   80320  1154979  14.25
  1993          72     0.02116  0.02094  0.50   79584    1667   78751  1074659  13.50
  1993          73     0.02489  0.02459  0.50   77917    1916   76960   995909  12.78
  1993          74     0.02864  0.02824  0.50   76002    2146   74929   918949  12.09
  1993          75     0.03173  0.03123  0.50   73856    2307   72703   844020  11.43
  1993          76     0.03482  0.03422  0.50   71549    2449   70325   771318  10.78
  1993          77     0.03869  0.03795  0.50   69101    2622   67789   700993  10.14
  1993          78     0.04385  0.04290  0.50   66478    2852   65052   633204   9.52
  1993          79     0.05012  0.04890  0.50   63626    3111   62070   568152   8.93
  1993          80     0.05718  0.05559  0.50   60515    3364   58833   506081   8.36
  1993          81     0.06481  0.06278  0.50   57151    3588   55357   447248   7.83
  1993          82     0.07291  0.07034  0.50   53563    3768   51679   391892   7.32
  1993          83     0.08176  0.07855  0.50   49795    3911   47840   340212   6.83
  1993          84     0.09158  0.08757  0.50   45884    4018   43875   292373   6.37
  1993          85     0.10251  0.09751  0.50   41866    4082   39825   248498   5.94
  1993          86     0.11465  0.10844  0.50   37783    4097   35735   208673   5.52
  1993          87     0.12811  0.12040  0.50   33686    4056   31658   172939   5.13
  1993          88     0.14299  0.13345  0.50   29631    3954   27653   141280   4.77
  1993          89     0.15939  0.14763  0.50   25676    3790   23781   113627   4.43
  1993          90     0.17742  0.16297  0.50   21886    3567   20103    89846   4.11
  1993          91     0.19718  0.17948  0.50   18319    3288   16675    69743   3.81
  1993          92     0.21873  0.19717  0.50   15031    2964   13549    53068   3.53
  1993          93     0.24213  0.21598  0.50   12068    2606   10764    39518   3.27
  1993          94     0.26740  0.23586  0.50    9461    2232    8345    28754   3.04
  1993          95     0.29451  0.25671  0.50    7230    1856    6302    20409   2.82
  1993          96     0.32341  0.27839  0.50    5374    1496    4626    14107   2.63
  1993          97     0.35397  0.30075  0.50    3878    1166    3295     9481   2.45
  1993          98     0.38603  0.32357  0.50    2712     877    2273     6186   2.28
  1993          99     0.41935  0.34667  0.50    1834     636    1516     3914   2.13
  1993         100     0.45367  0.36979  0.50    1198     443     977     2397   2.00
  1993         101     0.48866  0.39271  0.50     755     297     607     1421   1.88
  1993         102     0.52398  0.41520  0.50     459     190     363      814   1.77
  1993         103     0.55926  0.43705  0.50     268     117     210      450   1.68
  1993         104     0.59413  0.45806  0.50     151      69     116      241   1.59
  1993         105     0.62824  0.47807  0.50      82      39      62      124   1.52
  1993         106     0.66120  0.49692  0.50      43      21      32       62   1.45
  1993         107     0.69271  0.51451  0.50      21      11      16       30   1.40
  1993         108     0.72258  0.53080  0.50      10       6       8       14   1.34
  1993         109     0.75082  0.54589  0.50       5       3       4        6   1.30
  1993         110+    0.79407  1.00000  1.26       2       2       3        3   1.26
  1994           0     0.00447  0.00445  0.19  100000     445   99637  8037630  80.38
  1994           1     0.00059  0.00059  0.50   99555      59   99525  7937993  79.73
  1994           2     0.00043  0.00043  0.50   99496      43   99474  7838468  78.78
  1994           3     0.00028  0.00028  0.50   99453      28   99439  7738993  77.82
  1994           4     0.00018  0.00018  0.50   99425      18   99416  7639554  76.84
  1994           5     0.00013  0.00013  0.50   99407      13   99401  7540138  75.85
  1994           6     0.00011  0.00011  0.50   99394      11   99389  7440737  74.86
  1994           7     0.00010  0.00010  0.50   99383      10   99379  7341348  73.87
  1994           8     0.00009  0.00009  0.50   99374       9   99369  7241970  72.88
  1994           9     0.00009  0.00009  0.50   99364       9   99360  7142601  71.88
  1994          10     0.00008  0.00008  0.50   99356       8   99352  7043241  70.89
  1994          11     0.00007  0.00007  0.50   99348       7   99345  6943889  69.89
  1994          12     0.00008  0.00008  0.50   99341       8   99337  6844544  68.90
  1994          13     0.00010  0.00010  0.50   99333      10   99329  6745207  67.90
  1994          14     0.00013  0.00013  0.50   99324      13   99317  6645878  66.91
  1994          15     0.00016  0.00016  0.50   99311      16   99303  6546561  65.92
  1994          16     0.00020  0.00020  0.50   99295      20   99285  6447258  64.93
  1994          17     0.00029  0.00029  0.50   99275      29   99260  6347973  63.94
  1994          18     0.00042  0.00042  0.50   99246      41   99225  6248712  62.96
  1994          19     0.00054  0.00054  0.50   99205      54   99178  6149487  61.99
  1994          20     0.00062  0.00062  0.50   99151      61   99120  6050309  61.02
  1994          21     0.00061  0.00061  0.50   99089      61   99059  5951190  60.06
  1994          22     0.00053  0.00053  0.50   99029      52   99003  5852131  59.10
  1994          23     0.00042  0.00042  0.50   98977      41   98956  5753128  58.13
  1994          24     0.00035  0.00035  0.50   98935      34   98918  5654172  57.15
  1994          25     0.00033  0.00033  0.50   98901      33   98885  5555254  56.17
  1994          26     0.00034  0.00034  0.50   98868      34   98852  5456369  55.19
  1994          27     0.00037  0.00037  0.50   98835      36   98817  5357517  54.21
  1994          28     0.00043  0.00043  0.50   98798      42   98777  5258701  53.23
  1994          29     0.00052  0.00052  0.50   98756      51   98731  5159924  52.25
  1994          30     0.00060  0.00060  0.50   98705      59   98676  5061193  51.28
  1994          31     0.00064  0.00064  0.50   98646      64   98614  4962517  50.31
  1994          32     0.00063  0.00063  0.50   98582      62   98551  4863903  49.34
  1994          33     0.00058  0.00058  0.50   98520      57   98492  4765352  48.37
  1994          34     0.00052  0.00052  0.50   98463      51   98438  4666860  47.40
  1994          35     0.00049  0.00049  0.50   98413      48   98388  4568422  46.42
  1994          36     0.00055  0.00055  0.50   98364      54   98337  4470034  45.44
  1994          37     0.00069  0.00069  0.50   98310      68   98277  4371696  44.47
  1994          38     0.00088  0.00088  0.50   98243      86   98200  4273420  43.50
  1994          39     0.00107  0.00107  0.50   98157     105   98104  4175220  42.54
  1994          40     0.00121  0.00121  0.50   98052     118   97993  4077116  41.58
  1994          41     0.00126  0.00126  0.50   97934     124   97872  3979123  40.63
  1994          42     0.00130  0.00130  0.50   97810     127   97747  3881251  39.68
  1994          43     0.00137  0.00137  0.50   97683     134   97616  3783504  38.73
  1994          44     0.00153  0.00153  0.50   97549     149   97475  3685888  37.78
  1994          45     0.00173  0.00173  0.50   97400     168   97316  3588414  36.84
  1994          46     0.00196  0.00196  0.50   97232     190   97137  3491098  35.90
  1994          47     0.00229  0.00229  0.50   97041     222   96931  3393961  34.97
  1994          48     0.00266  0.00266  0.50   96820     257   96691  3297030  34.05
  1994          49     0.00299  0.00299  0.50   96563     288   96418  3200339  33.14
  1994          50     0.00322  0.00322  0.50   96274     310   96119  3103921  32.24
  1994          51     0.00333  0.00333  0.50   95965     319   95805  3007802  31.34
  1994          52     0.00345  0.00344  0.50   95645     329   95481  2911997  30.45
  1994          53     0.00369  0.00368  0.50   95316     351   95141  2816516  29.55
  1994          54     0.00402  0.00401  0.50   94965     381   94775  2721375  28.66
  1994          55     0.00434  0.00433  0.50   94584     410   94379  2626601  27.77
  1994          56     0.00462  0.00461  0.50   94175     434   93958  2532221  26.89
  1994          57     0.00489  0.00488  0.50   93741     457   93512  2438263  26.01
  1994          58     0.00523  0.00522  0.50   93283     487   93040  2344751  25.14
  1994          59     0.00571  0.00569  0.50   92796     528   92532  2251712  24.27
  1994          60     0.00633  0.00631  0.50   92268     582   91977  2159179  23.40
  1994          61     0.00709  0.00707  0.50   91686     648   91362  2067202  22.55
  1994          62     0.00790  0.00787  0.50   91038     717   90680  1975840  21.70
  1994          63     0.00868  0.00864  0.50   90322     780   89931  1885160  20.87
  1994          64     0.00954  0.00950  0.50   89541     851   89116  1795229  20.05
  1994          65     0.01062  0.01056  0.50   88691     937   88223  1706112  19.24
  1994          66     0.01174  0.01167  0.50   87754    1024   87242  1617890  18.44
  1994          67     0.01287  0.01279  0.50   86730    1109   86176  1530648  17.65
  1994          68     0.01401  0.01391  0.50   85621    1191   85026  1444472  16.87
  1994          69     0.01524  0.01513  0.50   84430    1277   83792  1359447  16.10
  1994          70     0.01669  0.01655  0.50   83153    1376   82465  1275655  15.34
  1994          71     0.01847  0.01830  0.50   81777    1497   81028  1193190  14.59
  1994          72     0.02048  0.02027  0.50   80280    1628   79466  1112162  13.85
  1994          73     0.02259  0.02233  0.50   78653    1757   77774  1032695  13.13
  1994          74     0.02486  0.02456  0.50   76896    1889   75952   954921  12.42
  1994          75     0.02755  0.02718  0.50   75007    2039   73988   878969  11.72
  1994          76     0.03123  0.03075  0.50   72969    2244   71847   804981  11.03
  1994          77     0.03617  0.03553  0.50   70725    2513   69469   733134  10.37
  1994          78     0.04238  0.04150  0.50   68212    2831   66797   663666   9.73
  1994          79     0.04916  0.04798  0.50   65381    3137   63813   596869   9.13
  1994          80     0.05590  0.05438  0.50   62244    3385   60552   533056   8.56
  1994          81     0.06281  0.06090  0.50   58859    3585   57067   472504   8.03
  1994          82     0.07032  0.06793  0.50   55275    3755   53397   415438   7.52
  1994          83     0.07870  0.07572  0.50   51520    3901   49569   362040   7.03
  1994          84     0.08809  0.08437  0.50   47619    4018   45610   312471   6.56
  1994          85     0.09857  0.09394  0.50   43601    4096   41553   266861   6.12
  1994          86     0.11020  0.10444  0.50   39505    4126   37442   225308   5.70
  1994          87     0.12304  0.11591  0.50   35379    4101   33329   187865   5.31
  1994          88     0.13718  0.12838  0.50   31278    4015   29271   154536   4.94
  1994          89     0.15269  0.14186  0.50   27263    3868   25329   125266   4.59
  1994          90     0.16965  0.15639  0.50   23395    3659   21566    99937   4.27
  1994          91     0.18812  0.17195  0.50   19737    3394   18040    78371   3.97
  1994          92     0.20816  0.18853  0.50   16343    3081   14802    60331   3.69
  1994          93     0.22979  0.20611  0.50   13262    2733   11895    45528   3.43
  1994          94     0.25304  0.22462  0.50   10528    2365    9346    33633   3.19
  1994          95     0.27787  0.24398  0.50    8164    1992    7168    24287   2.98
  1994          96     0.30425  0.26408  0.50    6172    1630    5357    17120   2.77
  1994          97     0.33210  0.28481  0.50    4542    1294    3895    11763   2.59
  1994          98     0.36127  0.30600  0.50    3248     994    2751     7868   2.42
  1994          99     0.39163  0.32750  0.50    2254     738    1885     5116   2.27
  1994         100     0.42297  0.34914  0.50    1516     529    1251     3231   2.13
  1994         101     0.45507  0.37072  0.50     987     366     804     1980   2.01
  1994         102     0.48767  0.39207  0.50     621     243     499     1176   1.89
  1994         103     0.52048  0.41300  0.50     377     156     300      677   1.79
  1994         104     0.55321  0.43335  0.50     222      96     174      377   1.70
  1994         105     0.58555  0.45294  0.50     126      57      97      203   1.62
  1994         106     0.61719  0.47164  0.50      69      32      52      106   1.55
  1994         107     0.64788  0.48936  0.50      36      18      27       54   1.48
  1994         108     0.67759  0.50612  0.50      19       9      14       26   1.43
  1994         109     0.70638  0.52201  0.50       9       5       7       13   1.37
  1994         110+    0.75256  1.00000  1.33       4       4       6        6   1.33
  1995           0     0.00515  0.00513  0.18  100000     513   99579  8017721  80.18
  1995           1     0.00048  0.00048  0.50   99487      48   99463  7918142  79.59
  1995           2     0.00043  0.00043  0.50   99439      43   99418  7818679  78.63
  1995           3     0.00037  0.00037  0.50   99397      37   99378  7719261  77.66
  1995           4     0.00032  0.00032  0.50   99360      31   99344  7619883  76.69
  1995           5     0.00028  0.00028  0.50   99329      28   99315  7520538  75.71
  1995           6     0.00026  0.00026  0.50   99301      26   99288  7421224  74.73
  1995           7     0.00024  0.00024  0.50   99275      24   99263  7321936  73.75
  1995           8     0.00023  0.00023  0.50   99251      23   99240  7222673  72.77
  1995           9     0.00023  0.00023  0.50   99228      23   99217  7123433  71.79
  1995          10     0.00021  0.00021  0.50   99205      21   99195  7024216  70.80
  1995          11     0.00018  0.00018  0.50   99184      18   99175  6925022  69.82
  1995          12     0.00013  0.00013  0.50   99166      13   99160  6825847  68.83
  1995          13     0.00010  0.00010  0.50   99154       9   99149  6726687  67.84
  1995          14     0.00010  0.00010  0.50   99144      10   99139  6627537  66.85
  1995          15     0.00015  0.00015  0.50   99134      15   99127  6528398  65.85
  1995          16     0.00022  0.00022  0.50   99119      22   99108  6429271  64.86
  1995          17     0.00030  0.00030  0.50   99097      30   99082  6330163  63.88
  1995          18     0.00038  0.00038  0.50   99067      38   99049  6231081  62.90
  1995          19     0.00045  0.00045  0.50   99030      44   99008  6132032  61.92
  1995          20     0.00047  0.00047  0.50   98986      46   98962  6033024  60.95
  1995          21     0.00047  0.00047  0.50   98939      46   98916  5934062  59.98
  1995          22     0.00048  0.00048  0.50   98893      48   98869  5835146  59.00
  1995          23     0.00050  0.00050  0.50   98846      49   98821  5736276  58.03
  1995          24     0.00051  0.00051  0.50   98796      50   98771  5637455  57.06
  1995          25     0.00055  0.00055  0.50   98747      55   98719  5538684  56.09
  1995          26     0.00062  0.00062  0.50   98692      62   98661  5439965  55.12
  1995          27     0.00068  0.00068  0.50   98630      67   98597  5341304  54.15
  1995          28     0.00069  0.00069  0.50   98563      68   98529  5242707  53.19
  1995          29     0.00063  0.00063  0.50   98495      62   98464  5144178  52.23
  1995          30     0.00054  0.00054  0.50   98433      53   98407  5045713  51.26
  1995          31     0.00046  0.00046  0.50   98381      45   98358  4947306  50.29
  1995          32     0.00044  0.00044  0.50   98335      44   98314  4848948  49.31
  1995          33     0.00049  0.00049  0.50   98292      48   98268  4750634  48.33
  1995          34     0.00058  0.00058  0.50   98244      57   98215  4652367  47.36
  1995          35     0.00066  0.00066  0.50   98186      65   98154  4554152  46.38
  1995          36     0.00068  0.00068  0.50   98122      67   98088  4455998  45.41
  1995          37     0.00072  0.00072  0.50   98055      71   98019  4357909  44.44
  1995          38     0.00077  0.00077  0.50   97984      76   97946  4259890  43.48
  1995          39     0.00081  0.00081  0.50   97908      79   97868  4161944  42.51
  1995          40     0.00084  0.00084  0.50   97829      82   97788  4064076  41.54
  1995          41     0.00091  0.00091  0.50   97746      89   97702  3966288  40.58
  1995          42     0.00103  0.00103  0.50   97658     100   97608  3868586  39.61
  1995          43     0.00123  0.00123  0.50   97558     120   97498  3770978  38.65
  1995          44     0.00151  0.00151  0.50   97438     147   97364  3673480  37.70
  1995          45     0.00174  0.00174  0.50   97291     169   97206  3576116  36.76
  1995          46     0.00188  0.00188  0.50   97121     182   97030  3478910  35.82
  1995          47     0.00212  0.00212  0.50   96939     205   96836  3381880  34.89
  1995          48     0.00246  0.00246  0.50   96734     238   96615  3285043  33.96
  1995          49     0.00284  0.00283  0.50   96496     273   96360  3188428  33.04
  1995          50     0.00314  0.00314  0.50   96223     302   96072  3092069  32.13
  1995          51     0.00331  0.00331  0.50   95921     317   95762  2995997  31.23
  1995          52     0.00345  0.00344  0.50   95604     329   95439  2900234  30.34
  1995          53     0.00364  0.00363  0.50   95275     346   95102  2804795  29.44
  1995          54     0.00384  0.00383  0.50   94929     364   94747  2709693  28.54
  1995          55     0.00411  0.00410  0.50   94565     388   94371  2614947  27.65
  1995          56     0.00455  0.00454  0.50   94177     427   93963  2520576  26.76
  1995          57     0.00515  0.00514  0.50   93750     482   93509  2426612  25.88
  1995          58     0.00585  0.00583  0.50   93268     544   92996  2333103  25.01
  1995          59     0.00642  0.00640  0.50   92724     593   92428  2240107  24.16
  1995          60     0.00692  0.00690  0.50   92131     636   91813  2147679  23.31
  1995          61     0.00749  0.00746  0.50   91495     683   91154  2055866  22.47
  1995          62     0.00812  0.00809  0.50   90813     735   90445  1964712  21.63
  1995          63     0.00881  0.00877  0.50   90078     790   89683  1874266  20.81
  1995          64     0.00956  0.00952  0.50   89288     850   88863  1784583  19.99
  1995          65     0.01041  0.01036  0.50   88438     916   87980  1695720  19.17
  1995          66     0.01140  0.01134  0.50   87522     992   87026  1607740  18.37
  1995          67     0.01246  0.01238  0.50   86530    1072   85994  1520714  17.57
  1995          68     0.01351  0.01342  0.50   85458    1147   84885  1434720  16.79
  1995          69     0.01468  0.01458  0.50   84312    1229   83697  1349835  16.01
  1995          70     0.01617  0.01604  0.50   83083    1333   82416  1266137  15.24
  1995          71     0.01817  0.01800  0.50   81750    1472   81014  1183721  14.48
  1995          72     0.02075  0.02054  0.50   80278    1649   79454  1102707  13.74
  1995          73     0.02390  0.02362  0.50   78629    1857   77701  1023253  13.01
  1995          74     0.02730  0.02693  0.50   76772    2068   75739   945552  12.32
  1995          75     0.03067  0.03021  0.50   74705    2257   73576   869814  11.64
  1995          76     0.03408  0.03351  0.50   72448    2428   71234   796237  10.99
  1995          77     0.03764  0.03695  0.50   70020    2587   68727   725003  10.35
  1995          78     0.04163  0.04078  0.50   67433    2750   66058   656276   9.73
  1995          79     0.04695  0.04587  0.50   64683    2967   63200   590218   9.12
  1995          80     0.05426  0.05283  0.50   61716    3260   60086   527018   8.54
  1995          81     0.06253  0.06063  0.50   58456    3544   56684   466932   7.99
  1995          82     0.07070  0.06829  0.50   54912    3750   53037   410248   7.47
  1995          83     0.07928  0.07626  0.50   51162    3902   49211   357211   6.98
  1995          84     0.08867  0.08490  0.50   47260    4013   45254   308000   6.52
  1995          85     0.09911  0.09443  0.50   43248    4084   41206   262746   6.08
  1995          86     0.11075  0.10494  0.50   39164    4110   37109   221540   5.66
  1995          87     0.12372  0.11651  0.50   35054    4084   33012   184431   5.26
  1995          88     0.13809  0.12917  0.50   30970    4000   28970   151419   4.89
  1995          89     0.15396  0.14296  0.50   26970    3856   25042   122449   4.54
  1995          90     0.17142  0.15789  0.50   23114    3649   21289    97408   4.21
  1995          91     0.19054  0.17396  0.50   19465    3386   17772    76118   3.91
  1995          92     0.21137  0.19117  0.50   16079    3074   14542    58347   3.63
  1995          93     0.23397  0.20947  0.50   13005    2724   11643    43805   3.37
  1995          94     0.25833  0.22878  0.50   10281    2352    9105    32162   3.13
  1995          95     0.28443  0.24902  0.50    7929    1974    6941    23058   2.91
  1995          96     0.31220  0.27005  0.50    5954    1608    5150    16116   2.71
  1995          97     0.34153  0.29171  0.50    4346    1268    3712    10966   2.52
  1995          98     0.37225  0.31384  0.50    3078     966    2595     7253   2.36
  1995          99     0.40417  0.33622  0.50    2112     710    1757     4658   2.21
  1995         100     0.43705  0.35867  0.50    1402     503    1151     2901   2.07
  1995         101     0.47060  0.38096  0.50     899     343     728     1750   1.95
  1995         102     0.50454  0.40290  0.50     557     224     445     1022   1.84
  1995         103     0.53852  0.42428  0.50     332     141     262      578   1.74
  1995         104     0.57224  0.44494  0.50     191      85     149      316   1.65
  1995         105     0.60536  0.46470  0.50     106      49      82      167   1.57
  1995         106     0.63754  0.48343  0.50      57      27      43       85   1.50
  1995         107     0.66849  0.50103  0.50      29      15      22       42   1.44
  1995         108     0.69813  0.51749  0.50      15       8      11       20   1.39
  1995         109     0.72650  0.53292  0.50       7       4       5        9   1.34
  1995         110+    0.77111  1.00000  1.30       3       3       4        4   1.30
  1996           0     0.00479  0.00477  0.18  100000     477   99610  8090975  80.91
  1996           1     0.00068  0.00068  0.50   99523      67   99489  7991364  80.30
  1996           2     0.00051  0.00051  0.50   99456      51   99430  7891875  79.35
  1996           3     0.00039  0.00039  0.50   99405      39   99385  7792445  78.39
  1996           4     0.00029  0.00029  0.50   99366      29   99351  7693060  77.42
  1996           5     0.00018  0.00018  0.50   99336      18   99327  7593709  76.44
  1996           6     0.00009  0.00009  0.50   99318       9   99314  7494381  75.46
  1996           7     0.00005  0.00005  0.50   99310       5   99307  7395067  74.46
  1996           8     0.00006  0.00006  0.50   99304       6   99301  7295760  73.47
  1996           9     0.00009  0.00009  0.50   99298       9   99294  7196459  72.47
  1996          10     0.00011  0.00011  0.50   99289      11   99284  7097165  71.48
  1996          11     0.00012  0.00012  0.50   99279      12   99272  6997881  70.49
  1996          12     0.00013  0.00013  0.50   99266      13   99260  6898609  69.50
  1996          13     0.00015  0.00015  0.50   99253      15   99246  6799349  68.51
  1996          14     0.00019  0.00019  0.50   99238      19   99229  6700104  67.52
  1996          15     0.00024  0.00024  0.50   99220      24   99208  6600875  66.53
  1996          16     0.00030  0.00030  0.50   99196      29   99181  6501667  65.54
  1996          17     0.00036  0.00036  0.50   99167      35   99149  6402486  64.56
  1996          18     0.00041  0.00041  0.50   99131      41   99111  6303337  63.59
  1996          19     0.00044  0.00044  0.50   99091      44   99069  6204226  62.61
  1996          20     0.00044  0.00044  0.50   99047      44   99025  6105157  61.64
  1996          21     0.00042  0.00042  0.50   99003      42   98982  6006132  60.67
  1996          22     0.00040  0.00040  0.50   98962      39   98942  5907150  59.69
  1996          23     0.00038  0.00038  0.50   98922      38   98904  5808208  58.71
  1996          24     0.00038  0.00038  0.50   98885      38   98866  5709304  57.74
  1996          25     0.00042  0.00042  0.50   98847      41   98826  5610438  56.76
  1996          26     0.00044  0.00044  0.50   98806      44   98784  5511612  55.78
  1996          27     0.00043  0.00043  0.50   98762      42   98740  5412828  54.81
  1996          28     0.00041  0.00041  0.50   98719      40   98699  5314088  53.83
  1996          29     0.00040  0.00040  0.50   98679      40   98659  5215389  52.85
  1996          30     0.00039  0.00039  0.50   98639      39   98620  5116730  51.87
  1996          31     0.00042  0.00042  0.50   98600      41   98580  5018110  50.89
  1996          32     0.00051  0.00051  0.50   98559      51   98534  4919530  49.91
  1996          33     0.00063  0.00063  0.50   98508      62   98477  4820997  48.94
  1996          34     0.00070  0.00070  0.50   98446      69   98412  4722519  47.97
  1996          35     0.00075  0.00075  0.50   98377      74   98340  4624107  47.00
  1996          36     0.00083  0.00083  0.50   98303      82   98262  4525767  46.04
  1996          37     0.00097  0.00097  0.50   98221      96   98174  4427504  45.08
  1996          38     0.00110  0.00110  0.50   98126     108   98072  4329331  44.12
  1996          39     0.00113  0.00113  0.50   98018     111   97963  4231259  43.17
  1996          40     0.00112  0.00112  0.50   97907     110   97853  4133296  42.22
  1996          41     0.00114  0.00114  0.50   97798     111   97742  4035443  41.26
  1996          42     0.00121  0.00121  0.50   97686     118   97627  3937701  40.31
  1996          43     0.00131  0.00131  0.50   97569     128   97505  3840074  39.36
  1996          44     0.00143  0.00143  0.50   97441     139   97371  3742569  38.41
  1996          45     0.00158  0.00158  0.50   97302     153   97225  3645198  37.46
  1996          46     0.00177  0.00177  0.50   97148     172   97062  3547973  36.52
  1996          47     0.00200  0.00200  0.50   96976     194   96879  3450911  35.59
  1996          48     0.00228  0.00228  0.50   96782     221   96672  3354032  34.66
  1996          49     0.00264  0.00263  0.50   96562     254   96435  3257360  33.73
  1996          50     0.00293  0.00293  0.50   96307     282   96166  3160925  32.82
  1996          51     0.00307  0.00307  0.50   96025     295   95878  3064759  31.92
  1996          52     0.00320  0.00319  0.50   95731     306   95578  2968881  31.01
  1996          53     0.00343  0.00343  0.50   95425     327   95262  2873303  30.11
  1996          54     0.00370  0.00370  0.50   95098     352   94922  2778041  29.21
  1996          55     0.00404  0.00403  0.50   94747     382   94556  2683119  28.32
  1996          56     0.00447  0.00446  0.50   94365     421   94154  2588563  27.43
  1996          57     0.00494  0.00493  0.50   93943     463   93712  2494409  26.55
  1996          58     0.00536  0.00534  0.50   93480     499   93230  2400697  25.68
  1996          59     0.00569  0.00567  0.50   92981     527   92717  2307466  24.82
  1996          60     0.00604  0.00602  0.50   92454     556   92175  2214749  23.96
  1996          61     0.00652  0.00650  0.50   91897     597   91599  2122574  23.10
  1996          62     0.00715  0.00712  0.50   91300     650   90975  2030975  22.25
  1996          63     0.00791  0.00788  0.50   90650     714   90293  1940000  21.40
  1996          64     0.00881  0.00877  0.50   89936     789   89542  1849707  20.57
  1996          65     0.00978  0.00973  0.50   89147     868   88714  1760165  19.74
  1996          66     0.01060  0.01054  0.50   88280     930   87815  1671451  18.93
  1996          67     0.01144  0.01138  0.50   87349     994   86852  1583637  18.13
  1996          68     0.01260  0.01252  0.50   86355    1081   85815  1496784  17.33
  1996          69     0.01416  0.01406  0.50   85274    1199   84675  1410970  16.55
  1996          70     0.01614  0.01601  0.50   84075    1346   83402  1326295  15.78
  1996          71     0.01838  0.01821  0.50   82729    1507   81976  1242892  15.02
  1996          72     0.02050  0.02029  0.50   81222    1648   80398  1160917  14.29
  1996          73     0.02223  0.02198  0.50   79574    1749   78700  1080518  13.58
  1996          74     0.02394  0.02365  0.50   77825    1841   76905  1001818  12.87
  1996          75     0.02615  0.02581  0.50   75985    1961   75004   924913  12.17
  1996          76     0.02928  0.02885  0.50   74023    2136   72955   849909  11.48
  1996          77     0.03326  0.03272  0.50   71887    2352   70711   776954  10.81
  1996          78     0.03807  0.03736  0.50   69535    2597   68236   706243  10.16
  1996          79     0.04401  0.04307  0.50   66938    2883   65496   638007   9.53
  1996          80     0.05128  0.05000  0.50   64055    3203   62453   572510   8.94
  1996          81     0.05901  0.05731  0.50   60852    3488   59108   510057   8.38
  1996          82     0.06640  0.06427  0.50   57364    3687   55521   450949   7.86
  1996          83     0.07401  0.07137  0.50   53677    3831   51762   395428   7.37
  1996          84     0.08226  0.07901  0.50   49846    3938   47877   343666   6.89
  1996          85     0.09144  0.08744  0.50   45908    4014   43901   295789   6.44
  1996          86     0.10172  0.09680  0.50   41894    4055   39866   251887   6.01
  1996          87     0.11325  0.10718  0.50   37839    4056   35811   212021   5.60
  1996          88     0.12610  0.11862  0.50   33783    4007   31779   176210   5.22
  1996          89     0.14038  0.13117  0.50   29776    3906   27823   144431   4.85
  1996          90     0.15617  0.14486  0.50   25870    3747   23996   116608   4.51
  1996          91     0.17355  0.15969  0.50   22123    3533   20356    92611   4.19
  1996          92     0.19261  0.17569  0.50   18590    3266   16957    72255   3.89
  1996          93     0.21340  0.19282  0.50   15324    2955   13846    55298   3.61
  1996          94     0.23594  0.21105  0.50   12369    2610   11064    41452   3.35
  1996          95     0.26026  0.23029  0.50    9759    2247    8635    30388   3.11
  1996          96     0.28630  0.25045  0.50    7511    1881    6571    21753   2.90
  1996          97     0.31400  0.27139  0.50    5630    1528    4866    15182   2.70
  1996          98     0.34323  0.29295  0.50    4102    1202    3501    10316   2.51
  1996          99     0.37384  0.31496  0.50    2900     914    2444     6815   2.35
  1996         100     0.40561  0.33722  0.50    1987     670    1652     4371   2.20
  1996         101     0.43831  0.35952  0.50    1317     473    1080     2720   2.07
  1996         102     0.47166  0.38166  0.50     843     322     682     1639   1.94
  1996         103     0.50536  0.40342  0.50     522     210     416      957   1.83
  1996         104     0.53906  0.42462  0.50     311     132     245      541   1.74
  1996         105     0.57245  0.44506  0.50     179      80     139      295   1.65
  1996         106     0.60516  0.46459  0.50      99      46      76      156   1.57
  1996         107     0.63693  0.48308  0.50      53      26      40       80   1.50
  1996         108     0.66764  0.50055  0.50      27      14      21       40   1.44
  1996         109     0.69737  0.51707  0.50      14       7      10       19   1.39
  1996         110+    0.74540  1.00000  1.34       7       7       9        9   1.34
  1997           0     0.00403  0.00402  0.19  100000     402   99675  8092616  80.93
  1997           1     0.00105  0.00105  0.50   99598     105   99546  7992941  80.25
  1997           2     0.00041  0.00041  0.50   99493      40   99473  7893396  79.34
  1997           3     0.00008  0.00008  0.50   99453       8   99449  7793923  78.37
  1997           4     0.00002  0.00002  0.50   99444       2   99444  7694474  77.37
  1997           5     0.00004  0.00004  0.50   99443       4   99441  7595030  76.38
  1997           6     0.00012  0.00012  0.50   99438      12   99432  7495590  75.38
  1997           7     0.00021  0.00021  0.50   99426      21   99416  7396158  74.39
  1997           8     0.00024  0.00024  0.50   99405      24   99393  7296742  73.40
  1997           9     0.00019  0.00019  0.50   99381      19   99372  7197349  72.42
  1997          10     0.00012  0.00012  0.50   99362      12   99356  7097977  71.44
  1997          11     0.00007  0.00007  0.50   99350       7   99347  6998621  70.44
  1997          12     0.00007  0.00007  0.50   99344       7   99340  6899274  69.45
  1997          13     0.00006  0.00006  0.50   99336       6   99333  6799934  68.45
  1997          14     0.00007  0.00007  0.50   99330       7   99327  6700600  67.46
  1997          15     0.00018  0.00018  0.50   99323      18   99314  6601274  66.46
  1997          16     0.00035  0.00035  0.50   99305      35   99288  6501959  65.47
  1997          17     0.00053  0.00053  0.50   99271      53   99244  6402671  64.50
  1997          18     0.00066  0.00066  0.50   99218      66   99185  6303427  63.53
  1997          19     0.00070  0.00070  0.50   99152      69   99118  6204242  62.57
  1997          20     0.00071  0.00071  0.50   99083      71   99048  6105124  61.62
  1997          21     0.00067  0.00067  0.50   99013      66   98979  6006076  60.66
  1997          22     0.00052  0.00052  0.50   98946      51   98921  5907097  59.70
  1997          23     0.00036  0.00036  0.50   98895      35   98878  5808176  58.73
  1997          24     0.00029  0.00029  0.50   98860      29   98846  5709299  57.75
  1997          25     0.00036  0.00036  0.50   98831      36   98813  5610453  56.77
  1997          26     0.00048  0.00048  0.50   98795      48   98772  5511640  55.79
  1997          27     0.00058  0.00058  0.50   98748      58   98719  5412868  54.82
  1997          28     0.00066  0.00066  0.50   98690      65   98658  5314149  53.85
  1997          29     0.00075  0.00075  0.50   98625      74   98588  5215492  52.88
  1997          30     0.00090  0.00089  0.50   98551      88   98507  5116904  51.92
  1997          31     0.00096  0.00096  0.50   98463      94   98415  5018397  50.97
  1997          32     0.00083  0.00083  0.50   98368      81   98328  4919982  50.02
  1997          33     0.00062  0.00062  0.50   98287      61   98256  4821654  49.06
  1997          34     0.00051  0.00051  0.50   98226      50   98201  4723398  48.09
  1997          35     0.00061  0.00061  0.50   98176      60   98146  4625197  47.11
  1997          36     0.00088  0.00088  0.50   98116      87   98073  4527051  46.14
  1997          37     0.00093  0.00093  0.50   98029      91   97984  4428979  45.18
  1997          38     0.00092  0.00092  0.50   97938      90   97893  4330995  44.22
  1997          39     0.00109  0.00108  0.50   97849     106   97795  4233101  43.26
  1997          40     0.00119  0.00119  0.50   97742     116   97684  4135306  42.31
  1997          41     0.00104  0.00104  0.50   97626     102   97575  4037621  41.36
  1997          42     0.00106  0.00106  0.50   97524     103   97473  3940046  40.40
  1997          43     0.00114  0.00114  0.50   97421     111   97365  3842573  39.44
  1997          44     0.00113  0.00113  0.50   97310     110   97255  3745208  38.49
  1997          45     0.00122  0.00122  0.50   97200     118   97141  3647953  37.53
  1997          46     0.00160  0.00160  0.50   97082     156   97004  3550812  36.58
  1997          47     0.00206  0.00206  0.50   96926     200   96826  3453808  35.63
  1997          48     0.00243  0.00243  0.50   96727     235   96609  3356981  34.71
  1997          49     0.00261  0.00261  0.50   96492     252   96366  3260372  33.79
  1997          50     0.00266  0.00266  0.50   96240     256   96112  3164006  32.88
  1997          51     0.00265  0.00265  0.50   95984     254   95857  3067894  31.96
  1997          52     0.00267  0.00267  0.50   95730     255   95603  2972036  31.05
  1997          53     0.00294  0.00294  0.50   95475     281   95335  2876434  30.13
  1997          54     0.00390  0.00389  0.50   95195     371   95009  2781099  29.21
  1997          55     0.00482  0.00481  0.50   94824     456   94596  2686090  28.33
  1997          56     0.00495  0.00493  0.50   94368     466   94135  2591494  27.46
  1997          57     0.00466  0.00465  0.50   93902     437   93684  2497358  26.60
  1997          58     0.00470  0.00469  0.50   93465     438   93246  2403674  25.72
  1997          59     0.00560  0.00558  0.50   93027     519   92768  2310428  24.84
  1997          60     0.00649  0.00647  0.50   92508     598   92209  2217660  23.97
  1997          61     0.00656  0.00654  0.50   91910     601   91609  2125451  23.13
  1997          62     0.00666  0.00664  0.50   91309     607   91006  2033842  22.27
  1997          63     0.00772  0.00769  0.50   90702     698   90353  1942836  21.42
  1997          64     0.00928  0.00924  0.50   90004     831   89589  1852483  20.58
  1997          65     0.01063  0.01057  0.50   89173     943   88702  1762894  19.77
  1997          66     0.01156  0.01149  0.50   88230    1014   87723  1674193  18.98
  1997          67     0.01238  0.01231  0.50   87216    1073   86679  1586470  18.19
  1997          68     0.01337  0.01328  0.50   86143    1144   85571  1499791  17.41
  1997          69     0.01419  0.01409  0.50   84999    1198   84400  1414220  16.64
  1997          70     0.01507  0.01496  0.50   83801    1253   83174  1329820  15.87
  1997          71     0.01779  0.01763  0.50   82547    1456   81820  1246646  15.10
  1997          72     0.02071  0.02050  0.50   81092    1662   80261  1164826  14.36
  1997          73     0.02194  0.02170  0.50   79430    1724   78568  1084566  13.65
  1997          74     0.02273  0.02247  0.50   77706    1746   76833  1005998  12.95
  1997          75     0.02493  0.02462  0.50   75960    1870   75025   929165  12.23
  1997          76     0.02920  0.02878  0.50   74090    2133   73023   854140  11.53
  1997          77     0.03412  0.03354  0.50   71957    2414   70750   781117  10.86
  1997          78     0.03836  0.03763  0.50   69543    2617   68235   710367  10.21
  1997          79     0.04300  0.04210  0.50   66926    2817   65517   642132   9.59
  1997          80     0.04927  0.04808  0.50   64109    3082   62567   576615   8.99
  1997          81     0.05645  0.05490  0.50   61026    3350   59351   514048   8.42
  1997          82     0.06375  0.06178  0.50   57676    3563   55894   454696   7.88
  1997          83     0.07176  0.06927  0.50   54113    3748   52238   398802   7.37
  1997          84     0.08068  0.07755  0.50   50364    3906   48411   346564   6.88
  1997          85     0.09056  0.08664  0.50   46459    4025   44446   298152   6.42
  1997          86     0.10150  0.09660  0.50   42433    4099   40384   253706   5.98
  1997          87     0.11359  0.10749  0.50   38334    4120   36274   213322   5.56
  1997          88     0.12693  0.11935  0.50   34214    4083   32172   177048   5.17
  1997          89     0.14161  0.13225  0.50   30131    3985   28138   144876   4.81
  1997          90     0.15776  0.14623  0.50   26146    3823   24234   116738   4.46
  1997          91     0.17548  0.16132  0.50   22323    3601   20522    92504   4.14
  1997          92     0.19486  0.17756  0.50   18721    3324   17059    71982   3.84
  1997          93     0.21600  0.19494  0.50   15397    3002   13896    54922   3.57
  1997          94     0.23895  0.21345  0.50   12396    2646   11073    41026   3.31
  1997          95     0.26378  0.23304  0.50    9750    2272    8614    29953   3.07
  1997          96     0.29047  0.25363  0.50    7478    1897    6529    21339   2.85
  1997          97     0.31899  0.27511  0.50    5581    1535    4813    14810   2.65
  1997          98     0.34923  0.29732  0.50    4046    1203    3444     9997   2.47
  1997          99     0.38106  0.32007  0.50    2843     910    2388     6552   2.30
  1997         100     0.41425  0.34317  0.50    1933     663    1601     4164   2.15
  1997         101     0.44852  0.36636  0.50    1270     465    1037     2563   2.02
  1997         102     0.48357  0.38941  0.50     804     313     648     1526   1.90
  1997         103     0.51901  0.41208  0.50     491     202     390      878   1.79
  1997         104     0.55448  0.43412  0.50     289     125     226      488   1.69
  1997         105     0.58957  0.45534  0.50     163      74     126      262   1.60
  1997         106     0.62392  0.47557  0.50      89      42      68      136   1.53
  1997         107     0.65720  0.49466  0.50      47      23      35       68   1.46
  1997         108     0.68900  0.51246  0.50      24      12      18       33   1.40
  1997         109     0.71909  0.52892  0.50      12       6       8       16   1.35
  1997         110+    0.76690  1.00000  1.30       5       5       7        7   1.30
  1998           0     0.00427  0.00425  0.19  100000     425   99655  8073555  80.74
  1998           1     0.00111  0.00111  0.50   99575     110   99520  7973900  80.08
  1998           2     0.00077  0.00077  0.50   99465      77   99426  7874380  79.17
  1998           3     0.00052  0.00052  0.50   99388      52   99362  7774954  78.23
  1998           4     0.00035  0.00035  0.50   99336      35   99318  7675592  77.27
  1998           5     0.00024  0.00024  0.50   99301      24   99289  7576273  76.30
  1998           6     0.00016  0.00016  0.50   99277      16   99270  7476984  75.31
  1998           7     0.00010  0.00010  0.50   99262      10   99256  7377715  74.33
  1998           8     0.00008  0.00008  0.50   99251       8   99247  7278458  73.33
  1998           9     0.00008  0.00008  0.50   99243       8   99239  7179211  72.34
  1998          10     0.00010  0.00010  0.50   99235      10   99230  7079972  71.35
  1998          11     0.00012  0.00012  0.50   99225      12   99219  6980742  70.35
  1998          12     0.00015  0.00015  0.50   99213      14   99206  6881524  69.36
  1998          13     0.00016  0.00016  0.50   99198      15   99191  6782318  68.37
  1998          14     0.00017  0.00017  0.50   99183      17   99174  6683127  67.38
  1998          15     0.00022  0.00022  0.50   99166      22   99155  6583953  66.39
  1998          16     0.00030  0.00030  0.50   99144      30   99129  6484798  65.41
  1998          17     0.00042  0.00042  0.50   99114      42   99093  6385669  64.43
  1998          18     0.00054  0.00054  0.50   99073      53   99046  6286575  63.45
  1998          19     0.00062  0.00062  0.50   99019      61   98989  6187529  62.49
  1998          20     0.00062  0.00062  0.50   98959      62   98928  6088540  61.53
  1998          21     0.00057  0.00057  0.50   98897      57   98869  5989613  60.56
  1998          22     0.00051  0.00050  0.50   98840      50   98815  5890744  59.60
  1998          23     0.00045  0.00045  0.50   98790      44   98768  5791929  58.63
  1998          24     0.00042  0.00042  0.50   98746      42   98726  5693160  57.65
  1998          25     0.00044  0.00044  0.50   98705      44   98683  5594435  56.68
  1998          26     0.00050  0.00050  0.50   98661      49   98636  5495752  55.70
  1998          27     0.00058  0.00058  0.50   98612      57   98583  5397116  54.73
  1998          28     0.00064  0.00064  0.50   98555      63   98523  5298532  53.76
  1998          29     0.00068  0.00068  0.50   98492      67   98458  5200009  52.80
  1998          30     0.00070  0.00070  0.50   98425      69   98390  5101551  51.83
  1998          31     0.00074  0.00074  0.50   98356      73   98320  5003160  50.87
  1998          32     0.00079  0.00079  0.50   98283      78   98244  4904841  49.91
  1998          33     0.00086  0.00086  0.50   98205      84   98163  4806596  48.94
  1998          34     0.00091  0.00091  0.50   98121      89   98077  4708433  47.99
  1998          35     0.00095  0.00095  0.50   98032      93   97986  4610356  47.03
  1998          36     0.00099  0.00099  0.50   97939      97   97891  4512371  46.07
  1998          37     0.00102  0.00102  0.50   97843     100   97793  4414480  45.12
  1998          38     0.00104  0.00104  0.50   97743     101   97692  4316687  44.16
  1998          39     0.00105  0.00105  0.50   97642     102   97591  4218994  43.21
  1998          40     0.00107  0.00107  0.50   97540     104   97488  4121403  42.25
  1998          41     0.00112  0.00112  0.50   97435     109   97381  4023916  41.30
  1998          42     0.00123  0.00123  0.50   97326     120   97266  3926535  40.34
  1998          43     0.00139  0.00139  0.50   97206     135   97139  3829269  39.39
  1998          44     0.00158  0.00158  0.50   97071     154   96995  3732130  38.45
  1998          45     0.00181  0.00181  0.50   96918     176   96830  3635136  37.51
  1998          46     0.00208  0.00207  0.50   96742     201   96642  3538306  36.57
  1998          47     0.00235  0.00235  0.50   96542     227   96428  3441664  35.65
  1998          48     0.00265  0.00265  0.50   96315     255   96187  3345235  34.73
  1998          49     0.00297  0.00297  0.50   96060     285   95917  3249048  33.82
  1998          50     0.00329  0.00329  0.50   95775     315   95617  3153131  32.92
  1998          51     0.00361  0.00360  0.50   95460     344   95288  3057514  32.03
  1998          52     0.00388  0.00387  0.50   95116     368   94932  2962226  31.14
  1998          53     0.00410  0.00409  0.50   94747     387   94554  2867295  30.26
  1998          54     0.00429  0.00428  0.50   94360     404   94158  2772741  29.38
  1998          55     0.00450  0.00449  0.50   93956     421   93745  2678583  28.51
  1998          56     0.00472  0.00471  0.50   93534     441   93314  2584838  27.64
  1998          57     0.00500  0.00498  0.50   93094     464   92862  2491524  26.76
  1998          58     0.00535  0.00534  0.50   92630     494   92383  2398662  25.90
  1998          59     0.00583  0.00582  0.50   92135     536   91868  2306279  25.03
  1998          60     0.00646  0.00643  0.50   91600     589   91305  2214412  24.17
  1998          61     0.00721  0.00719  0.50   91010     654   90683  2123107  23.33
  1998          62     0.00802  0.00799  0.50   90356     722   89995  2032424  22.49
  1998          63     0.00880  0.00877  0.50   89635     786   89242  1942428  21.67
  1998          64     0.00959  0.00954  0.50   88849     848   88425  1853186  20.86
  1998          65     0.01041  0.01036  0.50   88001     911   87546  1764761  20.05
  1998          66     0.01132  0.01126  0.50   87090     981   86600  1677216  19.26
  1998          67     0.01230  0.01223  0.50   86109    1053   85583  1590616  18.47
  1998          68     0.01330  0.01321  0.50   85056    1123   84495  1505033  17.69
  1998          69     0.01428  0.01418  0.50   83933    1190   83338  1420539  16.92
  1998          70     0.01532  0.01520  0.50   82743    1258   82114  1337201  16.16
  1998          71     0.01672  0.01658  0.50   81485    1351   80809  1255087  15.40
  1998          72     0.01850  0.01833  0.50   80134    1469   79399  1174277  14.65
  1998          73     0.02060  0.02039  0.50   78665    1604   77862  1094878  13.92
  1998          74     0.02298  0.02272  0.50   77060    1750   76185  1017016  13.20
  1998          75     0.02566  0.02533  0.50   75310    1908   74356   940831  12.49
  1998          76     0.02888  0.02847  0.50   73402    2090   72357   866475  11.80
  1998          77     0.03264  0.03212  0.50   71312    2290   70167   794118  11.14
  1998          78     0.03686  0.03619  0.50   69022    2498   67773   723951  10.49
  1998          79     0.04154  0.04070  0.50   66524    2707   65170   656178   9.86
  1998          80     0.04674  0.04568  0.50   63817    2915   62359   591008   9.26
  1998          81     0.05266  0.05131  0.50   60902    3125   59339   528648   8.68
  1998          82     0.05947  0.05775  0.50   57777    3337   56109   469309   8.12
  1998          83     0.06721  0.06502  0.50   54440    3540   52670   413201   7.59
  1998          84     0.07590  0.07313  0.50   50900    3722   49039   360530   7.08
  1998          85     0.08561  0.08209  0.50   47178    3873   45242   311491   6.60
  1998          86     0.09639  0.09196  0.50   43305    3982   41314   266250   6.15
  1998          87     0.10832  0.10275  0.50   39323    4040   37303   224936   5.72
  1998          88     0.12148  0.11452  0.50   35282    4041   33262   187633   5.32
  1998          89     0.13596  0.12730  0.50   31242    3977   29253   154371   4.94
  1998          90     0.15184  0.14113  0.50   27265    3848   25341   125118   4.59
  1998          91     0.16920  0.15600  0.50   23417    3653   21590    99777   4.26
  1998          92     0.18810  0.17193  0.50   19764    3398   18065    78187   3.96
  1998          93     0.20860  0.18890  0.50   16366    3091   14820    60122   3.67
  1998          94     0.23072  0.20686  0.50   13274    2746   11901    45302   3.41
  1998          95     0.25449  0.22576  0.50   10528    2377    9340    33400   3.17
  1998          96     0.27988  0.24552  0.50    8152    2001    7151    24060   2.95
  1998          97     0.30686  0.26604  0.50    6150    1636    5332    16910   2.75
  1998          98     0.33533  0.28718  0.50    4514    1296    3866    11577   2.56
  1998          99     0.36519  0.30880  0.50    3218     994    2721     7712   2.40
  1998         100     0.39626  0.33073  0.50    2224     736    1856     4991   2.24
  1998         101     0.42834  0.35278  0.50    1488     525    1226     3135   2.11
  1998         102     0.46118  0.37476  0.50     963     361     783     1909   1.98
  1998         103     0.49450  0.39647  0.50     602     239     483     1126   1.87
  1998         104     0.52798  0.41771  0.50     364     152     288      643   1.77
  1998         105     0.56130  0.43829  0.50     212      93     165      355   1.68
  1998         106     0.59414  0.45806  0.50     119      54      92      190   1.60
  1998         107     0.62627  0.47693  0.50      64      31      49       98   1.53
  1998         108     0.65764  0.49491  0.50      34      17      25       49   1.46
  1998         109     0.68832  0.51208  0.50      17       9      13       24   1.41
  1998         110+    0.73784  1.00000  1.36       8       8      11       11   1.36
  1999           0     0.00348  0.00347  0.20  100000     347   99722  8104912  81.05
  1999           1     0.00044  0.00044  0.50   99653      44   99631  8005191  80.33
  1999           2     0.00021  0.00021  0.50   99609      21   99598  7905560  79.37
  1999           3     0.00011  0.00011  0.50   99587      11   99582  7805962  78.38
  1999           4     0.00011  0.00011  0.50   99576      11   99571  7706380  77.39
  1999           5     0.00016  0.00016  0.50   99565      16   99557  7606809  76.40
  1999           6     0.00020  0.00020  0.50   99549      19   99539  7507253  75.41
  1999           7     0.00017  0.00017  0.50   99529      17   99521  7407714  74.43
  1999           8     0.00016  0.00016  0.50   99512      16   99504  7308193  73.44
  1999           9     0.00014  0.00014  0.50   99496      14   99489  7208689  72.45
  1999          10     0.00010  0.00010  0.50   99482      10   99477  7109200  71.46
  1999          11     0.00009  0.00009  0.50   99472       9   99468  7009722  70.47
  1999          12     0.00016  0.00016  0.50   99463      16   99455  6910255  69.48
  1999          13     0.00021  0.00021  0.50   99447      21   99437  6810800  68.49
  1999          14     0.00020  0.00020  0.50   99426      20   99416  6711363  67.50
  1999          15     0.00016  0.00016  0.50   99406      16   99398  6611947  66.51
  1999          16     0.00019  0.00019  0.50   99390      19   99381  6512549  65.53
  1999          17     0.00037  0.00037  0.50   99371      36   99353  6413168  64.54
  1999          18     0.00050  0.00050  0.50   99335      50   99310  6313815  63.56
  1999          19     0.00046  0.00046  0.50   99285      46   99262  6214505  62.59
  1999          20     0.00046  0.00046  0.50   99239      46   99216  6115243  61.62
  1999          21     0.00049  0.00049  0.50   99193      48   99169  6016028  60.65
  1999          22     0.00047  0.00047  0.50   99145      46   99121  5916859  59.68
  1999          23     0.00044  0.00044  0.50   99098      44   99076  5817737  58.71
  1999          24     0.00045  0.00045  0.50   99054      45   99032  5718661  57.73
  1999          25     0.00045  0.00045  0.50   99009      44   98987  5619629  56.76
  1999          26     0.00049  0.00049  0.50   98965      48   98941  5520642  55.78
  1999          27     0.00062  0.00062  0.50   98917      61   98887  5421701  54.81
  1999          28     0.00068  0.00068  0.50   98856      67   98823  5322814  53.84
  1999          29     0.00054  0.00054  0.50   98789      54   98763  5223991  52.88
  1999          30     0.00044  0.00044  0.50   98736      43   98714  5125229  51.91
  1999          31     0.00045  0.00045  0.50   98693      44   98671  5026514  50.93
  1999          32     0.00058  0.00058  0.50   98648      57   98620  4927844  49.95
  1999          33     0.00063  0.00063  0.50   98592      62   98561  4829224  48.98
  1999          34     0.00046  0.00046  0.50   98530      46   98507  4730663  48.01
  1999          35     0.00036  0.00036  0.50   98484      36   98466  4632157  47.03
  1999          36     0.00056  0.00056  0.50   98448      55   98421  4533691  46.05
  1999          37     0.00079  0.00079  0.50   98393      77   98354  4435270  45.08
  1999          38     0.00093  0.00093  0.50   98316      91   98270  4336916  44.11
  1999          39     0.00096  0.00096  0.50   98224      95   98177  4238646  43.15
  1999          40     0.00093  0.00093  0.50   98130      91   98084  4140469  42.19
  1999          41     0.00094  0.00094  0.50   98038      92   97992  4042385  41.23
  1999          42     0.00115  0.00115  0.50   97946     113   97890  3944392  40.27
  1999          43     0.00142  0.00142  0.50   97833     139   97764  3846503  39.32
  1999          44     0.00155  0.00155  0.50   97694     152   97618  3748739  38.37
  1999          45     0.00156  0.00156  0.50   97542     152   97466  3651121  37.43
  1999          46     0.00156  0.00156  0.50   97390     152   97314  3553654  36.49
  1999          47     0.00175  0.00175  0.50   97238     170   97153  3456340  35.55
  1999          48     0.00217  0.00217  0.50   97068     211   96963  3359187  34.61
  1999          49     0.00277  0.00276  0.50   96858     268   96724  3262224  33.68
  1999          50     0.00327  0.00327  0.50   96590     316   96432  3165500  32.77
  1999          51     0.00344  0.00344  0.50   96274     331   96109  3069068  31.88
  1999          52     0.00335  0.00334  0.50   95943     321   95783  2972959  30.99
  1999          53     0.00321  0.00320  0.50   95623     306   95470  2877176  30.09
  1999          54     0.00345  0.00345  0.50   95317     329   95152  2781706  29.18
  1999          55     0.00392  0.00391  0.50   94988     371   94802  2686554  28.28
  1999          56     0.00437  0.00436  0.50   94616     412   94410  2591752  27.39
  1999          57     0.00498  0.00497  0.50   94204     468   93970  2497342  26.51
  1999          58     0.00577  0.00575  0.50   93736     539   93467  2403372  25.64
  1999          59     0.00607  0.00605  0.50   93197     564   92915  2309905  24.79
  1999          60     0.00641  0.00639  0.50   92633     592   92337  2216990  23.93
  1999          61     0.00742  0.00739  0.50   92041     680   91701  2124653  23.08
  1999          62     0.00870  0.00866  0.50   91360     791   90965  2032953  22.25
  1999          63     0.00967  0.00962  0.50   90569     872   90133  1941988  21.44
  1999          64     0.01010  0.01005  0.50   89698     902   89247  1851855  20.65
  1999          65     0.01019  0.01014  0.50   88796     900   88346  1762608  19.85
  1999          66     0.01110  0.01104  0.50   87895     970   87410  1674262  19.05
  1999          67     0.01267  0.01259  0.50   86925    1095   86378  1586852  18.26
  1999          68     0.01434  0.01424  0.50   85831    1222   85220  1500474  17.48
  1999          69     0.01556  0.01544  0.50   84608    1306   83955  1415254  16.73
  1999          70     0.01623  0.01610  0.50   83302    1341   82632  1331299  15.98
  1999          71     0.01770  0.01754  0.50   81961    1438   81242  1248667  15.23
  1999          72     0.01997  0.01977  0.50   80524    1592   79728  1167425  14.50
  1999          73     0.02246  0.02221  0.50   78932    1753   78055  1087697  13.78
  1999          74     0.02399  0.02370  0.50   77179    1829   76264  1009642  13.08
  1999          75     0.02438  0.02409  0.50   75350    1815   74442   933378  12.39
  1999          76     0.02695  0.02660  0.50   73535    1956   72557   858936  11.68
  1999          77     0.03189  0.03139  0.50   71579    2247   70456   786379  10.99
  1999          78     0.03819  0.03748  0.50   69332    2598   68033   715924  10.33
  1999          79     0.04448  0.04351  0.50   66734    2904   65282   647891   9.71
  1999          80     0.04979  0.04858  0.50   63830    3101   62280   582609   9.13
  1999          81     0.05529  0.05380  0.50   60729    3267   59096   520329   8.57
  1999          82     0.06216  0.06029  0.50   57462    3464   55730   461234   8.03
  1999          83     0.06987  0.06752  0.50   53998    3646   52175   405504   7.51
  1999          84     0.07838  0.07542  0.50   50352    3798   48453   353329   7.02
  1999          85     0.08785  0.08415  0.50   46554    3918   44596   304876   6.55
  1999          86     0.09839  0.09377  0.50   42637    3998   40638   260280   6.10
  1999          87     0.11006  0.10432  0.50   38638    4031   36623   219643   5.68
  1999          88     0.12298  0.11585  0.50   34608    4009   32603   183020   5.29
  1999          89     0.13725  0.12843  0.50   30598    3930   28633   150417   4.92
  1999          90     0.15296  0.14209  0.50   26668    3789   24774   121783   4.57
  1999          91     0.17021  0.15686  0.50   22879    3589   21085    97010   4.24
  1999          92     0.18908  0.17275  0.50   19290    3332   17624    75925   3.94
  1999          93     0.20965  0.18975  0.50   15958    3028   14444    58301   3.65
  1999          94     0.23195  0.20784  0.50   12930    2687   11586    43857   3.39
  1999          95     0.25601  0.22696  0.50   10242    2325    9080    32271   3.15
  1999          96     0.28182  0.24702  0.50    7918    1956    6940    23191   2.93
  1999          97     0.30934  0.26791  0.50    5962    1597    5163    16251   2.73
  1999          98     0.33846  0.28948  0.50    4365    1263    3733    11088   2.54
  1999          99     0.36906  0.31156  0.50    3101     966    2618     7355   2.37
  1999         100     0.40093  0.33398  0.50    2135     713    1778     4736   2.22
  1999         101     0.43385  0.35651  0.50    1422     507    1168     2958   2.08
  1999         102     0.46754  0.37895  0.50     915     347     742     1789   1.96
  1999         103     0.50170  0.40108  0.50     568     228     454     1048   1.84
  1999         104     0.53599  0.42271  0.50     340     144     268      593   1.74
  1999         105     0.57008  0.44363  0.50     196      87     153      325   1.65
  1999         106     0.60365  0.46370  0.50     109      51      84      172   1.58
  1999         107     0.63638  0.48277  0.50      59      28      44       88   1.50
  1999         108     0.66790  0.50070  0.50      30      15      23       44   1.44
  1999         109     0.69801  0.51743  0.50      15       8      11       21   1.39
  1999         110+    0.74726  1.00000  1.34       7       7      10       10   1.34
  2000           0     0.00419  0.00418  0.18  100000     418   99659  8167773  81.68
  2000           1     0.00040  0.00040  0.50   99582      40   99562  8068114  81.02
  2000           2     0.00031  0.00031  0.50   99542      31   99526  7968552  80.05
  2000           3     0.00023  0.00023  0.50   99511      23   99500  7869025  79.08
  2000           4     0.00017  0.00017  0.50   99488      17   99479  7769526  78.10
  2000           5     0.00014  0.00014  0.50   99471      14   99464  7670046  77.11
  2000           6     0.00012  0.00012  0.50   99457      12   99450  7570583  76.12
  2000           7     0.00012  0.00012  0.50   99444      12   99438  7471132  75.13
  2000           8     0.00012  0.00012  0.50   99433      12   99426  7371694  74.14
  2000           9     0.00013  0.00013  0.50   99420      13   99414  7272268  73.15
  2000          10     0.00013  0.00013  0.50   99407      13   99401  7172854  72.16
  2000          11     0.00011  0.00011  0.50   99395      11   99389  7073453  71.17
  2000          12     0.00010  0.00010  0.50   99383      10   99379  6974064  70.17
  2000          13     0.00011  0.00011  0.50   99374      11   99369  6874685  69.18
  2000          14     0.00013  0.00013  0.50   99363      12   99357  6775317  68.19
  2000          15     0.00014  0.00014  0.50   99351      13   99344  6675960  67.20
  2000          16     0.00019  0.00019  0.50   99337      19   99328  6576615  66.20
  2000          17     0.00033  0.00033  0.50   99318      33   99302  6477288  65.22
  2000          18     0.00047  0.00047  0.50   99286      46   99263  6377985  64.24
  2000          19     0.00051  0.00051  0.50   99239      51   99214  6278723  63.27
  2000          20     0.00050  0.00050  0.50   99189      49   99164  6179509  62.30
  2000          21     0.00047  0.00047  0.50   99139      47   99116  6080345  61.33
  2000          22     0.00048  0.00048  0.50   99092      47   99069  5981229  60.36
  2000          23     0.00049  0.00049  0.50   99045      48   99021  5882160  59.39
  2000          24     0.00047  0.00047  0.50   98997      47   98974  5783139  58.42
  2000          25     0.00043  0.00043  0.50   98951      43   98929  5684165  57.44
  2000          26     0.00039  0.00039  0.50   98908      39   98888  5585236  56.47
  2000          27     0.00038  0.00038  0.50   98869      37   98850  5486348  55.49
  2000          28     0.00040  0.00040  0.50   98831      39   98812  5387498  54.51
  2000          29     0.00048  0.00048  0.50   98792      47   98768  5288686  53.53
  2000          30     0.00062  0.00062  0.50   98745      61   98714  5189917  52.56
  2000          31     0.00078  0.00078  0.50   98683      77   98645  5091203  51.59
  2000          32     0.00092  0.00092  0.50   98606      91   98561  4992559  50.63
  2000          33     0.00095  0.00095  0.50   98515      93   98469  4893998  49.68
  2000          34     0.00083  0.00083  0.50   98422      82   98381  4795529  48.72
  2000          35     0.00068  0.00068  0.50   98340      67   98307  4697148  47.76
  2000          36     0.00060  0.00060  0.50   98273      59   98244  4598842  46.80
  2000          37     0.00062  0.00062  0.50   98214      61   98184  4500598  45.82
  2000          38     0.00071  0.00070  0.50   98154      69   98119  4402414  44.85
  2000          39     0.00084  0.00084  0.50   98085      82   98044  4304295  43.88
  2000          40     0.00100  0.00100  0.50   98003      98   97954  4206251  42.92
  2000          41     0.00119  0.00119  0.50   97904     116   97846  4108297  41.96
  2000          42     0.00137  0.00137  0.50   97788     134   97721  4010451  41.01
  2000          43     0.00154  0.00153  0.50   97654     150   97579  3912730  40.07
  2000          44     0.00167  0.00167  0.50   97504     163   97423  3815151  39.13
  2000          45     0.00180  0.00180  0.50   97341     175   97254  3717728  38.19
  2000          46     0.00194  0.00194  0.50   97166     188   97072  3620474  37.26
  2000          47     0.00206  0.00206  0.50   96978     200   96878  3523402  36.33
  2000          48     0.00230  0.00230  0.50   96778     222   96667  3426524  35.41
  2000          49     0.00273  0.00273  0.50   96556     263   96425  3329856  34.49
  2000          50     0.00314  0.00313  0.50   96293     302   96142  3233432  33.58
  2000          51     0.00331  0.00330  0.50   95991     317   95833  3137290  32.68
  2000          52     0.00334  0.00334  0.50   95674     319   95514  3041457  31.79
  2000          53     0.00342  0.00342  0.50   95355     326   95192  2945943  30.89
  2000          54     0.00365  0.00364  0.50   95029     346   94856  2850751  30.00
  2000          55     0.00399  0.00398  0.50   94682     377   94494  2755895  29.11
  2000          56     0.00439  0.00438  0.50   94305     413   94099  2661401  28.22
  2000          57     0.00482  0.00481  0.50   93892     452   93666  2567303  27.34
  2000          58     0.00526  0.00524  0.50   93440     490   93195  2473637  26.47
  2000          59     0.00567  0.00565  0.50   92950     525   92687  2380441  25.61
  2000          60     0.00612  0.00611  0.50   92425     564   92143  2287754  24.75
  2000          61     0.00670  0.00668  0.50   91860     614   91554  2195611  23.90
  2000          62     0.00743  0.00740  0.50   91247     675   90909  2104058  23.06
  2000          63     0.00825  0.00822  0.50   90571     744   90199  2013149  22.23
  2000          64     0.00896  0.00892  0.50   89827     802   89426  1922949  21.41
  2000          65     0.00941  0.00936  0.50   89026     834   88609  1833523  20.60
  2000          66     0.00984  0.00979  0.50   88192     864   87760  1744914  19.79
  2000          67     0.01065  0.01059  0.50   87329     925   86866  1657154  18.98
  2000          68     0.01209  0.01202  0.50   86403    1039   85884  1570288  18.17
  2000          69     0.01384  0.01375  0.50   85365    1174   84778  1484403  17.39
  2000          70     0.01547  0.01535  0.50   84191    1292   83545  1399625  16.62
  2000          71     0.01682  0.01668  0.50   82899    1383   82208  1316080  15.88
  2000          72     0.01811  0.01794  0.50   81516    1463   80785  1233873  15.14
  2000          73     0.01961  0.01942  0.50   80054    1554   79276  1153088  14.40
  2000          74     0.02141  0.02119  0.50   78499    1663   77668  1073811  13.68
  2000          75     0.02367  0.02339  0.50   76836    1797   75938   996144  12.96
  2000          76     0.02670  0.02635  0.50   75039    1977   74051   920206  12.26
  2000          77     0.03055  0.03009  0.50   73062    2199   71963   846155  11.58
  2000          78     0.03512  0.03451  0.50   70864    2446   69641   774193  10.93
  2000          79     0.04009  0.03930  0.50   68418    2689   67073   704552  10.30
  2000          80     0.04523  0.04423  0.50   65729    2907   64275   637478   9.70
  2000          81     0.05065  0.04940  0.50   62822    3103   61270   573203   9.12
  2000          82     0.05658  0.05503  0.50   59719    3286   58076   511932   8.57
  2000          83     0.06320  0.06126  0.50   56433    3457   54704   453857   8.04
  2000          84     0.07059  0.06819  0.50   52976    3612   51169   399153   7.53
  2000          85     0.07886  0.07587  0.50   49363    3745   47491   347983   7.05
  2000          86     0.08808  0.08437  0.50   45618    3849   43694   300492   6.59
  2000          87     0.09833  0.09372  0.50   41769    3915   39812   256799   6.15
  2000          88     0.10969  0.10399  0.50   37855    3937   35886   216987   5.73
  2000          89     0.12227  0.11522  0.50   33918    3908   31964   181100   5.34
  2000          90     0.13615  0.12747  0.50   30010    3825   28097   149136   4.97
  2000          91     0.15141  0.14076  0.50   26185    3686   24342   121039   4.62
  2000          92     0.16815  0.15511  0.50   22499    3490   20754    96697   4.30
  2000          93     0.18643  0.17054  0.50   19009    3242   17388    75943   4.00
  2000          94     0.20631  0.18702  0.50   15767    2949   14293    58555   3.71
  2000          95     0.22783  0.20453  0.50   12819    2622   11508    44262   3.45
  2000          96     0.25099  0.22301  0.50   10197    2274    9060    32754   3.21
  2000          97     0.27579  0.24237  0.50    7923    1920    6963    23694   2.99
  2000          98     0.30215  0.26250  0.50    6003    1576    5215    16732   2.79
  2000          99     0.33001  0.28327  0.50    4427    1254    3800    11517   2.60
  2000         100     0.35924  0.30454  0.50    3173     966    2690     7717   2.43
  2000         101     0.38965  0.32612  0.50    2207     720    1847     5027   2.28
  2000         102     0.42107  0.34784  0.50    1487     517    1228     3180   2.14
  2000         103     0.45324  0.36950  0.50     970     358     791     1952   2.01
  2000         104     0.48589  0.39092  0.50     611     239     492     1161   1.90
  2000         105     0.51873  0.41190  0.50     372     153     296      669   1.80
  2000         106     0.55144  0.43226  0.50     219      95     172      374   1.71
  2000         107     0.58372  0.45185  0.50     124      56      96      202   1.62
  2000         108     0.61541  0.47060  0.50      68      32      52      106   1.55
  2000         109     0.64645  0.48854  0.50      36      18      27       54   1.49
  2000         110+    0.70014  1.00000  1.43      18      18      26       26   1.43
  2001           0     0.00309  0.00308  0.20  100000     308   99754  8210955  82.11
  2001           1     0.00023  0.00023  0.50   99692      23   99680  8111201  81.36
  2001           2     0.00017  0.00017  0.50   99668      17   99660  8011521  80.38
  2001           3     0.00014  0.00014  0.50   99652      14   99645  7911861  79.40
  2001           4     0.00014  0.00014  0.50   99638      14   99631  7812216  78.41
  2001           5     0.00016  0.00016  0.50   99624      16   99616  7712585  77.42
  2001           6     0.00016  0.00016  0.50   99608      16   99599  7612969  76.43
  2001           7     0.00011  0.00011  0.50   99591      11   99586  7513370  75.44
  2001           8     0.00006  0.00006  0.50   99580       6   99577  7413784  74.45
  2001           9     0.00002  0.00002  0.50   99574       2   99573  7314207  73.45
  2001          10     0.00003  0.00003  0.50   99572       3   99571  7214634  72.46
  2001          11     0.00006  0.00006  0.50   99570       6   99567  7115063  71.46
  2001          12     0.00010  0.00010  0.50   99564      10   99559  7015497  70.46
  2001          13     0.00015  0.00015  0.50   99554      15   99547  6915938  69.47
  2001          14     0.00020  0.00020  0.50   99539      20   99529  6816391  68.48
  2001          15     0.00026  0.00026  0.50   99519      25   99507  6716861  67.49
  2001          16     0.00031  0.00031  0.50   99494      31   99478  6617355  66.51
  2001          17     0.00037  0.00037  0.50   99463      37   99444  6517876  65.53
  2001          18     0.00042  0.00042  0.50   99426      42   99405  6418432  64.56
  2001          19     0.00043  0.00043  0.50   99384      43   99363  6319027  63.58
  2001          20     0.00041  0.00041  0.50   99341      41   99321  6219665  62.61
  2001          21     0.00040  0.00040  0.50   99300      40   99281  6120344  61.63
  2001          22     0.00044  0.00044  0.50   99261      44   99239  6021063  60.66
  2001          23     0.00051  0.00051  0.50   99217      51   99191  5921824  59.69
  2001          24     0.00056  0.00056  0.50   99166      55   99138  5822633  58.72
  2001          25     0.00057  0.00057  0.50   99111      57   99082  5723495  57.75
  2001          26     0.00058  0.00058  0.50   99054      57   99025  5624413  56.78
  2001          27     0.00059  0.00059  0.50   98997      58   98968  5525387  55.81
  2001          28     0.00058  0.00058  0.50   98939      57   98910  5426420  54.85
  2001          29     0.00056  0.00056  0.50   98881      55   98854  5327510  53.88
  2001          30     0.00057  0.00057  0.50   98826      57   98798  5228656  52.91
  2001          31     0.00060  0.00060  0.50   98769      60   98740  5129859  51.94
  2001          32     0.00062  0.00062  0.50   98710      62   98679  5031119  50.97
  2001          33     0.00062  0.00062  0.50   98648      61   98617  4932440  50.00
  2001          34     0.00059  0.00059  0.50   98587      58   98558  4833823  49.03
  2001          35     0.00057  0.00057  0.50   98529      56   98501  4735265  48.06
  2001          36     0.00061  0.00061  0.50   98473      60   98443  4636764  47.09
  2001          37     0.00071  0.00071  0.50   98413      70   98378  4538321  46.12
  2001          38     0.00083  0.00083  0.50   98343      82   98302  4439944  45.15
  2001          39     0.00092  0.00092  0.50   98261      91   98216  4341642  44.18
  2001          40     0.00100  0.00100  0.50   98170      98   98122  4243426  43.23
  2001          41     0.00109  0.00109  0.50   98073     107   98019  4145304  42.27
  2001          42     0.00124  0.00124  0.50   97966     122   97905  4047285  41.31
  2001          43     0.00143  0.00142  0.50   97844     139   97774  3949381  40.36
  2001          44     0.00160  0.00160  0.50   97705     156   97627  3851606  39.42
  2001          45     0.00170  0.00170  0.50   97549     165   97466  3753980  38.48
  2001          46     0.00173  0.00173  0.50   97383     169   97299  3656514  37.55
  2001          47     0.00192  0.00192  0.50   97215     187   97121  3559215  36.61
  2001          48     0.00224  0.00223  0.50   97028     217   96920  3462094  35.68
  2001          49     0.00257  0.00257  0.50   96811     249   96687  3365174  34.76
  2001          50     0.00284  0.00284  0.50   96562     274   96425  3268487  33.85
  2001          51     0.00298  0.00298  0.50   96288     287   96145  3172062  32.94
  2001          52     0.00310  0.00309  0.50   96001     297   95853  3075917  32.04
  2001          53     0.00327  0.00327  0.50   95704     313   95548  2980064  31.14
  2001          54     0.00347  0.00347  0.50   95392     331   95226  2884516  30.24
  2001          55     0.00376  0.00376  0.50   95061     357   94883  2789290  29.34
  2001          56     0.00423  0.00422  0.50   94704     400   94504  2694407  28.45
  2001          57     0.00488  0.00487  0.50   94304     459   94075  2599903  27.57
  2001          58     0.00563  0.00561  0.50   93845     527   93582  2505829  26.70
  2001          59     0.00628  0.00626  0.50   93318     584   93026  2412247  25.85
  2001          60     0.00675  0.00673  0.50   92734     624   92422  2319221  25.01
  2001          61     0.00705  0.00702  0.50   92110     647   91786  2226799  24.18
  2001          62     0.00726  0.00723  0.50   91463     662   91132  2135013  23.34
  2001          63     0.00753  0.00750  0.50   90801     681   90461  2043881  22.51
  2001          64     0.00799  0.00796  0.50   90120     717   89762  1953420  21.68
  2001          65     0.00877  0.00873  0.50   89403     781   89013  1863659  20.85
  2001          66     0.00994  0.00989  0.50   88622     877   88184  1774646  20.02
  2001          67     0.01133  0.01126  0.50   87745     988   87251  1686462  19.22
  2001          68     0.01272  0.01264  0.50   86757    1097   86209  1599211  18.43
  2001          69     0.01401  0.01391  0.50   85660    1192   85065  1513002  17.66
  2001          70     0.01518  0.01506  0.50   84469    1272   83833  1427938  16.90
  2001          71     0.01644  0.01631  0.50   83196    1357   82518  1344105  16.16
  2001          72     0.01795  0.01779  0.50   81840    1456   81112  1261587  15.42
  2001          73     0.01975  0.01956  0.50   80384    1572   79598  1180475  14.69
  2001          74     0.02179  0.02155  0.50   78812    1699   77963  1100877  13.97
  2001          75     0.02399  0.02370  0.50   77113    1828   76199  1022914  13.27
  2001          76     0.02642  0.02608  0.50   75285    1963   74304   946715  12.57
  2001          77     0.02914  0.02872  0.50   73322    2106   72270   872411  11.90
  2001          78     0.03226  0.03175  0.50   71217    2261   70086   800141  11.24
  2001          79     0.03628  0.03563  0.50   68955    2457   67727   730055  10.59
  2001          80     0.04155  0.04070  0.50   66498    2707   65145   662328   9.96
  2001          81     0.04756  0.04646  0.50   63792    2964   62310   597184   9.36
  2001          82     0.05379  0.05238  0.50   60828    3186   59235   534874   8.79
  2001          83     0.06042  0.05865  0.50   57642    3381   55951   475639   8.25
  2001          84     0.06766  0.06545  0.50   54261    3551   52485   419688   7.73
  2001          85     0.07565  0.07290  0.50   50710    3697   48861   367203   7.24
  2001          86     0.08452  0.08109  0.50   47013    3812   45107   318341   6.77
  2001          87     0.09436  0.09011  0.50   43201    3893   41254   273234   6.32
  2001          88     0.10526  0.10000  0.50   39308    3931   37343   231980   5.90
  2001          89     0.11729  0.11080  0.50   35377    3920   33417   194638   5.50
  2001          90     0.13055  0.12255  0.50   31458    3855   29530   161220   5.13
  2001          91     0.14512  0.13530  0.50   27602    3735   25735   131690   4.77
  2001          92     0.16108  0.14907  0.50   23868    3558   22089   105955   4.44
  2001          93     0.17850  0.16388  0.50   20310    3328   18646    83866   4.13
  2001          94     0.19746  0.17972  0.50   16981    3052   15456    65221   3.84
  2001          95     0.21801  0.19658  0.50   13930    2738   12560    49765   3.57
  2001          96     0.24017  0.21442  0.50   11191    2400    9991    37205   3.32
  2001          97     0.26396  0.23319  0.50    8792    2050    7767    27213   3.10
  2001          98     0.28935  0.25278  0.50    6742    1704    5889    19447   2.88
  2001          99     0.31628  0.27310  0.50    5037    1376    4350    13557   2.69
  2001         100     0.34466  0.29400  0.50    3662    1077    3123     9208   2.51
  2001         101     0.37435  0.31533  0.50    2585     815    2178     6084   2.35
  2001         102     0.40518  0.33692  0.50    1770     596    1472     3907   2.21
  2001         103     0.43692  0.35859  0.50    1174     421     963     2435   2.07
  2001         104     0.46933  0.38013  0.50     753     286     610     1472   1.96
  2001         105     0.50212  0.40135  0.50     467     187     373      862   1.85
  2001         106     0.53496  0.42207  0.50     279     118     220      489   1.75
  2001         107     0.56756  0.44210  0.50     161      71     126      269   1.66
  2001         108     0.59974  0.46138  0.50      90      42      69      143   1.59
  2001         109     0.63140  0.47990  0.50      49      23      37       74   1.52
  2001         110+    0.68721  1.00000  1.46      25      25      37       37   1.46
  2002           0     0.00323  0.00322  0.20  100000     322   99743  8259694  82.60
  2002           1     0.00063  0.00063  0.50   99678      63   99646  8159951  81.86
  2002           2     0.00043  0.00043  0.50   99615      43   99593  8060305  80.91
  2002           3     0.00026  0.00026  0.50   99572      26   99559  7960711  79.95
  2002           4     0.00015  0.00015  0.50   99546      15   99538  7861152  78.97
  2002           5     0.00011  0.00011  0.50   99530      11   99525  7761614  77.98
  2002           6     0.00010  0.00010  0.50   99520      10   99515  7662089  76.99
  2002           7     0.00012  0.00012  0.50   99510      12   99504  7562574  76.00
  2002           8     0.00014  0.00014  0.50   99498      14   99491  7463070  75.01
  2002           9     0.00014  0.00014  0.50   99484      14   99477  7363580  74.02
  2002          10     0.00013  0.00013  0.50   99470      13   99463  7264103  73.03
  2002          11     0.00013  0.00013  0.50   99457      13   99450  7164639  72.04
  2002          12     0.00015  0.00015  0.50   99444      15   99436  7065189  71.05
  2002          13     0.00018  0.00018  0.50   99429      18   99420  6965753  70.06
  2002          14     0.00020  0.00020  0.50   99411      20   99401  6866334  69.07
  2002          15     0.00020  0.00020  0.50   99391      20   99381  6766932  68.08
  2002          16     0.00020  0.00020  0.50   99371      20   99362  6667551  67.10
  2002          17     0.00019  0.00019  0.50   99352      19   99342  6568189  66.11
  2002          18     0.00019  0.00019  0.50   99333      19   99323  6468847  65.12
  2002          19     0.00019  0.00019  0.50   99314      19   99304  6369524  64.14
  2002          20     0.00022  0.00022  0.50   99295      22   99284  6270220  63.15
  2002          21     0.00027  0.00027  0.50   99273      27   99260  6170936  62.16
  2002          22     0.00035  0.00035  0.50   99246      34   99229  6071676  61.18
  2002          23     0.00042  0.00042  0.50   99212      41   99191  5972447  60.20
  2002          24     0.00047  0.00047  0.50   99170      46   99147  5873256  59.22
  2002          25     0.00051  0.00051  0.50   99124      51   99099  5774109  58.25
  2002          26     0.00054  0.00054  0.50   99074      53   99047  5675010  57.28
  2002          27     0.00053  0.00053  0.50   99020      52   98994  5575963  56.31
  2002          28     0.00050  0.00050  0.50   98968      50   98943  5476969  55.34
  2002          29     0.00048  0.00048  0.50   98919      47   98895  5378025  54.37
  2002          30     0.00046  0.00046  0.50   98871      46   98848  5279130  53.39
  2002          31     0.00046  0.00046  0.50   98825      46   98803  5180282  52.42
  2002          32     0.00048  0.00048  0.50   98780      47   98756  5081479  51.44
  2002          33     0.00050  0.00050  0.50   98732      49   98708  4982723  50.47
  2002          34     0.00052  0.00052  0.50   98683      52   98657  4884016  49.49
  2002          35     0.00057  0.00057  0.50   98631      57   98603  4785359  48.52
  2002          36     0.00066  0.00066  0.50   98575      65   98542  4686756  47.55
  2002          37     0.00073  0.00073  0.50   98510      72   98474  4588214  46.58
  2002          38     0.00080  0.00080  0.50   98438      79   98398  4489740  45.61
  2002          39     0.00088  0.00088  0.50   98359      87   98315  4391342  44.65
  2002          40     0.00096  0.00096  0.50   98272      95   98225  4293027  43.69
  2002          41     0.00105  0.00105  0.50   98177     103   98126  4194802  42.73
  2002          42     0.00116  0.00116  0.50   98074     114   98017  4096676  41.77
  2002          43     0.00128  0.00128  0.50   97960     125   97898  3998659  40.82
  2002          44     0.00136  0.00136  0.50   97835     133   97769  3900761  39.87
  2002          45     0.00144  0.00144  0.50   97703     141   97632  3802992  38.92
  2002          46     0.00158  0.00158  0.50   97562     154   97485  3705359  37.98
  2002          47     0.00179  0.00179  0.50   97408     175   97320  3607875  37.04
  2002          48     0.00205  0.00205  0.50   97233     200   97133  3510554  36.10
  2002          49     0.00234  0.00234  0.50   97033     227   96920  3413421  35.18
  2002          50     0.00262  0.00262  0.50   96807     253   96680  3316501  34.26
  2002          51     0.00287  0.00287  0.50   96554     277   96415  3219821  33.35
  2002          52     0.00308  0.00307  0.50   96277     296   96129  3123405  32.44
  2002          53     0.00326  0.00326  0.50   95981     312   95825  3027277  31.54
  2002          54     0.00352  0.00352  0.50   95668     337   95500  2931452  30.64
  2002          55     0.00387  0.00386  0.50   95332     368   95148  2835952  29.75
  2002          56     0.00426  0.00425  0.50   94964     404   94762  2740804  28.86
  2002          57     0.00467  0.00466  0.50   94560     440   94339  2646043  27.98
  2002          58     0.00503  0.00502  0.50   94119     472   93883  2551703  27.11
  2002          59     0.00532  0.00530  0.50   93647     497   93399  2457820  26.25
  2002          60     0.00558  0.00556  0.50   93150     518   92891  2364421  25.38
  2002          61     0.00589  0.00587  0.50   92632     544   92360  2271530  24.52
  2002          62     0.00631  0.00629  0.50   92088     579   91799  2179170  23.66
  2002          63     0.00690  0.00687  0.50   91509     629   91195  2087371  22.81
  2002          64     0.00765  0.00762  0.50   90880     693   90534  1996176  21.96
  2002          65     0.00855  0.00851  0.50   90187     768   89804  1905642  21.13
  2002          66     0.00953  0.00948  0.50   89420     848   88996  1815838  20.31
  2002          67     0.01058  0.01053  0.50   88572     932   88106  1726843  19.50
  2002          68     0.01174  0.01167  0.50   87639    1022   87128  1638737  18.70
  2002          69     0.01303  0.01295  0.50   86617    1121   86056  1551609  17.91
  2002          70     0.01451  0.01440  0.50   85495    1232   84880  1465553  17.14
  2002          71     0.01614  0.01601  0.50   84264    1349   83590  1380673  16.39
  2002          72     0.01785  0.01769  0.50   82915    1467   82182  1297084  15.64
  2002          73     0.01962  0.01943  0.50   81448    1583   80657  1214902  14.92
  2002          74     0.02156  0.02133  0.50   79865    1704   79014  1134245  14.20
  2002          75     0.02381  0.02353  0.50   78162    1839   77242  1055231  13.50
  2002          76     0.02652  0.02618  0.50   76323    1998   75324   977989  12.81
  2002          77     0.02972  0.02928  0.50   74325    2176   73237   902665  12.14
  2002          78     0.03337  0.03282  0.50   72149    2368   70965   829429  11.50
  2002          79     0.03745  0.03676  0.50   69781    2565   68498   758464  10.87
  2002          80     0.04195  0.04108  0.50   67216    2762   65835   689966  10.26
  2002          81     0.04686  0.04579  0.50   64454    2951   62978   624131   9.68
  2002          82     0.05223  0.05090  0.50   61503    3130   59937   561153   9.12
  2002          83     0.05810  0.05646  0.50   58372    3295   56725   501215   8.59
  2002          84     0.06456  0.06255  0.50   55077    3445   53355   444491   8.07
  2002          85     0.07173  0.06924  0.50   51632    3575   49845   391136   7.58
  2002          86     0.07967  0.07662  0.50   48057    3682   46216   341292   7.10
  2002          87     0.08849  0.08474  0.50   44375    3760   42495   295076   6.65
  2002          88     0.09827  0.09366  0.50   40614    3804   38712   252581   6.22
  2002          89     0.10909  0.10345  0.50   36810    3808   34906   213869   5.81
  2002          90     0.12105  0.11414  0.50   33002    3767   31119   178963   5.42
  2002          91     0.13422  0.12578  0.50   29236    3677   27397   147844   5.06
  2002          92     0.14871  0.13842  0.50   25558    3538   23789   120447   4.71
  2002          93     0.16460  0.15208  0.50   22020    3349   20346    96657   4.39
  2002          94     0.18194  0.16677  0.50   18672    3114   17115    76311   4.09
  2002          95     0.20082  0.18249  0.50   15558    2839   14138    59197   3.80
  2002          96     0.22126  0.19922  0.50   12719    2534   11452    45058   3.54
  2002          97     0.24331  0.21692  0.50   10185    2209    9080    33607   3.30
  2002          98     0.26695  0.23552  0.50    7975    1878    7036    24527   3.08
  2002          99     0.29216  0.25492  0.50    6097    1554    5320    17491   2.87
  2002         100     0.31886  0.27502  0.50    4543    1249    3918    12171   2.68
  2002         101     0.34695  0.29566  0.50    3293     974    2807     8252   2.51
  2002         102     0.37629  0.31670  0.50    2320     735    1952     5446   2.35
  2002         103     0.40667  0.33795  0.50    1585     536    1317     3493   2.20
  2002         104     0.43789  0.35924  0.50    1049     377     861     2176   2.07
  2002         105     0.46969  0.38036  0.50     672     256     545     1315   1.96
  2002         106     0.50180  0.40115  0.50     417     167     333      771   1.85
  2002         107     0.53400  0.42147  0.50     250     105     197      438   1.75
  2002         108     0.56613  0.44123  0.50     144      64     113      241   1.67
  2002         109     0.59809  0.46041  0.50      81      37      62      128   1.59
  2002         110+    0.65674  1.00000  1.52      44      44      66       66   1.52
  2003           0     0.00304  0.00303  0.20  100000     303   99759  8218680  82.19
  2003           1     0.00037  0.00037  0.50   99697      37   99679  8118921  81.44
  2003           2     0.00027  0.00027  0.50   99661      27   99647  8019242  80.47
  2003           3     0.00021  0.00021  0.50   99633      21   99623  7919595  79.49
  2003           4     0.00017  0.00017  0.50   99612      17   99604  7819973  78.50
  2003           5     0.00016  0.00016  0.50   99595      16   99588  7720369  77.52
  2003           6     0.00013  0.00013  0.50   99580      13   99573  7620781  76.53
  2003           7     0.00007  0.00007  0.50   99567       7   99564  7521208  75.54
  2003           8     0.00003  0.00003  0.50   99560       3   99559  7421644  74.54
  2003           9     0.00001  0.00001  0.50   99557       1   99557  7322086  73.55
  2003          10     0.00002  0.00002  0.50   99557       2   99556  7222528  72.55
  2003          11     0.00004  0.00004  0.50   99555       4   99553  7122973  71.55
  2003          12     0.00007  0.00007  0.50   99551       7   99547  7023420  70.55
  2003          13     0.00010  0.00010  0.50   99543      10   99538  6923873  69.56
  2003          14     0.00013  0.00013  0.50   99533      13   99526  6824335  68.56
  2003          15     0.00016  0.00016  0.50   99520      16   99512  6724809  67.57
  2003          16     0.00019  0.00019  0.50   99504      19   99494  6625297  66.58
  2003          17     0.00023  0.00023  0.50   99485      23   99473  6525803  65.60
  2003          18     0.00029  0.00029  0.50   99462      29   99447  6426330  64.61
  2003          19     0.00036  0.00036  0.50   99433      36   99415  6326882  63.63
  2003          20     0.00046  0.00046  0.50   99398      46   99375  6227467  62.65
  2003          21     0.00058  0.00058  0.50   99352      58   99323  6128092  61.68
  2003          22     0.00070  0.00070  0.50   99294      69   99260  6028769  60.72
  2003          23     0.00076  0.00076  0.50   99225      75   99187  5929509  59.76
  2003          24     0.00073  0.00073  0.50   99150      72   99114  5830322  58.80
  2003          25     0.00065  0.00065  0.50   99078      65   99045  5731209  57.85
  2003          26     0.00058  0.00058  0.50   99013      57   98984  5632163  56.88
  2003          27     0.00054  0.00054  0.50   98956      53   98929  5533179  55.92
  2003          28     0.00054  0.00054  0.50   98902      53   98876  5434250  54.95
  2003          29     0.00057  0.00057  0.50   98849      56   98821  5335374  53.98
  2003          30     0.00060  0.00060  0.50   98793      59   98763  5236554  53.01
  2003          31     0.00060  0.00060  0.50   98734      59   98704  5137790  52.04
  2003          32     0.00056  0.00056  0.50   98675      55   98647  5039086  51.07
  2003          33     0.00053  0.00053  0.50   98619      52   98593  4940439  50.10
  2003          34     0.00057  0.00057  0.50   98567      57   98539  4841846  49.12
  2003          35     0.00070  0.00070  0.50   98510      69   98476  4743308  48.15
  2003          36     0.00091  0.00091  0.50   98441      89   98396  4644832  47.18
  2003          37     0.00108  0.00108  0.50   98352     106   98299  4546436  46.23
  2003          38     0.00117  0.00117  0.50   98246     114   98188  4448137  45.28
  2003          39     0.00115  0.00115  0.50   98131     113   98075  4349949  44.33
  2003          40     0.00114  0.00114  0.50   98018     112   97963  4251874  43.38
  2003          41     0.00123  0.00123  0.50   97907     120   97847  4153911  42.43
  2003          42     0.00132  0.00132  0.50   97787     129   97722  4056064  41.48
  2003          43     0.00138  0.00138  0.50   97658     135   97591  3958342  40.53
  2003          44     0.00144  0.00144  0.50   97523     141   97453  3860751  39.59
  2003          45     0.00150  0.00149  0.50   97382     146   97309  3763299  38.64
  2003          46     0.00155  0.00155  0.50   97237     151   97161  3665989  37.70
  2003          47     0.00167  0.00167  0.50   97086     162   97005  3568828  36.76
  2003          48     0.00183  0.00183  0.50   96924     178   96835  3471823  35.82
  2003          49     0.00201  0.00201  0.50   96746     194   96649  3374988  34.88
  2003          50     0.00223  0.00223  0.50   96552     215   96445  3278339  33.95
  2003          51     0.00253  0.00252  0.50   96337     243   96216  3181895  33.03
  2003          52     0.00291  0.00291  0.50   96094     280   95954  3085679  32.11
  2003          53     0.00339  0.00338  0.50   95814     324   95652  2989725  31.20
  2003          54     0.00388  0.00387  0.50   95490     370   95306  2894072  30.31
  2003          55     0.00427  0.00426  0.50   95121     406   94918  2798767  29.42
  2003          56     0.00449  0.00448  0.50   94715     424   94503  2703849  28.55
  2003          57     0.00464  0.00463  0.50   94291     436   94073  2609346  27.67
  2003          58     0.00488  0.00487  0.50   93855     457   93627  2515273  26.80
  2003          59     0.00529  0.00528  0.50   93398     493   93152  2421646  25.93
  2003          60     0.00579  0.00577  0.50   92905     536   92637  2328494  25.06
  2003          61     0.00626  0.00624  0.50   92369     577   92080  2235857  24.21
  2003          62     0.00675  0.00673  0.50   91792     617   91483  2143777  23.35
  2003          63     0.00730  0.00727  0.50   91175     663   90843  2052293  22.51
  2003          64     0.00793  0.00790  0.50   90512     715   90154  1961450  21.67
  2003          65     0.00873  0.00869  0.50   89796     781   89406  1871296  20.84
  2003          66     0.00988  0.00983  0.50   89016     875   88578  1781890  20.02
  2003          67     0.01122  0.01116  0.50   88141     984   87649  1693312  19.21
  2003          68     0.01256  0.01248  0.50   87157    1087   86613  1605663  18.42
  2003          69     0.01386  0.01377  0.50   86069    1185   85477  1519050  17.65
  2003          70     0.01516  0.01505  0.50   84884    1277   84246  1433573  16.89
  2003          71     0.01644  0.01631  0.50   83607    1363   82925  1349327  16.14
  2003          72     0.01799  0.01783  0.50   82244    1466   81511  1266401  15.40
  2003          73     0.02007  0.01987  0.50   80777    1605   79975  1184891  14.67
  2003          74     0.02250  0.02225  0.50   79173    1761   78292  1104916  13.96
  2003          75     0.02501  0.02470  0.50   77411    1912   76455  1026624  13.26
  2003          76     0.02747  0.02709  0.50   75499    2046   74477   950169  12.59
  2003          77     0.03031  0.02985  0.50   73454    2193   72357   875692  11.92
  2003          78     0.03392  0.03335  0.50   71261    2377   70073   803334  11.27
  2003          79     0.03800  0.03729  0.50   68884    2569   67600   733262  10.64
  2003          80     0.04222  0.04134  0.50   66316    2742   64945   665661  10.04
  2003          81     0.04682  0.04575  0.50   63574    2908   62120   600716   9.45
  2003          82     0.05212  0.05079  0.50   60666    3082   59125   538596   8.88
  2003          83     0.05823  0.05658  0.50   57584    3258   55955   479471   8.33
  2003          84     0.06520  0.06314  0.50   54326    3430   52611   423516   7.80
  2003          85     0.07306  0.07048  0.50   50896    3587   49102   370905   7.29
  2003          86     0.08189  0.07867  0.50   47309    3722   45448   321803   6.80
  2003          87     0.09177  0.08774  0.50   43587    3824   41675   276355   6.34
  2003          88     0.10280  0.09778  0.50   39763    3888   37819   234680   5.90
  2003          89     0.11511  0.10885  0.50   35875    3905   33922   196862   5.49
  2003          90     0.12881  0.12102  0.50   31970    3869   30035   162939   5.10
  2003          91     0.14400  0.13433  0.50   28101    3775   26214   132904   4.73
  2003          92     0.16080  0.14884  0.50   24326    3621   22516   106690   4.39
  2003          93     0.17930  0.16455  0.50   20705    3407   19002    84175   4.07
  2003          94     0.19956  0.18146  0.50   17298    3139   15729    65173   3.77
  2003          95     0.22166  0.19954  0.50   14160    2825   12747    49444   3.49
  2003          96     0.24561  0.21875  0.50   11334    2479   10094    36697   3.24
  2003          97     0.27141  0.23898  0.50    8855    2116    7797    26602   3.00
  2003          98     0.29899  0.26011  0.50    6739    1753    5862    18805   2.79
  2003          99     0.32827  0.28199  0.50    4986    1406    4283    12943   2.60
  2003         100     0.35910  0.30444  0.50    3580    1090    3035     8660   2.42
  2003         101     0.39128  0.32726  0.50    2490     815    2083     5625   2.26
  2003         102     0.42458  0.35023  0.50    1675     587    1382     3543   2.11
  2003         103     0.45868  0.37311  0.50    1088     406     885     2161   1.99
  2003         104     0.49328  0.39569  0.50     682     270     547     1275   1.87
  2003         105     0.52800  0.41772  0.50     412     172     326      728   1.77
  2003         106     0.56247  0.43901  0.50     240     105     187      402   1.67
  2003         107     0.59636  0.45938  0.50     135      62     104      214   1.59
  2003         108     0.62951  0.47880  0.50      73      35      55      111   1.52
  2003         109     0.66189  0.49731  0.50      38      19      29       55   1.45
  2003         110+    0.71611  1.00000  1.40      19      19      27       27   1.40
  2004           0     0.00279  0.00278  0.21  100000     278   99779  8257511  82.58
  2004           1     0.00010  0.00010  0.50   99722      10   99717  8157732  81.80
  2004           2     0.00016  0.00016  0.50   99712      16   99704  8058015  80.81
  2004           3     0.00021  0.00021  0.50   99696      21   99686  7958311  79.83
  2004           4     0.00023  0.00023  0.50   99675      23   99664  7858625  78.84
  2004           5     0.00020  0.00020  0.50   99653      20   99643  7758961  77.86
  2004           6     0.00015  0.00015  0.50   99633      15   99626  7659318  76.88
  2004           7     0.00011  0.00011  0.50   99619      11   99613  7559692  75.89
  2004           8     0.00008  0.00008  0.50   99607       8   99603  7460079  74.89
  2004           9     0.00005  0.00005  0.50   99600       5   99597  7360476  73.90
  2004          10     0.00004  0.00004  0.50   99594       4   99592  7260879  72.90
  2004          11     0.00004  0.00004  0.50   99590       4   99588  7161286  71.91
  2004          12     0.00004  0.00004  0.50   99586       4   99584  7061698  70.91
  2004          13     0.00006  0.00006  0.50   99582       6   99579  6962114  69.91
  2004          14     0.00011  0.00011  0.50   99575      11   99570  6862535  68.92
  2004          15     0.00019  0.00019  0.50   99564      19   99555  6762965  67.93
  2004          16     0.00030  0.00030  0.50   99545      30   99530  6663411  66.94
  2004          17     0.00042  0.00042  0.50   99515      42   99494  6563881  65.96
  2004          18     0.00049  0.00049  0.50   99472      49   99448  6464388  64.99
  2004          19     0.00049  0.00049  0.50   99423      49   99399  6364940  64.02
  2004          20     0.00053  0.00053  0.50   99375      52   99348  6265541  63.05
  2004          21     0.00058  0.00058  0.50   99322      58   99293  6166192  62.08
  2004          22     0.00063  0.00063  0.50   99264      62   99233  6066899  61.12
  2004          23     0.00066  0.00066  0.50   99202      66   99169  5967666  60.16
  2004          24     0.00071  0.00071  0.50   99136      70   99101  5868497  59.20
  2004          25     0.00072  0.00072  0.50   99066      71   99030  5769397  58.24
  2004          26     0.00069  0.00069  0.50   98995      68   98961  5670366  57.28
  2004          27     0.00064  0.00064  0.50   98926      63   98895  5571406  56.32
  2004          28     0.00059  0.00059  0.50   98863      58   98834  5472511  55.35
  2004          29     0.00055  0.00055  0.50   98805      54   98778  5373677  54.39
  2004          30     0.00050  0.00050  0.50   98751      49   98726  5274900  53.42
  2004          31     0.00050  0.00050  0.50   98701      50   98676  5176174  52.44
  2004          32     0.00059  0.00059  0.50   98651      58   98622  5077498  51.47
  2004          33     0.00070  0.00070  0.50   98593      69   98559  4978875  50.50
  2004          34     0.00076  0.00076  0.50   98525      75   98487  4880316  49.53
  2004          35     0.00081  0.00081  0.50   98450      80   98410  4781829  48.57
  2004          36     0.00089  0.00089  0.50   98370      88   98326  4683419  47.61
  2004          37     0.00100  0.00100  0.50   98283      99   98233  4585093  46.65
  2004          38     0.00110  0.00110  0.50   98184     108   98130  4486859  45.70
  2004          39     0.00115  0.00115  0.50   98076     112   98019  4388730  44.75
  2004          40     0.00116  0.00116  0.50   97963     113   97907  4290710  43.80
  2004          41     0.00116  0.00116  0.50   97850     114   97793  4192804  42.85
  2004          42     0.00116  0.00116  0.50   97736     113   97680  4095011  41.90
  2004          43     0.00119  0.00119  0.50   97623     116   97565  3997331  40.95
  2004          44     0.00132  0.00132  0.50   97507     129   97443  3899765  39.99
  2004          45     0.00150  0.00150  0.50   97378     146   97305  3802323  39.05
  2004          46     0.00167  0.00167  0.50   97232     162   97151  3705018  38.10
  2004          47     0.00181  0.00181  0.50   97069     176   96981  3607867  37.17
  2004          48     0.00196  0.00196  0.50   96894     190   96799  3510886  36.23
  2004          49     0.00215  0.00214  0.50   96704     207   96600  3414087  35.30
  2004          50     0.00237  0.00236  0.50   96497     228   96383  3317487  34.38
  2004          51     0.00262  0.00262  0.50   96268     252   96143  3221104  33.46
  2004          52     0.00295  0.00294  0.50   96017     283   95875  3124961  32.55
  2004          53     0.00338  0.00338  0.50   95734     323   95573  3029086  31.64
  2004          54     0.00384  0.00383  0.50   95411     366   95228  2933513  30.75
  2004          55     0.00419  0.00418  0.50   95045     398   94847  2838285  29.86
  2004          56     0.00437  0.00436  0.50   94648     412   94441  2743439  28.99
  2004          57     0.00450  0.00449  0.50   94235     423   94024  2648997  28.11
  2004          58     0.00475  0.00474  0.50   93812     445   93590  2554974  27.24
  2004          59     0.00514  0.00513  0.50   93367     479   93128  2461384  26.36
  2004          60     0.00562  0.00560  0.50   92888     521   92628  2368257  25.50
  2004          61     0.00613  0.00611  0.50   92368     565   92085  2275629  24.64
  2004          62     0.00666  0.00663  0.50   91803     609   91498  2183543  23.79
  2004          63     0.00717  0.00715  0.50   91194     652   90868  2092045  22.94
  2004          64     0.00767  0.00764  0.50   90542     692   90196  2001177  22.10
  2004          65     0.00818  0.00814  0.50   89850     732   89484  1910982  21.27
  2004          66     0.00881  0.00877  0.50   89118     781   88727  1821498  20.44
  2004          67     0.00970  0.00965  0.50   88337     853   87910  1732770  19.62
  2004          68     0.01095  0.01089  0.50   87484     953   87008  1644860  18.80
  2004          69     0.01248  0.01240  0.50   86531    1073   85995  1557852  18.00
  2004          70     0.01415  0.01405  0.50   85458    1201   84858  1471857  17.22
  2004          71     0.01583  0.01571  0.50   84258    1323   83596  1386999  16.46
  2004          72     0.01747  0.01732  0.50   82934    1436   82216  1303403  15.72
  2004          73     0.01908  0.01890  0.50   81498    1541   80728  1221187  14.98
  2004          74     0.02086  0.02065  0.50   79958    1651   79132  1140459  14.26
  2004          75     0.02304  0.02278  0.50   78307    1784   77415  1061327  13.55
  2004          76     0.02584  0.02551  0.50   76523    1952   75547   983912  12.86
  2004          77     0.02924  0.02882  0.50   74571    2149   73496   908365  12.18
  2004          78     0.03313  0.03259  0.50   72422    2360   71242   834869  11.53
  2004          79     0.03721  0.03653  0.50   70062    2559   68782   763627  10.90
  2004          80     0.04126  0.04043  0.50   67503    2729   66138   694845  10.29
  2004          81     0.04558  0.04456  0.50   64774    2886   63330   628706   9.71
  2004          82     0.05051  0.04927  0.50   61887    3049   60363   565376   9.14
  2004          83     0.05617  0.05463  0.50   58838    3215   57231   505013   8.58
  2004          84     0.06260  0.06070  0.50   55624    3376   53936   447782   8.05
  2004          85     0.06985  0.06749  0.50   52248    3526   50485   393847   7.54
  2004          86     0.07799  0.07507  0.50   48721    3657   46893   343362   7.05
  2004          87     0.08712  0.08348  0.50   45064    3762   43183   296469   6.58
  2004          88     0.09733  0.09281  0.50   41302    3833   39385   253286   6.13
  2004          89     0.10875  0.10314  0.50   37469    3864   35536   213901   5.71
  2004          90     0.12148  0.11453  0.50   33604    3849   31680   178364   5.31
  2004          91     0.13566  0.12705  0.50   29756    3780   27865   146685   4.93
  2004          92     0.15140  0.14074  0.50   25975    3656   24147   118819   4.57
  2004          93     0.16880  0.15566  0.50   22319    3474   20582    94672   4.24
  2004          94     0.18796  0.17181  0.50   18845    3238   17226    74090   3.93
  2004          95     0.20895  0.18919  0.50   15607    2953   14131    56863   3.64
  2004          96     0.23184  0.20775  0.50   12655    2629   11340    42732   3.38
  2004          97     0.25662  0.22744  0.50   10026    2280    8885    31392   3.13
  2004          98     0.28328  0.24814  0.50    7745    1922    6784    22507   2.91
  2004          99     0.31176  0.26972  0.50    5823    1571    5038    15722   2.70
  2004         100     0.34192  0.29200  0.50    4253    1242    3632    10684   2.51
  2004         101     0.37360  0.31480  0.50    3011     948    2537     7052   2.34
  2004         102     0.40658  0.33789  0.50    2063     697    1715     4515   2.19
  2004         103     0.44057  0.36104  0.50    1366     493    1119     2801   2.05
  2004         104     0.47525  0.38400  0.50     873     335     705     1681   1.93
  2004         105     0.51027  0.40655  0.50     538     219     428      976   1.82
  2004         106     0.54523  0.42843  0.50     319     137     251      548   1.72
  2004         107     0.57977  0.44948  0.50     182      82     141      297   1.63
  2004         108     0.61369  0.46960  0.50     100      47      77      156   1.55
  2004         109     0.64690  0.48880  0.50      53      26      40       79   1.48
  2004         110+    0.70369  1.00000  1.42      27      27      39       39   1.42
  2005           0     0.00321  0.00321  0.20  100000     321   99744  8255461  82.55
  2005           1     0.00014  0.00014  0.50   99679      14   99672  8155717  81.82
  2005           2     0.00012  0.00012  0.50   99665      12   99659  8056044  80.83
  2005           3     0.00012  0.00012  0.50   99653      12   99647  7956385  79.84
  2005           4     0.00014  0.00014  0.50   99641      14   99635  7856738  78.85
  2005           5     0.00017  0.00017  0.50   99628      17   99619  7757103  77.86
  2005           6     0.00019  0.00019  0.50   99611      18   99602  7657484  76.87
  2005           7     0.00017  0.00017  0.50   99593      17   99584  7557882  75.89
  2005           8     0.00013  0.00013  0.50   99576      13   99569  7458298  74.90
  2005           9     0.00008  0.00008  0.50   99563       8   99559  7358728  73.91
  2005          10     0.00006  0.00006  0.50   99555       6   99552  7259169  72.92
  2005          11     0.00006  0.00006  0.50   99549       6   99546  7159617  71.92
  2005          12     0.00010  0.00010  0.50   99543      10   99538  7060071  70.92
  2005          13     0.00015  0.00015  0.50   99533      15   99525  6960534  69.93
  2005          14     0.00019  0.00019  0.50   99518      19   99508  6861008  68.94
  2005          15     0.00022  0.00022  0.50   99499      22   99488  6761500  67.96
  2005          16     0.00023  0.00023  0.50   99477      23   99465  6662012  66.97
  2005          17     0.00023  0.00023  0.50   99454      23   99443  6562547  65.99
  2005          18     0.00025  0.00025  0.50   99431      25   99419  6463104  65.00
  2005          19     0.00032  0.00032  0.50   99406      32   99390  6363685  64.02
  2005          20     0.00040  0.00040  0.50   99374      40   99354  6264295  63.04
  2005          21     0.00047  0.00047  0.50   99334      47   99311  6164941  62.06
  2005          22     0.00050  0.00050  0.50   99288      50   99263  6065630  61.09
  2005          23     0.00052  0.00052  0.50   99238      52   99212  5966367  60.12
  2005          24     0.00054  0.00054  0.50   99186      53   99160  5867155  59.15
  2005          25     0.00054  0.00054  0.50   99133      53   99106  5767995  58.18
  2005          26     0.00053  0.00053  0.50   99080      52   99054  5668889  57.22
  2005          27     0.00053  0.00053  0.50   99028      52   99002  5569835  56.25
  2005          28     0.00055  0.00055  0.50   98976      54   98948  5470834  55.27
  2005          29     0.00058  0.00058  0.50   98921      57   98893  5371885  54.30
  2005          30     0.00057  0.00057  0.50   98864      56   98836  5272992  53.34
  2005          31     0.00057  0.00057  0.50   98808      56   98780  5174156  52.37
  2005          32     0.00060  0.00060  0.50   98752      60   98722  5075376  51.40
  2005          33     0.00066  0.00066  0.50   98692      65   98660  4976654  50.43
  2005          34     0.00069  0.00069  0.50   98627      68   98593  4877994  49.46
  2005          35     0.00071  0.00071  0.50   98559      70   98525  4779401  48.49
  2005          36     0.00072  0.00072  0.50   98490      71   98454  4680876  47.53
  2005          37     0.00077  0.00077  0.50   98418      76   98380  4582422  46.56
  2005          38     0.00085  0.00085  0.50   98342      84   98300  4484042  45.60
  2005          39     0.00095  0.00095  0.50   98258      94   98211  4385742  44.63
  2005          40     0.00105  0.00105  0.50   98165     103   98113  4287530  43.68
  2005          41     0.00112  0.00112  0.50   98062     110   98007  4189417  42.72
  2005          42     0.00119  0.00119  0.50   97952     116   97894  4091410  41.77
  2005          43     0.00129  0.00129  0.50   97835     127   97772  3993517  40.82
  2005          44     0.00145  0.00145  0.50   97709     141   97638  3895745  39.87
  2005          45     0.00159  0.00158  0.50   97567     155   97490  3798106  38.93
  2005          46     0.00165  0.00165  0.50   97413     161   97332  3700616  37.99
  2005          47     0.00173  0.00172  0.50   97252     168   97168  3603284  37.05
  2005          48     0.00186  0.00186  0.50   97084     180   96994  3506116  36.11
  2005          49     0.00209  0.00209  0.50   96904     202   96803  3409121  35.18
  2005          50     0.00238  0.00237  0.50   96702     230   96587  3312319  34.25
  2005          51     0.00269  0.00268  0.50   96472     259   96343  3215732  33.33
  2005          52     0.00303  0.00302  0.50   96213     291   96068  3119389  32.42
  2005          53     0.00343  0.00342  0.50   95922     328   95758  3023321  31.52
  2005          54     0.00386  0.00385  0.50   95594     368   95410  2927563  30.62
  2005          55     0.00430  0.00429  0.50   95226     408   95022  2832153  29.74
  2005          56     0.00473  0.00472  0.50   94818     448   94594  2737131  28.87
  2005          57     0.00516  0.00514  0.50   94371     485   94128  2642536  28.00
  2005          58     0.00555  0.00553  0.50   93885     520   93625  2548408  27.14
  2005          59     0.00587  0.00586  0.50   93366     547   93092  2454783  26.29
  2005          60     0.00616  0.00615  0.50   92819     570   92534  2361691  25.44
  2005          61     0.00647  0.00645  0.50   92248     595   91951  2269157  24.60
  2005          62     0.00680  0.00678  0.50   91653     621   91342  2177206  23.75
  2005          63     0.00715  0.00713  0.50   91032     649   90707  2085864  22.91
  2005          64     0.00755  0.00752  0.50   90383     680   90043  1995157  22.07
  2005          65     0.00803  0.00800  0.50   89703     717   89344  1905114  21.24
  2005          66     0.00867  0.00863  0.50   88986     768   88602  1815769  20.41
  2005          67     0.00965  0.00961  0.50   88218     848   87794  1727168  19.58
  2005          68     0.01111  0.01104  0.50   87370     965   86887  1639374  18.76
  2005          69     0.01280  0.01272  0.50   86405    1099   85856  1552486  17.97
  2005          70     0.01447  0.01436  0.50   85306    1225   84694  1466631  17.19
  2005          71     0.01607  0.01594  0.50   84081    1341   83411  1381937  16.44
  2005          72     0.01760  0.01745  0.50   82741    1444   82019  1298526  15.69
  2005          73     0.01909  0.01891  0.50   81297    1537   80528  1216507  14.96
  2005          74     0.02071  0.02050  0.50   79760    1635   78942  1135979  14.24
  2005          75     0.02267  0.02241  0.50   78125    1751   77249  1057037  13.53
  2005          76     0.02498  0.02467  0.50   76374    1884   75431   979788  12.83
  2005          77     0.02774  0.02736  0.50   74489    2038   73470   904356  12.14
  2005          78     0.03106  0.03059  0.50   72451    2216   71343   830886  11.47
  2005          79     0.03515  0.03454  0.50   70235    2426   69022   759543  10.81
  2005          80     0.04011  0.03932  0.50   67809    2666   66476   690521  10.18
  2005          81     0.04564  0.04462  0.50   65142    2907   63689   624046   9.58
  2005          82     0.05144  0.05015  0.50   62236    3121   60675   560357   9.00
  2005          83     0.05766  0.05605  0.50   59115    3313   57458   499682   8.45
  2005          84     0.06449  0.06248  0.50   55801    3486   54058   442224   7.92
  2005          85     0.07206  0.06955  0.50   52315    3639   50496   388165   7.42
  2005          86     0.08049  0.07738  0.50   48677    3767   46793   337669   6.94
  2005          87     0.08992  0.08605  0.50   44910    3864   42978   290876   6.48
  2005          88     0.10043  0.09563  0.50   41046    3925   39083   247898   6.04
  2005          89     0.11213  0.10617  0.50   37121    3941   35150   208815   5.63
  2005          90     0.12511  0.11774  0.50   33179    3907   31226   173665   5.23
  2005          91     0.13948  0.13038  0.50   29273    3817   27364   142439   4.87
  2005          92     0.15533  0.14413  0.50   25456    3669   23621   115075   4.52
  2005          93     0.17275  0.15902  0.50   21787    3464   20055    91453   4.20
  2005          94     0.19182  0.17504  0.50   18322    3207   16719    71398   3.90
  2005          95     0.21261  0.19218  0.50   15115    2905   13663    54679   3.62
  2005          96     0.23514  0.21040  0.50   12211    2569   10926    41016   3.36
  2005          97     0.25943  0.22964  0.50    9641    2214    8534    30090   3.12
  2005          98     0.28544  0.24979  0.50    7427    1855    6500    21556   2.90
  2005          99     0.31311  0.27073  0.50    5572    1509    4818    15056   2.70
  2005         100     0.34234  0.29230  0.50    4064    1188    3470    10238   2.52
  2005         101     0.37295  0.31434  0.50    2876     904    2424     6769   2.35
  2005         102     0.40476  0.33663  0.50    1972     664    1640     4345   2.20
  2005         103     0.43751  0.35898  0.50    1308     470    1073     2705   2.07
  2005         104     0.47091  0.38116  0.50     838     320     679     1632   1.95
  2005         105     0.50463  0.40296  0.50     519     209     414      953   1.84
  2005         106     0.53836  0.42418  0.50     310     131     244      539   1.74
  2005         107     0.57179  0.44466  0.50     178      79     139      295   1.65
  2005         108     0.60478  0.46436  0.50      99      46      76      156   1.57
  2005         109     0.63728  0.48328  0.50      53      26      40       80   1.50
  2005         110+    0.69354  1.00000  1.44      27      27      40       40   1.44
  2006           0     0.00273  0.00272  0.21  100000     272   99784  8289547  82.90
  2006           1     0.00014  0.00014  0.50   99728      14   99720  8189763  82.12
  2006           2     0.00015  0.00015  0.50   99713      15   99706  8090042  81.13
  2006           3     0.00014  0.00014  0.50   99698      14   99691  7990336  80.15
  2006           4     0.00013  0.00013  0.50   99684      13   99677  7890645  79.16
  2006           5     0.00013  0.00013  0.50   99671      13   99664  7790968  78.17
  2006           6     0.00015  0.00015  0.50   99658      15   99650  7691304  77.18
  2006           7     0.00016  0.00016  0.50   99643      16   99635  7591653  76.19
  2006           8     0.00016  0.00016  0.50   99627      16   99619  7492018  75.20
  2006           9     0.00013  0.00013  0.50   99611      13   99604  7392399  74.21
  2006          10     0.00009  0.00009  0.50   99598       9   99593  7292795  73.22
  2006          11     0.00008  0.00008  0.50   99589       8   99585  7193202  72.23
  2006          12     0.00014  0.00014  0.50   99582      14   99574  7093616  71.23
  2006          13     0.00021  0.00021  0.50   99567      21   99557  6994042  70.24
  2006          14     0.00025  0.00025  0.50   99546      25   99533  6894485  69.26
  2006          15     0.00025  0.00025  0.50   99521      25   99508  6794952  68.28
  2006          16     0.00023  0.00023  0.50   99496      23   99484  6695443  67.29
  2006          17     0.00022  0.00022  0.50   99473      22   99462  6595959  66.31
  2006          18     0.00022  0.00022  0.50   99450      22   99439  6496498  65.32
  2006          19     0.00022  0.00022  0.50   99428      22   99417  6397058  64.34
  2006          20     0.00022  0.00022  0.50   99406      22   99396  6297641  63.35
  2006          21     0.00024  0.00024  0.50   99385      24   99373  6198245  62.37
  2006          22     0.00030  0.00030  0.50   99361      30   99346  6098873  61.38
  2006          23     0.00036  0.00036  0.50   99331      36   99313  5999527  60.40
  2006          24     0.00038  0.00038  0.50   99295      37   99276  5900214  59.42
  2006          25     0.00041  0.00041  0.50   99257      40   99237  5800938  58.44
  2006          26     0.00046  0.00046  0.50   99217      45   99194  5701701  57.47
  2006          27     0.00051  0.00051  0.50   99172      50   99147  5602506  56.49
  2006          28     0.00053  0.00053  0.50   99122      53   99095  5503360  55.52
  2006          29     0.00052  0.00052  0.50   99069      52   99043  5404264  54.55
  2006          30     0.00052  0.00052  0.50   99017      51   98992  5305221  53.58
  2006          31     0.00052  0.00052  0.50   98966      52   98940  5206229  52.61
  2006          32     0.00052  0.00052  0.50   98914      52   98889  5107289  51.63
  2006          33     0.00053  0.00053  0.50   98863      52   98837  5008401  50.66
  2006          34     0.00054  0.00054  0.50   98811      53   98784  4909564  49.69
  2006          35     0.00061  0.00061  0.50   98757      61   98727  4810780  48.71
  2006          36     0.00078  0.00078  0.50   98697      77   98658  4712053  47.74
  2006          37     0.00094  0.00094  0.50   98620      93   98573  4613395  46.78
  2006          38     0.00101  0.00101  0.50   98527     100   98477  4514822  45.82
  2006          39     0.00095  0.00095  0.50   98427      94   98380  4416345  44.87
  2006          40     0.00094  0.00093  0.50   98333      92   98287  4317964  43.91
  2006          41     0.00111  0.00111  0.50   98241     109   98187  4219677  42.95
  2006          42     0.00142  0.00142  0.50   98132     139   98062  4121491  42.00
  2006          43     0.00166  0.00166  0.50   97993     163   97911  4023428  41.06
  2006          44     0.00170  0.00170  0.50   97830     166   97747  3925517  40.13
  2006          45     0.00162  0.00162  0.50   97664     158   97585  3827770  39.19
  2006          46     0.00156  0.00156  0.50   97506     152   97430  3730185  38.26
  2006          47     0.00168  0.00168  0.50   97354     163   97273  3632755  37.31
  2006          48     0.00197  0.00197  0.50   97191     191   97096  3535482  36.38
  2006          49     0.00237  0.00237  0.50   97000     230   96885  3438386  35.45
  2006          50     0.00270  0.00270  0.50   96770     261   96640  3341501  34.53
  2006          51     0.00283  0.00283  0.50   96509     273   96373  3244861  33.62
  2006          52     0.00285  0.00285  0.50   96236     274   96099  3148489  32.72
  2006          53     0.00291  0.00291  0.50   95962     279   95823  3052390  31.81
  2006          54     0.00315  0.00315  0.50   95683     301   95533  2956567  30.90
  2006          55     0.00361  0.00361  0.50   95382     344   95210  2861035  30.00
  2006          56     0.00425  0.00424  0.50   95038     403   94836  2765825  29.10
  2006          57     0.00482  0.00481  0.50   94635     455   94408  2670989  28.22
  2006          58     0.00516  0.00515  0.50   94180     485   93938  2576581  27.36
  2006          59     0.00552  0.00550  0.50   93695     516   93437  2482644  26.50
  2006          60     0.00576  0.00575  0.50   93180     535   92912  2389206  25.64
  2006          61     0.00575  0.00574  0.50   92644     532   92378  2296294  24.79
  2006          62     0.00579  0.00577  0.50   92113     532   91847  2203916  23.93
  2006          63     0.00619  0.00617  0.50   91581     565   91298  2112069  23.06
  2006          64     0.00698  0.00696  0.50   91016     633   90699  2020771  22.20
  2006          65     0.00804  0.00800  0.50   90383     723   90021  1930072  21.35
  2006          66     0.00907  0.00903  0.50   89659     810   89254  1840051  20.52
  2006          67     0.01009  0.01004  0.50   88849     892   88403  1750796  19.71
  2006          68     0.01116  0.01110  0.50   87957     977   87469  1662393  18.90
  2006          69     0.01224  0.01217  0.50   86981    1058   86452  1574924  18.11
  2006          70     0.01334  0.01325  0.50   85922    1139   85353  1488473  17.32
  2006          71     0.01476  0.01466  0.50   84784    1243   84162  1403120  16.55
  2006          72     0.01655  0.01641  0.50   83541    1371   82855  1318957  15.79
  2006          73     0.01860  0.01843  0.50   82170    1515   81413  1236102  15.04
  2006          74     0.02063  0.02042  0.50   80655    1647   79832  1154689  14.32
  2006          75     0.02247  0.02222  0.50   79008    1755   78130  1074858  13.60
  2006          76     0.02452  0.02423  0.50   77253    1872   76317   996728  12.90
  2006          77     0.02709  0.02673  0.50   75381    2015   74374   920411  12.21
  2006          78     0.03035  0.02990  0.50   73366    2193   72269   846037  11.53
  2006          79     0.03437  0.03379  0.50   71173    2405   69970   773768  10.87
  2006          80     0.03912  0.03837  0.50   68768    2638   67449   703798  10.23
  2006          81     0.04433  0.04337  0.50   66130    2868   64696   636349   9.62
  2006          82     0.04979  0.04858  0.50   63262    3073   61725   571653   9.04
  2006          83     0.05574  0.05423  0.50   60188    3264   58556   509928   8.47
  2006          84     0.06239  0.06051  0.50   56924    3444   55202   451372   7.93
  2006          85     0.06991  0.06755  0.50   53480    3613   51674   396169   7.41
  2006          86     0.07842  0.07547  0.50   49868    3763   47986   344496   6.91
  2006          87     0.08806  0.08434  0.50   46104    3889   44160   296510   6.43
  2006          88     0.09893  0.09427  0.50   42216    3980   40226   252350   5.98
  2006          89     0.11117  0.10532  0.50   38236    4027   36223   212124   5.55
  2006          90     0.12492  0.11757  0.50   34209    4022   32198   175901   5.14
  2006          91     0.14029  0.13110  0.50   30187    3957   28208   143703   4.76
  2006          92     0.15743  0.14594  0.50   26230    3828   24316   115495   4.40
  2006          93     0.17644  0.16214  0.50   22402    3632   20586    91179   4.07
  2006          94     0.19742  0.17969  0.50   18770    3373   17083    70593   3.76
  2006          95     0.22045  0.19856  0.50   15397    3057   13868    53510   3.48
  2006          96     0.24554  0.21869  0.50   12340    2699   10990    39642   3.21
  2006          97     0.27270  0.23998  0.50    9641    2314    8484    28652   2.97
  2006          98     0.30184  0.26226  0.50    7327    1922    6367    20167   2.75
  2006          99     0.33286  0.28536  0.50    5406    1543    4634    13801   2.55
  2006         100     0.36556  0.30907  0.50    3863    1194    3266     9166   2.37
  2006         101     0.39971  0.33313  0.50    2669     889    2225     5900   2.21
  2006         102     0.43500  0.35729  0.50    1780     636    1462     3676   2.06
  2006         103     0.47109  0.38128  0.50    1144     436     926     2214   1.93
  2006         104     0.50758  0.40484  0.50     708     287     565     1288   1.82
  2006         105     0.54406  0.42771  0.50     421     180     331      723   1.72
  2006         106     0.58008  0.44966  0.50     241     108     187      392   1.63
  2006         107     0.61523  0.47050  0.50     133      62     101      205   1.55
  2006         108     0.64930  0.49017  0.50      70      34      53      104   1.48
  2006         109     0.68226  0.50872  0.50      36      18      27       51   1.41
  2006         110+    0.73601  1.00000  1.36      18      18      24       24   1.36
  2007           0     0.00307  0.00306  0.20  100000     306   99756  8303787  83.04
  2007           1     0.00026  0.00026  0.50   99694      26   99681  8204031  82.29
  2007           2     0.00016  0.00016  0.50   99668      16   99660  8104351  81.31
  2007           3     0.00014  0.00014  0.50   99652      14   99644  8004691  80.33
  2007           4     0.00017  0.00017  0.50   99637      16   99629  7905046  79.34
  2007           5     0.00017  0.00017  0.50   99621      17   99612  7805417  78.35
  2007           6     0.00016  0.00016  0.50   99603      16   99595  7705805  77.36
  2007           7     0.00013  0.00013  0.50   99587      13   99581  7606210  76.38
  2007           8     0.00006  0.00006  0.50   99574       6   99571  7506629  75.39
  2007           9     0.00001  0.00001  0.50   99568       1   99567  7407058  74.39
  2007          10     0.00001  0.00001  0.50   99567       1   99566  7307490  73.39
  2007          11     0.00004  0.00004  0.50   99565       4   99563  7207924  72.39
  2007          12     0.00005  0.00005  0.50   99562       5   99559  7108361  71.40
  2007          13     0.00007  0.00007  0.50   99557       7   99554  7008802  70.40
  2007          14     0.00011  0.00011  0.50   99550      11   99545  6909248  69.40
  2007          15     0.00018  0.00018  0.50   99540      18   99531  6809703  68.41
  2007          16     0.00027  0.00027  0.50   99522      26   99509  6710172  67.42
  2007          17     0.00036  0.00036  0.50   99495      36   99477  6610664  66.44
  2007          18     0.00050  0.00050  0.50   99459      50   99434  6511186  65.47
  2007          19     0.00064  0.00064  0.50   99410      64   99378  6411752  64.50
  2007          20     0.00057  0.00057  0.50   99345      56   99317  6312374  63.54
  2007          21     0.00039  0.00039  0.50   99289      39   99270  6213057  62.58
  2007          22     0.00030  0.00030  0.50   99250      29   99236  6113788  61.60
  2007          23     0.00033  0.00033  0.50   99221      33   99205  6014552  60.62
  2007          24     0.00046  0.00046  0.50   99188      46   99165  5915347  59.64
  2007          25     0.00052  0.00052  0.50   99142      51   99117  5816182  58.67
  2007          26     0.00049  0.00049  0.50   99091      49   99067  5717066  57.69
  2007          27     0.00045  0.00045  0.50   99042      44   99020  5617999  56.72
  2007          28     0.00042  0.00042  0.50   98998      42   98977  5518978  55.75
  2007          29     0.00044  0.00044  0.50   98957      43   98935  5420001  54.77
  2007          30     0.00047  0.00047  0.50   98913      46   98890  5321066  53.80
  2007          31     0.00051  0.00051  0.50   98867      50   98842  5222176  52.82
  2007          32     0.00056  0.00056  0.50   98817      55   98790  5123334  51.85
  2007          33     0.00061  0.00061  0.50   98762      60   98732  5024544  50.88
  2007          34     0.00067  0.00067  0.50   98702      66   98669  4925812  49.91
  2007          35     0.00071  0.00071  0.50   98636      70   98601  4827143  48.94
  2007          36     0.00076  0.00076  0.50   98566      75   98529  4728542  47.97
  2007          37     0.00085  0.00085  0.50   98492      84   98449  4630013  47.01
  2007          38     0.00096  0.00096  0.50   98407      94   98360  4531564  46.05
  2007          39     0.00101  0.00101  0.50   98313      99   98263  4433203  45.09
  2007          40     0.00099  0.00099  0.50   98214      97   98165  4334940  44.14
  2007          41     0.00093  0.00093  0.50   98117      91   98071  4236775  43.18
  2007          42     0.00091  0.00091  0.50   98025      89   97980  4138704  42.22
  2007          43     0.00101  0.00101  0.50   97936      99   97886  4040723  41.26
  2007          44     0.00125  0.00125  0.50   97837     123   97775  3942837  40.30
  2007          45     0.00155  0.00155  0.50   97714     152   97638  3845062  39.35
  2007          46     0.00175  0.00175  0.50   97563     171   97477  3747423  38.41
  2007          47     0.00171  0.00171  0.50   97392     167   97309  3649946  37.48
  2007          48     0.00171  0.00171  0.50   97225     166   97142  3552637  36.54
  2007          49     0.00198  0.00198  0.50   97059     192   96963  3455495  35.60
  2007          50     0.00234  0.00234  0.50   96867     226   96754  3358532  34.67
  2007          51     0.00254  0.00253  0.50   96641     245   96519  3261778  33.75
  2007          52     0.00272  0.00272  0.50   96396     262   96265  3165259  32.84
  2007          53     0.00305  0.00304  0.50   96134     292   95988  3068994  31.92
  2007          54     0.00334  0.00333  0.50   95842     320   95682  2973006  31.02
  2007          55     0.00355  0.00354  0.50   95522     338   95353  2877324  30.12
  2007          56     0.00369  0.00369  0.50   95184     351   95008  2781971  29.23
  2007          57     0.00396  0.00395  0.50   94833     375   94646  2686963  28.33
  2007          58     0.00450  0.00449  0.50   94458     424   94246  2592317  27.44
  2007          59     0.00519  0.00518  0.50   94034     487   93791  2498071  26.57
  2007          60     0.00582  0.00581  0.50   93547     543   93276  2404280  25.70
  2007          61     0.00622  0.00620  0.50   93004     576   92716  2311004  24.85
  2007          62     0.00645  0.00643  0.50   92427     595   92130  2218289  24.00
  2007          63     0.00667  0.00665  0.50   91833     611   91528  2126158  23.15
  2007          64     0.00697  0.00695  0.50   91222     634   90905  2034631  22.30
  2007          65     0.00745  0.00742  0.50   90589     673   90252  1943726  21.46
  2007          66     0.00824  0.00821  0.50   89916     738   89547  1853473  20.61
  2007          67     0.00930  0.00925  0.50   89178     825   88765  1763926  19.78
  2007          68     0.01050  0.01045  0.50   88353     923   87891  1675161  18.96
  2007          69     0.01176  0.01169  0.50   87430    1022   86919  1587270  18.15
  2007          70     0.01298  0.01290  0.50   86408    1114   85850  1500351  17.36
  2007          71     0.01413  0.01403  0.50   85293    1197   84695  1414500  16.58
  2007          72     0.01531  0.01520  0.50   84096    1278   83457  1329806  15.81
  2007          73     0.01674  0.01660  0.50   82818    1375   82131  1246348  15.05
  2007          74     0.01887  0.01869  0.50   81444    1523   80682  1164217  14.29
  2007          75     0.02188  0.02165  0.50   79921    1730   79056  1083535  13.56
  2007          76     0.02484  0.02454  0.50   78191    1918   77232  1004479  12.85
  2007          77     0.02779  0.02741  0.50   76273    2091   75227   927247  12.16
  2007          78     0.03112  0.03064  0.50   74182    2273   73045   852020  11.49
  2007          79     0.03527  0.03466  0.50   71909    2492   70663   778975  10.83
  2007          80     0.04044  0.03964  0.50   69417    2751   68041   708312  10.20
  2007          81     0.04592  0.04489  0.50   66665    2993   65169   640271   9.60
  2007          82     0.05114  0.04987  0.50   63673    3175   62085   575102   9.03
  2007          83     0.05677  0.05521  0.50   60497    3340   58827   513017   8.48
  2007          84     0.06315  0.06121  0.50   57158    3499   55408   454190   7.95
  2007          85     0.07041  0.06801  0.50   53659    3649   51834   398781   7.43
  2007          86     0.07866  0.07568  0.50   50009    3785   48117   346948   6.94
  2007          87     0.08802  0.08431  0.50   46224    3897   44276   298831   6.46
  2007          88     0.09860  0.09397  0.50   42327    3977   40339   254555   6.01
  2007          89     0.11053  0.10475  0.50   38350    4017   36341   214216   5.59
  2007          90     0.12396  0.11672  0.50   34333    4007   32329   177875   5.18
  2007          91     0.13900  0.12997  0.50   30325    3941   28355   145546   4.80
  2007          92     0.15580  0.14454  0.50   26384    3814   24477   117191   4.44
  2007          93     0.17446  0.16046  0.50   22571    3622   20760    92714   4.11
  2007          94     0.19508  0.17774  0.50   18949    3368   17265    71954   3.80
  2007          95     0.21773  0.19635  0.50   15581    3059   14051    54689   3.51
  2007          96     0.24243  0.21622  0.50   12522    2707   11168    40638   3.25
  2007          97     0.26920  0.23726  0.50    9814    2329    8650    29470   3.00
  2007          98     0.29795  0.25932  0.50    7486    1941    6515    20820   2.78
  2007          99     0.32858  0.28222  0.50    5544    1565    4762    14305   2.58
  2007         100     0.36092  0.30574  0.50    3980    1217    3371     9543   2.40
  2007         101     0.39471  0.32965  0.50    2763     911    2308     6172   2.23
  2007         102     0.42968  0.35369  0.50    1852     655    1525     3865   2.09
  2007         103     0.46549  0.37760  0.50    1197     452     971     2340   1.95
  2007         104     0.50176  0.40113  0.50     745     299     596     1369   1.84
  2007         105     0.53810  0.42402  0.50     446     189     352      773   1.73
  2007         106     0.57407  0.44604  0.50     257     115     200      422   1.64
  2007         107     0.60925  0.46699  0.50     142      66     109      222   1.56
  2007         108     0.64332  0.48675  0.50      76      37      57      113   1.49
  2007         109     0.67613  0.50531  0.50      39      20      29       55   1.42
  2007         110+    0.73033  1.00000  1.37      19      19      26       26   1.37
  2008           0     0.00288  0.00288  0.20  100000     288   99771  8282365  82.82
  2008           1     0.00041  0.00041  0.50   99712      41   99692  8182594  82.06
  2008           2     0.00028  0.00028  0.50   99672      28   99658  8082902  81.10
  2008           3     0.00022  0.00022  0.50   99644      22   99633  7983244  80.12
  2008           4     0.00021  0.00021  0.50   99622      20   99612  7883611  79.14
  2008           5     0.00018  0.00018  0.50   99602      18   99593  7783999  78.15
  2008           6     0.00015  0.00015  0.50   99584      15   99577  7684406  77.17
  2008           7     0.00013  0.00013  0.50   99569      13   99563  7584830  76.18
  2008           8     0.00009  0.00009  0.50   99556       9   99552  7485267  75.19
  2008           9     0.00005  0.00005  0.50   99548       5   99545  7385715  74.19
  2008          10     0.00002  0.00002  0.50   99543       2   99542  7286169  73.20
  2008          11     0.00002  0.00002  0.50   99541       2   99540  7186627  72.20
  2008          12     0.00005  0.00005  0.50   99539       5   99536  7087087  71.20
  2008          13     0.00009  0.00009  0.50   99534       9   99530  6987551  70.20
  2008          14     0.00013  0.00013  0.50   99525      13   99519  6888021  69.21
  2008          15     0.00012  0.00012  0.50   99512      12   99506  6788502  68.22
  2008          16     0.00013  0.00013  0.50   99500      13   99494  6688996  67.23
  2008          17     0.00019  0.00019  0.50   99487      19   99478  6589502  66.23
  2008          18     0.00031  0.00031  0.50   99469      31   99453  6490024  65.25
  2008          19     0.00044  0.00044  0.50   99438      44   99416  6390571  64.27
  2008          20     0.00048  0.00048  0.50   99394      47   99370  6291155  63.30
  2008          21     0.00045  0.00045  0.50   99346      44   99324  6191785  62.33
  2008          22     0.00041  0.00041  0.50   99302      41   99282  6092461  61.35
  2008          23     0.00041  0.00041  0.50   99261      41   99241  5993179  60.38
  2008          24     0.00047  0.00047  0.50   99220      46   99197  5893938  59.40
  2008          25     0.00058  0.00058  0.50   99174      58   99145  5794741  58.43
  2008          26     0.00065  0.00065  0.50   99116      64   99084  5695596  57.46
  2008          27     0.00057  0.00057  0.50   99052      57   99024  5596512  56.50
  2008          28     0.00048  0.00048  0.50   98995      47   98972  5497488  55.53
  2008          29     0.00049  0.00049  0.50   98948      48   98924  5398516  54.56
  2008          30     0.00058  0.00058  0.50   98900      57   98871  5299592  53.59
  2008          31     0.00066  0.00066  0.50   98843      66   98810  5200721  52.62
  2008          32     0.00069  0.00069  0.50   98777      68   98743  5101911  51.65
  2008          33     0.00069  0.00069  0.50   98709      68   98675  5003168  50.69
  2008          34     0.00073  0.00073  0.50   98641      72   98605  4904492  49.72
  2008          35     0.00077  0.00077  0.50   98570      76   98532  4805887  48.76
  2008          36     0.00079  0.00079  0.50   98494      77   98455  4707355  47.79
  2008          37     0.00082  0.00082  0.50   98416      81   98376  4608900  46.83
  2008          38     0.00088  0.00088  0.50   98335      87   98292  4510525  45.87
  2008          39     0.00097  0.00097  0.50   98249      95   98201  4412233  44.91
  2008          40     0.00106  0.00106  0.50   98154     104   98102  4314031  43.95
  2008          41     0.00116  0.00116  0.50   98050     114   97993  4215929  43.00
  2008          42     0.00131  0.00131  0.50   97936     128   97872  4117937  42.05
  2008          43     0.00143  0.00143  0.50   97808     139   97738  4020065  41.10
  2008          44     0.00147  0.00147  0.50   97668     143   97597  3922327  40.16
  2008          45     0.00152  0.00152  0.50   97525     148   97451  3824730  39.22
  2008          46     0.00167  0.00167  0.50   97377     163   97296  3727278  38.28
  2008          47     0.00191  0.00191  0.50   97215     185   97122  3629982  37.34
  2008          48     0.00215  0.00215  0.50   97029     209   96925  3532861  36.41
  2008          49     0.00235  0.00234  0.50   96820     227   96707  3435936  35.49
  2008          50     0.00242  0.00242  0.50   96593     234   96476  3339229  34.57
  2008          51     0.00238  0.00237  0.50   96360     229   96245  3242752  33.65
  2008          52     0.00246  0.00246  0.50   96131     236   96013  3146507  32.73
  2008          53     0.00287  0.00287  0.50   95895     275   95757  3050494  31.81
  2008          54     0.00338  0.00337  0.50   95619     322   95458  2954737  30.90
  2008          55     0.00386  0.00385  0.50   95297     367   95113  2859279  30.00
  2008          56     0.00429  0.00428  0.50   94930     406   94727  2764166  29.12
  2008          57     0.00473  0.00472  0.50   94524     446   94301  2669439  28.24
  2008          58     0.00518  0.00517  0.50   94078     486   93835  2575138  27.37
  2008          59     0.00545  0.00543  0.50   93591     508   93337  2481304  26.51
  2008          60     0.00570  0.00569  0.50   93083     529   92818  2387967  25.65
  2008          61     0.00618  0.00617  0.50   92554     571   92268  2295148  24.80
  2008          62     0.00687  0.00685  0.50   91983     630   91668  2202880  23.95
  2008          63     0.00763  0.00760  0.50   91353     695   91005  2111212  23.11
  2008          64     0.00816  0.00813  0.50   90658     737   90290  2020207  22.28
  2008          65     0.00836  0.00832  0.50   89921     749   89547  1929917  21.46
  2008          66     0.00895  0.00891  0.50   89173     794   88776  1840370  20.64
  2008          67     0.00986  0.00981  0.50   88379     867   87945  1751594  19.82
  2008          68     0.01081  0.01075  0.50   87512     941   87041  1663649  19.01
  2008          69     0.01170  0.01164  0.50   86571    1007   86067  1576607  18.21
  2008          70     0.01256  0.01249  0.50   85564    1068   85030  1490540  17.42
  2008          71     0.01366  0.01356  0.50   84495    1146   83922  1405510  16.63
  2008          72     0.01530  0.01519  0.50   83349    1266   82717  1321588  15.86
  2008          73     0.01762  0.01747  0.50   82084    1434   81367  1238871  15.09
  2008          74     0.01997  0.01978  0.50   80650    1595   79852  1157505  14.35
  2008          75     0.02178  0.02154  0.50   79055    1703   78203  1077653  13.63
  2008          76     0.02346  0.02318  0.50   77352    1793   76455   999449  12.92
  2008          77     0.02568  0.02535  0.50   75558    1916   74601   922994  12.22
  2008          78     0.02900  0.02859  0.50   73643    2105   72590   848393  11.52
  2008          79     0.03361  0.03306  0.50   71538    2365   70355   775803  10.84
  2008          80     0.03937  0.03861  0.50   69173    2671   67837   705448  10.20
  2008          81     0.04533  0.04433  0.50   66502    2948   65028   637611   9.59
  2008          82     0.05078  0.04952  0.50   63554    3147   61981   572583   9.01
  2008          83     0.05654  0.05499  0.50   60407    3322   58746   510602   8.45
  2008          84     0.06304  0.06111  0.50   57085    3489   55341   451856   7.92
  2008          85     0.07044  0.06804  0.50   53597    3647   51774   396515   7.40
  2008          86     0.07886  0.07587  0.50   49950    3790   48055   344741   6.90
  2008          87     0.08840  0.08466  0.50   46160    3908   44207   296686   6.43
  2008          88     0.09918  0.09449  0.50   42253    3993   40256   252480   5.98
  2008          89     0.11133  0.10546  0.50   38260    4035   36243   212223   5.55
  2008          90     0.12499  0.11764  0.50   34225    4026   32212   175981   5.14
  2008          91     0.14029  0.13110  0.50   30199    3959   28220   143768   4.76
  2008          92     0.15738  0.14590  0.50   26240    3828   24326   115549   4.40
  2008          93     0.17636  0.16207  0.50   22412    3632   20596    91223   4.07
  2008          94     0.19733  0.17961  0.50   18780    3373   17093    70627   3.76
  2008          95     0.22036  0.19849  0.50   15407    3058   13878    53534   3.47
  2008          96     0.24549  0.21865  0.50   12349    2700   10999    39657   3.21
  2008          97     0.27271  0.23999  0.50    9648    2316    8491    28658   2.97
  2008          98     0.30195  0.26234  0.50    7333    1924    6371    20168   2.75
  2008          99     0.33307  0.28552  0.50    5409    1544    4637    13796   2.55
  2008         100     0.36591  0.30932  0.50    3865    1195    3267     9159   2.37
  2008         101     0.40020  0.33347  0.50    2669     890    2224     5892   2.21
  2008         102     0.43565  0.35773  0.50    1779     636    1461     3668   2.06
  2008         103     0.47189  0.38181  0.50    1143     436     925     2207   1.93
  2008         104     0.50855  0.40545  0.50     706     286     563     1283   1.82
  2008         105     0.54521  0.42842  0.50     420     180     330      720   1.71
  2008         106     0.58142  0.45046  0.50     240     108     186      389   1.62
  2008         107     0.61675  0.47139  0.50     132      62     101      203   1.54
  2008         108     0.65089  0.49107  0.50      70      34      53      103   1.47
  2008         109     0.68372  0.50953  0.50      35      18      26       50   1.41
  2008         110+    0.73745  1.00000  1.36      17      17      24       24   1.36
  2009           0     0.00236  0.00235  0.21  100000     235   99814  8329017  83.29
  2009           1     0.00026  0.00026  0.50   99765      26   99752  8229203  82.49
  2009           2     0.00020  0.00020  0.50   99739      20   99729  8129451  81.51
  2009           3     0.00017  0.00017  0.50   99720      17   99711  8029722  80.52
  2009           4     0.00015  0.00015  0.50   99703      15   99695  7930011  79.54
  2009           5     0.00013  0.00013  0.50   99687      13   99681  7830316  78.55
  2009           6     0.00010  0.00010  0.50   99674      10   99669  7730635  77.56
  2009           7     0.00008  0.00008  0.50   99665       8   99661  7630966  76.57
  2009           8     0.00006  0.00006  0.50   99657       6   99654  7531305  75.57
  2009           9     0.00006  0.00006  0.50   99650       6   99648  7431651  74.58
  2009          10     0.00005  0.00005  0.50   99645       5   99642  7332004  73.58
  2009          11     0.00006  0.00006  0.50   99639       6   99636  7232362  72.59
  2009          12     0.00009  0.00009  0.50   99633       9   99629  7132725  71.59
  2009          13     0.00014  0.00014  0.50   99625      14   99617  7033096  70.60
  2009          14     0.00021  0.00021  0.50   99610      21   99600  6933479  69.61
  2009          15     0.00028  0.00028  0.50   99590      28   99576  6833879  68.62
  2009          16     0.00036  0.00036  0.50   99562      35   99544  6734303  67.64
  2009          17     0.00044  0.00044  0.50   99527      43   99505  6634758  66.66
  2009          18     0.00049  0.00049  0.50   99483      49   99459  6535253  65.69
  2009          19     0.00048  0.00048  0.50   99435      48   99411  6435794  64.72
  2009          20     0.00042  0.00042  0.50   99387      42   99366  6336383  63.75
  2009          21     0.00036  0.00036  0.50   99345      36   99327  6237017  62.78
  2009          22     0.00037  0.00037  0.50   99310      37   99291  6137690  61.80
  2009          23     0.00042  0.00042  0.50   99273      42   99252  6038398  60.83
  2009          24     0.00049  0.00049  0.50   99231      48   99207  5939147  59.85
  2009          25     0.00052  0.00052  0.50   99182      51   99157  5839940  58.88
  2009          26     0.00052  0.00052  0.50   99131      51   99105  5740783  57.91
  2009          27     0.00050  0.00050  0.50   99080      50   99055  5641678  56.94
  2009          28     0.00052  0.00052  0.50   99030      51   99004  5542623  55.97
  2009          29     0.00057  0.00057  0.50   98979      57   98950  5443619  55.00
  2009          30     0.00061  0.00061  0.50   98922      61   98892  5344669  54.03
  2009          31     0.00065  0.00065  0.50   98861      64   98829  5245777  53.06
  2009          32     0.00070  0.00070  0.50   98797      69   98763  5146947  52.10
  2009          33     0.00075  0.00075  0.50   98728      74   98691  5048185  51.13
  2009          34     0.00077  0.00077  0.50   98654      76   98616  4949494  50.17
  2009          35     0.00079  0.00079  0.50   98578      78   98539  4850878  49.21
  2009          36     0.00086  0.00086  0.50   98500      85   98458  4752339  48.25
  2009          37     0.00095  0.00095  0.50   98415      93   98369  4653882  47.29
  2009          38     0.00103  0.00103  0.50   98322     101   98271  4555513  46.33
  2009          39     0.00108  0.00108  0.50   98220     106   98167  4457242  45.38
  2009          40     0.00112  0.00112  0.50   98114     110   98059  4359075  44.43
  2009          41     0.00116  0.00116  0.50   98004     114   97947  4261016  43.48
  2009          42     0.00121  0.00121  0.50   97890     118   97831  4163069  42.53
  2009          43     0.00127  0.00127  0.50   97772     124   97710  4065238  41.58
  2009          44     0.00136  0.00136  0.50   97647     133   97581  3967528  40.63
  2009          45     0.00148  0.00148  0.50   97515     145   97442  3869947  39.69
  2009          46     0.00163  0.00163  0.50   97370     159   97291  3772505  38.74
  2009          47     0.00178  0.00178  0.50   97211     173   97125  3675214  37.81
  2009          48     0.00192  0.00192  0.50   97038     187   96945  3578089  36.87
  2009          49     0.00206  0.00206  0.50   96852     200   96752  3481144  35.94
  2009          50     0.00217  0.00217  0.50   96652     210   96547  3384393  35.02
  2009          51     0.00225  0.00224  0.50   96442     216   96334  3287845  34.09
  2009          52     0.00236  0.00236  0.50   96226     227   96112  3191512  33.17
  2009          53     0.00258  0.00258  0.50   95999     248   95875  3095399  32.24
  2009          54     0.00291  0.00291  0.50   95751     278   95612  2999524  31.33
  2009          55     0.00333  0.00333  0.50   95473     318   95314  2903912  30.42
  2009          56     0.00383  0.00382  0.50   95155     364   94974  2808598  29.52
  2009          57     0.00432  0.00431  0.50   94792     408   94588  2713624  28.63
  2009          58     0.00473  0.00472  0.50   94384     445   94161  2619037  27.75
  2009          59     0.00511  0.00510  0.50   93938     479   93699  2524876  26.88
  2009          60     0.00553  0.00552  0.50   93460     516   93202  2431176  26.01
  2009          61     0.00602  0.00600  0.50   92944     558   92665  2337975  25.15
  2009          62     0.00647  0.00645  0.50   92386     596   92088  2245310  24.30
  2009          63     0.00678  0.00676  0.50   91790     620   91480  2153221  23.46
  2009          64     0.00709  0.00707  0.50   91170     644   90848  2061742  22.61
  2009          65     0.00756  0.00753  0.50   90525     682   90184  1970894  21.77
  2009          66     0.00821  0.00818  0.50   89843     735   89476  1880709  20.93
  2009          67     0.00902  0.00898  0.50   89108     800   88709  1791233  20.10
  2009          68     0.00993  0.00988  0.50   88309     873   87872  1702525  19.28
  2009          69     0.01093  0.01087  0.50   87436     951   86960  1614653  18.47
  2009          70     0.01200  0.01193  0.50   86485    1032   85969  1527692  17.66
  2009          71     0.01319  0.01311  0.50   85453    1120   84893  1441723  16.87
  2009          72     0.01468  0.01457  0.50   84333    1229   83719  1356830  16.09
  2009          73     0.01659  0.01645  0.50   83105    1367   82421  1273111  15.32
  2009          74     0.01874  0.01857  0.50   81738    1518   80979  1190690  14.57
  2009          75     0.02096  0.02074  0.50   80220    1664   79388  1109712  13.83
  2009          76     0.02332  0.02305  0.50   78556    1811   77650  1030324  13.12
  2009          77     0.02601  0.02567  0.50   76745    1970   75760   952673  12.41
  2009          78     0.02923  0.02881  0.50   74775    2154   73698   876913  11.73
  2009          79     0.03319  0.03265  0.50   72621    2371   71435   803215  11.06
  2009          80     0.03797  0.03726  0.50   70250    2618   68941   731780  10.42
  2009          81     0.04323  0.04231  0.50   67632    2862   66201   662839   9.80
  2009          82     0.04863  0.04748  0.50   64770    3075   63233   596638   9.21
  2009          83     0.05433  0.05290  0.50   61695    3264   60064   533405   8.65
  2009          84     0.06058  0.05880  0.50   58432    3436   56714   473341   8.10
  2009          85     0.06757  0.06537  0.50   54996    3595   53199   416627   7.58
  2009          86     0.07551  0.07277  0.50   51401    3740   49531   363428   7.07
  2009          87     0.08456  0.08113  0.50   47661    3867   45728   313897   6.59
  2009          88     0.09486  0.09056  0.50   43794    3966   41811   268169   6.12
  2009          89     0.10654  0.10115  0.50   39828    4029   37814   226358   5.68
  2009          90     0.11976  0.11299  0.50   35800    4045   33777   188544   5.27
  2009          91     0.13464  0.12615  0.50   31754    4006   29751   154767   4.87
  2009          92     0.15134  0.14069  0.50   27749    3904   25797   125015   4.51
  2009          93     0.16997  0.15665  0.50   23845    3735   21977    99219   4.16
  2009          94     0.19064  0.17405  0.50   20109    3500   18359    77242   3.84
  2009          95     0.21343  0.19285  0.50   16609    3203   15008    58883   3.55
  2009          96     0.23839  0.21300  0.50   13406    2856   11978    43875   3.27
  2009          97     0.26551  0.23439  0.50   10551    2473    9314    31897   3.02
  2009          98     0.29473  0.25687  0.50    8078    2075    7040    22583   2.80
  2009          99     0.32593  0.28026  0.50    6003    1682    5162    15543   2.59
  2009         100     0.35892  0.30431  0.50    4320    1315    3663    10381   2.40
  2009         101     0.39345  0.32877  0.50    3006     988    2512     6718   2.24
  2009         102     0.42920  0.35337  0.50    2017     713    1661     4206   2.09
  2009         103     0.46578  0.37779  0.50    1305     493    1058     2545   1.95
  2009         104     0.50277  0.40177  0.50     812     326     649     1487   1.83
  2009         105     0.53972  0.42502  0.50     486     206     382      839   1.73
  2009         106     0.57620  0.44733  0.50     279     125     217      456   1.63
  2009         107     0.61184  0.46851  0.50     154      72     118      240   1.55
  2009         108     0.64654  0.48859  0.50      82      40      62      121   1.48
  2009         109     0.68033  0.50765  0.50      42      21      31       59   1.42
  2009         110+    0.73449  1.00000  1.36      21      21      28       28   1.36
  2010           0     0.00305  0.00305  0.20  100000     305   99756  8326770  83.27
  2010           1     0.00030  0.00030  0.50   99695      30   99680  8227014  82.52
  2010           2     0.00022  0.00022  0.50   99665      22   99654  8127334  81.55
  2010           3     0.00016  0.00016  0.50   99643      16   99635  8027679  80.56
  2010           4     0.00013  0.00013  0.50   99627      12   99621  7928044  79.58
  2010           5     0.00010  0.00010  0.50   99614      10   99609  7828423  78.59
  2010           6     0.00009  0.00009  0.50   99604       9   99600  7728814  77.60
  2010           7     0.00008  0.00008  0.50   99596       8   99592  7629214  76.60
  2010           8     0.00008  0.00008  0.50   99587       8   99584  7529622  75.61
  2010           9     0.00008  0.00008  0.50   99580       8   99576  7430039  74.61
  2010          10     0.00008  0.00008  0.50   99572       8   99568  7330463  73.62
  2010          11     0.00008  0.00008  0.50   99564       8   99560  7230895  72.63
  2010          12     0.00009  0.00009  0.50   99556       9   99552  7131335  71.63
  2010          13     0.00008  0.00008  0.50   99547       8   99543  7031784  70.64
  2010          14     0.00008  0.00008  0.50   99539       8   99535  6932240  69.64
  2010          15     0.00009  0.00009  0.50   99531       9   99527  6832705  68.65
  2010          16     0.00010  0.00010  0.50   99523      10   99517  6733178  67.65
  2010          17     0.00013  0.00013  0.50   99512      13   99505  6633661  66.66
  2010          18     0.00019  0.00019  0.50   99499      19   99489  6534156  65.67
  2010          19     0.00028  0.00028  0.50   99480      28   99466  6434667  64.68
  2010          20     0.00042  0.00042  0.50   99451      42   99431  6335201  63.70
  2010          21     0.00056  0.00056  0.50   99410      56   99382  6235770  62.73
  2010          22     0.00065  0.00065  0.50   99354      65   99322  6136389  61.76
  2010          23     0.00067  0.00067  0.50   99289      67   99256  6037067  60.80
  2010          24     0.00062  0.00061  0.50   99222      61   99192  5937811  59.84
  2010          25     0.00053  0.00053  0.50   99161      52   99135  5838619  58.88
  2010          26     0.00046  0.00046  0.50   99109      46   99086  5739484  57.91
  2010          27     0.00047  0.00047  0.50   99063      46   99040  5640397  56.94
  2010          28     0.00051  0.00051  0.50   99017      50   98992  5541357  55.96
  2010          29     0.00056  0.00056  0.50   98967      55   98939  5442365  54.99
  2010          30     0.00060  0.00060  0.50   98911      59   98882  5343426  54.02
  2010          31     0.00063  0.00063  0.50   98852      63   98821  5244545  53.05
  2010          32     0.00066  0.00066  0.50   98789      65   98757  5145724  52.09
  2010          33     0.00068  0.00068  0.50   98724      68   98691  5046967  51.12
  2010          34     0.00073  0.00073  0.50   98657      72   98621  4948276  50.16
  2010          35     0.00076  0.00076  0.50   98585      75   98548  4849655  49.19
  2010          36     0.00078  0.00077  0.50   98510      76   98472  4751108  48.23
  2010          37     0.00080  0.00080  0.50   98434      79   98394  4652636  47.27
  2010          38     0.00087  0.00087  0.50   98355      86   98312  4554242  46.30
  2010          39     0.00098  0.00098  0.50   98269      96   98221  4455930  45.34
  2010          40     0.00111  0.00111  0.50   98173     109   98118  4357709  44.39
  2010          41     0.00123  0.00123  0.50   98063     121   98003  4259591  43.44
  2010          42     0.00131  0.00131  0.50   97943     128   97879  4161587  42.49
  2010          43     0.00137  0.00136  0.50   97815     133   97748  4063709  41.54
  2010          44     0.00142  0.00142  0.50   97681     139   97612  3965960  40.60
  2010          45     0.00148  0.00148  0.50   97543     145   97470  3868348  39.66
  2010          46     0.00156  0.00156  0.50   97398     152   97322  3770878  38.72
  2010          47     0.00165  0.00165  0.50   97246     160   97166  3673556  37.78
  2010          48     0.00177  0.00177  0.50   97086     172   97000  3576390  36.84
  2010          49     0.00195  0.00195  0.50   96914     189   96819  3479390  35.90
  2010          50     0.00219  0.00219  0.50   96725     212   96619  3382571  34.97
  2010          51     0.00248  0.00247  0.50   96513     239   96393  3285952  34.05
  2010          52     0.00276  0.00275  0.50   96274     265   96142  3189559  33.13
  2010          53     0.00301  0.00300  0.50   96009     288   95865  3093417  32.22
  2010          54     0.00327  0.00326  0.50   95721     312   95565  2997552  31.32
  2010          55     0.00353  0.00353  0.50   95409     336   95240  2901987  30.42
  2010          56     0.00379  0.00378  0.50   95072     359   94892  2806747  29.52
  2010          57     0.00403  0.00402  0.50   94713     381   94523  2711855  28.63
  2010          58     0.00428  0.00427  0.50   94332     402   94131  2617332  27.75
  2010          59     0.00460  0.00459  0.50   93930     431   93714  2523201  26.86
  2010          60     0.00503  0.00502  0.50   93499     469   93264  2429487  25.98
  2010          61     0.00560  0.00558  0.50   93029     519   92770  2336223  25.11
  2010          62     0.00621  0.00619  0.50   92510     573   92224  2243453  24.25
  2010          63     0.00678  0.00676  0.50   91937     621   91627  2151229  23.40
  2010          64     0.00736  0.00733  0.50   91316     669   90981  2059603  22.55
  2010          65     0.00796  0.00792  0.50   90647     718   90287  1968622  21.72
  2010          66     0.00850  0.00847  0.50   89928     761   89548  1878334  20.89
  2010          67     0.00908  0.00904  0.50   89167     806   88764  1788786  20.06
  2010          68     0.00984  0.00979  0.50   88361     865   87928  1700023  19.24
  2010          69     0.01083  0.01077  0.50   87496     943   87024  1612095  18.42
  2010          70     0.01209  0.01202  0.50   86553    1040   86033  1525070  17.62
  2010          71     0.01354  0.01345  0.50   85513    1150   84937  1439038  16.83
  2010          72     0.01512  0.01501  0.50   84362    1266   83729  1354100  16.05
  2010          73     0.01678  0.01664  0.50   83096    1383   82405  1270371  15.29
  2010          74     0.01851  0.01834  0.50   81713    1499   80964  1187966  14.54
  2010          75     0.02038  0.02018  0.50   80215    1618   79405  1107002  13.80
  2010          76     0.02271  0.02246  0.50   78596    1765   77714  1027597  13.07
  2010          77     0.02567  0.02534  0.50   76831    1947   75858   949883  12.36
  2010          78     0.02933  0.02891  0.50   74884    2165   73802   874025  11.67
  2010          79     0.03372  0.03316  0.50   72719    2411   71513   800224  11.00
  2010          80     0.03876  0.03802  0.50   70308    2673   68971   728710  10.36
  2010          81     0.04414  0.04319  0.50   67634    2921   66174   659739   9.75
  2010          82     0.04962  0.04842  0.50   64713    3133   63147   593565   9.17
  2010          83     0.05541  0.05391  0.50   61580    3320   59920   530418   8.61
  2010          84     0.06173  0.05988  0.50   58260    3489   56516   470498   8.08
  2010          85     0.06879  0.06651  0.50   54771    3643   52950   413983   7.56
  2010          86     0.07676  0.07392  0.50   51129    3779   49239   361032   7.06
  2010          87     0.08578  0.08225  0.50   47349    3894   45402   311793   6.58
  2010          88     0.09599  0.09159  0.50   43455    3980   41465   266391   6.13
  2010          89     0.10751  0.10203  0.50   39475    4028   37461   224926   5.70
  2010          90     0.12048  0.11364  0.50   35447    4028   33433   187465   5.29
  2010          91     0.13502  0.12648  0.50   31419    3974   29432   154032   4.90
  2010          92     0.15125  0.14062  0.50   27445    3859   25516   124600   4.54
  2010          93     0.16929  0.15608  0.50   23586    3681   21745    99084   4.20
  2010          94     0.18923  0.17288  0.50   19905    3441   18184    77339   3.89
  2010          95     0.21116  0.19100  0.50   16464    3145   14891    59155   3.59
  2010          96     0.23511  0.21038  0.50   13319    2802   11918    44263   3.32
  2010          97     0.26110  0.23095  0.50   10517    2429    9303    32345   3.08
  2010          98     0.28907  0.25257  0.50    8088    2043    7067    23043   2.85
  2010          99     0.31893  0.27507  0.50    6045    1663    5214    15976   2.64
  2010         100     0.35053  0.29826  0.50    4382    1307    3729    10762   2.46
  2010         101     0.38365  0.32190  0.50    3075     990    2580     7033   2.29
  2010         102     0.41801  0.34575  0.50    2085     721    1725     4453   2.14
  2010         103     0.45328  0.36953  0.50    1364     504    1112     2728   2.00
  2010         104     0.48908  0.39298  0.50     860     338     691     1615   1.88
  2010         105     0.52502  0.41585  0.50     522     217     414      924   1.77
  2010         106     0.56071  0.43793  0.50     305     134     238      511   1.67
  2010         107     0.59584  0.45907  0.50     171      79     132      273   1.59
  2010         108     0.63031  0.47927  0.50      93      44      71      140   1.51
  2010         109     0.66414  0.49858  0.50      48      24      36       70   1.45
  2010         110+    0.71962  1.00000  1.39      24      24      34       34   1.39
  2011           0     0.00202  0.00201  0.22  100000     201   99842  8318330  83.18
  2011           1     0.00056  0.00056  0.50   99799      56   99771  8218488  82.35
  2011           2     0.00029  0.00029  0.50   99743      29   99728  8118717  81.40
  2011           3     0.00015  0.00015  0.50   99714      15   99706  8018989  80.42
  2011           4     0.00008  0.00008  0.50   99699       8   99695  7919282  79.43
  2011           5     0.00005  0.00005  0.50   99691       5   99688  7819588  78.44
  2011           6     0.00004  0.00004  0.50   99686       4   99684  7719899  77.44
  2011           7     0.00002  0.00002  0.50   99682       2   99681  7620215  76.45
  2011           8     0.00003  0.00003  0.50   99681       3   99679  7520534  75.45
  2011           9     0.00007  0.00007  0.50   99678       7   99674  7420855  74.45
  2011          10     0.00012  0.00012  0.50   99670      12   99664  7321181  73.45
  2011          11     0.00013  0.00013  0.50   99658      13   99652  7221517  72.46
  2011          12     0.00010  0.00010  0.50   99645      10   99640  7121865  71.47
  2011          13     0.00019  0.00019  0.50   99635      19   99626  7022225  70.48
  2011          14     0.00027  0.00027  0.50   99617      27   99603  6922598  69.49
  2011          15     0.00021  0.00021  0.50   99590      21   99579  6822995  68.51
  2011          16     0.00016  0.00016  0.50   99569      16   99561  6723416  67.53
  2011          17     0.00028  0.00028  0.50   99553      28   99538  6623855  66.54
  2011          18     0.00042  0.00042  0.50   99524      42   99503  6524317  65.56
  2011          19     0.00042  0.00042  0.50   99482      42   99461  6424814  64.58
  2011          20     0.00039  0.00039  0.50   99441      38   99421  6325352  63.61
  2011          21     0.00041  0.00041  0.50   99402      40   99382  6225931  62.63
  2011          22     0.00051  0.00051  0.50   99362      50   99337  6126549  61.66
  2011          23     0.00057  0.00057  0.50   99312      56   99283  6027212  60.69
  2011          24     0.00054  0.00054  0.50   99255      53   99228  5927929  59.72
  2011          25     0.00064  0.00064  0.50   99202      63   99170  5828700  58.76
  2011          26     0.00077  0.00077  0.50   99138      76   99100  5729530  57.79
  2011          27     0.00075  0.00075  0.50   99062      74   99025  5630430  56.84
  2011          28     0.00061  0.00061  0.50   98988      60   98958  5531404  55.88
  2011          29     0.00044  0.00044  0.50   98928      44   98906  5432447  54.91
  2011          30     0.00044  0.00044  0.50   98884      43   98862  5333541  53.94
  2011          31     0.00059  0.00059  0.50   98841      58   98812  5234679  52.96
  2011          32     0.00083  0.00083  0.50   98783      82   98742  5135868  51.99
  2011          33     0.00099  0.00099  0.50   98701      98   98652  5037126  51.03
  2011          34     0.00096  0.00096  0.50   98603      95   98556  4938474  50.08
  2011          35     0.00085  0.00085  0.50   98508      84   98467  4839918  49.13
  2011          36     0.00083  0.00083  0.50   98425      82   98384  4741451  48.17
  2011          37     0.00098  0.00098  0.50   98343      96   98295  4643067  47.21
  2011          38     0.00108  0.00108  0.50   98247     106   98194  4544772  46.26
  2011          39     0.00095  0.00095  0.50   98141      93   98094  4446578  45.31
  2011          40     0.00092  0.00092  0.50   98048      90   98003  4348484  44.35
  2011          41     0.00126  0.00126  0.50   97958     124   97896  4250481  43.39
  2011          42     0.00158  0.00158  0.50   97834     154   97757  4152585  42.45
  2011          43     0.00159  0.00159  0.50   97680     155   97602  4054828  41.51
  2011          44     0.00126  0.00125  0.50   97524     122   97463  3957226  40.58
  2011          45     0.00119  0.00119  0.50   97402     116   97344  3859763  39.63
  2011          46     0.00172  0.00172  0.50   97287     167   97203  3762419  38.67
  2011          47     0.00182  0.00181  0.50   97120     176   97032  3665216  37.74
  2011          48     0.00162  0.00162  0.50   96943     157   96865  3568184  36.81
  2011          49     0.00159  0.00159  0.50   96787     154   96710  3471319  35.87
  2011          50     0.00187  0.00187  0.50   96633     181   96542  3374609  34.92
  2011          51     0.00243  0.00243  0.50   96452     235   96334  3278067  33.99
  2011          52     0.00285  0.00284  0.50   96217     274   96080  3181733  33.07
  2011          53     0.00281  0.00281  0.50   95944     269   95809  3085652  32.16
  2011          54     0.00280  0.00280  0.50   95674     267   95540  2989844  31.25
  2011          55     0.00301  0.00300  0.50   95407     286   95264  2894303  30.34
  2011          56     0.00346  0.00345  0.50   95120     329   94956  2799040  29.43
  2011          57     0.00401  0.00400  0.50   94792     380   94602  2704083  28.53
  2011          58     0.00453  0.00452  0.50   94412     426   94199  2609481  27.64
  2011          59     0.00505  0.00504  0.50   93986     473   93749  2515282  26.76
  2011          60     0.00555  0.00554  0.50   93513     518   93254  2421533  25.90
  2011          61     0.00596  0.00594  0.50   92995     553   92719  2328279  25.04
  2011          62     0.00618  0.00616  0.50   92442     570   92157  2235561  24.18
  2011          63     0.00626  0.00624  0.50   91872     573   91586  2143403  23.33
  2011          64     0.00678  0.00675  0.50   91299     617   90991  2051818  22.47
  2011          65     0.00808  0.00804  0.50   90683     730   90318  1960827  21.62
  2011          66     0.00925  0.00920  0.50   89953     828   89539  1870509  20.79
  2011          67     0.00994  0.00989  0.50   89125     881   88684  1780970  19.98
  2011          68     0.01027  0.01022  0.50   88244     902   87793  1692285  19.18
  2011          69     0.01133  0.01126  0.50   87342     984   86850  1604492  18.37
  2011          70     0.01358  0.01349  0.50   86358    1165   85776  1517642  17.57
  2011          71     0.01496  0.01485  0.50   85194    1265   84561  1431866  16.81
  2011          72     0.01571  0.01559  0.50   83929    1309   83274  1347305  16.05
  2011          73     0.01681  0.01667  0.50   82620    1377   81931  1264031  15.30
  2011          74     0.01882  0.01864  0.50   81243    1514   80486  1182099  14.55
  2011          75     0.02149  0.02126  0.50   79728    1695   78881  1101614  13.82
  2011          76     0.02276  0.02250  0.50   78033    1756   77155  1022733  13.11
  2011          77     0.02429  0.02400  0.50   76277    1831   75362   945578  12.40
  2011          78     0.02812  0.02773  0.50   74447    2064   73414   870216  11.69
  2011          79     0.03311  0.03257  0.50   72382    2358   71204   796801  11.01
  2011          80     0.03781  0.03711  0.50   70025    2598   68726   725598  10.36
  2011          81     0.04253  0.04164  0.50   67426    2808   66022   656872   9.74
  2011          82     0.04789  0.04677  0.50   64619    3022   63108   590850   9.14
  2011          83     0.05396  0.05254  0.50   61597    3236   59978   527742   8.57
  2011          84     0.06079  0.05900  0.50   58360    3443   56639   467764   8.02
  2011          85     0.06846  0.06619  0.50   54917    3635   53099   411125   7.49
  2011          86     0.07706  0.07420  0.50   51282    3805   49379   358026   6.98
  2011          87     0.08670  0.08310  0.50   47477    3945   45504   308646   6.50
  2011          88     0.09751  0.09297  0.50   43531    4047   41508   263142   6.04
  2011          89     0.10959  0.10390  0.50   39484    4102   37433   221635   5.61
  2011          90     0.12308  0.11594  0.50   35382    4102   33331   184202   5.21
  2011          91     0.13811  0.12919  0.50   31280    4041   29259   150871   4.82
  2011          92     0.15480  0.14368  0.50   27239    3914   25282   121612   4.46
  2011          93     0.17329  0.15948  0.50   23325    3720   21465    96330   4.13
  2011          94     0.19369  0.17658  0.50   19605    3462   17874    74865   3.82
  2011          95     0.21607  0.19501  0.50   16143    3148   14569    56991   3.53
  2011          96     0.24051  0.21469  0.50   12995    2790   11600    42421   3.26
  2011          97     0.26702  0.23557  0.50   10205    2404    9003    30821   3.02
  2011          98     0.29557  0.25752  0.50    7801    2009    6797    21818   2.80
  2011          99     0.32608  0.28037  0.50    5792    1624    4980    15021   2.59
  2011         100     0.35840  0.30393  0.50    4168    1267    3535    10041   2.41
  2011         101     0.39229  0.32796  0.50    2901     952    2426     6506   2.24
  2011         102     0.42749  0.35221  0.50    1950     687    1606     4081   2.09
  2011         103     0.46366  0.37640  0.50    1263     475    1025     2474   1.96
  2011         104     0.50042  0.40027  0.50     788     315     630     1449   1.84
  2011         105     0.53733  0.42354  0.50     472     200     372      819   1.73
  2011         106     0.57400  0.44600  0.50     272     121     212      446   1.64
  2011         107     0.61004  0.46745  0.50     151      71     116      235   1.56
  2011         108     0.64493  0.48767  0.50      80      39      61      119   1.48
  2011         109     0.67833  0.50653  0.50      41      21      31       58   1.42
  2011         110+    0.73354  1.00000  1.36      20      20      28       28   1.36
  2012           0     0.00218  0.00217  0.21  100000     217   99828  8332226  83.32
  2012           1     0.00060  0.00060  0.50   99783      60   99753  8232398  82.50
  2012           2     0.00040  0.00040  0.50   99723      40   99703  8132645  81.55
  2012           3     0.00026  0.00026  0.50   99683      26   99670  8032943  80.59
  2012           4     0.00015  0.00015  0.50   99657      15   99650  7933273  79.61
  2012           5     0.00007  0.00007  0.50   99642       7   99639  7833623  78.62
  2012           6     0.00006  0.00006  0.50   99635       6   99632  7733985  77.62
  2012           7     0.00012  0.00012  0.50   99629      12   99623  7634352  76.63
  2012           8     0.00015  0.00015  0.50   99617      15   99609  7534729  75.64
  2012           9     0.00012  0.00012  0.50   99602      12   99596  7435120  74.65
  2012          10     0.00006  0.00006  0.50   99589       6   99587  7335525  73.66
  2012          11     0.00002  0.00002  0.50   99584       2   99583  7235938  72.66
  2012          12     0.00005  0.00005  0.50   99582       5   99579  7136355  71.66
  2012          13     0.00006  0.00006  0.50   99577       5   99574  7036776  70.67
  2012          14     0.00006  0.00006  0.50   99572       6   99569  6937202  69.67
  2012          15     0.00010  0.00010  0.50   99565      10   99561  6837633  68.67
  2012          16     0.00016  0.00016  0.50   99556      16   99547  6738073  67.68
  2012          17     0.00025  0.00025  0.50   99539      24   99527  6638525  66.69
  2012          18     0.00032  0.00032  0.50   99515      32   99499  6538998  65.71
  2012          19     0.00037  0.00037  0.50   99483      37   99464  6439499  64.73
  2012          20     0.00041  0.00041  0.50   99446      41   99425  6340035  63.75
  2012          21     0.00043  0.00043  0.50   99405      43   99384  6240609  62.78
  2012          22     0.00042  0.00042  0.50   99362      42   99341  6141226  61.81
  2012          23     0.00037  0.00037  0.50   99320      37   99302  6041884  60.83
  2012          24     0.00030  0.00030  0.50   99283      30   99268  5942582  59.85
  2012          25     0.00039  0.00039  0.50   99253      39   99234  5843314  58.87
  2012          26     0.00055  0.00055  0.50   99214      55   99187  5744080  57.90
  2012          27     0.00063  0.00063  0.50   99159      62   99128  5644893  56.93
  2012          28     0.00059  0.00059  0.50   99097      58   99068  5545765  55.96
  2012          29     0.00046  0.00046  0.50   99039      46   99016  5446697  55.00
  2012          30     0.00039  0.00039  0.50   98993      38   98974  5347681  54.02
  2012          31     0.00040  0.00040  0.50   98955      40   98935  5248708  53.04
  2012          32     0.00052  0.00052  0.50   98915      51   98889  5149773  52.06
  2012          33     0.00060  0.00060  0.50   98864      59   98834  5050884  51.09
  2012          34     0.00056  0.00056  0.50   98804      55   98777  4952050  50.12
  2012          35     0.00054  0.00054  0.50   98750      54   98723  4853273  49.15
  2012          36     0.00067  0.00067  0.50   98696      66   98663  4754550  48.17
  2012          37     0.00072  0.00072  0.50   98630      71   98594  4655887  47.21
  2012          38     0.00073  0.00073  0.50   98559      72   98523  4557293  46.24
  2012          39     0.00080  0.00080  0.50   98487      79   98448  4458770  45.27
  2012          40     0.00094  0.00094  0.50   98408      93   98362  4360322  44.31
  2012          41     0.00110  0.00110  0.50   98315     109   98261  4261961  43.35
  2012          42     0.00120  0.00120  0.50   98207     118   98148  4163700  42.40
  2012          43     0.00127  0.00127  0.50   98089     124   98026  4065552  41.45
  2012          44     0.00135  0.00135  0.50   97964     132   97898  3967526  40.50
  2012          45     0.00136  0.00136  0.50   97832     133   97765  3869628  39.55
  2012          46     0.00133  0.00133  0.50   97699     130   97634  3771862  38.61
  2012          47     0.00151  0.00151  0.50   97569     147   97496  3674228  37.66
  2012          48     0.00176  0.00176  0.50   97422     171   97336  3576733  36.71
  2012          49     0.00185  0.00185  0.50   97251     180   97161  3479396  35.78
  2012          50     0.00198  0.00197  0.50   97071     192   96975  3382236  34.84
  2012          51     0.00230  0.00230  0.50   96879     222   96768  3285261  33.91
  2012          52     0.00264  0.00264  0.50   96657     255   96529  3188493  32.99
  2012          53     0.00285  0.00284  0.50   96401     274   96264  3091964  32.07
  2012          54     0.00308  0.00308  0.50   96127     296   95979  2995700  31.16
  2012          55     0.00329  0.00329  0.50   95831     315   95674  2899721  30.26
  2012          56     0.00343  0.00343  0.50   95516     327   95352  2804047  29.36
  2012          57     0.00374  0.00374  0.50   95189     356   95011  2708694  28.46
  2012          58     0.00438  0.00437  0.50   94833     415   94626  2613683  27.56
  2012          59     0.00498  0.00497  0.50   94418     469   94184  2519058  26.68
  2012          60     0.00549  0.00548  0.50   93949     515   93692  2424874  25.81
  2012          61     0.00598  0.00596  0.50   93435     557   93156  2331182  24.95
  2012          62     0.00640  0.00638  0.50   92878     593   92582  2238026  24.10
  2012          63     0.00677  0.00675  0.50   92285     623   91974  2145444  23.25
  2012          64     0.00729  0.00726  0.50   91662     666   91330  2053470  22.40
  2012          65     0.00812  0.00808  0.50   90997     736   90629  1962141  21.56
  2012          66     0.00913  0.00908  0.50   90261     820   89851  1871512  20.73
  2012          67     0.00998  0.00993  0.50   89441     888   88997  1781660  19.92
  2012          68     0.01044  0.01039  0.50   88553     920   88093  1692663  19.11
  2012          69     0.01086  0.01080  0.50   87633     947   87160  1604570  18.31
  2012          70     0.01163  0.01156  0.50   86687    1002   86185  1517410  17.50
  2012          71     0.01281  0.01273  0.50   85684    1091   85139  1431225  16.70
  2012          72     0.01450  0.01439  0.50   84594    1218   83985  1346086  15.91
  2012          73     0.01660  0.01647  0.50   83376    1373   82690  1262101  15.14
  2012          74     0.01830  0.01814  0.50   82003    1487   81260  1179411  14.38
  2012          75     0.01934  0.01915  0.50   80516    1542   79745  1098152  13.64
  2012          76     0.02175  0.02152  0.50   78974    1699   78124  1018407  12.90
  2012          77     0.02549  0.02517  0.50   77274    1945   76302   940283  12.17
  2012          78     0.02982  0.02938  0.50   75330    2213   74223   863981  11.47
  2012          79     0.03421  0.03363  0.50   73116    2459   71887   789758  10.80
  2012          80     0.03839  0.03766  0.50   70657    2661   69326   717872  10.16
  2012          81     0.04303  0.04212  0.50   67996    2864   66564   648545   9.54
  2012          82     0.04878  0.04762  0.50   65132    3102   63581   581981   8.94
  2012          83     0.05539  0.05389  0.50   62030    3343   60359   518401   8.36
  2012          84     0.06278  0.06087  0.50   58687    3572   56901   458042   7.80
  2012          85     0.07105  0.06861  0.50   55115    3781   53224   401141   7.28
  2012          86     0.08028  0.07718  0.50   51333    3962   49352   347917   6.78
  2012          87     0.09059  0.08666  0.50   47371    4105   45319   298565   6.30
  2012          88     0.10209  0.09713  0.50   43266    4203   41165   253246   5.85
  2012          89     0.11492  0.10867  0.50   39063    4245   36941   212082   5.43
  2012          90     0.12919  0.12135  0.50   34818    4225   32706   175141   5.03
  2012          91     0.14505  0.13525  0.50   30593    4138   28524   142436   4.66
  2012          92     0.16264  0.15041  0.50   26455    3979   24466   113911   4.31
  2012          93     0.18209  0.16690  0.50   22476    3751   20601    89446   3.98
  2012          94     0.20353  0.18473  0.50   18725    3459   16995    68845   3.68
  2012          95     0.22705  0.20390  0.50   15266    3113   13709    51850   3.40
  2012          96     0.25273  0.22437  0.50   12153    2727   10790    38140   3.14
  2012          97     0.28059  0.24606  0.50    9426    2319    8267    27351   2.90
  2012          98     0.31058  0.26883  0.50    7107    1911    6152    19084   2.69
  2012          99     0.34260  0.29250  0.50    5196    1520    4436    12933   2.49
  2012         100     0.37649  0.31685  0.50    3676    1165    3094     8496   2.31
  2012         101     0.41196  0.34160  0.50    2512     858    2083     5402   2.15
  2012         102     0.44868  0.36647  0.50    1654     606    1351     3320   2.01
  2012         103     0.48626  0.39116  0.50    1048     410     843     1969   1.88
  2012         104     0.52425  0.41537  0.50     638     265     505     1127   1.77
  2012         105     0.56218  0.43883  0.50     373     164     291      621   1.67
  2012         106     0.59954  0.46127  0.50     209      97     161      330   1.58
  2012         107     0.63586  0.48247  0.50     113      54      86      169   1.50
  2012         108     0.67072  0.50228  0.50      58      29      44       84   1.43
  2012         109     0.70397  0.52070  0.50      29      15      21       40   1.37
  2012         110+    0.75688  1.00000  1.32      14      14      18       18   1.32
  2013           0     0.00271  0.00270  0.21  100000     270   99786  8374759  83.75
  2013           1     0.00017  0.00017  0.50   99730      17   99721  8274973  82.97
  2013           2     0.00013  0.00013  0.50   99713      13   99706  8175251  81.99
  2013           3     0.00007  0.00007  0.50   99700       7   99696  8075545  81.00
  2013           4     0.00003  0.00003  0.50   99693       3   99691  7975849  80.00
  2013           5     0.00005  0.00005  0.50   99690       5   99687  7876158  79.01
  2013           6     0.00008  0.00008  0.50   99684       8   99680  7776471  78.01
  2013           7     0.00005  0.00005  0.50   99676       5   99674  7676790  77.02
  2013           8     0.00003  0.00003  0.50   99671       3   99669  7577117  76.02
  2013           9     0.00003  0.00003  0.50   99668       3   99667  7477447  75.02
  2013          10     0.00003  0.00003  0.50   99665       3   99664  7377781  74.03
  2013          11     0.00003  0.00003  0.50   99662       3   99661  7278117  73.03
  2013          12     0.00003  0.00003  0.50   99659       3   99657  7178456  72.03
  2013          13     0.00002  0.00002  0.50   99656       2   99655  7078799  71.03
  2013          14     0.00002  0.00002  0.50   99654       2   99653  6979144  70.03
  2013          15     0.00005  0.00005  0.50   99652       5   99650  6879491  69.04
  2013          16     0.00014  0.00014  0.50   99647      14   99640  6779841  68.04
  2013          17     0.00030  0.00030  0.50   99634      30   99618  6680201  67.05
  2013          18     0.00040  0.00040  0.50   99603      40   99583  6580582  66.07
  2013          19     0.00037  0.00037  0.50   99563      37   99545  6480999  65.09
  2013          20     0.00041  0.00041  0.50   99526      41   99506  6381455  64.12
  2013          21     0.00049  0.00049  0.50   99485      49   99461  6281949  63.14
  2013          22     0.00053  0.00053  0.50   99437      52   99411  6182488  62.18
  2013          23     0.00056  0.00056  0.50   99385      56   99357  6083077  61.21
  2013          24     0.00064  0.00064  0.50   99329      64   99297  5983720  60.24
  2013          25     0.00068  0.00068  0.50   99265      68   99231  5884423  59.28
  2013          26     0.00063  0.00063  0.50   99198      63   99166  5785192  58.32
  2013          27     0.00049  0.00049  0.50   99135      48   99111  5686026  57.36
  2013          28     0.00040  0.00040  0.50   99087      40   99067  5586915  56.38
  2013          29     0.00047  0.00047  0.50   99047      47   99024  5487848  55.41
  2013          30     0.00047  0.00047  0.50   99000      46   98977  5388824  54.43
  2013          31     0.00040  0.00040  0.50   98954      40   98934  5289847  53.46
  2013          32     0.00039  0.00039  0.50   98914      38   98895  5190913  52.48
  2013          33     0.00044  0.00044  0.50   98876      44   98854  5092018  51.50
  2013          34     0.00057  0.00057  0.50   98832      56   98804  4993164  50.52
  2013          35     0.00065  0.00065  0.50   98776      64   98744  4894361  49.55
  2013          36     0.00061  0.00061  0.50   98712      60   98682  4795617  48.58
  2013          37     0.00059  0.00059  0.50   98652      58   98623  4696935  47.61
  2013          38     0.00059  0.00059  0.50   98594      58   98564  4598313  46.64
  2013          39     0.00060  0.00060  0.50   98535      59   98506  4499748  45.67
  2013          40     0.00065  0.00065  0.50   98476      64   98444  4401243  44.69
  2013          41     0.00078  0.00078  0.50   98412      76   98374  4302799  43.72
  2013          42     0.00090  0.00090  0.50   98336      89   98291  4204424  42.76
  2013          43     0.00101  0.00101  0.50   98247      99   98197  4106133  41.79
  2013          44     0.00110  0.00110  0.50   98148     108   98094  4007936  40.84
  2013          45     0.00118  0.00118  0.50   98040     116   97982  3909841  39.88
  2013          46     0.00131  0.00131  0.50   97924     128   97860  3811859  38.93
  2013          47     0.00153  0.00152  0.50   97796     149   97722  3713999  37.98
  2013          48     0.00178  0.00178  0.50   97647     174   97561  3616277  37.03
  2013          49     0.00200  0.00200  0.50   97474     195   97376  3518716  36.10
  2013          50     0.00223  0.00223  0.50   97279     217   97170  3421340  35.17
  2013          51     0.00251  0.00250  0.50   97062     243   96940  3324169  34.25
  2013          52     0.00283  0.00282  0.50   96819     273   96682  3227229  33.33
  2013          53     0.00314  0.00313  0.50   96546     303   96394  3130547  32.43
  2013          54     0.00328  0.00328  0.50   96243     315   96085  3034152  31.53
  2013          55     0.00334  0.00333  0.50   95928     320   95768  2938067  30.63
  2013          56     0.00344  0.00344  0.50   95608     328   95444  2842299  29.73
  2013          57     0.00362  0.00361  0.50   95280     344   95107  2746855  28.83
  2013          58     0.00392  0.00391  0.50   94935     371   94750  2651748  27.93
  2013          59     0.00446  0.00445  0.50   94564     421   94354  2556998  27.04
  2013          60     0.00506  0.00505  0.50   94143     475   93906  2462644  26.16
  2013          61     0.00550  0.00549  0.50   93668     514   93411  2368739  25.29
  2013          62     0.00589  0.00587  0.50   93154     547   92881  2275328  24.43
  2013          63     0.00634  0.00632  0.50   92607     586   92314  2182447  23.57
  2013          64     0.00694  0.00692  0.50   92022     637   91703  2090133  22.71
  2013          65     0.00770  0.00767  0.50   91385     701   91034  1998430  21.87
  2013          66     0.00855  0.00852  0.50   90684     772   90298  1907395  21.03
  2013          67     0.00935  0.00930  0.50   89911     836   89493  1817098  20.21
  2013          68     0.00996  0.00991  0.50   89075     883   88633  1727605  19.39
  2013          69     0.01052  0.01047  0.50   88192     923   87730  1638971  18.58
  2013          70     0.01116  0.01110  0.50   87269     968   86785  1551241  17.78
  2013          71     0.01190  0.01183  0.50   86301    1021   85790  1464456  16.97
  2013          72     0.01311  0.01303  0.50   85280    1111   84724  1378666  16.17
  2013          73     0.01512  0.01501  0.50   84169    1263   83537  1293942  15.37
  2013          74     0.01770  0.01754  0.50   82905    1454   82178  1210405  14.60
  2013          75     0.02032  0.02012  0.50   81451    1639   80632  1128226  13.85
  2013          76     0.02230  0.02205  0.50   79812    1760   78932  1047595  13.13
  2013          77     0.02423  0.02394  0.50   78052    1869   77118   968662  12.41
  2013          78     0.02695  0.02660  0.50   76184    2026   75171   891544  11.70
  2013          79     0.03072  0.03026  0.50   74158    2244   73036   816374  11.01
  2013          80     0.03555  0.03493  0.50   71914    2512   70658   743338  10.34
  2013          81     0.04109  0.04026  0.50   69402    2794   68005   672680   9.69
  2013          82     0.04703  0.04595  0.50   66608    3061   65077   604675   9.08
  2013          83     0.05358  0.05218  0.50   63547    3316   61889   539598   8.49
  2013          84     0.06088  0.05908  0.50   60231    3558   58452   477709   7.93
  2013          85     0.06903  0.06673  0.50   56673    3782   54782   419257   7.40
  2013          86     0.07814  0.07520  0.50   52891    3978   50902   364476   6.89
  2013          87     0.08829  0.08456  0.50   48913    4136   46845   313574   6.41
  2013          88     0.09959  0.09486  0.50   44777    4248   42653   266728   5.96
  2013          89     0.11213  0.10618  0.50   40529    4303   38378   224075   5.53
  2013          90     0.12605  0.11858  0.50   36226    4296   34078   185697   5.13
  2013          91     0.14147  0.13212  0.50   31930    4219   29821   151619   4.75
  2013          92     0.15851  0.14687  0.50   27712    4070   25677   121798   4.40
  2013          93     0.17731  0.16287  0.50   23642    3851   21716    96121   4.07
  2013          94     0.19799  0.18016  0.50   19791    3566   18008    74405   3.76
  2013          95     0.22067  0.19874  0.50   16226    3225   14613    56397   3.48
  2013          96     0.24542  0.21859  0.50   13001    2842   11580    41783   3.21
  2013          97     0.27230  0.23967  0.50   10159    2435    8942    30203   2.97
  2013          98     0.30128  0.26184  0.50    7724    2022    6713    21262   2.75
  2013          99     0.33232  0.28497  0.50    5702    1625    4889    14549   2.55
  2013         100     0.36526  0.30886  0.50    4077    1259    3447     9659   2.37
  2013         101     0.39988  0.33325  0.50    2818     939    2348     6212   2.20
  2013         102     0.43589  0.35789  0.50    1879     672    1543     3864   2.06
  2013         103     0.47291  0.38247  0.50    1206     461     976     2321   1.92
  2013         104     0.51051  0.40670  0.50     745     303     593     1346   1.81
  2013         105     0.54825  0.43030  0.50     442     190     347      752   1.70
  2013         106     0.58560  0.45297  0.50     252     114     195      405   1.61
  2013         107     0.62208  0.47449  0.50     138      65     105      211   1.53
  2013         108     0.65730  0.49471  0.50      72      36      54      106   1.46
  2013         109     0.69111  0.51362  0.50      37      19      27       51   1.40
  2013         110+    0.74577  1.00000  1.34      18      18      24       24   1.34
  2014           0     0.00225  0.00225  0.21  100000     225   99823  8377625  83.78
  2014           1     0.00027  0.00027  0.50   99775      27   99762  8277802  82.96
  2014           2     0.00025  0.00025  0.50   99748      25   99736  8178040  81.99
  2014           3     0.00021  0.00021  0.50   99723      21   99712  8078304  81.01
  2014           4     0.00015  0.00015  0.50   99702      15   99694  7978592  80.02
  2014           5     0.00008  0.00008  0.50   99686       8   99682  7878898  79.04
  2014           6     0.00003  0.00003  0.50   99678       3   99677  7779216  78.04
  2014           7     0.00000  0.00000  0.50   99675       0   99675  7679540  77.05
  2014           8     0.00004  0.00004  0.50   99675       4   99673  7579864  76.05
  2014           9     0.00010  0.00010  0.50   99671      10   99666  7480192  75.05
  2014          10     0.00013  0.00013  0.50   99661      13   99654  7380526  74.06
  2014          11     0.00013  0.00013  0.50   99647      13   99641  7280872  73.07
  2014          12     0.00011  0.00011  0.50   99634      11   99629  7181231  72.08
  2014          13     0.00012  0.00012  0.50   99623      12   99617  7081602  71.08
  2014          14     0.00014  0.00014  0.50   99611      14   99604  6981985  70.09
  2014          15     0.00013  0.00013  0.50   99597      13   99590  6882381  69.10
  2014          16     0.00013  0.00013  0.50   99583      13   99577  6782791  68.11
  2014          17     0.00019  0.00019  0.50   99570      18   99561  6683215  67.12
  2014          18     0.00029  0.00029  0.50   99552      29   99537  6583654  66.13
  2014          19     0.00045  0.00045  0.50   99523      45   99500  6484117  65.15
  2014          20     0.00064  0.00064  0.50   99478      64   99446  6384616  64.18
  2014          21     0.00075  0.00075  0.50   99414      75   99377  6285171  63.22
  2014          22     0.00071  0.00071  0.50   99339      71   99304  6185794  62.27
  2014          23     0.00064  0.00064  0.50   99269      63   99237  6086490  61.31
  2014          24     0.00063  0.00063  0.50   99205      63   99174  5987253  60.35
  2014          25     0.00064  0.00064  0.50   99143      63   99111  5888079  59.39
  2014          26     0.00061  0.00061  0.50   99079      61   99049  5788968  58.43
  2014          27     0.00056  0.00056  0.50   99019      56   98991  5689918  57.46
  2014          28     0.00057  0.00057  0.50   98963      57   98935  5590927  56.50
  2014          29     0.00067  0.00067  0.50   98906      66   98873  5491993  55.53
  2014          30     0.00061  0.00061  0.50   98840      60   98810  5393119  54.56
  2014          31     0.00047  0.00047  0.50   98780      47   98757  5294310  53.60
  2014          32     0.00043  0.00043  0.50   98733      42   98712  5195553  52.62
  2014          33     0.00053  0.00053  0.50   98691      52   98665  5096841  51.64
  2014          34     0.00076  0.00076  0.50   98638      75   98601  4998176  50.67
  2014          35     0.00098  0.00098  0.50   98564      97   98515  4899575  49.71
  2014          36     0.00107  0.00107  0.50   98467     105   98414  4801060  48.76
  2014          37     0.00098  0.00098  0.50   98362      96   98314  4702646  47.81
  2014          38     0.00085  0.00085  0.50   98266      84   98224  4604332  46.86
  2014          39     0.00081  0.00081  0.50   98182      80   98142  4506108  45.90
  2014          40     0.00082  0.00082  0.50   98102      81   98061  4407967  44.93
  2014          41     0.00084  0.00084  0.50   98021      82   97980  4309905  43.97
  2014          42     0.00093  0.00093  0.50   97939      91   97893  4211925  43.01
  2014          43     0.00103  0.00103  0.50   97848     101   97797  4114032  42.05
  2014          44     0.00110  0.00110  0.50   97747     107   97693  4016234  41.09
  2014          45     0.00115  0.00115  0.50   97640     113   97583  3918541  40.13
  2014          46     0.00128  0.00127  0.50   97527     124   97465  3820958  39.18
  2014          47     0.00148  0.00148  0.50   97403     144   97331  3723493  38.23
  2014          48     0.00165  0.00165  0.50   97258     160   97178  3626162  37.28
  2014          49     0.00169  0.00169  0.50   97098     164   97016  3528984  36.34
  2014          50     0.00179  0.00179  0.50   96934     174   96847  3431968  35.41
  2014          51     0.00216  0.00215  0.50   96761     209   96656  3335121  34.47
  2014          52     0.00270  0.00269  0.50   96552     260   96422  3238465  33.54
  2014          53     0.00316  0.00316  0.50   96292     304   96140  3142043  32.63
  2014          54     0.00317  0.00317  0.50   95988     304   95836  3045903  31.73
  2014          55     0.00306  0.00305  0.50   95684     292   95538  2950067  30.83
  2014          56     0.00323  0.00322  0.50   95392     307   95238  2854529  29.92
  2014          57     0.00358  0.00357  0.50   95085     340   94915  2759291  29.02
  2014          58     0.00391  0.00390  0.50   94745     370   94560  2664376  28.12
  2014          59     0.00417  0.00416  0.50   94375     393   94179  2569816  27.23
  2014          60     0.00457  0.00456  0.50   93983     429   93768  2475637  26.34
  2014          61     0.00526  0.00525  0.50   93554     491   93309  2381868  25.46
  2014          62     0.00594  0.00592  0.50   93063     551   92787  2288560  24.59
  2014          63     0.00633  0.00631  0.50   92512     584   92220  2195772  23.74
  2014          64     0.00673  0.00671  0.50   91928     617   91620  2103552  22.88
  2014          65     0.00744  0.00741  0.50   91311     677   90973  2011932  22.03
  2014          66     0.00816  0.00812  0.50   90635     736   90267  1920959  21.19
  2014          67     0.00890  0.00886  0.50   89899     797   89500  1830693  20.36
  2014          68     0.00979  0.00974  0.50   89102     868   88668  1741193  19.54
  2014          69     0.01085  0.01079  0.50   88234     952   87757  1652525  18.73
  2014          70     0.01196  0.01188  0.50   87281    1037   86763  1564767  17.93
  2014          71     0.01268  0.01260  0.50   86244    1087   85700  1478005  17.14
  2014          72     0.01354  0.01345  0.50   85157    1146   84584  1392304  16.35
  2014          73     0.01509  0.01498  0.50   84011    1259   83382  1307720  15.57
  2014          74     0.01707  0.01692  0.50   82753    1400   82053  1224338  14.80
  2014          75     0.01910  0.01892  0.50   81352    1539   80583  1142286  14.04
  2014          76     0.02129  0.02106  0.50   79813    1681   78973  1061703  13.30
  2014          77     0.02396  0.02367  0.50   78132    1850   77207   982730  12.58
  2014          78     0.02737  0.02700  0.50   76282    2060   75252   905523  11.87
  2014          79     0.03144  0.03096  0.50   74222    2298   73074   830271  11.19
  2014          80     0.03600  0.03536  0.50   71925    2543   70653   757197  10.53
  2014          81     0.04088  0.04006  0.50   69381    2780   67992   686544   9.90
  2014          82     0.04606  0.04502  0.50   66602    2999   65102   618552   9.29
  2014          83     0.05181  0.05050  0.50   63603    3212   61997   553450   8.70
  2014          84     0.05831  0.05666  0.50   60391    3422   58680   491453   8.14
  2014          85     0.06568  0.06359  0.50   56969    3623   55158   432773   7.60
  2014          86     0.07401  0.07137  0.50   53347    3807   51443   377615   7.08
  2014          87     0.08343  0.08009  0.50   49539    3968   47556   326172   6.58
  2014          88     0.09407  0.08984  0.50   45572    4094   43525   278616   6.11
  2014          89     0.10606  0.10072  0.50   41478    4178   39389   235091   5.67
  2014          90     0.11957  0.11282  0.50   37300    4208   35196   195703   5.25
  2014          91     0.13474  0.12624  0.50   33091    4177   31003   160507   4.85
  2014          92     0.15174  0.14104  0.50   28914    4078   26875   129504   4.48
  2014          93     0.17070  0.15728  0.50   24836    3906   22883   102629   4.13
  2014          94     0.19177  0.17499  0.50   20930    3662   19099    79746   3.81
  2014          95     0.21504  0.19416  0.50   17267    3353   15591    60647   3.51
  2014          96     0.24059  0.21476  0.50   13915    2988   12421    45056   3.24
  2014          97     0.26844  0.23667  0.50   10926    2586    9633    32636   2.99
  2014          98     0.29854  0.25976  0.50    8340    2167    7257    23002   2.76
  2014          99     0.33078  0.28384  0.50    6174    1752    5298    15745   2.55
  2014         100     0.36498  0.30865  0.50    4422    1365    3739    10447   2.36
  2014         101     0.40085  0.33392  0.50    3057    1021    2546     6708   2.19
  2014         102     0.43806  0.35935  0.50    2036     732    1670     4162   2.04
  2014         103     0.47621  0.38463  0.50    1304     502    1054     2491   1.91
  2014         104     0.51484  0.40944  0.50     803     329     638     1438   1.79
  2014         105     0.55346  0.43350  0.50     474     205     371      799   1.69
  2014         106     0.59156  0.45653  0.50     269     123     207      428   1.59
  2014         107     0.62862  0.47829  0.50     146      70     111      221   1.51
  2014         108     0.66428  0.49866  0.50      76      38      57      110   1.44
  2014         109     0.69839  0.51763  0.50      38      20      28       53   1.38
  2014         110+    0.75280  1.00000  1.33      18      18      24       24   1.33
  2015           0     0.00149  0.00149  0.22  100000     149   99883  8401213  84.01
  2015           1     0.00017  0.00017  0.50   99851      17   99842  8301330  83.14
  2015           2     0.00017  0.00017  0.50   99834      17   99825  8201488  82.15
  2015           3     0.00019  0.00019  0.50   99817      19   99807  8101663  81.17
  2015           4     0.00022  0.00022  0.50   99797      22   99786  8001856  80.18
  2015           5     0.00021  0.00021  0.50   99775      21   99765  7902069  79.20
  2015           6     0.00016  0.00016  0.50   99755      16   99747  7802304  78.21
  2015           7     0.00010  0.00010  0.50   99738      10   99733  7702558  77.23
  2015           8     0.00006  0.00006  0.50   99728       6   99725  7602824  76.24
  2015           9     0.00005  0.00005  0.50   99722       5   99719  7503099  75.24
  2015          10     0.00007  0.00007  0.50   99717       7   99713  7403380  74.24
  2015          11     0.00011  0.00011  0.50   99709      11   99704  7303667  73.25
  2015          12     0.00016  0.00016  0.50   99698      16   99690  7203963  72.26
  2015          13     0.00020  0.00020  0.50   99682      20   99672  7104273  71.27
  2015          14     0.00023  0.00023  0.50   99662      23   99650  7004601  70.28
  2015          15     0.00023  0.00023  0.50   99639      23   99627  6904951  69.30
  2015          16     0.00024  0.00024  0.50   99616      24   99604  6805324  68.32
  2015          17     0.00028  0.00028  0.50   99592      28   99578  6705720  67.33
  2015          18     0.00034  0.00034  0.50   99564      34   99547  6606142  66.35
  2015          19     0.00039  0.00039  0.50   99531      39   99511  6506594  65.37
  2015          20     0.00044  0.00044  0.50   99491      44   99469  6407084  64.40
  2015          21     0.00048  0.00048  0.50   99447      47   99424  6307614  63.43
  2015          22     0.00050  0.00050  0.50   99400      49   99375  6208191  62.46
  2015          23     0.00052  0.00052  0.50   99351      51   99325  6108815  61.49
  2015          24     0.00055  0.00055  0.50   99299      54   99272  6009490  60.52
  2015          25     0.00058  0.00058  0.50   99245      58   99216  5910218  59.55
  2015          26     0.00061  0.00061  0.50   99187      60   99157  5811002  58.59
  2015          27     0.00062  0.00062  0.50   99127      61   99096  5711845  57.62
  2015          28     0.00064  0.00064  0.50   99066      64   99034  5612748  56.66
  2015          29     0.00070  0.00070  0.50   99002      69   98968  5513714  55.69
  2015          30     0.00071  0.00071  0.50   98933      70   98898  5414747  54.73
  2015          31     0.00068  0.00068  0.50   98863      67   98829  5315849  53.77
  2015          32     0.00061  0.00061  0.50   98795      61   98765  5217020  52.81
  2015          33     0.00057  0.00057  0.50   98735      56   98707  5118255  51.84
  2015          34     0.00059  0.00059  0.50   98679      58   98650  5019548  50.87
  2015          35     0.00065  0.00065  0.50   98620      65   98588  4920898  49.90
  2015          36     0.00071  0.00071  0.50   98556      70   98521  4822310  48.93
  2015          37     0.00072  0.00072  0.50   98486      71   98450  4723789  47.96
  2015          38     0.00070  0.00070  0.50   98415      69   98380  4625339  47.00
  2015          39     0.00070  0.00070  0.50   98346      69   98311  4526958  46.03
  2015          40     0.00072  0.00072  0.50   98277      71   98241  4428647  45.06
  2015          41     0.00075  0.00075  0.50   98206      74   98169  4330406  44.10
  2015          42     0.00078  0.00078  0.50   98132      76   98094  4232237  43.13
  2015          43     0.00083  0.00083  0.50   98056      81   98015  4134142  42.16
  2015          44     0.00093  0.00093  0.50   97975      91   97929  4036127  41.20
  2015          45     0.00108  0.00107  0.50   97884     105   97831  3938198  40.23
  2015          46     0.00126  0.00126  0.50   97779     123   97717  3840366  39.28
  2015          47     0.00146  0.00146  0.50   97656     142   97585  3742649  38.32
  2015          48     0.00168  0.00168  0.50   97514     164   97432  3645065  37.38
  2015          49     0.00194  0.00194  0.50   97350     189   97255  3547633  36.44
  2015          50     0.00221  0.00220  0.50   97161     214   97054  3450378  35.51
  2015          51     0.00243  0.00243  0.50   96947     235   96829  3353324  34.59
  2015          52     0.00258  0.00257  0.50   96712     249   96587  3256494  33.67
  2015          53     0.00264  0.00264  0.50   96463     255   96335  3159907  32.76
  2015          54     0.00273  0.00272  0.50   96208     262   96077  3063572  31.84
  2015          55     0.00286  0.00285  0.50   95946     274   95809  2967494  30.93
  2015          56     0.00306  0.00305  0.50   95673     292   95526  2871685  30.02
  2015          57     0.00337  0.00336  0.50   95380     321   95220  2776158  29.11
  2015          58     0.00378  0.00378  0.50   95060     359   94880  2680938  28.20
  2015          59     0.00415  0.00414  0.50   94701     392   94505  2586058  27.31
  2015          60     0.00450  0.00449  0.50   94308     424   94097  2491553  26.42
  2015          61     0.00489  0.00488  0.50   93885     458   93656  2397457  25.54
  2015          62     0.00532  0.00531  0.50   93427     496   93179  2303801  24.66
  2015          63     0.00578  0.00577  0.50   92931     536   92663  2210623  23.79
  2015          64     0.00632  0.00630  0.50   92395     582   92103  2117960  22.92
  2015          65     0.00699  0.00697  0.50   91812     640   91492  2025857  22.07
  2015          66     0.00778  0.00775  0.50   91172     707   90819  1934364  21.22
  2015          67     0.00872  0.00869  0.50   90466     786   90073  1843545  20.38
  2015          68     0.00985  0.00980  0.50   89680     879   89241  1753472  19.55
  2015          69     0.01115  0.01109  0.50   88801     985   88309  1664232  18.74
  2015          70     0.01254  0.01246  0.50   87816    1094   87269  1575923  17.95
  2015          71     0.01379  0.01370  0.50   86722    1188   86128  1488654  17.17
  2015          72     0.01491  0.01480  0.50   85534    1266   84901  1402526  16.40
  2015          73     0.01596  0.01584  0.50   84268    1334   83601  1317624  15.64
  2015          74     0.01717  0.01703  0.50   82934    1412   82228  1234023  14.88
  2015          75     0.01878  0.01861  0.50   81522    1517   80763  1151796  14.13
  2015          76     0.02097  0.02075  0.50   80005    1660   79175  1071032  13.39
  2015          77     0.02379  0.02351  0.50   78345    1842   77424   991857  12.66
  2015          78     0.02722  0.02686  0.50   76503    2055   75476   914433  11.95
  2015          79     0.03117  0.03069  0.50   74448    2285   73306   838958  11.27
  2015          80     0.03552  0.03490  0.50   72163    2519   70904   765652  10.61
  2015          81     0.04028  0.03948  0.50   69645    2750   68270   694748   9.98
  2015          82     0.04549  0.04448  0.50   66895    2976   65407   626478   9.37
  2015          83     0.05129  0.05001  0.50   63919    3197   62321   561071   8.78
  2015          84     0.05780  0.05618  0.50   60723    3411   59017   498750   8.21
  2015          85     0.06513  0.06308  0.50   57311    3615   55504   439733   7.67
  2015          86     0.07340  0.07080  0.50   53696    3802   51795   384230   7.16
  2015          87     0.08270  0.07942  0.50   49894    3963   47913   332434   6.66
  2015          88     0.09317  0.08902  0.50   45932    4089   43887   284521   6.19
  2015          89     0.10492  0.09969  0.50   41843    4171   39757   240634   5.75
  2015          90     0.11808  0.11149  0.50   37671    4200   35571   200877   5.33
  2015          91     0.13277  0.12450  0.50   33471    4167   31388   165306   4.94
  2015          92     0.14912  0.13878  0.50   29304    4067   27271   133918   4.57
  2015          93     0.16726  0.15436  0.50   25237    3895   23289   106648   4.23
  2015          94     0.18729  0.17125  0.50   21342    3655   19514    83358   3.91
  2015          95     0.20929  0.18947  0.50   17687    3351   16011    63844   3.61
  2015          96     0.23333  0.20895  0.50   14336    2995   12838    47833   3.34
  2015          97     0.25941  0.22963  0.50   11340    2604   10038    34995   3.09
  2015          98     0.28751  0.25137  0.50    8736    2196    7638    24956   2.86
  2015          99     0.31754  0.27404  0.50    6540    1792    5644    17318   2.65
  2015         100     0.34938  0.29742  0.50    4748    1412    4042    11674   2.46
  2015         101     0.38280  0.32130  0.50    3336    1072    2800     7632   2.29
  2015         102     0.41755  0.34543  0.50    2264     782    1873     4832   2.13
  2015         103     0.45328  0.36953  0.50    1482     548    1208     2959   2.00
  2015         104     0.48962  0.39333  0.50     934     367     751     1751   1.87
  2015         105     0.52616  0.41657  0.50     567     236     449     1001   1.77
  2015         106     0.56246  0.43900  0.50     331     145     258      552   1.67
  2015         107     0.59817  0.46045  0.50     186      85     143      294   1.58
  2015         108     0.63313  0.48090  0.50     100      48      76      151   1.51
  2015         109     0.66734  0.50038  0.50      52      26      39       75   1.44
  2015         110+    0.72354  1.00000  1.38      26      26      36       36   1.38
  2016           0     0.00221  0.00220  0.21  100000     220   99826  8436304  84.36
  2016           1     0.00032  0.00032  0.50   99780      32   99764  8336478  83.55
  2016           2     0.00024  0.00024  0.50   99748      24   99736  8236715  82.58
  2016           3     0.00020  0.00020  0.50   99724      20   99714  8136978  81.59
  2016           4     0.00016  0.00016  0.50   99705      16   99696  8037264  80.61
  2016           5     0.00010  0.00010  0.50   99688      10   99683  7937568  79.62
  2016           6     0.00004  0.00004  0.50   99678       4   99676  7837885  78.63
  2016           7     0.00000  0.00000  0.50   99674       0   99674  7738209  77.63
  2016           8     0.00000  0.00000  0.50   99674       0   99674  7638534  76.64
  2016           9     0.00001  0.00001  0.50   99674       1   99674  7538860  75.64
  2016          10     0.00005  0.00005  0.50   99673       5   99671  7439187  74.64
  2016          11     0.00009  0.00009  0.50   99668       9   99664  7339516  73.64
  2016          12     0.00010  0.00010  0.50   99659      10   99654  7239852  72.65
  2016          13     0.00012  0.00012  0.50   99649      11   99643  7140198  71.65
  2016          14     0.00014  0.00014  0.50   99637      14   99630  7040555  70.66
  2016          15     0.00019  0.00019  0.50   99623      19   99614  6940925  69.67
  2016          16     0.00022  0.00022  0.50   99604      22   99593  6841312  68.68
  2016          17     0.00020  0.00020  0.50   99583      20   99573  6741718  67.70
  2016          18     0.00014  0.00014  0.50   99563      14   99556  6642146  66.71
  2016          19     0.00008  0.00008  0.50   99549       8   99545  6542590  65.72
  2016          20     0.00012  0.00012  0.50   99541      12   99535  6443045  64.73
  2016          21     0.00024  0.00024  0.50   99528      23   99517  6343511  63.74
  2016          22     0.00035  0.00035  0.50   99505      35   99487  6243994  62.75
  2016          23     0.00041  0.00041  0.50   99470      41   99449  6144506  61.77
  2016          24     0.00039  0.00039  0.50   99429      38   99410  6045057  60.80
  2016          25     0.00037  0.00037  0.50   99391      36   99373  5945647  59.82
  2016          26     0.00035  0.00035  0.50   99354      35   99337  5846274  58.84
  2016          27     0.00034  0.00034  0.50   99319      34   99302  5746938  57.86
  2016          28     0.00036  0.00036  0.50   99285      36   99267  5647635  56.88
  2016          29     0.00045  0.00045  0.50   99249      45   99227  5548368  55.90
  2016          30     0.00056  0.00056  0.50   99205      56   99177  5449141  54.93
  2016          31     0.00065  0.00065  0.50   99149      64   99117  5349964  53.96
  2016          32     0.00066  0.00066  0.50   99085      66   99052  5250847  52.99
  2016          33     0.00064  0.00064  0.50   99019      63   98987  5151796  52.03
  2016          34     0.00059  0.00059  0.50   98956      59   98927  5052808  51.06
  2016          35     0.00053  0.00053  0.50   98897      52   98871  4953881  50.09
  2016          36     0.00048  0.00048  0.50   98845      47   98821  4855010  49.12
  2016          37     0.00056  0.00056  0.50   98798      55   98770  4756189  48.14
  2016          38     0.00071  0.00071  0.50   98742      70   98707  4657419  47.17
  2016          39     0.00084  0.00084  0.50   98672      83   98630  4558712  46.20
  2016          40     0.00092  0.00092  0.50   98589      91   98544  4460082  45.24
  2016          41     0.00097  0.00097  0.50   98498      96   98450  4361538  44.28
  2016          42     0.00112  0.00112  0.50   98402     110   98347  4263087  43.32
  2016          43     0.00127  0.00127  0.50   98292     125   98230  4164740  42.37
  2016          44     0.00130  0.00130  0.50   98168     128   98104  4066510  41.42
  2016          45     0.00130  0.00130  0.50   98040     128   97976  3968407  40.48
  2016          46     0.00133  0.00133  0.50   97912     130   97847  3870430  39.53
  2016          47     0.00126  0.00126  0.50   97782     123   97720  3772583  38.58
  2016          48     0.00121  0.00121  0.50   97659     118   97599  3674863  37.63
  2016          49     0.00134  0.00134  0.50   97540     131   97475  3577263  36.67
  2016          50     0.00166  0.00166  0.50   97409     162   97329  3479789  35.72
  2016          51     0.00210  0.00210  0.50   97248     204   97146  3382460  34.78
  2016          52     0.00245  0.00245  0.50   97044     238   96925  3285314  33.85
  2016          53     0.00257  0.00257  0.50   96806     248   96682  3188389  32.94
  2016          54     0.00262  0.00262  0.50   96558     253   96431  3091707  32.02
  2016          55     0.00273  0.00272  0.50   96305     262   96174  2995276  31.10
  2016          56     0.00292  0.00291  0.50   96043     280   95903  2899102  30.19
  2016          57     0.00318  0.00318  0.50   95763     305   95611  2803200  29.27
  2016          58     0.00349  0.00349  0.50   95458     333   95292  2707589  28.36
  2016          59     0.00383  0.00382  0.50   95125     363   94944  2612297  27.46
  2016          60     0.00432  0.00431  0.50   94762     408   94558  2517353  26.56
  2016          61     0.00507  0.00506  0.50   94354     478   94115  2422795  25.68
  2016          62     0.00592  0.00590  0.50   93876     554   93600  2328680  24.81
  2016          63     0.00665  0.00662  0.50   93323     618   93014  2235081  23.95
  2016          64     0.00728  0.00725  0.50   92705     672   92368  2142067  23.11
  2016          65     0.00784  0.00781  0.50   92032     719   91673  2049699  22.27
  2016          66     0.00827  0.00824  0.50   91313     752   90937  1958026  21.44
  2016          67     0.00861  0.00857  0.50   90561     776   90173  1867089  20.62
  2016          68     0.00897  0.00893  0.50   89784     802   89383  1776917  19.79
  2016          69     0.00956  0.00951  0.50   88983     846   88559  1687533  18.96
  2016          70     0.01055  0.01050  0.50   88136     925   87674  1598974  18.14
  2016          71     0.01184  0.01177  0.50   87211    1027   86698  1511300  17.33
  2016          72     0.01313  0.01304  0.50   86184    1124   85622  1424603  16.53
  2016          73     0.01420  0.01410  0.50   85060    1199   84461  1338980  15.74
  2016          74     0.01548  0.01536  0.50   83861    1288   83217  1254520  14.96
  2016          75     0.01737  0.01722  0.50   82573    1422   81862  1171303  14.19
  2016          76     0.01966  0.01947  0.50   81151    1580   80361  1089441  13.42
  2016          77     0.02242  0.02217  0.50   79571    1764   78689  1009080  12.68
  2016          78     0.02579  0.02546  0.50   77807    1981   76816   930391  11.96
  2016          79     0.02991  0.02947  0.50   75826    2235   74708   853575  11.26
  2016          80     0.03481  0.03421  0.50   73591    2518   72332   778866  10.58
  2016          81     0.04011  0.03932  0.50   71073    2795   69676   706534   9.94
  2016          82     0.04550  0.04449  0.50   68278    3038   66760   636858   9.33
  2016          83     0.05132  0.05003  0.50   65241    3264   63608   570099   8.74
  2016          84     0.05781  0.05618  0.50   61976    3482   60235   506490   8.17
  2016          85     0.06514  0.06308  0.50   58494    3690   56649   446255   7.63
  2016          86     0.07345  0.07084  0.50   54804    3883   52863   389606   7.11
  2016          87     0.08284  0.07955  0.50   50922    4051   48896   336743   6.61
  2016          88     0.09344  0.08927  0.50   46871    4184   44779   287846   6.14
  2016          89     0.10539  0.10011  0.50   42687    4273   40550   243067   5.69
  2016          90     0.11882  0.11216  0.50   38413    4308   36259   202517   5.27
  2016          91     0.13390  0.12549  0.50   34105    4280   31965   166258   4.87
  2016          92     0.15076  0.14019  0.50   29825    4181   27734   134293   4.50
  2016          93     0.16957  0.15631  0.50   25644    4008   23640   106559   4.16
  2016          94     0.19043  0.17388  0.50   21635    3762   19754    82919   3.83
  2016          95     0.21348  0.19289  0.50   17873    3448   16150    63165   3.53
  2016          96     0.23876  0.21329  0.50   14426    3077   12887    47015   3.26
  2016          97     0.26631  0.23502  0.50   11349    2667   10015    34128   3.01
  2016          98     0.29608  0.25790  0.50    8682    2239    7562    24112   2.78
  2016          99     0.32797  0.28177  0.50    6443    1815    5535    16550   2.57
  2016         100     0.36182  0.30639  0.50    4627    1418    3918    11015   2.38
  2016         101     0.39734  0.33149  0.50    3210    1064    2678     7096   2.21
  2016         102     0.43424  0.35677  0.50    2146     766    1763     4419   2.06
  2016         103     0.47209  0.38194  0.50    1380     527    1117     2656   1.92
  2016         104     0.51047  0.40667  0.50     853     347     680     1539   1.80
  2016         105     0.54889  0.43069  0.50     506     218     397      860   1.70
  2016         106     0.58682  0.45370  0.50     288     131     223      463   1.61
  2016         107     0.62377  0.47547  0.50     157      75     120      240   1.52
  2016         108     0.65944  0.49592  0.50      83      41      62      120   1.45
  2016         109     0.69374  0.51508  0.50      42      21      31       58   1.39
  2016         110+    0.74864  1.00000  1.34      20      20      27       27   1.34
  2017           0     0.00125  0.00125  0.22  100000     125   99903  8444385  84.44
  2017           1     0.00012  0.00012  0.50   99875      12   99869  8344482  83.55
  2017           2     0.00003  0.00003  0.50   99863       3   99861  8244613  82.56
  2017           3     0.00000  0.00000  0.50   99860       0   99860  8144752  81.56
  2017           4     0.00000  0.00000  0.50   99860       0   99860  8044892  80.56
  2017           5     0.00000  0.00000  0.50   99860       0   99860  7945032  79.56
  2017           6     0.00000  0.00000  0.50   99860       0   99860  7845172  78.56
  2017           7     0.00000  0.00000  0.50   99860       0   99860  7745312  77.56
  2017           8     0.00006  0.00006  0.50   99859       6   99856  7645453  76.56
  2017           9     0.00011  0.00011  0.50   99853      11   99848  7545596  75.57
  2017          10     0.00007  0.00007  0.50   99843       7   99839  7445748  74.57
  2017          11     0.00002  0.00002  0.50   99836       2   99835  7345909  73.58
  2017          12     0.00005  0.00005  0.50   99834       5   99831  7246075  72.58
  2017          13     0.00012  0.00012  0.50   99829      12   99823  7146244  71.59
  2017          14     0.00015  0.00015  0.50   99817      14   99810  7046421  70.59
  2017          15     0.00010  0.00010  0.50   99802      10   99798  6946611  69.60
  2017          16     0.00009  0.00009  0.50   99793       9   99788  6846814  68.61
  2017          17     0.00021  0.00021  0.50   99784      21   99773  6747025  67.62
  2017          18     0.00031  0.00031  0.50   99763      31   99747  6647252  66.63
  2017          19     0.00025  0.00025  0.50   99732      24   99720  6547505  65.65
  2017          20     0.00020  0.00020  0.50   99707      20   99697  6447785  64.67
  2017          21     0.00023  0.00023  0.50   99688      23   99676  6348088  63.68
  2017          22     0.00033  0.00033  0.50   99665      33   99648  6248412  62.69
  2017          23     0.00041  0.00041  0.50   99632      41   99611  6148763  61.71
  2017          24     0.00043  0.00043  0.50   99591      43   99569  6049152  60.74
  2017          25     0.00048  0.00048  0.50   99548      48   99523  5949583  59.77
  2017          26     0.00054  0.00054  0.50   99499      53   99473  5850060  58.79
  2017          27     0.00054  0.00054  0.50   99446      54   99419  5750587  57.83
  2017          28     0.00052  0.00052  0.50   99392      52   99366  5651168  56.86
  2017          29     0.00053  0.00053  0.50   99341      52   99314  5551801  55.89
  2017          30     0.00056  0.00056  0.50   99288      55   99261  5452487  54.92
  2017          31     0.00054  0.00054  0.50   99233      54   99206  5353226  53.95
  2017          32     0.00045  0.00045  0.50   99179      45   99157  5254020  52.98
  2017          33     0.00041  0.00041  0.50   99134      41   99114  5154863  52.00
  2017          34     0.00055  0.00055  0.50   99093      55   99066  5055750  51.02
  2017          35     0.00071  0.00071  0.50   99039      70   99004  4956684  50.05
  2017          36     0.00069  0.00069  0.50   98969      68   98935  4857680  49.08
  2017          37     0.00055  0.00055  0.50   98901      54   98874  4758745  48.12
  2017          38     0.00048  0.00048  0.50   98847      48   98823  4659872  47.14
  2017          39     0.00062  0.00062  0.50   98799      61   98768  4561049  46.16
  2017          40     0.00074  0.00074  0.50   98738      73   98701  4462280  45.19
  2017          41     0.00067  0.00067  0.50   98665      66   98632  4363579  44.23
  2017          42     0.00078  0.00078  0.50   98599      77   98561  4264947  43.26
  2017          43     0.00104  0.00104  0.50   98523     102   98472  4166386  42.29
  2017          44     0.00130  0.00130  0.50   98420     128   98357  4067914  41.33
  2017          45     0.00139  0.00139  0.50   98293     137   98224  3969558  40.39
  2017          46     0.00129  0.00129  0.50   98156     127   98092  3871333  39.44
  2017          47     0.00141  0.00140  0.50   98029     138   97960  3773241  38.49
  2017          48     0.00164  0.00164  0.50   97891     160   97811  3675281  37.54
  2017          49     0.00179  0.00179  0.50   97731     175   97644  3577470  36.61
  2017          50     0.00189  0.00189  0.50   97556     184   97464  3479826  35.67
  2017          51     0.00200  0.00200  0.50   97372     195   97275  3382362  34.74
  2017          52     0.00225  0.00225  0.50   97177     218   97068  3285087  33.81
  2017          53     0.00267  0.00266  0.50   96959     258   96830  3188019  32.88
  2017          54     0.00304  0.00303  0.50   96701     293   96554  3091189  31.97
  2017          55     0.00328  0.00327  0.50   96408     315   96250  2994634  31.06
  2017          56     0.00337  0.00336  0.50   96092     323   95931  2898384  30.16
  2017          57     0.00337  0.00337  0.50   95769     323   95608  2802453  29.26
  2017          58     0.00345  0.00344  0.50   95447     328   95283  2706845  28.36
  2017          59     0.00389  0.00388  0.50   95118     369   94934  2611563  27.46
  2017          60     0.00458  0.00457  0.50   94749     433   94533  2516629  26.56
  2017          61     0.00530  0.00529  0.50   94316     499   94066  2422096  25.68
  2017          62     0.00586  0.00584  0.50   93817     548   93543  2328030  24.81
  2017          63     0.00619  0.00617  0.50   93269     576   92981  2234487  23.96
  2017          64     0.00666  0.00664  0.50   92693     616   92386  2141506  23.10
  2017          65     0.00751  0.00749  0.50   92078     689   91733  2049120  22.25
  2017          66     0.00819  0.00815  0.50   91389     745   91016  1957387  21.42
  2017          67     0.00863  0.00859  0.50   90644     779   90254  1866371  20.59
  2017          68     0.00905  0.00901  0.50   89865     810   89460  1776117  19.76
  2017          69     0.00988  0.00983  0.50   89055     875   88617  1686658  18.94
  2017          70     0.01135  0.01129  0.50   88179     995   87682  1598040  18.12
  2017          71     0.01285  0.01277  0.50   87184    1113   86627  1510359  17.32
  2017          72     0.01405  0.01395  0.50   86071    1201   85470  1423732  16.54
  2017          73     0.01488  0.01477  0.50   84870    1253   84243  1338261  15.77
  2017          74     0.01583  0.01571  0.50   83616    1313   82960  1254018  15.00
  2017          75     0.01754  0.01739  0.50   82303    1431   81587  1171059  14.23
  2017          76     0.02038  0.02017  0.50   80872    1631   80056  1089471  13.47
  2017          77     0.02351  0.02323  0.50   79240    1841   78320  1009415  12.74
  2017          78     0.02617  0.02584  0.50   77399    2000   76400   931095  12.03
  2017          79     0.02923  0.02880  0.50   75400    2172   74314   854696  11.34
  2017          80     0.03353  0.03298  0.50   73228    2415   72020   780382  10.66
  2017          81     0.03848  0.03776  0.50   70813    2674   69476   708361  10.00
  2017          82     0.04344  0.04252  0.50   68139    2897   66691   638885   9.38
  2017          83     0.04903  0.04786  0.50   65242    3122   63681   572194   8.77
  2017          84     0.05547  0.05397  0.50   62120    3353   60444   508513   8.19
  2017          85     0.06283  0.06091  0.50   58767    3580   56977   448070   7.62
  2017          86     0.07123  0.06878  0.50   55188    3796   53290   391092   7.09
  2017          87     0.08084  0.07770  0.50   51392    3993   49395   337803   6.57
  2017          88     0.09180  0.08777  0.50   47399    4160   45319   288408   6.08
  2017          89     0.10428  0.09912  0.50   43239    4286   41096   243089   5.62
  2017          90     0.11848  0.11185  0.50   38953    4357   36774   201993   5.19
  2017          91     0.13457  0.12608  0.50   34596    4362   32415   165219   4.78
  2017          92     0.15273  0.14190  0.50   30234    4290   28089   132804   4.39
  2017          93     0.17315  0.15935  0.50   25944    4134   23877   104715   4.04
  2017          94     0.19596  0.17847  0.50   21810    3892   19863    80838   3.71
  2017          95     0.22128  0.19923  0.50   17917    3570   16132    60975   3.40
  2017          96     0.24916  0.22155  0.50   14348    3179   12758    44842   3.13
  2017          97     0.27960  0.24531  0.50   11169    2740    9799    32084   2.87
  2017          98     0.31250  0.27027  0.50    8429    2278    7290    22285   2.64
  2017          99     0.34770  0.29620  0.50    6151    1822    5240    14995   2.44
  2017         100     0.38491  0.32278  0.50    4329    1397    3630     9755   2.25
  2017         101     0.42374  0.34965  0.50    2932    1025    2419     6125   2.09
  2017         102     0.46375  0.37646  0.50    1907     718    1548     3706   1.94
  2017         103     0.50443  0.40283  0.50    1189     479     949     2158   1.82
  2017         104     0.54520  0.42842  0.50     710     304     558     1209   1.70
  2017         105     0.58552  0.45292  0.50     406     184     314      651   1.60
  2017         106     0.62483  0.47609  0.50     222     106     169      337   1.52
  2017         107     0.66264  0.49773  0.50     116      58      87      168   1.44
  2017         108     0.69843  0.51766  0.50      58      30      43       81   1.38
  2017         109     0.73196  0.53585  0.50      28      15      21       37   1.32
  2017         110+    0.78339  1.00000  1.28      13      13      17       17   1.28
  2018           0     0.00144  0.00143  0.22  100000     143   99889  8467961  84.68
  2018           1     0.00009  0.00009  0.50   99857       9   99852  8368073  83.80
  2018           2     0.00009  0.00009  0.50   99847       9   99843  8268221  82.81
  2018           3     0.00015  0.00015  0.50   99839      15   99831  8168378  81.82
  2018           4     0.00021  0.00021  0.50   99823      21   99813  8068547  80.83
  2018           5     0.00017  0.00017  0.50   99802      17   99794  7968734  79.85
  2018           6     0.00008  0.00008  0.50   99785       8   99781  7868940  78.86
  2018           7     0.00002  0.00002  0.50   99777       2   99776  7769159  77.87
  2018           8     0.00002  0.00002  0.50   99775       2   99774  7669383  76.87
  2018           9     0.00005  0.00005  0.50   99773       5   99770  7569610  75.87
  2018          10     0.00006  0.00006  0.50   99768       6   99765  7469839  74.87
  2018          11     0.00005  0.00005  0.50   99762       5   99760  7370074  73.88
  2018          12     0.00003  0.00003  0.50   99757       3   99756  7270315  72.88
  2018          13     0.00002  0.00002  0.50   99754       2   99753  7170559  71.88
  2018          14     0.00006  0.00006  0.50   99752       6   99749  7070806  70.88
  2018          15     0.00015  0.00015  0.50   99747      15   99739  6971056  69.89
  2018          16     0.00023  0.00023  0.50   99732      23   99720  6871317  68.90
  2018          17     0.00026  0.00026  0.50   99708      26   99696  6771597  67.91
  2018          18     0.00029  0.00029  0.50   99683      29   99668  6671902  66.93
  2018          19     0.00039  0.00039  0.50   99654      38   99634  6572233  65.95
  2018          20     0.00043  0.00043  0.50   99615      43   99594  6472599  64.98
  2018          21     0.00044  0.00044  0.50   99572      44   99550  6373005  64.00
  2018          22     0.00045  0.00045  0.50   99528      45   99506  6273455  63.03
  2018          23     0.00041  0.00041  0.50   99484      41   99463  6173949  62.06
  2018          24     0.00032  0.00032  0.50   99443      32   99427  6074486  61.09
  2018          25     0.00026  0.00026  0.50   99411      26   99398  5975059  60.10
  2018          26     0.00026  0.00026  0.50   99385      26   99372  5875661  59.12
  2018          27     0.00029  0.00029  0.50   99359      29   99344  5776290  58.14
  2018          28     0.00037  0.00037  0.50   99330      37   99311  5676945  57.15
  2018          29     0.00046  0.00046  0.50   99293      45   99270  5577634  56.17
  2018          30     0.00046  0.00046  0.50   99248      46   99225  5478364  55.20
  2018          31     0.00040  0.00040  0.50   99202      39   99182  5379139  54.22
  2018          32     0.00033  0.00033  0.50   99163      33   99146  5279956  53.25
  2018          33     0.00035  0.00035  0.50   99130      35   99113  5180810  52.26
  2018          34     0.00050  0.00050  0.50   99095      50   99070  5081697  51.28
  2018          35     0.00064  0.00064  0.50   99045      63   99014  4982627  50.31
  2018          36     0.00063  0.00063  0.50   98982      62   98951  4883613  49.34
  2018          37     0.00062  0.00062  0.50   98920      61   98890  4784662  48.37
  2018          38     0.00064  0.00064  0.50   98859      63   98828  4685772  47.40
  2018          39     0.00067  0.00067  0.50   98796      66   98763  4586945  46.43
  2018          40     0.00072  0.00072  0.50   98730      71   98694  4488182  45.46
  2018          41     0.00076  0.00076  0.50   98659      75   98621  4389487  44.49
  2018          42     0.00080  0.00080  0.50   98584      79   98544  4290866  43.53
  2018          43     0.00084  0.00084  0.50   98505      83   98464  4192322  42.56
  2018          44     0.00092  0.00092  0.50   98422      91   98377  4093858  41.59
  2018          45     0.00110  0.00110  0.50   98331     108   98277  3995482  40.63
  2018          46     0.00134  0.00134  0.50   98223     132   98158  3897204  39.68
  2018          47     0.00141  0.00141  0.50   98092     138   98023  3799047  38.73
  2018          48     0.00150  0.00150  0.50   97954     147   97880  3701024  37.78
  2018          49     0.00186  0.00186  0.50   97807     182   97716  3603144  36.84
  2018          50     0.00226  0.00225  0.50   97625     220   97515  3505428  35.91
  2018          51     0.00242  0.00242  0.50   97405     235   97287  3407914  34.99
  2018          52     0.00237  0.00237  0.50   97169     230   97054  3310627  34.07
  2018          53     0.00227  0.00227  0.50   96939     220   96829  3213573  33.15
  2018          54     0.00238  0.00238  0.50   96719     230   96604  3116744  32.22
  2018          55     0.00275  0.00275  0.50   96489     265   96356  3020140  31.30
  2018          56     0.00332  0.00331  0.50   96224     319   96065  2923784  30.39
  2018          57     0.00388  0.00387  0.50   95905     371   95720  2827719  29.48
  2018          58     0.00420  0.00419  0.50   95534     401   95334  2732000  28.60
  2018          59     0.00426  0.00425  0.50   95134     405   94931  2636666  27.72
  2018          60     0.00434  0.00433  0.50   94729     410   94524  2541734  26.83
  2018          61     0.00469  0.00468  0.50   94319     442   94098  2447211  25.95
  2018          62     0.00523  0.00522  0.50   93877     490   93632  2353113  25.07
  2018          63     0.00582  0.00581  0.50   93387     542   93116  2259481  24.19
  2018          64     0.00644  0.00641  0.50   92845     596   92547  2166365  23.33
  2018          65     0.00708  0.00705  0.50   92249     651   91924  2073818  22.48
  2018          66     0.00772  0.00769  0.50   91598     705   91246  1981895  21.64
  2018          67     0.00833  0.00830  0.50   90894     754   90517  1890648  20.80
  2018          68     0.00892  0.00888  0.50   90139     800   89739  1800132  19.97
  2018          69     0.00967  0.00962  0.50   89339     860   88909  1710392  19.14
  2018          70     0.01082  0.01076  0.50   88480     952   88003  1621483  18.33
  2018          71     0.01244  0.01236  0.50   87527    1082   86986  1533480  17.52
  2018          72     0.01406  0.01397  0.50   86445    1207   85842  1446493  16.73
  2018          73     0.01527  0.01515  0.50   85238    1292   84592  1360651  15.96
  2018          74     0.01634  0.01621  0.50   83946    1361   83266  1276059  15.20
  2018          75     0.01762  0.01747  0.50   82586    1443   81864  1192793  14.44
  2018          76     0.01904  0.01886  0.50   81143    1531   80378  1110929  13.69
  2018          77     0.02084  0.02062  0.50   79612    1642   78792  1030551  12.94
  2018          78     0.02334  0.02307  0.50   77971    1798   77072   951760  12.21
  2018          79     0.02690  0.02654  0.50   76172    2022   75161   874688  11.48
  2018          80     0.03168  0.03119  0.50   74150    2313   72994   799527  10.78
  2018          81     0.03698  0.03631  0.50   71838    2608   70533   726533  10.11
  2018          82     0.04221  0.04134  0.50   69229    2862   67798   655999   9.48
  2018          83     0.04794  0.04682  0.50   66368    3107   64814   588201   8.86
  2018          84     0.05446  0.05302  0.50   63260    3354   61583   523387   8.27
  2018          85     0.06188  0.06003  0.50   59907    3596   58109   461804   7.71
  2018          86     0.07033  0.06794  0.50   56311    3826   54398   403695   7.17
  2018          87     0.07991  0.07684  0.50   52485    4033   50469   349297   6.66
  2018          88     0.09075  0.08681  0.50   48452    4206   46349   298829   6.17
  2018          89     0.10301  0.09797  0.50   44246    4335   42079   252480   5.71
  2018          90     0.11684  0.11039  0.50   39911    4406   37708   210401   5.27
  2018          91     0.13241  0.12418  0.50   35505    4409   33301   172693   4.86
  2018          92     0.14986  0.13941  0.50   31096    4335   28929   139392   4.48
  2018          93     0.16936  0.15614  0.50   26761    4178   24672   110463   4.13
  2018          94     0.19103  0.17438  0.50   22583    3938   20614    85792   3.80
  2018          95     0.21500  0.19413  0.50   18645    3620   16835    65178   3.50
  2018          96     0.24132  0.21534  0.50   15025    3235   13407    48343   3.22
  2018          97     0.27002  0.23790  0.50   11790    2805   10387    34936   2.96
  2018          98     0.30103  0.26164  0.50    8985    2351    7809    24548   2.73
  2018          99     0.33424  0.28638  0.50    6634    1900    5684    16739   2.52
  2018         100     0.36944  0.31183  0.50    4734    1476    3996    11055   2.34
  2018         101     0.40632  0.33771  0.50    3258    1100    2708     7059   2.17
  2018         102     0.44453  0.36369  0.50    2158     785    1765     4351   2.02
  2018         103     0.48362  0.38945  0.50    1373     535    1106     2586   1.88
  2018         104     0.52312  0.41466  0.50     838     348     664     1480   1.77
  2018         105     0.56249  0.43902  0.50     491     215     383      815   1.66
  2018         106     0.60122  0.46226  0.50     275     127     212      432   1.57
  2018         107     0.63875  0.48413  0.50     148      72     112      221   1.49
  2018         108     0.67470  0.50451  0.50      76      39      57      109   1.42
  2018         109     0.70890  0.52338  0.50      38      20      28       52   1.36
  2018         110+    0.76276  1.00000  1.31      18      18      24       24   1.31
  2019           0     0.00121  0.00120  0.23  100000     120   99907  8484402  84.84
  2019           1     0.00050  0.00050  0.50   99880      50   99854  8384496  83.95
  2019           2     0.00029  0.00029  0.50   99829      29   99815  8284641  82.99
  2019           3     0.00014  0.00014  0.50   99801      14   99793  8184826  82.01
  2019           4     0.00008  0.00008  0.50   99786       8   99782  8085033  81.02
  2019           5     0.00009  0.00009  0.50   99778       9   99774  7985250  80.03
  2019           6     0.00012  0.00012  0.50   99770      12   99764  7885477  79.04
  2019           7     0.00012  0.00012  0.50   99758      12   99752  7785713  78.05
  2019           8     0.00011  0.00011  0.50   99746      11   99740  7685961  77.06
  2019           9     0.00009  0.00009  0.50   99735       9   99730  7586220  76.06
  2019          10     0.00006  0.00006  0.50   99725       6   99722  7486490  75.07
  2019          11     0.00003  0.00003  0.50   99720       3   99718  7386768  74.08
  2019          12     0.00004  0.00004  0.50   99716       4   99714  7287050  73.08
  2019          13     0.00007  0.00007  0.50   99713       7   99709  7187335  72.08
  2019          14     0.00009  0.00009  0.50   99706       9   99701  7087626  71.09
  2019          15     0.00010  0.00010  0.50   99697      10   99692  6987925  70.09
  2019          16     0.00011  0.00011  0.50   99687      11   99681  6888233  69.10
  2019          17     0.00013  0.00013  0.50   99676      13   99669  6788551  68.11
  2019          18     0.00018  0.00018  0.50   99663      18   99654  6688882  67.12
  2019          19     0.00025  0.00025  0.50   99645      25   99633  6589228  66.13
  2019          20     0.00037  0.00037  0.50   99620      37   99602  6489595  65.14
  2019          21     0.00048  0.00048  0.50   99583      47   99560  6389993  64.17
  2019          22     0.00053  0.00053  0.50   99536      52   99510  6290434  63.20
  2019          23     0.00048  0.00048  0.50   99484      48   99460  6190924  62.23
  2019          24     0.00034  0.00034  0.50   99436      34   99419  6091464  61.26
  2019          25     0.00024  0.00024  0.50   99402      24   99390  5992045  60.28
  2019          26     0.00020  0.00020  0.50   99378      20   99368  5892656  59.30
  2019          27     0.00022  0.00022  0.50   99358      22   99347  5793288  58.31
  2019          28     0.00027  0.00026  0.50   99337      26   99323  5693940  57.32
  2019          29     0.00029  0.00029  0.50   99310      29   99296  5594617  56.33
  2019          30     0.00027  0.00027  0.50   99282      26   99268  5495321  55.35
  2019          31     0.00027  0.00027  0.50   99255      27   99242  5396052  54.37
  2019          32     0.00035  0.00035  0.50   99229      35   99211  5296810  53.38
  2019          33     0.00046  0.00046  0.50   99194      46   99171  5197599  52.40
  2019          34     0.00053  0.00053  0.50   99148      53   99122  5098428  51.42
  2019          35     0.00054  0.00054  0.50   99095      53   99068  4999306  50.45
  2019          36     0.00049  0.00049  0.50   99042      49   99017  4900238  49.48
  2019          37     0.00050  0.00050  0.50   98993      50   98968  4801220  48.50
  2019          38     0.00056  0.00056  0.50   98943      55   98916  4702252  47.52
  2019          39     0.00060  0.00060  0.50   98888      59   98859  4603336  46.55
  2019          40     0.00059  0.00059  0.50   98829      59   98800  4504477  45.58
  2019          41     0.00056  0.00056  0.50   98771      55   98743  4405677  44.61
  2019          42     0.00060  0.00060  0.50   98715      59   98686  4306935  43.63
  2019          43     0.00074  0.00074  0.50   98656      73   98620  4208249  42.66
  2019          44     0.00099  0.00098  0.50   98584      97   98535  4109629  41.69
  2019          45     0.00127  0.00127  0.50   98487     125   98424  4011094  40.73
  2019          46     0.00150  0.00150  0.50   98361     148   98287  3912670  39.78
  2019          47     0.00161  0.00161  0.50   98214     158   98134  3814382  38.84
  2019          48     0.00168  0.00168  0.50   98055     164   97973  3716248  37.90
  2019          49     0.00178  0.00178  0.50   97891     174   97803  3618275  36.96
  2019          50     0.00195  0.00195  0.50   97716     191   97621  3520472  36.03
  2019          51     0.00218  0.00218  0.50   97525     213   97419  3422851  35.10
  2019          52     0.00243  0.00243  0.50   97313     236   97195  3325432  34.17
  2019          53     0.00266  0.00266  0.50   97077     258   96948  3228237  33.25
  2019          54     0.00294  0.00293  0.50   96819     284   96677  3131290  32.34
  2019          55     0.00321  0.00321  0.50   96535     310   96380  3034613  31.44
  2019          56     0.00342  0.00342  0.50   96225     329   96061  2938233  30.53
  2019          57     0.00357  0.00357  0.50   95896     342   95725  2842173  29.64
  2019          58     0.00369  0.00368  0.50   95554     352   95378  2746447  28.74
  2019          59     0.00378  0.00377  0.50   95203     359   95023  2651069  27.85
  2019          60     0.00388  0.00387  0.50   94844     367   94660  2556046  26.95
  2019          61     0.00404  0.00403  0.50   94477     381   94286  2461386  26.05
  2019          62     0.00439  0.00438  0.50   94096     412   93890  2367099  25.16
  2019          63     0.00503  0.00501  0.50   93684     470   93449  2273209  24.26
  2019          64     0.00586  0.00585  0.50   93214     545   92942  2179760  23.38
  2019          65     0.00677  0.00675  0.50   92669     625   92357  2086818  22.52
  2019          66     0.00764  0.00761  0.50   92044     701   91694  1994462  21.67
  2019          67     0.00848  0.00845  0.50   91343     772   90957  1902768  20.83
  2019          68     0.00933  0.00928  0.50   90571     841   90151  1811811  20.00
  2019          69     0.01028  0.01022  0.50   89731     917   89272  1721660  19.19
  2019          70     0.01134  0.01127  0.50   88813    1001   88313  1632388  18.38
  2019          71     0.01219  0.01211  0.50   87812    1064   87280  1544075  17.58
  2019          72     0.01302  0.01294  0.50   86749    1122   86187  1456795  16.79
  2019          73     0.01412  0.01402  0.50   85626    1201   85026  1370607  16.01
  2019          74     0.01554  0.01542  0.50   84425    1302   83774  1285581  15.23
  2019          75     0.01723  0.01709  0.50   83123    1420   82413  1201807  14.46
  2019          76     0.01911  0.01893  0.50   81703    1547   80930  1119394  13.70
  2019          77     0.02148  0.02125  0.50   80156    1704   79305  1038464  12.96
  2019          78     0.02464  0.02434  0.50   78453    1910   77498   959160  12.23
  2019          79     0.02836  0.02796  0.50   76543    2140   75473   881662  11.52
  2019          80     0.03237  0.03186  0.50   74403    2370   73218   806188  10.84
  2019          81     0.03680  0.03613  0.50   72033    2603   70732   732970  10.18
  2019          82     0.04183  0.04097  0.50   69430    2845   68008   662239   9.54
  2019          83     0.04760  0.04649  0.50   66585    3096   65037   594231   8.92
  2019          84     0.05418  0.05275  0.50   63490    3349   61815   529194   8.34
  2019          85     0.06164  0.05979  0.50   60140    3596   58342   467379   7.77
  2019          86     0.07006  0.06769  0.50   56544    3827   54631   409036   7.23
  2019          87     0.07956  0.07651  0.50   52717    4034   50700   354405   6.72
  2019          88     0.09024  0.08635  0.50   48683    4204   46582   303705   6.24
  2019          89     0.10225  0.09727  0.50   44480    4327   42316   257124   5.78
  2019          90     0.11570  0.10938  0.50   40153    4392   37957   214807   5.35
  2019          91     0.13075  0.12273  0.50   35761    4389   33567   176850   4.95
  2019          92     0.14753  0.13739  0.50   31372    4310   29217   143283   4.57
  2019          93     0.16616  0.15341  0.50   27062    4152   24986   114066   4.21
  2019          94     0.18677  0.17082  0.50   22910    3914   20954    89080   3.89
  2019          95     0.20946  0.18961  0.50   18997    3602   17196    68126   3.59
  2019          96     0.23430  0.20973  0.50   15395    3229   13780    50930   3.31
  2019          97     0.26133  0.23113  0.50   12166    2812   10760    37150   3.05
  2019          98     0.29050  0.25365  0.50    9354    2373    8168    26390   2.82
  2019          99     0.32174  0.27716  0.50    6981    1935    6014    18222   2.61
  2019         100     0.35492  0.30143  0.50    5046    1521    4286    12208   2.42
  2019         101     0.38978  0.32621  0.50    3525    1150    2950     7922   2.25
  2019         102     0.42605  0.35123  0.50    2375     834    1958     4972   2.09
  2019         103     0.46336  0.37620  0.50    1541     580    1251     3013   1.96
  2019         104     0.50129  0.40082  0.50     961     385     769     1762   1.83
  2019         105     0.53936  0.42480  0.50     576     245     454      994   1.72
  2019         106     0.57707  0.44785  0.50     331     148     257      540   1.63
  2019         107     0.61395  0.46975  0.50     183      86     140      283   1.55
  2019         108     0.64974  0.49042  0.50      97      48      73      143   1.47
  2019         109     0.68437  0.50989  0.50      49      25      37       70   1.41
  2019         110+    0.74029  1.00000  1.35      24      24      33       33   1.35
  2020           0     0.00174  0.00174  0.22  100000     174   99864  8521508  85.22
  2020           1     0.00005  0.00005  0.50   99826       5   99824  8421644  84.36
  2020           2     0.00005  0.00005  0.50   99822       5   99819  8321820  83.37
  2020           3     0.00004  0.00004  0.50   99816       4   99815  8222001  82.37
  2020           4     0.00001  0.00001  0.50   99813       1   99812  8122186  81.37
  2020           5     0.00000  0.00000  0.50   99812       0   99812  8022374  80.38
  2020           6     0.00000  0.00000  0.50   99812       0   99812  7922563  79.38
  2020           7     0.00001  0.00001  0.50   99812       1   99811  7822751  78.38
  2020           8     0.00003  0.00003  0.50   99811       3   99809  7722940  77.38
  2020           9     0.00005  0.00005  0.50   99808       5   99805  7623131  76.38
  2020          10     0.00006  0.00006  0.50   99802       6   99799  7523326  75.38
  2020          11     0.00006  0.00006  0.50   99796       6   99793  7423526  74.39
  2020          12     0.00006  0.00006  0.50   99790       6   99787  7323733  73.39
  2020          13     0.00004  0.00004  0.50   99784       4   99782  7223946  72.40
  2020          14     0.00002  0.00002  0.50   99781       2   99780  7124164  71.40
  2020          15     0.00002  0.00002  0.50   99779       2   99778  7024384  70.40
  2020          16     0.00005  0.00005  0.50   99777       4   99775  6924606  69.40
  2020          17     0.00012  0.00012  0.50   99772      12   99767  6824832  68.40
  2020          18     0.00021  0.00021  0.50   99761      21   99750  6725065  67.41
  2020          19     0.00029  0.00029  0.50   99739      29   99725  6625315  66.43
  2020          20     0.00030  0.00030  0.50   99710      29   99695  6525591  65.45
  2020          21     0.00024  0.00024  0.50   99680      24   99668  6425896  64.46
  2020          22     0.00019  0.00019  0.50   99656      19   99646  6326227  63.48
  2020          23     0.00020  0.00020  0.50   99637      20   99627  6226581  62.49
  2020          24     0.00029  0.00029  0.50   99617      29   99603  6126954  61.51
  2020          25     0.00038  0.00038  0.50   99588      38   99569  6027351  60.52
  2020          26     0.00042  0.00042  0.50   99551      42   99529  5927782  59.55
  2020          27     0.00042  0.00042  0.50   99508      42   99487  5828253  58.57
  2020          28     0.00040  0.00040  0.50   99467      40   99447  5728765  57.59
  2020          29     0.00041  0.00041  0.50   99427      41   99406  5629319  56.62
  2020          30     0.00045  0.00045  0.50   99386      45   99363  5529912  55.64
  2020          31     0.00050  0.00050  0.50   99341      50   99316  5430549  54.67
  2020          32     0.00052  0.00052  0.50   99291      52   99265  5331233  53.69
  2020          33     0.00051  0.00051  0.50   99239      51   99214  5231967  52.72
  2020          34     0.00047  0.00047  0.50   99189      47   99165  5132753  51.75
  2020          35     0.00044  0.00044  0.50   99142      43   99120  5033588  50.77
  2020          36     0.00041  0.00041  0.50   99098      41   99078  4934468  49.79
  2020          37     0.00036  0.00036  0.50   99058      36   99040  4835390  48.81
  2020          38     0.00034  0.00034  0.50   99022      34   99005  4736351  47.83
  2020          39     0.00040  0.00040  0.50   98988      40   98968  4637346  46.85
  2020          40     0.00057  0.00057  0.50   98948      56   98920  4538377  45.87
  2020          41     0.00080  0.00080  0.50   98892      79   98853  4439457  44.89
  2020          42     0.00095  0.00095  0.50   98813      94   98766  4340605  43.93
  2020          43     0.00102  0.00102  0.50   98719     101   98668  4241839  42.97
  2020          44     0.00107  0.00107  0.50   98618     105   98565  4143170  42.01
  2020          45     0.00115  0.00114  0.50   98513     113   98456  4044605  41.06
  2020          46     0.00127  0.00127  0.50   98400     125   98337  3946149  40.10
  2020          47     0.00138  0.00138  0.50   98275     135   98207  3847811  39.15
  2020          48     0.00151  0.00151  0.50   98140     148   98065  3749604  38.21
  2020          49     0.00172  0.00171  0.50   97991     168   97907  3651539  37.26
  2020          50     0.00194  0.00194  0.50   97823     190   97728  3553632  36.33
  2020          51     0.00214  0.00214  0.50   97633     209   97529  3455904  35.40
  2020          52     0.00232  0.00232  0.50   97424     226   97311  3358375  34.47
  2020          53     0.00250  0.00250  0.50   97199     243   97077  3261063  33.55
  2020          54     0.00267  0.00267  0.50   96956     259   96826  3163986  32.63
  2020          55     0.00285  0.00285  0.50   96697     275   96559  3067160  31.72
  2020          56     0.00305  0.00304  0.50   96422     294   96275  2970600  30.81
  2020          57     0.00328  0.00328  0.50   96128     315   95971  2874325  29.90
  2020          58     0.00352  0.00352  0.50   95813     337   95645  2778355  29.00
  2020          59     0.00363  0.00363  0.50   95476     346   95303  2682710  28.10
  2020          60     0.00374  0.00373  0.50   95130     355   94952  2587408  27.20
  2020          61     0.00401  0.00400  0.50   94775     380   94585  2492455  26.30
  2020          62     0.00454  0.00453  0.50   94395     428   94181  2397871  25.40
  2020          63     0.00534  0.00533  0.50   93967     501   93717  2303690  24.52
  2020          64     0.00618  0.00616  0.50   93466     576   93178  2209973  23.64
  2020          65     0.00683  0.00681  0.50   92891     632   92575  2116794  22.79
  2020          66     0.00737  0.00734  0.50   92259     677   91920  2024220  21.94
  2020          67     0.00803  0.00800  0.50   91581     733   91215  1932300  21.10
  2020          68     0.00899  0.00895  0.50   90848     813   90442  1841085  20.27
  2020          69     0.01003  0.00998  0.50   90035     899   89586  1750644  19.44
  2020          70     0.01096  0.01090  0.50   89136     972   88651  1661058  18.63
  2020          71     0.01193  0.01186  0.50   88165    1046   87642  1572407  17.83
  2020          72     0.01296  0.01288  0.50   87119    1122   86558  1484766  17.04
  2020          73     0.01407  0.01397  0.50   85997    1202   85396  1398208  16.26
  2020          74     0.01552  0.01540  0.50   84795    1306   84142  1312812  15.48
  2020          75     0.01753  0.01737  0.50   83489    1451   82764  1228670  14.72
  2020          76     0.01997  0.01977  0.50   82039    1622   81228  1145906  13.97
  2020          77     0.02264  0.02239  0.50   80416    1800   79516  1064678  13.24
  2020          78     0.02537  0.02505  0.50   78616    1970   77631   985162  12.53
  2020          79     0.02821  0.02782  0.50   76646    2132   75580   907531  11.84
  2020          80     0.03131  0.03083  0.50   74514    2297   73366   831950  11.16
  2020          81     0.03500  0.03440  0.50   72217    2484   70975   758585  10.50
  2020          82     0.03955  0.03878  0.50   69733    2705   68381   687610   9.86
  2020          83     0.04488  0.04389  0.50   67028    2942   65557   619230   9.24
  2020          84     0.05097  0.04970  0.50   64086    3185   62494   553672   8.64
  2020          85     0.05786  0.05623  0.50   60901    3425   59189   491179   8.07
  2020          86     0.06565  0.06356  0.50   57477    3653   55650   431990   7.52
  2020          87     0.07444  0.07177  0.50   53823    3863   51892   376340   6.99
  2020          88     0.08436  0.08095  0.50   49961    4044   47939   324448   6.49
  2020          89     0.09555  0.09119  0.50   45916    4187   43823   276509   6.02
  2020          90     0.10814  0.10259  0.50   41729    4281   39589   232686   5.58
  2020          91     0.12228  0.11524  0.50   37448    4315   35290   193098   5.16
  2020          92     0.13812  0.12920  0.50   33133    4281   30992   157808   4.76
  2020          93     0.15580  0.14454  0.50   28852    4170   26767   126815   4.40
  2020          94     0.17544  0.16129  0.50   24682    3981   22691   100048   4.05
  2020          95     0.19717  0.17948  0.50   20701    3715   18843    77357   3.74
  2020          96     0.22107  0.19907  0.50   16985    3381   15295    58514   3.44
  2020          97     0.24720  0.22001  0.50   13604    2993   12108    43219   3.18
  2020          98     0.27554  0.24217  0.50   10611    2570    9326    31111   2.93
  2020          99     0.30604  0.26542  0.50    8041    2134    6974    21785   2.71
  2020         100     0.33857  0.28955  0.50    5907    1710    5052    14811   2.51
  2020         101     0.37293  0.31432  0.50    4197    1319    3537     9759   2.33
  2020         102     0.40884  0.33945  0.50    2878     977    2389     6222   2.16
  2020         103     0.44595  0.36464  0.50    1901     693    1554     3833   2.02
  2020         104     0.48386  0.38960  0.50    1208     471     972     2279   1.89
  2020         105     0.52210  0.41402  0.50     737     305     585     1306   1.77
  2020         106     0.56015  0.43759  0.50     432     189     337      722   1.67
  2020         107     0.59755  0.46009  0.50     243     112     187      384   1.58
  2020         108     0.63400  0.48139  0.50     131      63     100      197   1.50
  2020         109     0.66938  0.50153  0.50      68      34      51       98   1.43
  2020         110+    0.72756  1.00000  1.37      34      34      47       47   1.37
  2021           0     0.00216  0.00216  0.21  100000     216   99831  8482514  84.83
  2021           1     0.00001  0.00001  0.50   99784       1   99784  8382684  84.01
  2021           2     0.00004  0.00004  0.50   99784       4   99782  8282900  83.01
  2021           3     0.00004  0.00004  0.50   99780       4   99778  8183118  82.01
  2021           4     0.00004  0.00004  0.50   99776       4   99774  8083340  81.02
  2021           5     0.00003  0.00003  0.50   99772       3   99770  7983567  80.02
  2021           6     0.00003  0.00003  0.50   99768       3   99767  7883797  79.02
  2021           7     0.00004  0.00004  0.50   99765       4   99763  7784030  78.02
  2021           8     0.00003  0.00003  0.50   99761       3   99759  7684267  77.03
  2021           9     0.00002  0.00002  0.50   99758       2   99757  7584508  76.03
  2021          10     0.00003  0.00003  0.50   99755       3   99754  7484751  75.03
  2021          11     0.00004  0.00004  0.50   99752       4   99751  7384997  74.03
  2021          12     0.00003  0.00003  0.50   99749       3   99747  7285247  73.04
  2021          13     0.00003  0.00003  0.50   99746       3   99744  7185499  72.04
  2021          14     0.00005  0.00005  0.50   99742       5   99740  7085756  71.04
  2021          15     0.00008  0.00008  0.50   99737       8   99733  6986016  70.04
  2021          16     0.00013  0.00013  0.50   99729      13   99722  6886283  69.05
  2021          17     0.00020  0.00020  0.50   99716      20   99705  6786561  68.06
  2021          18     0.00029  0.00029  0.50   99695      29   99681  6686855  67.07
  2021          19     0.00038  0.00038  0.50   99666      38   99648  6587175  66.09
  2021          20     0.00043  0.00043  0.50   99629      43   99608  6487527  65.12
  2021          21     0.00042  0.00042  0.50   99586      41   99566  6387919  64.14
  2021          22     0.00034  0.00034  0.50   99545      33   99528  6288354  63.17
  2021          23     0.00027  0.00027  0.50   99511      27   99498  6188826  62.19
  2021          24     0.00029  0.00029  0.50   99485      28   99470  6089328  61.21
  2021          25     0.00035  0.00035  0.50   99456      35   99439  5989857  60.23
  2021          26     0.00044  0.00044  0.50   99422      44   99400  5890419  59.25
  2021          27     0.00057  0.00057  0.50   99378      56   99349  5791019  58.27
  2021          28     0.00068  0.00068  0.50   99321      68   99287  5691670  57.31
  2021          29     0.00074  0.00074  0.50   99253      73   99217  5592382  56.34
  2021          30     0.00068  0.00068  0.50   99180      68   99146  5493166  55.39
  2021          31     0.00058  0.00058  0.50   99112      57   99083  5394020  54.42
  2021          32     0.00051  0.00051  0.50   99055      50   99030  5294936  53.45
  2021          33     0.00052  0.00052  0.50   99005      51   98979  5195907  52.48
  2021          34     0.00062  0.00062  0.50   98953      61   98923  5096928  51.51
  2021          35     0.00070  0.00070  0.50   98893      69   98858  4998005  50.54
  2021          36     0.00067  0.00067  0.50   98824      67   98790  4899146  49.57
  2021          37     0.00065  0.00065  0.50   98757      65   98725  4800356  48.61
  2021          38     0.00072  0.00072  0.50   98692      71   98657  4701631  47.64
  2021          39     0.00088  0.00088  0.50   98622      87   98578  4602974  46.67
  2021          40     0.00099  0.00099  0.50   98535      97   98486  4504396  45.71
  2021          41     0.00092  0.00092  0.50   98437      90   98392  4405910  44.76
  2021          42     0.00086  0.00086  0.50   98347      84   98305  4307518  43.80
  2021          43     0.00086  0.00086  0.50   98263      84   98220  4209214  42.84
  2021          44     0.00092  0.00092  0.50   98178      90   98133  4110993  41.87
  2021          45     0.00104  0.00104  0.50   98088     102   98037  4012860  40.91
  2021          46     0.00121  0.00121  0.50   97986     119   97927  3914823  39.95
  2021          47     0.00138  0.00138  0.50   97867     135   97800  3816896  39.00
  2021          48     0.00151  0.00151  0.50   97732     148   97658  3719097  38.05
  2021          49     0.00160  0.00159  0.50   97584     156   97507  3621439  37.11
  2021          50     0.00168  0.00168  0.50   97429     163   97347  3523932  36.17
  2021          51     0.00181  0.00181  0.50   97265     176   97178  3426585  35.23
  2021          52     0.00199  0.00198  0.50   97090     193   96993  3329407  34.29
  2021          53     0.00220  0.00219  0.50   96897     213   96791  3232414  33.36
  2021          54     0.00242  0.00241  0.50   96685     233   96568  3135623  32.43
  2021          55     0.00259  0.00258  0.50   96451     249   96327  3039055  31.51
  2021          56     0.00269  0.00268  0.50   96202     258   96073  2942729  30.59
  2021          57     0.00282  0.00281  0.50   95944     270   95809  2846656  29.67
  2021          58     0.00310  0.00310  0.50   95674     296   95526  2750847  28.75
  2021          59     0.00353  0.00352  0.50   95378     336   95210  2655321  27.84
  2021          60     0.00403  0.00403  0.50   95042     383   94850  2560111  26.94
  2021          61     0.00455  0.00454  0.50   94659     430   94444  2465261  26.04
  2021          62     0.00510  0.00509  0.50   94229     479   93990  2370817  25.16
  2021          63     0.00570  0.00568  0.50   93750     532   93484  2276827  24.29
  2021          64     0.00629  0.00627  0.50   93218     584   92925  2183343  23.42
  2021          65     0.00682  0.00680  0.50   92633     630   92318  2090418  22.57
  2021          66     0.00739  0.00736  0.50   92003     678   91665  1998099  21.72
  2021          67     0.00807  0.00803  0.50   91326     734   90959  1906435  20.88
  2021          68     0.00891  0.00887  0.50   90592     803   90191  1815476  20.04
  2021          69     0.00991  0.00986  0.50   89789     886   89346  1725285  19.21
  2021          70     0.01108  0.01102  0.50   88903     980   88413  1635939  18.40
  2021          71     0.01243  0.01236  0.50   87923    1087   87380  1547526  17.60
  2021          72     0.01382  0.01373  0.50   86837    1192   86241  1460146  16.81
  2021          73     0.01513  0.01501  0.50   85645    1286   85002  1373905  16.04
  2021          74     0.01657  0.01643  0.50   84359    1386   83666  1288903  15.28
  2021          75     0.01835  0.01818  0.50   82973    1509   82219  1205237  14.53
  2021          76     0.02040  0.02019  0.50   81465    1645   80642  1123018  13.79
  2021          77     0.02281  0.02255  0.50   79819    1800   78919  1042376  13.06
  2021          78     0.02570  0.02538  0.50   78019    1980   77029   963456  12.35
  2021          79     0.02908  0.02867  0.50   76039    2180   74949   886427  11.66
  2021          80     0.03293  0.03239  0.50   73859    2393   72663   811478  10.99
  2021          81     0.03722  0.03654  0.50   71467    2611   70161   738815  10.34
  2021          82     0.04198  0.04112  0.50   68855    2831   67440   668653   9.71
  2021          83     0.04736  0.04627  0.50   66024    3055   64497   601214   9.11
  2021          84     0.05345  0.05206  0.50   62969    3278   61330   536717   8.52
  2021          85     0.06034  0.05857  0.50   59691    3496   57943   475387   7.96
  2021          86     0.06813  0.06588  0.50   56195    3702   54343   417444   7.43
  2021          87     0.07691  0.07406  0.50   52492    3888   50549   363101   6.92
  2021          88     0.08682  0.08321  0.50   48605    4044   46583   312552   6.43
  2021          89     0.09798  0.09340  0.50   44560    4162   42479   265970   5.97
  2021          90     0.11052  0.10473  0.50   40398    4231   38283   223490   5.53
  2021          91     0.12459  0.11728  0.50   36167    4242   34047   185207   5.12
  2021          92     0.14033  0.13113  0.50   31926    4186   29832   151161   4.73
  2021          93     0.15787  0.14632  0.50   27739    4059   25710   121328   4.37
  2021          94     0.17735  0.16290  0.50   23680    3858   21752    95619   4.04
  2021          95     0.19887  0.18088  0.50   19823    3586   18030    73867   3.73
  2021          96     0.22251  0.20023  0.50   16237    3251   14612    55837   3.44
  2021          97     0.24831  0.22089  0.50   12986    2868   11552    41225   3.17
  2021          98     0.27627  0.24274  0.50   10118    2456    8890    29674   2.93
  2021          99     0.30633  0.26564  0.50    7662    2035    6644    20784   2.71
  2021         100     0.33836  0.28940  0.50    5626    1628    4812    14140   2.51
  2021         101     0.37215  0.31377  0.50    3998    1254    3371     9328   2.33
  2021         102     0.40746  0.33850  0.50    2744     929    2279     5957   2.17
  2021         103     0.44395  0.36330  0.50    1815     659    1485     3678   2.03
  2021         104     0.48122  0.38789  0.50    1156     448     931     2193   1.90
  2021         105     0.51883  0.41196  0.50     707     291     562     1261   1.78
  2021         106     0.55630  0.43524  0.50     416     181     325      700   1.68
  2021         107     0.59317  0.45749  0.50     235     107     181      374   1.59
  2021         108     0.62918  0.47861  0.50     127      61      97      193   1.51
  2021         109     0.66421  0.49862  0.50      66      33      50       96   1.44
  2021         110+    0.72226  1.00000  1.38      33      33      46       46   1.38
  2022           0     0.00148  0.00148  0.22  100000     148   99884  8427133  84.27
  2022           1     0.00004  0.00004  0.50   99852       4   99850  8327249  83.40
  2022           2     0.00006  0.00006  0.50   99848       6   99845  8227399  82.40
  2022           3     0.00006  0.00006  0.50   99842       6   99839  8127555  81.40
  2022           4     0.00005  0.00005  0.50   99836       5   99834  8027716  80.41
  2022           5     0.00004  0.00004  0.50   99831       4   99829  7927882  79.41
  2022           6     0.00004  0.00004  0.50   99827       4   99825  7828053  78.42
  2022           7     0.00006  0.00006  0.50   99823       6   99820  7728228  77.42
  2022           8     0.00010  0.00010  0.50   99817      10   99812  7628409  76.42
  2022           9     0.00014  0.00014  0.50   99807      14   99800  7528597  75.43
  2022          10     0.00013  0.00013  0.50   99793      13   99786  7428797  74.44
  2022          11     0.00010  0.00010  0.50   99780      10   99774  7329011  73.45
  2022          12     0.00009  0.00009  0.50   99769       9   99764  7229236  72.46
  2022          13     0.00014  0.00014  0.50   99760      14   99753  7129472  71.47
  2022          14     0.00019  0.00019  0.50   99746      19   99737  7029719  70.48
  2022          15     0.00018  0.00018  0.50   99727      18   99718  6929982  69.49
  2022          16     0.00018  0.00018  0.50   99709      18   99700  6830264  68.50
  2022          17     0.00022  0.00022  0.50   99691      22   99680  6730564  67.51
  2022          18     0.00030  0.00030  0.50   99669      30   99654  6630884  66.53
  2022          19     0.00036  0.00036  0.50   99640      36   99622  6531229  65.55
  2022          20     0.00036  0.00036  0.50   99604      36   99586  6431608  64.57
  2022          21     0.00034  0.00034  0.50   99568      34   99551  6332022  63.60
  2022          22     0.00035  0.00034  0.50   99534      34   99517  6232471  62.62
  2022          23     0.00037  0.00037  0.50   99500      37   99481  6132954  61.64
  2022          24     0.00038  0.00038  0.50   99463      38   99444  6033473  60.66
  2022          25     0.00033  0.00033  0.50   99425      33   99409  5934029  59.68
  2022          26     0.00025  0.00025  0.50   99393      25   99380  5834620  58.70
  2022          27     0.00020  0.00020  0.50   99368      20   99358  5735239  57.72
  2022          28     0.00026  0.00026  0.50   99347      26   99334  5635882  56.73
  2022          29     0.00042  0.00042  0.50   99322      42   99301  5536547  55.74
  2022          30     0.00047  0.00047  0.50   99279      47   99256  5437247  54.77
  2022          31     0.00042  0.00042  0.50   99233      42   99212  5337991  53.79
  2022          32     0.00037  0.00037  0.50   99191      37   99173  5238779  52.81
  2022          33     0.00039  0.00039  0.50   99154      38   99135  5139606  51.83
  2022          34     0.00048  0.00048  0.50   99116      48   99092  5040471  50.85
  2022          35     0.00060  0.00060  0.50   99068      60   99038  4941380  49.88
  2022          36     0.00067  0.00067  0.50   99008      66   98975  4842342  48.91
  2022          37     0.00070  0.00070  0.50   98942      69   98908  4743367  47.94
  2022          38     0.00069  0.00069  0.50   98873      69   98839  4644459  46.97
  2022          39     0.00066  0.00066  0.50   98804      66   98772  4545621  46.01
  2022          40     0.00069  0.00069  0.50   98739      68   98705  4446849  45.04
  2022          41     0.00080  0.00080  0.50   98671      79   98632  4348144  44.07
  2022          42     0.00087  0.00086  0.50   98592      85   98550  4249512  43.10
  2022          43     0.00091  0.00091  0.50   98507      89   98462  4150963  42.14
  2022          44     0.00098  0.00098  0.50   98418      97   98369  4052500  41.18
  2022          45     0.00109  0.00109  0.50   98321     107   98267  3954131  40.22
  2022          46     0.00122  0.00122  0.50   98214     120   98154  3855864  39.26
  2022          47     0.00142  0.00142  0.50   98094     139   98024  3757710  38.31
  2022          48     0.00163  0.00163  0.50   97955     160   97875  3659686  37.36
  2022          49     0.00182  0.00182  0.50   97795     178   97706  3561811  36.42
  2022          50     0.00202  0.00202  0.50   97617     197   97519  3464105  35.49
  2022          51     0.00228  0.00227  0.50   97420     221   97310  3366586  34.56
  2022          52     0.00258  0.00257  0.50   97199     250   97074  3269276  33.63
  2022          53     0.00287  0.00287  0.50   96949     278   96810  3172203  32.72
  2022          54     0.00313  0.00312  0.50   96671     302   96520  3075393  31.81
  2022          55     0.00329  0.00328  0.50   96369     316   96211  2978873  30.91
  2022          56     0.00335  0.00334  0.50   96053     321   95892  2882662  30.01
  2022          57     0.00344  0.00344  0.50   95731     329   95567  2786770  29.11
  2022          58     0.00368  0.00368  0.50   95402     351   95227  2691203  28.21
  2022          59     0.00397  0.00396  0.50   95052     377   94863  2595976  27.31
  2022          60     0.00433  0.00432  0.50   94675     409   94471  2501113  26.42
  2022          61     0.00478  0.00477  0.50   94266     450   94041  2406643  25.53
  2022          62     0.00527  0.00526  0.50   93816     493   93570  2312601  24.65
  2022          63     0.00574  0.00572  0.50   93323     534   93056  2219032  23.78
  2022          64     0.00621  0.00619  0.50   92789     574   92502  2125976  22.91
  2022          65     0.00671  0.00668  0.50   92215     616   91907  2033474  22.05
  2022          66     0.00722  0.00719  0.50   91599     659   91269  1941567  21.20
  2022          67     0.00789  0.00786  0.50   90940     714   90583  1850298  20.35
  2022          68     0.00889  0.00885  0.50   90225     799   89826  1759715  19.50
  2022          69     0.01033  0.01027  0.50   89427     919   88968  1669889  18.67
  2022          70     0.01210  0.01203  0.50   88508    1065   87976  1580922  17.86
  2022          71     0.01363  0.01354  0.50   87443    1184   86851  1492946  17.07
  2022          72     0.01490  0.01479  0.50   86259    1276   85621  1406094  16.30
  2022          73     0.01613  0.01600  0.50   84983    1360   84304  1320473  15.54
  2022          74     0.01759  0.01744  0.50   83624    1458   82895  1236170  14.78
  2022          75     0.01963  0.01944  0.50   82165    1597   81367  1153275  14.04
  2022          76     0.02238  0.02213  0.50   80568    1783   79677  1071908  13.30
  2022          77     0.02511  0.02480  0.50   78785    1954   77808   992232  12.59
  2022          78     0.02725  0.02688  0.50   76832    2065   75799   914423  11.90
  2022          79     0.02969  0.02925  0.50   74766    2187   73673   838624  11.22
  2022          80     0.03341  0.03286  0.50   72579    2385   71387   764951  10.54
  2022          81     0.03823  0.03751  0.50   70195    2633   68878   693564   9.88
  2022          82     0.04377  0.04283  0.50   67561    2894   66114   624686   9.25
  2022          83     0.04994  0.04872  0.50   64667    3151   63092   558572   8.64
  2022          84     0.05685  0.05528  0.50   61517    3401   59817   495480   8.05
  2022          85     0.06467  0.06265  0.50   58116    3641   56296   435663   7.50
  2022          86     0.07355  0.07094  0.50   54475    3864   52543   379367   6.96
  2022          87     0.08363  0.08027  0.50   50611    4063   48580   326824   6.46
  2022          88     0.09506  0.09075  0.50   46548    4224   44436   278245   5.98
  2022          89     0.10800  0.10247  0.50   42324    4337   40156   233808   5.52
  2022          90     0.12260  0.11552  0.50   37987    4388   35793   193653   5.10
  2022          91     0.13904  0.13000  0.50   33599    4368   31415   157859   4.70
  2022          92     0.15747  0.14598  0.50   29231    4267   27097   126444   4.33
  2022          93     0.17806  0.16350  0.50   24964    4082   22923    99347   3.98
  2022          94     0.20091  0.18257  0.50   20882    3813   18976    76424   3.66
  2022          95     0.22615  0.20317  0.50   17070    3468   15336    57448   3.37
  2022          96     0.25380  0.22522  0.50   13602    3063   12070    42112   3.10
  2022          97     0.28387  0.24858  0.50   10538    2620    9229    30042   2.85
  2022          98     0.31625  0.27307  0.50    7919    2162    6838    20813   2.63
  2022          99     0.35079  0.29845  0.50    5756    1718    4897    13976   2.43
  2022         100     0.38724  0.32442  0.50    4038    1310    3383     9079   2.25
  2022         101     0.42523  0.35067  0.50    2728     957    2250     5695   2.09
  2022         102     0.46437  0.37687  0.50    1772     668    1438     3445   1.94
  2022         103     0.50417  0.40266  0.50    1104     444     882     2008   1.82
  2022         104     0.54410  0.42773  0.50     659     282     518     1126   1.71
  2022         105     0.58362  0.45179  0.50     377     170     292      608   1.61
  2022         106     0.62217  0.47454  0.50     207      98     158      316   1.53
  2022         107     0.65923  0.49580  0.50     109      54      82      158   1.45
  2022         108     0.69453  0.51551  0.50      55      28      41       76   1.39
  2022         109     0.72806  0.53376  0.50      27      14      19       35   1.33
  2022         110+    0.77933  1.00000  1.28      12      12      16       16   1.28
  2023           0     0.00225  0.00225  0.21  100000     225   99823  8424261  84.24
  2023           1     0.00013  0.00013  0.50   99775      13   99769  8324438  83.43
  2023           2     0.00033  0.00033  0.50   99762      33   99746  8224669  82.44
  2023           3     0.00025  0.00025  0.50   99730      24   99717  8124923  81.47
  2023           4     0.00012  0.00012  0.50   99705      12   99699  8025206  80.49
  2023           5     0.00016  0.00016  0.50   99694      16   99685  7925507  79.50
  2023           6     0.00024  0.00024  0.50   99677      23   99666  7825821  78.51
  2023           7     0.00018  0.00018  0.50   99654      18   99645  7726155  77.53
  2023           8     0.00014  0.00014  0.50   99636      14   99629  7626510  76.54
  2023           9     0.00010  0.00010  0.50   99622      10   99617  7526881  75.55
  2023          10     0.00003  0.00003  0.50   99612       3   99610  7427264  74.56
  2023          11     0.00003  0.00003  0.50   99609       3   99607  7327654  73.56
  2023          12     0.00016  0.00016  0.50   99606      16   99598  7228047  72.57
  2023          13     0.00017  0.00017  0.50   99590      17   99581  7128449  71.58
  2023          14     0.00009  0.00009  0.50   99573       9   99569  7028868  70.59
  2023          15     0.00005  0.00005  0.50   99564       5   99562  6929299  69.60
  2023          16     0.00004  0.00004  0.50   99559       4   99557  6829737  68.60
  2023          17     0.00006  0.00006  0.50   99556       6   99553  6730180  67.60
  2023          18     0.00020  0.00020  0.50   99550      20   99539  6630627  66.61
  2023          19     0.00044  0.00044  0.50   99529      44   99507  6531088  65.62
  2023          20     0.00039  0.00039  0.50   99486      39   99466  6431581  64.65
  2023          21     0.00024  0.00024  0.50   99447      24   99435  6332114  63.67
  2023          22     0.00026  0.00026  0.50   99423      26   99410  6232680  62.69
  2023          23     0.00042  0.00042  0.50   99397      42   99376  6133270  61.70
  2023          24     0.00056  0.00056  0.50   99356      56   99328  6033893  60.73
  2023          25     0.00046  0.00046  0.50   99300      46   99277  5934565  59.76
  2023          26     0.00033  0.00033  0.50   99254      32   99238  5835288  58.79
  2023          27     0.00036  0.00036  0.50   99222      36   99204  5736050  57.81
  2023          28     0.00038  0.00038  0.50   99186      38   99167  5636847  56.83
  2023          29     0.00025  0.00025  0.50   99148      25   99136  5537679  55.85
  2023          30     0.00023  0.00023  0.50   99124      22   99113  5438543  54.87
  2023          31     0.00026  0.00026  0.50   99101      26   99089  5339431  53.88
  2023          32     0.00024  0.00024  0.50   99076      24   99064  5240342  52.89
  2023          33     0.00032  0.00032  0.50   99052      32   99036  5141279  51.90
  2023          34     0.00060  0.00060  0.50   99020      60   98990  5042243  50.92
  2023          35     0.00077  0.00077  0.50   98960      76   98922  4943252  49.95
  2023          36     0.00061  0.00061  0.50   98884      60   98854  4844330  48.99
  2023          37     0.00061  0.00061  0.50   98824      60   98794  4745476  48.02
  2023          38     0.00073  0.00073  0.50   98764      72   98728  4646682  47.05
  2023          39     0.00080  0.00079  0.50   98692      78   98652  4547955  46.08
  2023          40     0.00076  0.00076  0.50   98613      75   98576  4449303  45.12
  2023          41     0.00071  0.00071  0.50   98538      70   98503  4350727  44.15
  2023          42     0.00092  0.00092  0.50   98468      90   98423  4252224  43.18
  2023          43     0.00114  0.00113  0.50   98378     112   98322  4153801  42.22
  2023          44     0.00109  0.00109  0.50   98266     107   98212  4055479  41.27
  2023          45     0.00110  0.00110  0.50   98159     108   98105  3957267  40.31
  2023          46     0.00139  0.00139  0.50   98051     136   97983  3859162  39.36
  2023          47     0.00149  0.00149  0.50   97915     145   97843  3761179  38.41
  2023          48     0.00152  0.00152  0.50   97770     148   97696  3663336  37.47
  2023          49     0.00171  0.00171  0.50   97622     167   97538  3565640  36.53
  2023          50     0.00191  0.00191  0.50   97454     186   97361  3468102  35.59
  2023          51     0.00196  0.00196  0.50   97268     190   97173  3370741  34.65
  2023          52     0.00202  0.00202  0.50   97078     196   96979  3273568  33.72
  2023          53     0.00229  0.00229  0.50   96881     222   96771  3176589  32.79
  2023          54     0.00267  0.00267  0.50   96660     258   96531  3079818  31.86
  2023          55     0.00313  0.00313  0.50   96402     301   96251  2983288  30.95
  2023          56     0.00358  0.00358  0.50   96100     344   95929  2887036  30.04
  2023          57     0.00369  0.00369  0.50   95757     353   95580  2791108  29.15
  2023          58     0.00343  0.00342  0.50   95404     327   95241  2695527  28.25
  2023          59     0.00381  0.00380  0.50   95077     361   94896  2600287  27.35
  2023          60     0.00440  0.00439  0.50   94716     416   94508  2505390  26.45
  2023          61     0.00458  0.00457  0.50   94300     431   94085  2410882  25.57
  2023          62     0.00477  0.00476  0.50   93870     447   93646  2316797  24.68
  2023          63     0.00552  0.00550  0.50   93423     514   93166  2223151  23.80
  2023          64     0.00678  0.00675  0.50   92909     628   92595  2129985  22.93
  2023          65     0.00805  0.00802  0.50   92282     740   91912  2037389  22.08
  2023          66     0.00813  0.00810  0.50   91542     741   91171  1945478  21.25
  2023          67     0.00787  0.00784  0.50   90801     712   90445  1854306  20.42
  2023          68     0.00846  0.00843  0.50   90089     759   89709  1763862  19.58
  2023          69     0.01002  0.00997  0.50   89329     890   88884  1674153  18.74
  2023          70     0.01204  0.01197  0.50   88439    1058   87910  1585268  17.92
  2023          71     0.01318  0.01310  0.50   87381    1144   86808  1497359  17.14
  2023          72     0.01411  0.01401  0.50   86236    1208   85632  1410550  16.36
  2023          73     0.01575  0.01562  0.50   85028    1329   84364  1324918  15.58
  2023          74     0.01774  0.01758  0.50   83700    1472   82964  1240554  14.82
  2023          75     0.01961  0.01942  0.50   82228    1597   81429  1157590  14.08
  2023          76     0.02161  0.02137  0.50   80631    1723   79769  1076161  13.35
  2023          77     0.02369  0.02342  0.50   78908    1848   77984   996391  12.63
  2023          78     0.02587  0.02554  0.50   77060    1968   76076   918408  11.92
  2023          79     0.02875  0.02834  0.50   75092    2128   74027   842332  11.22
  2023          80     0.03287  0.03233  0.50   72963    2359   71784   768305  10.53
  2023          81     0.03788  0.03717  0.50   70604    2625   69292   696521   9.87
  2023          82     0.04340  0.04248  0.50   67979    2888   66536   627229   9.23
  2023          83     0.04968  0.04848  0.50   65092    3155   63514   560693   8.61
  2023          84     0.05684  0.05527  0.50   61936    3423   60225   497179   8.03
  2023          85     0.06495  0.06291  0.50   58513    3681   56673   436954   7.47
  2023          86     0.07412  0.07147  0.50   54832    3919   52873   380282   6.94
  2023          87     0.08448  0.08106  0.50   50913    4127   48850   327409   6.43
  2023          88     0.09617  0.09176  0.50   46786    4293   44640   278559   5.95
  2023          89     0.10931  0.10364  0.50   42493    4404   40291   233919   5.50
  2023          90     0.12404  0.11680  0.50   38089    4449   35865   193628   5.08
  2023          91     0.14052  0.13129  0.50   33641    4417   31432   157763   4.69
  2023          92     0.15887  0.14718  0.50   29224    4301   27073   126330   4.32
  2023          93     0.17924  0.16449  0.50   24923    4100   22873    99257   3.98
  2023          94     0.20172  0.18324  0.50   20823    3816   18915    76384   3.67
  2023          95     0.22641  0.20339  0.50   17007    3459   15278    57469   3.38
  2023          96     0.25335  0.22486  0.50   13548    3047   12025    42191   3.11
  2023          97     0.28254  0.24757  0.50   10502    2600    9202    30166   2.87
  2023          98     0.31390  0.27131  0.50    7902    2144    6830    20964   2.65
  2023          99     0.34730  0.29591  0.50    5758    1704    4906    14134   2.45
  2023         100     0.38252  0.32111  0.50    4054    1302    3403     9228   2.28
  2023         101     0.41926  0.34660  0.50    2752     954    2275     5825   2.12
  2023         102     0.45716  0.37210  0.50    1798     669    1464     3550   1.97
  2023         103     0.49579  0.39730  0.50    1129     449     905     2086   1.85
  2023         104     0.53468  0.42189  0.50     681     287     537     1181   1.74
  2023         105     0.57332  0.44559  0.50     393     175     306      644   1.64
  2023         106     0.61127  0.46818  0.50     218     102     167      338   1.55
  2023         107     0.64807  0.48947  0.50     116      57      88      171   1.47
  2023         108     0.68320  0.50924  0.50      59      30      44       83   1.41
  2023         109     0.71635  0.52744  0.50      29      15      21       39   1.35
  2023         110+    0.76846  1.00000  1.30      14      14      18       18   1.30
