41.Saga.ken, Life tables (period 1x1), Total     Last modified:2025-04-30, ver.005_001 JMD(IPSS)

  Year          Age         mx       qx    ax      lx      dx      Lx       Tx     ex
  1947           0     0.11467  0.10660  0.34  100000   10660   92956  4763413  47.63
  1947           1     0.04286  0.04196  0.50   89340    3748   87466  4670457  52.28
  1947           2     0.02677  0.02642  0.50   85592    2261   84461  4582991  53.54
  1947           3     0.01531  0.01519  0.50   83331    1266   82698  4498529  53.98
  1947           4     0.00864  0.00860  0.50   82065     706   81712  4415832  53.81
  1947           5     0.00557  0.00555  0.50   81359     452   81133  4334120  53.27
  1947           6     0.00426  0.00426  0.50   80907     344   80735  4252987  52.57
  1947           7     0.00319  0.00318  0.50   80563     256   80435  4172252  51.79
  1947           8     0.00242  0.00242  0.50   80307     194   80210  4091817  50.95
  1947           9     0.00196  0.00196  0.50   80112     157   80034  4011608  50.07
  1947          10     0.00169  0.00169  0.50   79956     135   79888  3931573  49.17
  1947          11     0.00162  0.00162  0.50   79821     130   79756  3851685  48.25
  1947          12     0.00178  0.00178  0.50   79691     142   79620  3771929  47.33
  1947          13     0.00220  0.00220  0.50   79549     175   79462  3692309  46.42
  1947          14     0.00278  0.00277  0.50   79374     220   79264  3612847  45.52
  1947          15     0.00343  0.00343  0.50   79154     271   79019  3533583  44.64
  1947          16     0.00422  0.00421  0.50   78883     332   78717  3454564  43.79
  1947          17     0.00519  0.00518  0.50   78551     407   78348  3375847  42.98
  1947          18     0.00631  0.00629  0.50   78144     492   77898  3297500  42.20
  1947          19     0.00751  0.00748  0.50   77652     581   77362  3219601  41.46
  1947          20     0.00868  0.00864  0.50   77071     666   76738  3142240  40.77
  1947          21     0.00944  0.00940  0.50   76405     718   76046  3065502  40.12
  1947          22     0.00957  0.00953  0.50   75687     721   75326  2989456  39.50
  1947          23     0.00971  0.00967  0.50   74966     725   74604  2914129  38.87
  1947          24     0.01032  0.01027  0.50   74241     762   73860  2839525  38.25
  1947          25     0.01049  0.01044  0.50   73479     767   73096  2765665  37.64
  1947          26     0.01016  0.01011  0.50   72712     735   72345  2692570  37.03
  1947          27     0.00964  0.00959  0.50   71977     690   71632  2620225  36.40
  1947          28     0.00947  0.00943  0.50   71287     672   70951  2548593  35.75
  1947          29     0.00982  0.00977  0.50   70615     690   70270  2477642  35.09
  1947          30     0.00954  0.00950  0.50   69925     664   69593  2407373  34.43
  1947          31     0.00908  0.00904  0.50   69261     626   68948  2337780  33.75
  1947          32     0.00916  0.00911  0.50   68635     626   68322  2268832  33.06
  1947          33     0.00968  0.00963  0.50   68009     655   67681  2200511  32.36
  1947          34     0.01033  0.01027  0.50   67354     692   67008  2132829  31.67
  1947          35     0.01074  0.01068  0.50   66662     712   66306  2065821  30.99
  1947          36     0.01065  0.01059  0.50   65950     699   65601  1999515  30.32
  1947          37     0.01023  0.01018  0.50   65251     664   64919  1933915  29.64
  1947          38     0.00984  0.00979  0.50   64587     632   64271  1868996  28.94
  1947          39     0.00977  0.00973  0.50   63955     622   63644  1804725  28.22
  1947          40     0.01019  0.01014  0.50   63333     642   63012  1741081  27.49
  1947          41     0.01089  0.01083  0.50   62691     679   62351  1678069  26.77
  1947          42     0.01093  0.01087  0.50   62012     674   61675  1615718  26.05
  1947          43     0.01080  0.01074  0.50   61338     659   61009  1554043  25.34
  1947          44     0.01116  0.01110  0.50   60679     673   60343  1493034  24.61
  1947          45     0.01167  0.01160  0.50   60006     696   59658  1432692  23.88
  1947          46     0.01196  0.01189  0.50   59310     705   58957  1373034  23.15
  1947          47     0.01235  0.01227  0.50   58605     719   58245  1314077  22.42
  1947          48     0.01299  0.01291  0.50   57886     747   57512  1255832  21.70
  1947          49     0.01386  0.01377  0.50   57138     787   56745  1198320  20.97
  1947          50     0.01457  0.01446  0.50   56352     815   55944  1141575  20.26
  1947          51     0.01488  0.01477  0.50   55537     820   55127  1085630  19.55
  1947          52     0.01548  0.01536  0.50   54716     841   54296  1030504  18.83
  1947          53     0.01688  0.01674  0.50   53876     902   53425   976208  18.12
  1947          54     0.01825  0.01808  0.50   52974     958   52495   922783  17.42
  1947          55     0.01953  0.01934  0.50   52016    1006   51513   870288  16.73
  1947          56     0.02102  0.02080  0.50   51010    1061   50479   818775  16.05
  1947          57     0.02307  0.02281  0.50   49949    1139   49379   768296  15.38
  1947          58     0.02556  0.02524  0.50   48809    1232   48193   718917  14.73
  1947          59     0.02702  0.02666  0.50   47578    1268   46943   670724  14.10
  1947          60     0.02890  0.02849  0.50   46309    1319   45649   623780  13.47
  1947          61     0.03271  0.03218  0.50   44990    1448   44266   578131  12.85
  1947          62     0.03676  0.03610  0.50   43542    1572   42756   533865  12.26
  1947          63     0.03933  0.03858  0.50   41970    1619   41161   491109  11.70
  1947          64     0.04163  0.04078  0.50   40351    1646   39528   449949  11.15
  1947          65     0.04530  0.04429  0.50   38706    1714   37848   410420  10.60
  1947          66     0.05052  0.04928  0.50   36991    1823   36080   372572  10.07
  1947          67     0.05585  0.05433  0.50   35168    1911   34213   336492   9.57
  1947          68     0.06001  0.05826  0.50   33257    1938   32289   302280   9.09
  1947          69     0.06381  0.06184  0.50   31320    1937   30351   269991   8.62
  1947          70     0.06884  0.06655  0.50   29383    1955   28405   239640   8.16
  1947          71     0.07664  0.07381  0.50   27428    2024   26416   211234   7.70
  1947          72     0.08521  0.08173  0.50   25403    2076   24365   184819   7.28
  1947          73     0.09231  0.08824  0.50   23327    2058   22298   160453   6.88
  1947          74     0.09843  0.09381  0.50   21269    1995   20271   138155   6.50
  1947          75     0.10512  0.09987  0.50   19274    1925   18311   117884   6.12
  1947          76     0.11468  0.10846  0.50   17349    1882   16408    99573   5.74
  1947          77     0.12721  0.11960  0.50   15467    1850   14542    83165   5.38
  1947          78     0.14174  0.13236  0.50   13617    1802   12716    68622   5.04
  1947          79     0.15554  0.14432  0.50   11815    1705   10962    55906   4.73
  1947          80     0.16684  0.15399  0.50   10110    1557    9331    44944   4.45
  1947          81     0.17935  0.16459  0.50    8553    1408    7849    35613   4.16
  1947          82     0.19656  0.17897  0.50    7145    1279    6506    27764   3.89
  1947          83     0.21624  0.19514  0.50    5866    1145    5294    21258   3.62
  1947          84     0.23741  0.21222  0.50    4722    1002    4221    15964   3.38
  1947          85     0.25986  0.22998  0.50    3720     855    3292    11743   3.16
  1947          86     0.28358  0.24837  0.50    2864     711    2509     8451   2.95
  1947          87     0.30863  0.26737  0.50    2153     576    1865     5943   2.76
  1947          88     0.33499  0.28693  0.50    1577     453    1351     4078   2.59
  1947          89     0.36264  0.30698  0.50    1125     345     952     2727   2.42
  1947          90     0.39147  0.32739  0.50     779     255     652     1775   2.28
  1947          91     0.42140  0.34806  0.50     524     182     433     1123   2.14
  1947          92     0.45229  0.36887  0.50     342     126     279      690   2.02
  1947          93     0.48400  0.38969  0.50     216      84     174      411   1.91
  1947          94     0.51636  0.41040  0.50     132      54     105      237   1.80
  1947          95     0.54918  0.43087  0.50      78      33      61      133   1.71
  1947          96     0.58228  0.45098  0.50      44      20      34       72   1.62
  1947          97     0.61543  0.47061  0.50      24      11      19       38   1.55
  1947          98     0.64841  0.48966  0.50      13       6      10       19   1.48
  1947          99     0.68097  0.50800  0.50       7       3       5        9   1.41
  1947         100     0.71287  0.52555  0.50       3       2       2        4   1.36
  1947         101     0.74385  0.54219  0.50       2       1       1        2   1.31
  1947         102     0.77364  0.55785  0.50       1       0       1        1   1.26
  1947         103     0.80197  0.57243  0.50       0       0       0        0   1.22
  1947         104     0.82859  0.58587  0.50       0       0       0        0   1.18
  1947         105     0.85324  0.59809  0.50       0       0       0        0   1.15
  1947         106     0.87570  0.60903  0.50       0       0       0        0   1.13
  1947         107     0.89575  0.61866  0.50       0       0       0        0   1.10
  1947         108     0.91337  0.62702  0.50       0       0       0        0   1.09
  1947         109     0.92877  0.63424  0.50       0       0       0        0   1.07
  1947         110+    0.94756  1.00000  1.06       0       0       0        0   1.06
  1948           0     0.07704  0.07288  0.26  100000    7288   94608  5384807  53.85
  1948           1     0.01946  0.01927  0.50   92712    1786   91819  5290199  57.06
  1948           2     0.01497  0.01486  0.50   90925    1351   90250  5198380  57.17
  1948           3     0.01092  0.01086  0.50   89574     973   89087  5108131  57.03
  1948           4     0.00755  0.00752  0.50   88601     667   88268  5019043  56.65
  1948           5     0.00502  0.00501  0.50   87934     440   87714  4930776  56.07
  1948           6     0.00329  0.00329  0.50   87494     287   87350  4843062  55.35
  1948           7     0.00224  0.00224  0.50   87206     195   87109  4755711  54.53
  1948           8     0.00167  0.00167  0.50   87011     145   86939  4668603  53.66
  1948           9     0.00141  0.00141  0.50   86866     122   86805  4581664  52.74
  1948          10     0.00135  0.00135  0.50   86744     117   86685  4494859  51.82
  1948          11     0.00143  0.00143  0.50   86626     124   86564  4408174  50.89
  1948          12     0.00158  0.00158  0.50   86503     136   86434  4321610  49.96
  1948          13     0.00180  0.00180  0.50   86366     155   86289  4235176  49.04
  1948          14     0.00211  0.00211  0.50   86211     182   86120  4148887  48.12
  1948          15     0.00254  0.00254  0.50   86029     218   85920  4062767  47.23
  1948          16     0.00313  0.00313  0.50   85811     269   85677  3976846  46.34
  1948          17     0.00391  0.00391  0.50   85542     334   85375  3891170  45.49
  1948          18     0.00485  0.00484  0.50   85208     412   85002  3805794  44.66
  1948          19     0.00588  0.00586  0.50   84796     497   84548  3720792  43.88
  1948          20     0.00688  0.00686  0.50   84299     578   84010  3636245  43.14
  1948          21     0.00773  0.00771  0.50   83721     645   83398  3552235  42.43
  1948          22     0.00837  0.00834  0.50   83076     693   82730  3468836  41.76
  1948          23     0.00879  0.00875  0.50   82383     721   82023  3386107  41.10
  1948          24     0.00903  0.00899  0.50   81662     734   81295  3304084  40.46
  1948          25     0.00910  0.00906  0.50   80928     733   80562  3222789  39.82
  1948          26     0.00903  0.00899  0.50   80195     721   79834  3142227  39.18
  1948          27     0.00886  0.00882  0.50   79474     701   79123  3062393  38.53
  1948          28     0.00862  0.00858  0.50   78773     676   78435  2983269  37.87
  1948          29     0.00834  0.00830  0.50   78097     649   77773  2904834  37.20
  1948          30     0.00803  0.00800  0.50   77448     619   77139  2827062  36.50
  1948          31     0.00773  0.00770  0.50   76829     592   76533  2749923  35.79
  1948          32     0.00751  0.00748  0.50   76237     570   75952  2673390  35.07
  1948          33     0.00738  0.00735  0.50   75667     556   75389  2597437  34.33
  1948          34     0.00737  0.00734  0.50   75111     552   74835  2522048  33.58
  1948          35     0.00746  0.00743  0.50   74559     554   74282  2447213  32.82
  1948          36     0.00761  0.00758  0.50   74005     561   73725  2372931  32.06
  1948          37     0.00775  0.00772  0.50   73444     567   73161  2299206  31.31
  1948          38     0.00792  0.00788  0.50   72877     575   72590  2226045  30.55
  1948          39     0.00815  0.00812  0.50   72303     587   72009  2153455  29.78
  1948          40     0.00846  0.00842  0.50   71716     604   71414  2081445  29.02
  1948          41     0.00882  0.00879  0.50   71112     625   70799  2010032  28.27
  1948          42     0.00921  0.00917  0.50   70487     646   70164  1939232  27.51
  1948          43     0.00961  0.00956  0.50   69841     668   69507  1869068  26.76
  1948          44     0.01001  0.00996  0.50   69173     689   68829  1799561  26.02
  1948          45     0.01042  0.01037  0.50   68484     710   68129  1730732  25.27
  1948          46     0.01083  0.01078  0.50   67774     730   67409  1662603  24.53
  1948          47     0.01135  0.01129  0.50   67044     757   66665  1595195  23.79
  1948          48     0.01206  0.01199  0.50   66287     795   65890  1528529  23.06
  1948          49     0.01301  0.01292  0.50   65492     846   65069  1462640  22.33
  1948          50     0.01409  0.01399  0.50   64646     904   64194  1397571  21.62
  1948          51     0.01515  0.01504  0.50   63742     959   63262  1333377  20.92
  1948          52     0.01601  0.01588  0.50   62783     997   62285  1270114  20.23
  1948          53     0.01650  0.01636  0.50   61786    1011   61281  1207830  19.55
  1948          54     0.01673  0.01659  0.50   60775    1008   60271  1146549  18.87
  1948          55     0.01704  0.01690  0.50   59767    1010   59262  1086278  18.18
  1948          56     0.01775  0.01759  0.50   58757    1034   58240  1027016  17.48
  1948          57     0.01896  0.01878  0.50   57723    1084   57181   968775  16.78
  1948          58     0.02067  0.02045  0.50   56639    1159   56060   911594  16.09
  1948          59     0.02262  0.02237  0.50   55481    1241   54860   855534  15.42
  1948          60     0.02476  0.02446  0.50   54240    1327   53576   800674  14.76
  1948          61     0.02710  0.02674  0.50   52913    1415   52206   747097  14.12
  1948          62     0.02974  0.02931  0.50   51498    1509   50744   694891  13.49
  1948          63     0.03280  0.03227  0.50   49989    1613   49182   644148  12.89
  1948          64     0.03626  0.03561  0.50   48376    1723   47515   594965  12.30
  1948          65     0.04008  0.03930  0.50   46653    1833   45737   547451  11.73
  1948          66     0.04415  0.04320  0.50   44820    1936   43852   501714  11.19
  1948          67     0.04824  0.04711  0.50   42884    2020   41874   457862  10.68
  1948          68     0.05216  0.05083  0.50   40864    2077   39825   415988  10.18
  1948          69     0.05595  0.05442  0.50   38786    2111   37731   376163   9.70
  1948          70     0.05982  0.05808  0.50   36676    2130   35611   338432   9.23
  1948          71     0.06428  0.06228  0.50   34546    2152   33470   302822   8.77
  1948          72     0.06927  0.06695  0.50   32394    2169   31310   269352   8.31
  1948          73     0.07461  0.07193  0.50   30225    2174   29138   238043   7.88
  1948          74     0.08058  0.07746  0.50   28051    2173   26965   208904   7.45
  1948          75     0.08743  0.08377  0.50   25878    2168   24794   181940   7.03
  1948          76     0.09505  0.09074  0.50   23710    2151   22635   157145   6.63
  1948          77     0.10346  0.09837  0.50   21559    2121   20499   134511   6.24
  1948          78     0.11278  0.10676  0.50   19438    2075   18401   114012   5.87
  1948          79     0.12333  0.11616  0.50   17363    2017   16354    95611   5.51
  1948          80     0.13534  0.12676  0.50   15346    1945   14373    79257   5.16
  1948          81     0.14866  0.13837  0.50   13401    1854   12474    64884   4.84
  1948          82     0.16303  0.15074  0.50   11546    1740   10676    52410   4.54
  1948          83     0.17836  0.16376  0.50    9806    1606    9003    41734   4.26
  1948          84     0.19469  0.17742  0.50    8200    1455    7473    32731   3.99
  1948          85     0.21205  0.19172  0.50    6745    1293    6099    25258   3.74
  1948          86     0.23050  0.20668  0.50    5452    1127    4889    19160   3.51
  1948          87     0.25009  0.22229  0.50    4325     961    3844    14271   3.30
  1948          88     0.27084  0.23854  0.50    3364     802    2963    10427   3.10
  1948          89     0.29276  0.25537  0.50    2561     654    2234     7464   2.91
  1948          90     0.31580  0.27274  0.50    1907     520    1647     5230   2.74
  1948          91     0.33993  0.29054  0.50    1387     403    1186     3583   2.58
  1948          92     0.36506  0.30871  0.50     984     304     832     2397   2.44
  1948          93     0.39112  0.32715  0.50     680     223     569     1565   2.30
  1948          94     0.41800  0.34574  0.50     458     158     379      996   2.18
  1948          95     0.44558  0.36439  0.50     299     109     245      617   2.06
  1948          96     0.47372  0.38300  0.50     190      73     154      372   1.96
  1948          97     0.50229  0.40146  0.50     117      47      94      218   1.86
  1948          98     0.53111  0.41967  0.50      70      30      56      125   1.77
  1948          99     0.56001  0.43751  0.50      41      18      32       69   1.69
  1948         100     0.58881  0.45489  0.50      23      10      18       37   1.62
  1948         101     0.61729  0.47170  0.50      13       6      10       19   1.55
  1948         102     0.64523  0.48784  0.50       7       3       5       10   1.49
  1948         103     0.67241  0.50323  0.50       3       2       3        5   1.44
  1948         104     0.69864  0.51777  0.50       2       1       1        2   1.39
  1948         105     0.72373  0.53142  0.50       1       0       1        1   1.35
  1948         106     0.74761  0.54419  0.50       0       0       0        0   1.31
  1948         107     0.77027  0.55610  0.50       0       0       0        0   1.27
  1948         108     0.79192  0.56729  0.50       0       0       0        0   1.24
  1948         109     0.81282  0.57794  0.50       0       0       0        0   1.21
  1948         110+    0.84015  1.00000  1.19       0       0       0        0   1.19
  1949           0     0.07707  0.07291  0.26  100000    7291   94606  5550864  55.51
  1949           1     0.01725  0.01710  0.50   92709    1585   91916  5456258  58.85
  1949           2     0.01355  0.01346  0.50   91124    1227   90510  5364342  58.87
  1949           3     0.01017  0.01011  0.50   89897     909   89442  5273832  58.67
  1949           4     0.00727  0.00725  0.50   88988     645   88665  5184389  58.26
  1949           5     0.00500  0.00499  0.50   88343     441   88122  5095724  57.68
  1949           6     0.00333  0.00333  0.50   87902     292   87756  5007602  56.97
  1949           7     0.00220  0.00219  0.50   87610     192   87513  4919846  56.16
  1949           8     0.00149  0.00149  0.50   87417     130   87352  4832332  55.28
  1949           9     0.00111  0.00110  0.50   87287      96   87239  4744980  54.36
  1949          10     0.00096  0.00096  0.50   87191      84   87149  4657741  53.42
  1949          11     0.00099  0.00099  0.50   87107      86   87064  4570592  52.47
  1949          12     0.00115  0.00115  0.50   87021     100   86971  4483528  51.52
  1949          13     0.00143  0.00142  0.50   86921     124   86859  4396556  50.58
  1949          14     0.00180  0.00180  0.50   86797     156   86719  4309697  49.65
  1949          15     0.00228  0.00228  0.50   86641     197   86542  4222978  48.74
  1949          16     0.00283  0.00283  0.50   86444     245   86321  4136436  47.85
  1949          17     0.00345  0.00345  0.50   86199     297   86050  4050115  46.99
  1949          18     0.00412  0.00411  0.50   85902     353   85725  3964064  46.15
  1949          19     0.00479  0.00478  0.50   85549     409   85344  3878339  45.33
  1949          20     0.00545  0.00543  0.50   85140     462   84909  3792995  44.55
  1949          21     0.00606  0.00604  0.50   84678     511   84422  3708086  43.79
  1949          22     0.00661  0.00658  0.50   84166     554   83889  3623664  43.05
  1949          23     0.00706  0.00704  0.50   83612     589   83318  3539775  42.34
  1949          24     0.00740  0.00738  0.50   83023     612   82717  3456457  41.63
  1949          25     0.00759  0.00756  0.50   82411     623   82100  3373740  40.94
  1949          26     0.00761  0.00758  0.50   81788     620   81478  3291640  40.25
  1949          27     0.00748  0.00745  0.50   81168     605   80865  3210162  39.55
  1949          28     0.00725  0.00723  0.50   80563     582   80272  3129297  38.84
  1949          29     0.00702  0.00699  0.50   79981     559   79701  3049025  38.12
  1949          30     0.00686  0.00683  0.50   79422     543   79150  2969324  37.39
  1949          31     0.00677  0.00674  0.50   78879     532   78613  2890173  36.64
  1949          32     0.00673  0.00671  0.50   78347     525   78084  2811561  35.89
  1949          33     0.00673  0.00670  0.50   77821     522   77561  2733476  35.12
  1949          34     0.00675  0.00673  0.50   77300     520   77040  2655916  34.36
  1949          35     0.00680  0.00678  0.50   76780     521   76519  2578876  33.59
  1949          36     0.00688  0.00686  0.50   76259     523   75997  2502357  32.81
  1949          37     0.00703  0.00701  0.50   75736     531   75470  2426360  32.04
  1949          38     0.00724  0.00722  0.50   75205     543   74934  2350889  31.26
  1949          39     0.00750  0.00747  0.50   74662     558   74383  2275955  30.48
  1949          40     0.00779  0.00776  0.50   74104     575   73817  2201572  29.71
  1949          41     0.00810  0.00807  0.50   73529     593   73233  2127755  28.94
  1949          42     0.00840  0.00837  0.50   72936     610   72631  2054523  28.17
  1949          43     0.00866  0.00862  0.50   72326     624   72014  1981892  27.40
  1949          44     0.00888  0.00884  0.50   71702     634   71385  1909878  26.64
  1949          45     0.00914  0.00910  0.50   71068     647   70745  1838493  25.87
  1949          46     0.00955  0.00951  0.50   70421     670   70086  1767748  25.10
  1949          47     0.01010  0.01005  0.50   69752     701   69401  1697661  24.34
  1949          48     0.01070  0.01065  0.50   69051     735   68683  1628260  23.58
  1949          49     0.01131  0.01124  0.50   68316     768   67932  1559577  22.83
  1949          50     0.01193  0.01186  0.50   67548     801   67147  1491645  22.08
  1949          51     0.01261  0.01253  0.50   66747     836   66329  1424498  21.34
  1949          52     0.01334  0.01325  0.50   65910     873   65474  1358169  20.61
  1949          53     0.01413  0.01403  0.50   65037     912   64581  1292695  19.88
  1949          54     0.01501  0.01490  0.50   64125     956   63647  1228114  19.15
  1949          55     0.01604  0.01592  0.50   63169    1005   62666  1164467  18.43
  1949          56     0.01725  0.01710  0.50   62164    1063   61632  1101801  17.72
  1949          57     0.01864  0.01847  0.50   61101    1129   60536  1040169  17.02
  1949          58     0.02024  0.02004  0.50   59972    1202   59371   979632  16.33
  1949          59     0.02203  0.02179  0.50   58770    1281   58130   920261  15.66
  1949          60     0.02396  0.02368  0.50   57490    1361   56809   862131  15.00
  1949          61     0.02597  0.02564  0.50   56129    1439   55409   805322  14.35
  1949          62     0.02811  0.02772  0.50   54690    1516   53932   749913  13.71
  1949          63     0.03045  0.03000  0.50   53174    1595   52376   695981  13.09
  1949          64     0.03315  0.03261  0.50   51579    1682   50738   643605  12.48
  1949          65     0.03632  0.03567  0.50   49897    1780   49007   592867  11.88
  1949          66     0.03986  0.03908  0.50   48117    1881   47176   543860  11.30
  1949          67     0.04364  0.04271  0.50   46236    1975   45249   496684  10.74
  1949          68     0.04758  0.04648  0.50   44261    2057   43233   451435  10.20
  1949          69     0.05190  0.05059  0.50   42204    2135   41137   408202   9.67
  1949          70     0.05684  0.05527  0.50   40069    2214   38962   367066   9.16
  1949          71     0.06252  0.06063  0.50   37855    2295   36707   328104   8.67
  1949          72     0.06895  0.06665  0.50   35560    2370   34375   291396   8.19
  1949          73     0.07606  0.07327  0.50   33190    2432   31974   257022   7.74
  1949          74     0.08372  0.08036  0.50   30758    2472   29522   225048   7.32
  1949          75     0.09180  0.08777  0.50   28286    2483   27045   195526   6.91
  1949          76     0.10028  0.09549  0.50   25803    2464   24571   168482   6.53
  1949          77     0.10916  0.10351  0.50   23339    2416   22131   143910   6.17
  1949          78     0.11848  0.11185  0.50   20923    2340   19753   121779   5.82
  1949          79     0.12849  0.12073  0.50   18583    2244   17461   102026   5.49
  1949          80     0.13946  0.13037  0.50   16339    2130   15274    84565   5.18
  1949          81     0.15147  0.14081  0.50   14209    2001   13209    69290   4.88
  1949          82     0.16453  0.15202  0.50   12208    1856   11281    56081   4.59
  1949          83     0.17855  0.16392  0.50   10353    1697    9504    44801   4.33
  1949          84     0.19348  0.17641  0.50    8656    1527    7892    35297   4.08
  1949          85     0.20927  0.18945  0.50    7129    1350    6453    27405   3.84
  1949          86     0.22590  0.20297  0.50    5778    1173    5192    20951   3.63
  1949          87     0.24336  0.21696  0.50    4605     999    4106    15760   3.42
  1949          88     0.26165  0.23138  0.50    3606     834    3189    11654   3.23
  1949          89     0.28078  0.24621  0.50    2772     682    2431     8465   3.05
  1949          90     0.30074  0.26143  0.50    2089     546    1816     6034   2.89
  1949          91     0.32155  0.27701  0.50    1543     427    1329     4218   2.73
  1949          92     0.34318  0.29292  0.50    1116     327     952     2889   2.59
  1949          93     0.36565  0.30913  0.50     789     244     667     1936   2.45
  1949          94     0.38891  0.32560  0.50     545     177     456     1270   2.33
  1949          95     0.41296  0.34228  0.50     368     126     305      813   2.21
  1949          96     0.43774  0.35913  0.50     242      87     198      509   2.10
  1949          97     0.46321  0.37610  0.50     155      58     126      310   2.00
  1949          98     0.48930  0.39312  0.50      97      38      78      185   1.91
  1949          99     0.51595  0.41015  0.50      59      24      47      107   1.82
  1949         100     0.54306  0.42709  0.50      35      15      27       60   1.74
  1949         101     0.57053  0.44390  0.50      20       9      15       33   1.67
  1949         102     0.59822  0.46048  0.50      11       5       8       18   1.60
  1949         103     0.62600  0.47677  0.50       6       3       5        9   1.53
  1949         104     0.65374  0.49269  0.50       3       2       2        5   1.47
  1949         105     0.68129  0.50818  0.50       2       1       1        2   1.42
  1949         106     0.70856  0.52320  0.50       1       0       1        1   1.37
  1949         107     0.73547  0.53773  0.50       0       0       0        0   1.32
  1949         108     0.76205  0.55180  0.50       0       0       0        0   1.28
  1949         109     0.78836  0.56546  0.50       0       0       0        0   1.24
  1949         110+    0.82635  1.00000  1.21       0       0       0        0   1.21
  1950           0     0.06564  0.06248  0.23  100000    6248   95186  5795766  57.96
  1950           1     0.01371  0.01362  0.50   93752    1277   93113  5700579  60.81
  1950           2     0.01069  0.01064  0.50   92475     984   91983  5607466  60.64
  1950           3     0.00791  0.00788  0.50   91491     721   91131  5515483  60.28
  1950           4     0.00556  0.00554  0.50   90770     503   90519  5424353  59.76
  1950           5     0.00376  0.00375  0.50   90267     339   90098  5333834  59.09
  1950           6     0.00250  0.00250  0.50   89929     224   89816  5243736  58.31
  1950           7     0.00171  0.00171  0.50   89704     153   89628  5153920  57.45
  1950           8     0.00127  0.00127  0.50   89551     114   89494  5064292  56.55
  1950           9     0.00108  0.00108  0.50   89437      96   89389  4974798  55.62
  1950          10     0.00102  0.00102  0.50   89341      91   89295  4885409  54.68
  1950          11     0.00105  0.00105  0.50   89250      94   89203  4796113  53.74
  1950          12     0.00111  0.00111  0.50   89156      99   89106  4706911  52.79
  1950          13     0.00124  0.00124  0.50   89057     110   89002  4617804  51.85
  1950          14     0.00146  0.00146  0.50   88947     130   88882  4528803  50.92
  1950          15     0.00181  0.00181  0.50   88817     161   88736  4439921  49.99
  1950          16     0.00227  0.00227  0.50   88656     201   88556  4351184  49.08
  1950          17     0.00280  0.00279  0.50   88455     247   88332  4262629  48.19
  1950          18     0.00333  0.00333  0.50   88208     294   88061  4174297  47.32
  1950          19     0.00382  0.00382  0.50   87914     335   87747  4086236  46.48
  1950          20     0.00424  0.00423  0.50   87579     370   87394  3998489  45.66
  1950          21     0.00459  0.00458  0.50   87209     399   87009  3911096  44.85
  1950          22     0.00489  0.00488  0.50   86809     423   86597  3824087  44.05
  1950          23     0.00513  0.00512  0.50   86386     442   86165  3737489  43.27
  1950          24     0.00532  0.00530  0.50   85943     456   85715  3651325  42.49
  1950          25     0.00544  0.00542  0.50   85488     463   85256  3565609  41.71
  1950          26     0.00552  0.00551  0.50   85024     468   84790  3480354  40.93
  1950          27     0.00560  0.00559  0.50   84556     473   84320  3395564  40.16
  1950          28     0.00570  0.00569  0.50   84083     478   83844  3311244  39.38
  1950          29     0.00581  0.00580  0.50   83605     485   83363  3227400  38.60
  1950          30     0.00586  0.00584  0.50   83121     486   82878  3144037  37.82
  1950          31     0.00584  0.00582  0.50   82635     481   82395  3061159  37.04
  1950          32     0.00576  0.00575  0.50   82154     472   81918  2978764  36.26
  1950          33     0.00566  0.00565  0.50   81682     461   81452  2896846  35.46
  1950          34     0.00556  0.00555  0.50   81221     450   80996  2815394  34.66
  1950          35     0.00552  0.00550  0.50   80771     445   80548  2734399  33.85
  1950          36     0.00560  0.00558  0.50   80326     448   80102  2653850  33.04
  1950          37     0.00585  0.00583  0.50   79878     466   79645  2573749  32.22
  1950          38     0.00624  0.00622  0.50   79411     494   79165  2494104  31.41
  1950          39     0.00669  0.00667  0.50   78918     526   78655  2414939  30.60
  1950          40     0.00713  0.00711  0.50   78391     557   78113  2336285  29.80
  1950          41     0.00749  0.00746  0.50   77834     581   77544  2258172  29.01
  1950          42     0.00771  0.00768  0.50   77253     594   76957  2180628  28.23
  1950          43     0.00787  0.00784  0.50   76660     601   76359  2103672  27.44
  1950          44     0.00804  0.00800  0.50   76059     609   75754  2027312  26.65
  1950          45     0.00825  0.00821  0.50   75450     620   75140  1951558  25.87
  1950          46     0.00853  0.00849  0.50   74830     636   74513  1876418  25.08
  1950          47     0.00891  0.00887  0.50   74195     658   73866  1801905  24.29
  1950          48     0.00941  0.00936  0.50   73536     688   73192  1728040  23.50
  1950          49     0.01001  0.00996  0.50   72848     726   72485  1654847  22.72
  1950          50     0.01077  0.01072  0.50   72122     773   71736  1582362  21.94
  1950          51     0.01173  0.01166  0.50   71350     832   70934  1510626  21.17
  1950          52     0.01285  0.01276  0.50   70518     900   70068  1439693  20.42
  1950          53     0.01408  0.01398  0.50   69618     973   69131  1369625  19.67
  1950          54     0.01542  0.01530  0.50   68644    1050   68119  1300494  18.95
  1950          55     0.01686  0.01672  0.50   67594    1130   67029  1232375  18.23
  1950          56     0.01840  0.01823  0.50   66464    1212   65858  1165346  17.53
  1950          57     0.01998  0.01978  0.50   65252    1291   64607  1099488  16.85
  1950          58     0.02150  0.02127  0.50   63961    1360   63281  1034881  16.18
  1950          59     0.02286  0.02260  0.50   62601    1415   61894   971600  15.52
  1950          60     0.02424  0.02395  0.50   61186    1465   60453   909707  14.87
  1950          61     0.02586  0.02553  0.50   59721    1524   58958   849253  14.22
  1950          62     0.02780  0.02742  0.50   58196    1596   57398   790295  13.58
  1950          63     0.03015  0.02970  0.50   56600    1681   55760   732896  12.95
  1950          64     0.03294  0.03241  0.50   54919    1780   54029   677137  12.33
  1950          65     0.03619  0.03555  0.50   53140    1889   52195   623107  11.73
  1950          66     0.03979  0.03901  0.50   51250    1999   50251   570912  11.14
  1950          67     0.04376  0.04282  0.50   49251    2109   48197   520661  10.57
  1950          68     0.04812  0.04699  0.50   47142    2215   46035   472465  10.02
  1950          69     0.05279  0.05144  0.50   44927    2311   43771   426430   9.49
  1950          70     0.05775  0.05613  0.50   42616    2392   41420   382659   8.98
  1950          71     0.06329  0.06135  0.50   40224    2468   38990   341238   8.48
  1950          72     0.06927  0.06695  0.50   37756    2528   36492   302248   8.01
  1950          73     0.07550  0.07275  0.50   35229    2563   33947   265756   7.54
  1950          74     0.08208  0.07884  0.50   32666    2575   31378   231809   7.10
  1950          75     0.08925  0.08544  0.50   30090    2571   28805   200431   6.66
  1950          76     0.09746  0.09293  0.50   27519    2557   26241   171626   6.24
  1950          77     0.10710  0.10166  0.50   24962    2538   23693   145385   5.82
  1950          78     0.11850  0.11187  0.50   22425    2509   21170   121692   5.43
  1950          79     0.13169  0.12355  0.50   19916    2461   18686   100522   5.05
  1950          80     0.14665  0.13663  0.50   17455    2385   16263    81836   4.69
  1950          81     0.16343  0.15108  0.50   15070    2277   13932    65573   4.35
  1950          82     0.18205  0.16686  0.50   12793    2135   11726    51641   4.04
  1950          83     0.20250  0.18388  0.50   10659    1960    9679    39915   3.74
  1950          84     0.22469  0.20200  0.50    8699    1757    7820    30237   3.48
  1950          85     0.24853  0.22106  0.50    6942    1535    6174    22416   3.23
  1950          86     0.27391  0.24092  0.50    5407    1303    4756    16242   3.00
  1950          87     0.30070  0.26140  0.50    4104    1073    3568    11486   2.80
  1950          88     0.32878  0.28236  0.50    3032     856    2604     7918   2.61
  1950          89     0.35797  0.30363  0.50    2176     661    1845     5315   2.44
  1950          90     0.38810  0.32503  0.50    1515     492    1269     3470   2.29
  1950          91     0.41898  0.34641  0.50    1023     354     845     2201   2.15
  1950          92     0.45038  0.36760  0.50     668     246     546     1355   2.03
  1950          93     0.48209  0.38845  0.50     423     164     341      810   1.92
  1950          94     0.51387  0.40883  0.50     258     106     206      469   1.82
  1950          95     0.54550  0.42860  0.50     153      65     120      264   1.73
  1950          96     0.57675  0.44765  0.50      87      39      68      144   1.64
  1950          97     0.60741  0.46591  0.50      48      22      37       76   1.57
  1950          98     0.63728  0.48328  0.50      26      12      20       39   1.51
  1950          99     0.66617  0.49972  0.50      13       7      10       19   1.45
  1950         100     0.69392  0.51518  0.50       7       3       5        9   1.40
  1950         101     0.72039  0.52962  0.50       3       2       2        4   1.35
  1950         102     0.74543  0.54303  0.50       2       1       1        2   1.31
  1950         103     0.76898  0.55542  0.50       1       0       1        1   1.27
  1950         104     0.79095  0.56680  0.50       0       0       0        0   1.24
  1950         105     0.81135  0.57720  0.50       0       0       0        0   1.21
  1950         106     0.83026  0.58670  0.50       0       0       0        0   1.19
  1950         107     0.84781  0.59541  0.50       0       0       0        0   1.17
  1950         108     0.86428  0.60349  0.50       0       0       0        0   1.15
  1950         109     0.88003  0.61113  0.50       0       0       0        0   1.13
  1950         110+    0.89922  1.00000  1.11       0       0       0        0   1.11
  1951           0     0.06171  0.05888  0.22  100000    5888   95403  5913575  59.14
  1951           1     0.01531  0.01520  0.50   94112    1430   93397  5818172  61.82
  1951           2     0.01193  0.01186  0.50   92682    1099   92133  5724775  61.77
  1951           3     0.00927  0.00922  0.50   91583     845   91161  5632642  61.50
  1951           4     0.00680  0.00678  0.50   90738     615   90431  5541482  61.07
  1951           5     0.00435  0.00434  0.50   90123     391   89928  5451051  60.48
  1951           6     0.00253  0.00253  0.50   89733     227   89619  5361123  59.75
  1951           7     0.00179  0.00179  0.50   89506     160   89426  5271504  58.90
  1951           8     0.00126  0.00126  0.50   89346     113   89289  5182078  58.00
  1951           9     0.00091  0.00091  0.50   89233      81   89192  5092789  57.07
  1951          10     0.00089  0.00089  0.50   89151      80   89112  5003597  56.12
  1951          11     0.00104  0.00104  0.50   89072      93   89026  4914485  55.17
  1951          12     0.00116  0.00116  0.50   88979     103   88928  4825459  54.23
  1951          13     0.00127  0.00127  0.50   88876     113   88820  4736532  53.29
  1951          14     0.00144  0.00144  0.50   88763     128   88699  4647712  52.36
  1951          15     0.00171  0.00171  0.50   88635     152   88560  4559013  51.44
  1951          16     0.00202  0.00202  0.50   88484     179   88394  4470454  50.52
  1951          17     0.00233  0.00233  0.50   88305     205   88202  4382059  49.62
  1951          18     0.00273  0.00273  0.50   88100     240   87980  4293857  48.74
  1951          19     0.00323  0.00322  0.50   87860     283   87718  4205877  47.87
  1951          20     0.00345  0.00345  0.50   87577     302   87426  4118159  47.02
  1951          21     0.00361  0.00360  0.50   87275     314   87118  4030733  46.18
  1951          22     0.00394  0.00393  0.50   86960     342   86790  3943616  45.35
  1951          23     0.00428  0.00427  0.50   86619     370   86434  3856826  44.53
  1951          24     0.00444  0.00443  0.50   86249     382   86058  3770392  43.72
  1951          25     0.00455  0.00454  0.50   85867     389   85672  3684334  42.91
  1951          26     0.00462  0.00461  0.50   85477     394   85281  3598662  42.10
  1951          27     0.00465  0.00464  0.50   85084     395   84886  3513382  41.29
  1951          28     0.00473  0.00472  0.50   84689     400   84489  3428495  40.48
  1951          29     0.00488  0.00486  0.50   84289     410   84084  3344006  39.67
  1951          30     0.00486  0.00485  0.50   83879     407   83676  3259922  38.86
  1951          31     0.00476  0.00475  0.50   83473     396   83275  3176245  38.05
  1951          32     0.00473  0.00472  0.50   83076     392   82880  3092971  37.23
  1951          33     0.00476  0.00474  0.50   82685     392   82488  3010090  36.40
  1951          34     0.00483  0.00482  0.50   82292     396   82094  2927602  35.58
  1951          35     0.00499  0.00498  0.50   81896     407   81692  2845508  34.75
  1951          36     0.00524  0.00522  0.50   81488     426   81276  2763816  33.92
  1951          37     0.00542  0.00540  0.50   81063     438   80844  2682540  33.09
  1951          38     0.00552  0.00550  0.50   80625     444   80403  2601697  32.27
  1951          39     0.00559  0.00557  0.50   80181     447   79958  2521294  31.44
  1951          40     0.00571  0.00570  0.50   79734     454   79507  2441336  30.62
  1951          41     0.00591  0.00589  0.50   79280     467   79047  2361829  29.79
  1951          42     0.00603  0.00602  0.50   78813     474   78576  2282782  28.96
  1951          43     0.00620  0.00618  0.50   78339     484   78097  2204206  28.14
  1951          44     0.00655  0.00653  0.50   77855     508   77601  2126109  27.31
  1951          45     0.00700  0.00697  0.50   77347     539   77077  2048509  26.48
  1951          46     0.00751  0.00748  0.50   76807     575   76520  1971432  25.67
  1951          47     0.00828  0.00825  0.50   76233     629   75918  1894912  24.86
  1951          48     0.00908  0.00903  0.50   75604     683   75262  1818994  24.06
  1951          49     0.00963  0.00958  0.50   74921     718   74562  1743731  23.27
  1951          50     0.01011  0.01006  0.50   74203     746   73830  1669169  22.49
  1951          51     0.01076  0.01070  0.50   73457     786   73063  1595340  21.72
  1951          52     0.01166  0.01159  0.50   72670     842   72249  1522276  20.95
  1951          53     0.01277  0.01269  0.50   71828     912   71372  1450027  20.19
  1951          54     0.01397  0.01387  0.50   70917     984   70425  1378655  19.44
  1951          55     0.01539  0.01527  0.50   69933    1068   69399  1308230  18.71
  1951          56     0.01714  0.01699  0.50   68865    1170   68280  1238831  17.99
  1951          57     0.01889  0.01871  0.50   67695    1267   67061  1170551  17.29
  1951          58     0.02011  0.01991  0.50   66428    1323   65767  1103490  16.61
  1951          59     0.02037  0.02017  0.50   65105    1313   64449  1037723  15.94
  1951          60     0.02082  0.02060  0.50   63792    1314   63135   973274  15.26
  1951          61     0.02262  0.02236  0.50   62478    1397   61779   910139  14.57
  1951          62     0.02548  0.02516  0.50   61081    1537   60313   848359  13.89
  1951          63     0.02875  0.02835  0.50   59544    1688   58700   788047  13.23
  1951          64     0.03183  0.03133  0.50   57856    1812   56950   729347  12.61
  1951          65     0.03456  0.03397  0.50   56044    1904   55092   672397  12.00
  1951          66     0.03826  0.03754  0.50   54140    2032   53124   617305  11.40
  1951          67     0.04283  0.04193  0.50   52107    2185   51015   564181  10.83
  1951          68     0.04775  0.04663  0.50   49923    2328   48759   513166  10.28
  1951          69     0.05266  0.05131  0.50   47595    2442   46374   464407   9.76
  1951          70     0.05756  0.05595  0.50   45152    2526   43889   418034   9.26
  1951          71     0.06316  0.06123  0.50   42626    2610   41321   374144   8.78
  1951          72     0.06878  0.06649  0.50   40016    2661   38686   332823   8.32
  1951          73     0.07413  0.07148  0.50   37356    2670   36021   294137   7.87
  1951          74     0.08231  0.07906  0.50   34686    2742   33314   258116   7.44
  1951          75     0.09287  0.08875  0.50   31943    2835   30526   224802   7.04
  1951          76     0.09381  0.08961  0.50   29108    2608   27804   194276   6.67
  1951          77     0.09333  0.08917  0.50   26500    2363   25318   166472   6.28
  1951          78     0.10249  0.09749  0.50   24137    2353   22960   141153   5.85
  1951          79     0.11915  0.11245  0.50   21784    2450   20559   118193   5.43
  1951          80     0.13813  0.12921  0.50   19334    2498   18085    97634   5.05
  1951          81     0.15522  0.14404  0.50   16836    2425   15624    79549   4.72
  1951          82     0.16877  0.15564  0.50   14411    2243   13289    63925   4.44
  1951          83     0.18431  0.16876  0.50   12168    2053   11141    50636   4.16
  1951          84     0.20178  0.18329  0.50   10115    1854    9188    39495   3.90
  1951          85     0.21965  0.19792  0.50    8261    1635    7443    30307   3.67
  1951          86     0.23825  0.21289  0.50    6626    1411    5921    22864   3.45
  1951          87     0.25805  0.22856  0.50    5215    1192    4619    16943   3.25
  1951          88     0.27855  0.24450  0.50    4023     984    3531    12324   3.06
  1951          89     0.29966  0.26061  0.50    3040     792    2643     8793   2.89
  1951          90     0.32142  0.27692  0.50    2247     622    1936     6149   2.74
  1951          91     0.34369  0.29329  0.50    1625     477    1387     4213   2.59
  1951          92     0.36633  0.30962  0.50    1148     356     971     2826   2.46
  1951          93     0.38927  0.32585  0.50     793     258     664     1855   2.34
  1951          94     0.41243  0.34192  0.50     535     183     443     1192   2.23
  1951          95     0.43571  0.35777  0.50     352     126     289      749   2.13
  1951          96     0.45905  0.37335  0.50     226      84     184      460   2.04
  1951          97     0.48236  0.38863  0.50     142      55     114      276   1.95
  1951          98     0.50561  0.40358  0.50      87      35      69      162   1.87
  1951          99     0.52873  0.41818  0.50      52      22      41       93   1.80
  1951         100     0.55166  0.43240  0.50      30      13      24       52   1.73
  1951         101     0.57437  0.44622  0.50      17       8      13       28   1.67
  1951         102     0.59679  0.45964  0.50       9       4       7       15   1.61
  1951         103     0.61887  0.47263  0.50       5       2       4        8   1.56
  1951         104     0.64056  0.48517  0.50       3       1       2        4   1.51
  1951         105     0.66177  0.49724  0.50       1       1       1        2   1.47
  1951         106     0.68247  0.50884  0.50       1       0       1        1   1.43
  1951         107     0.70260  0.51995  0.50       0       0       0        0   1.39
  1951         108     0.72207  0.53053  0.50       0       0       0        0   1.36
  1951         109     0.74080  0.54057  0.50       0       0       0        0   1.33
  1951         110+    0.77166  1.00000  1.30       0       0       0        0   1.30
  1952           0     0.05453  0.05226  0.20  100000    5226   95842  6130035  61.30
  1952           1     0.01141  0.01135  0.50   94774    1075   94236  6034193  63.67
  1952           2     0.01019  0.01013  0.50   93699     950   93224  5939957  63.39
  1952           3     0.00772  0.00769  0.50   92749     713   92392  5846733  63.04
  1952           4     0.00502  0.00501  0.50   92036     461   91805  5754341  62.52
  1952           5     0.00331  0.00330  0.50   91575     302   91423  5662535  61.84
  1952           6     0.00235  0.00234  0.50   91272     214   91165  5571112  61.04
  1952           7     0.00165  0.00165  0.50   91058     150   90983  5479947  60.18
  1952           8     0.00116  0.00116  0.50   90908     105   90855  5388964  59.28
  1952           9     0.00085  0.00085  0.50   90803      77   90764  5298108  58.35
  1952          10     0.00070  0.00070  0.50   90726      63   90694  5207344  57.40
  1952          11     0.00066  0.00066  0.50   90662      60   90633  5116650  56.44
  1952          12     0.00071  0.00071  0.50   90603      64   90571  5026018  55.47
  1952          13     0.00082  0.00082  0.50   90539      74   90502  4935447  54.51
  1952          14     0.00102  0.00102  0.50   90464      92   90418  4844945  53.56
  1952          15     0.00131  0.00131  0.50   90372     118   90313  4754527  52.61
  1952          16     0.00165  0.00165  0.50   90254     149   90179  4664214  51.68
  1952          17     0.00201  0.00201  0.50   90105     181   90014  4574035  50.76
  1952          18     0.00234  0.00233  0.50   89924     210   89819  4484021  49.86
  1952          19     0.00258  0.00258  0.50   89714     231   89598  4394202  48.98
  1952          20     0.00275  0.00275  0.50   89482     246   89359  4304604  48.11
  1952          21     0.00288  0.00287  0.50   89237     257   89108  4215245  47.24
  1952          22     0.00301  0.00301  0.50   88980     268   88846  4126137  46.37
  1952          23     0.00316  0.00315  0.50   88712     280   88573  4037291  45.51
  1952          24     0.00330  0.00329  0.50   88433     291   88287  3948718  44.65
  1952          25     0.00338  0.00337  0.50   88141     297   87993  3860431  43.80
  1952          26     0.00343  0.00343  0.50   87844     301   87694  3772438  42.94
  1952          27     0.00351  0.00350  0.50   87543     307   87390  3684745  42.09
  1952          28     0.00362  0.00362  0.50   87236     315   87079  3597355  41.24
  1952          29     0.00376  0.00376  0.50   86921     327   86758  3510276  40.38
  1952          30     0.00392  0.00391  0.50   86594     339   86425  3423519  39.54
  1952          31     0.00406  0.00405  0.50   86256     349   86081  3337094  38.69
  1952          32     0.00414  0.00413  0.50   85906     355   85729  3251013  37.84
  1952          33     0.00418  0.00417  0.50   85552     357   85373  3165284  37.00
  1952          34     0.00421  0.00420  0.50   85195     358   85016  3079911  36.15
  1952          35     0.00428  0.00427  0.50   84837     362   84656  2994895  35.30
  1952          36     0.00442  0.00441  0.50   84475     372   84289  2910239  34.45
  1952          37     0.00457  0.00456  0.50   84102     383   83911  2825950  33.60
  1952          38     0.00477  0.00476  0.50   83719     399   83520  2742039  32.75
  1952          39     0.00509  0.00508  0.50   83320     423   83109  2658520  31.91
  1952          40     0.00547  0.00546  0.50   82897     452   82671  2575411  31.07
  1952          41     0.00585  0.00583  0.50   82445     481   82205  2492740  30.24
  1952          42     0.00613  0.00611  0.50   81964     501   81714  2410535  29.41
  1952          43     0.00634  0.00632  0.50   81464     515   81206  2328821  28.59
  1952          44     0.00656  0.00653  0.50   80949     529   80684  2247614  27.77
  1952          45     0.00683  0.00681  0.50   80420     548   80146  2166930  26.95
  1952          46     0.00722  0.00720  0.50   79872     575   79585  2086784  26.13
  1952          47     0.00768  0.00765  0.50   79297     607   78994  2007199  25.31
  1952          48     0.00821  0.00818  0.50   78690     644   78369  1928206  24.50
  1952          49     0.00880  0.00876  0.50   78047     684   77705  1849837  23.70
  1952          50     0.00939  0.00935  0.50   77363     723   77002  1772132  22.91
  1952          51     0.00998  0.00993  0.50   76640     761   76259  1695130  22.12
  1952          52     0.01070  0.01064  0.50   75879     808   75475  1618871  21.34
  1952          53     0.01163  0.01156  0.50   75071     868   74637  1543396  20.56
  1952          54     0.01259  0.01251  0.50   74203     928   73739  1468759  19.79
  1952          55     0.01378  0.01368  0.50   73275    1002   72774  1395020  19.04
  1952          56     0.01542  0.01530  0.50   72272    1106   71719  1322246  18.30
  1952          57     0.01747  0.01732  0.50   71166    1233   70550  1250527  17.57
  1952          58     0.01954  0.01936  0.50   69934    1354   69257  1179977  16.87
  1952          59     0.02071  0.02050  0.50   68580    1406   67877  1110720  16.20
  1952          60     0.02149  0.02127  0.50   67174    1428   66460  1042842  15.52
  1952          61     0.02273  0.02247  0.50   65746    1477   65007   976382  14.85
  1952          62     0.02492  0.02462  0.50   64268    1582   63477   911375  14.18
  1952          63     0.02819  0.02779  0.50   62686    1742   61815   847898  13.53
  1952          64     0.03139  0.03091  0.50   60944    1884   60002   786083  12.90
  1952          65     0.03369  0.03313  0.50   59060    1957   58082   726081  12.29
  1952          66     0.03625  0.03560  0.50   57104    2033   56087   667999  11.70
  1952          67     0.03958  0.03881  0.50   55071    2137   54002   611912  11.11
  1952          68     0.04383  0.04289  0.50   52933    2270   51798   557910  10.54
  1952          69     0.04876  0.04760  0.50   50663    2412   49457   506111   9.99
  1952          70     0.05403  0.05261  0.50   48251    2539   46982   456654   9.46
  1952          71     0.05925  0.05754  0.50   45713    2630   44398   409672   8.96
  1952          72     0.06482  0.06279  0.50   43083    2705   41730   365274   8.48
  1952          73     0.07120  0.06875  0.50   40378    2776   38990   323544   8.01
  1952          74     0.07813  0.07519  0.50   37601    2827   36188   284555   7.57
  1952          75     0.08487  0.08142  0.50   34774    2831   33359   248367   7.14
  1952          76     0.09028  0.08638  0.50   31943    2759   30563   215008   6.73
  1952          77     0.09579  0.09141  0.50   29184    2668   27850   184445   6.32
  1952          78     0.10374  0.09862  0.50   26516    2615   25209   156595   5.91
  1952          79     0.11722  0.11073  0.50   23901    2647   22578   131386   5.50
  1952          80     0.13744  0.12860  0.50   21254    2733   19888   108808   5.12
  1952          81     0.15717  0.14572  0.50   18521    2699   17172    88921   4.80
  1952          82     0.17058  0.15717  0.50   15822    2487   14579    71749   4.53
  1952          83     0.18373  0.16827  0.50   13335    2244   12213    57170   4.29
  1952          84     0.19812  0.18026  0.50   11091    1999   10092    44957   4.05
  1952          85     0.21333  0.19277  0.50    9092    1753    8216    34865   3.83
  1952          86     0.22922  0.20565  0.50    7339    1509    6585    26649   3.63
  1952          87     0.24573  0.21885  0.50    5830    1276    5192    20064   3.44
  1952          88     0.26276  0.23225  0.50    4554    1058    4025    14872   3.27
  1952          89     0.28026  0.24581  0.50    3496     859    3067    10847   3.10
  1952          90     0.29818  0.25949  0.50    2637     684    2295     7780   2.95
  1952          91     0.31652  0.27327  0.50    1953     534    1686     5485   2.81
  1952          92     0.33526  0.28713  0.50    1419     407    1215     3799   2.68
  1952          93     0.35442  0.30107  0.50    1012     305     859     2584   2.55
  1952          94     0.37404  0.31511  0.50     707     223     596     1725   2.44
  1952          95     0.39414  0.32926  0.50     484     159     405     1129   2.33
  1952          96     0.41474  0.34351  0.50     325     112     269      724   2.23
  1952          97     0.43582  0.35784  0.50     213      76     175      455   2.14
  1952          98     0.45734  0.37222  0.50     137      51     111      280   2.05
  1952          99     0.47922  0.38659  0.50      86      33      69      169   1.96
  1952         100     0.50136  0.40087  0.50      53      21      42      100   1.89
  1952         101     0.52365  0.41499  0.50      32      13      25       57   1.82
  1952         102     0.54596  0.42888  0.50      18       8      15       32   1.75
  1952         103     0.56817  0.44247  0.50      11       5       8       18   1.69
  1952         104     0.59018  0.45570  0.50       6       3       5       10   1.63
  1952         105     0.61187  0.46853  0.50       3       2       2        5   1.58
  1952         106     0.63315  0.48091  0.50       2       1       1        3   1.53
  1952         107     0.65393  0.49280  0.50       1       0       1        1   1.49
  1952         108     0.67412  0.50418  0.50       0       0       0        1   1.45
  1952         109     0.69367  0.51504  0.50       0       0       0        0   1.41
  1952         110+    0.72749  1.00000  1.37       0       0       0        0   1.37
  1953           0     0.05210  0.05002  0.20  100000    5002   96010  6192925  61.93
  1953           1     0.00953  0.00949  0.50   94998     901   94548  6096914  64.18
  1953           2     0.00801  0.00798  0.50   94097     751   93721  6002367  63.79
  1953           3     0.00632  0.00630  0.50   93346     588   93052  5908645  63.30
  1953           4     0.00460  0.00459  0.50   92758     426   92545  5815593  62.70
  1953           5     0.00312  0.00311  0.50   92332     287   92188  5723048  61.98
  1953           6     0.00198  0.00198  0.50   92045     182   91954  5630860  61.18
  1953           7     0.00126  0.00126  0.50   91863     115   91805  5538906  60.30
  1953           8     0.00088  0.00088  0.50   91748      81   91707  5447101  59.37
  1953           9     0.00074  0.00074  0.50   91667      68   91633  5355394  58.42
  1953          10     0.00075  0.00075  0.50   91599      69   91564  5263761  57.47
  1953          11     0.00083  0.00083  0.50   91530      76   91492  5172197  56.51
  1953          12     0.00092  0.00092  0.50   91454      84   91412  5080705  55.55
  1953          13     0.00101  0.00101  0.50   91370      92   91324  4989293  54.61
  1953          14     0.00111  0.00111  0.50   91278     101   91227  4897969  53.66
  1953          15     0.00125  0.00125  0.50   91177     114   91120  4806742  52.72
  1953          16     0.00146  0.00146  0.50   91063     133   90997  4715622  51.78
  1953          17     0.00175  0.00175  0.50   90930     159   90851  4624626  50.86
  1953          18     0.00209  0.00209  0.50   90771     190   90677  4533775  49.95
  1953          19     0.00245  0.00245  0.50   90582     222   90471  4443098  49.05
  1953          20     0.00280  0.00280  0.50   90360     253   90233  4352628  48.17
  1953          21     0.00309  0.00309  0.50   90107     278   89968  4262394  47.30
  1953          22     0.00330  0.00329  0.50   89829     296   89681  4172426  46.45
  1953          23     0.00340  0.00340  0.50   89533     304   89381  4082745  45.60
  1953          24     0.00342  0.00342  0.50   89229     305   89077  3993364  44.75
  1953          25     0.00339  0.00338  0.50   88924     301   88774  3904288  43.91
  1953          26     0.00333  0.00332  0.50   88623     294   88476  3815514  43.05
  1953          27     0.00327  0.00327  0.50   88329     288   88185  3727038  42.19
  1953          28     0.00324  0.00323  0.50   88041     285   87898  3638853  41.33
  1953          29     0.00323  0.00323  0.50   87756     283   87615  3550955  40.46
  1953          30     0.00325  0.00324  0.50   87473     284   87331  3463340  39.59
  1953          31     0.00330  0.00329  0.50   87189     287   87046  3376009  38.72
  1953          32     0.00339  0.00339  0.50   86903     294   86755  3288963  37.85
  1953          33     0.00353  0.00352  0.50   86608     305   86456  3202208  36.97
  1953          34     0.00367  0.00367  0.50   86303     316   86145  3115752  36.10
  1953          35     0.00385  0.00384  0.50   85987     330   85822  3029607  35.23
  1953          36     0.00406  0.00406  0.50   85657     347   85483  2943785  34.37
  1953          37     0.00434  0.00433  0.50   85310     370   85125  2858301  33.51
  1953          38     0.00466  0.00465  0.50   84940     395   84743  2773177  32.65
  1953          39     0.00497  0.00496  0.50   84545     420   84336  2688434  31.80
  1953          40     0.00528  0.00526  0.50   84126     443   83904  2604098  30.95
  1953          41     0.00555  0.00554  0.50   83683     463   83451  2520194  30.12
  1953          42     0.00579  0.00577  0.50   83220     480   82980  2436743  29.28
  1953          43     0.00599  0.00597  0.50   82740     494   82493  2353763  28.45
  1953          44     0.00616  0.00614  0.50   82246     505   81993  2271270  27.62
  1953          45     0.00634  0.00632  0.50   81741     517   81483  2189277  26.78
  1953          46     0.00660  0.00658  0.50   81224     535   80957  2107794  25.95
  1953          47     0.00702  0.00700  0.50   80689     564   80407  2026837  25.12
  1953          48     0.00762  0.00759  0.50   80125     608   79821  1946430  24.29
  1953          49     0.00840  0.00836  0.50   79517     665   79185  1866609  23.47
  1953          50     0.00931  0.00926  0.50   78852     730   78487  1787425  22.67
  1953          51     0.01030  0.01024  0.50   78122     800   77722  1708938  21.88
  1953          52     0.01133  0.01126  0.50   77321     871   76886  1631216  21.10
  1953          53     0.01238  0.01230  0.50   76450     941   75980  1554330  20.33
  1953          54     0.01349  0.01340  0.50   75510    1012   75004  1478350  19.58
  1953          55     0.01466  0.01456  0.50   74498    1085   73956  1403346  18.84
  1953          56     0.01593  0.01580  0.50   73414    1160   72834  1329390  18.11
  1953          57     0.01731  0.01716  0.50   72254    1240   71634  1256557  17.39
  1953          58     0.01878  0.01861  0.50   71014    1322   70353  1184923  16.69
  1953          59     0.02010  0.01990  0.50   69692    1387   68998  1114570  15.99
  1953          60     0.02136  0.02114  0.50   68305    1444   67583  1045572  15.31
  1953          61     0.02279  0.02253  0.50   66861    1507   66108   977989  14.63
  1953          62     0.02475  0.02445  0.50   65354    1598   64555   911881  13.95
  1953          63     0.02753  0.02715  0.50   63757    1731   62891   847326  13.29
  1953          64     0.03088  0.03041  0.50   62025    1886   61082   784435  12.65
  1953          65     0.03442  0.03384  0.50   60139    2035   59122   723353  12.03
  1953          66     0.03784  0.03714  0.50   58104    2158   57025   664231  11.43
  1953          67     0.04139  0.04055  0.50   55946    2269   54812   607205  10.85
  1953          68     0.04542  0.04441  0.50   53678    2384   52486   552393  10.29
  1953          69     0.04995  0.04874  0.50   51294    2500   50044   499907   9.75
  1953          70     0.05492  0.05345  0.50   48794    2608   47490   449863   9.22
  1953          71     0.06016  0.05841  0.50   46186    2698   44837   402373   8.71
  1953          72     0.06568  0.06359  0.50   43488    2766   42106   357536   8.22
  1953          73     0.07156  0.06908  0.50   40723    2813   39316   315430   7.75
  1953          74     0.07806  0.07512  0.50   37910    2848   36486   276114   7.28
  1953          75     0.08547  0.08197  0.50   35062    2874   33625   239629   6.83
  1953          76     0.09395  0.08974  0.50   32188    2888   30743   206004   6.40
  1953          77     0.10360  0.09850  0.50   29299    2886   27856   175260   5.98
  1953          78     0.11469  0.10847  0.50   26413    2865   24981   147404   5.58
  1953          79     0.12816  0.12045  0.50   23548    2836   22130   122423   5.20
  1953          80     0.14456  0.13482  0.50   20712    2792   19316   100293   4.84
  1953          81     0.16226  0.15008  0.50   17920    2689   16575    80977   4.52
  1953          82     0.17959  0.16479  0.50   15230    2510   13975    64403   4.23
  1953          83     0.19689  0.17924  0.50   12720    2280   11580    50427   3.96
  1953          84     0.21461  0.19382  0.50   10440    2024    9429    38847   3.72
  1953          85     0.23310  0.20877  0.50    8417    1757    7538    29418   3.50
  1953          86     0.25252  0.22421  0.50    6660    1493    5913    21880   3.29
  1953          87     0.27298  0.24019  0.50    5167    1241    4546    15967   3.09
  1953          88     0.29447  0.25668  0.50    3926    1008    3422    11421   2.91
  1953          89     0.31699  0.27362  0.50    2918     798    2519     7999   2.74
  1953          90     0.34051  0.29097  0.50    2120     617    1811     5480   2.59
  1953          91     0.36500  0.30867  0.50    1503     464    1271     3669   2.44
  1953          92     0.39040  0.32664  0.50    1039     339     869     2398   2.31
  1953          93     0.41663  0.34480  0.50     700     241     579     1529   2.19
  1953          94     0.44356  0.36304  0.50     458     166     375      950   2.07
  1953          95     0.47105  0.38125  0.50     292     111     236      575   1.97
  1953          96     0.49890  0.39929  0.50     181      72     145      339   1.87
  1953          97     0.52690  0.41704  0.50     109      45      86      194   1.79
  1953          98     0.55485  0.43435  0.50      63      27      50      108   1.71
  1953          99     0.58252  0.45113  0.50      36      16      28       59   1.64
  1953         100     0.60972  0.46727  0.50      20       9      15       31   1.57
  1953         101     0.63627  0.48271  0.50      10       5       8       16   1.52
  1953         102     0.66201  0.49738  0.50       5       3       4        8   1.46
  1953         103     0.68682  0.51125  0.50       3       1       2        4   1.42
  1953         104     0.71058  0.52430  0.50       1       1       1        2   1.37
  1953         105     0.73319  0.53651  0.50       1       0       0        1   1.33
  1953         106     0.75458  0.54787  0.50       0       0       0        0   1.30
  1953         107     0.77473  0.55842  0.50       0       0       0        0   1.27
  1953         108     0.79375  0.56823  0.50       0       0       0        0   1.24
  1953         109     0.81185  0.57745  0.50       0       0       0        0   1.22
  1953         110+    0.83846  1.00000  1.19       0       0       0        0   1.19
  1954           0     0.04667  0.04498  0.20  100000    4498   96381  6286954  62.87
  1954           1     0.00966  0.00961  0.50   95502     918   95043  6190573  64.82
  1954           2     0.00785  0.00782  0.50   94584     739   94215  6095530  64.45
  1954           3     0.00606  0.00604  0.50   93845     567   93561  6001315  63.95
  1954           4     0.00443  0.00442  0.50   93278     412   93071  5907754  63.34
  1954           5     0.00307  0.00307  0.50   92865     285   92723  5814683  62.61
  1954           6     0.00204  0.00204  0.50   92580     189   92486  5721960  61.81
  1954           7     0.00135  0.00134  0.50   92391     124   92329  5629474  60.93
  1954           8     0.00094  0.00094  0.50   92267      87   92224  5537145  60.01
  1954           9     0.00074  0.00074  0.50   92181      69   92146  5444921  59.07
  1954          10     0.00069  0.00069  0.50   92112      64   92080  5352775  58.11
  1954          11     0.00072  0.00072  0.50   92048      66   92015  5260695  57.15
  1954          12     0.00077  0.00077  0.50   91982      71   91947  5168680  56.19
  1954          13     0.00084  0.00084  0.50   91911      77   91872  5076733  55.24
  1954          14     0.00095  0.00095  0.50   91834      87   91790  4984860  54.28
  1954          15     0.00110  0.00110  0.50   91747     101   91696  4893070  53.33
  1954          16     0.00132  0.00132  0.50   91646     121   91585  4801374  52.39
  1954          17     0.00161  0.00161  0.50   91525     148   91451  4709788  51.46
  1954          18     0.00194  0.00194  0.50   91377     177   91288  4618338  50.54
  1954          19     0.00228  0.00227  0.50   91200     207   91096  4527049  49.64
  1954          20     0.00259  0.00258  0.50   90992     235   90875  4435954  48.75
  1954          21     0.00286  0.00286  0.50   90757     260   90627  4345079  47.88
  1954          22     0.00311  0.00310  0.50   90498     281   90357  4254452  47.01
  1954          23     0.00330  0.00330  0.50   90217     298   90068  4164094  46.16
  1954          24     0.00345  0.00345  0.50   89919     310   89764  4074026  45.31
  1954          25     0.00355  0.00355  0.50   89610     318   89451  3984262  44.46
  1954          26     0.00361  0.00360  0.50   89292     322   89131  3894811  43.62
  1954          27     0.00363  0.00362  0.50   88970     322   88809  3805680  42.77
  1954          28     0.00361  0.00361  0.50   88648     320   88488  3716871  41.93
  1954          29     0.00358  0.00358  0.50   88328     316   88170  3628383  41.08
  1954          30     0.00355  0.00354  0.50   88012     312   87857  3540212  40.22
  1954          31     0.00352  0.00351  0.50   87701     308   87547  3452356  39.37
  1954          32     0.00350  0.00350  0.50   87392     306   87240  3364809  38.50
  1954          33     0.00350  0.00349  0.50   87087     304   86935  3277569  37.64
  1954          34     0.00352  0.00351  0.50   86783     305   86630  3190635  36.77
  1954          35     0.00357  0.00356  0.50   86478     308   86324  3104004  35.89
  1954          36     0.00367  0.00366  0.50   86170     316   86012  3017680  35.02
  1954          37     0.00384  0.00383  0.50   85854     329   85690  2931668  34.15
  1954          38     0.00406  0.00405  0.50   85526     346   85352  2845979  33.28
  1954          39     0.00432  0.00431  0.50   85179     367   84996  2760626  32.41
  1954          40     0.00462  0.00461  0.50   84812     391   84616  2675631  31.55
  1954          41     0.00496  0.00495  0.50   84421     418   84212  2591014  30.69
  1954          42     0.00535  0.00534  0.50   84003     449   83779  2506802  29.84
  1954          43     0.00578  0.00576  0.50   83555     481   83314  2423023  29.00
  1954          44     0.00620  0.00618  0.50   83073     514   82817  2339709  28.16
  1954          45     0.00664  0.00662  0.50   82560     547   82286  2256893  27.34
  1954          46     0.00712  0.00710  0.50   82013     582   81722  2174607  26.52
  1954          47     0.00769  0.00766  0.50   81431     624   81119  2092885  25.70
  1954          48     0.00835  0.00831  0.50   80807     672   80471  2011766  24.90
  1954          49     0.00908  0.00904  0.50   80135     724   79773  1931295  24.10
  1954          50     0.00982  0.00978  0.50   79411     776   79023  1851521  23.32
  1954          51     0.01055  0.01049  0.50   78635     825   78222  1772498  22.54
  1954          52     0.01121  0.01115  0.50   77810     867   77376  1694276  21.77
  1954          53     0.01181  0.01174  0.50   76942     903   76491  1616900  21.01
  1954          54     0.01237  0.01230  0.50   76039     935   75572  1540409  20.26
  1954          55     0.01305  0.01297  0.50   75104     974   74617  1464837  19.50
  1954          56     0.01400  0.01390  0.50   74130    1031   73615  1390220  18.75
  1954          57     0.01527  0.01516  0.50   73100    1108   72546  1316605  18.01
  1954          58     0.01687  0.01673  0.50   71992    1204   71390  1244059  17.28
  1954          59     0.01869  0.01851  0.50   70787    1311   70132  1172669  16.57
  1954          60     0.02058  0.02037  0.50   69477    1415   68769  1102537  15.87
  1954          61     0.02246  0.02221  0.50   68061    1512   67305  1033768  15.19
  1954          62     0.02435  0.02406  0.50   66549    1601   65749   966463  14.52
  1954          63     0.02634  0.02599  0.50   64948    1688   64104   900714  13.87
  1954          64     0.02861  0.02821  0.50   63260    1784   62368   836610  13.22
  1954          65     0.03131  0.03082  0.50   61476    1895   60528   774242  12.59
  1954          66     0.03425  0.03367  0.50   59581    2006   58578   713714  11.98
  1954          67     0.03750  0.03681  0.50   57575    2119   56515   655136  11.38
  1954          68     0.04121  0.04038  0.50   55455    2239   54335   598621  10.79
  1954          69     0.04552  0.04451  0.50   53216    2369   52031   544286  10.23
  1954          70     0.05048  0.04924  0.50   50847    2504   49595   492255   9.68
  1954          71     0.05583  0.05432  0.50   48344    2626   47031   442659   9.16
  1954          72     0.06140  0.05957  0.50   45718    2724   44356   395629   8.65
  1954          73     0.06713  0.06495  0.50   42994    2792   41598   351273   8.17
  1954          74     0.07326  0.07067  0.50   40202    2841   38781   309675   7.70
  1954          75     0.08010  0.07702  0.50   37361    2877   35922   270893   7.25
  1954          76     0.08792  0.08422  0.50   34483    2904   33031   234971   6.81
  1954          77     0.09692  0.09244  0.50   31579    2919   30120   201940   6.39
  1954          78     0.10723  0.10178  0.50   28660    2917   27202   171820   6.00
  1954          79     0.11866  0.11201  0.50   25743    2884   24301   144618   5.62
  1954          80     0.13099  0.12294  0.50   22860    2810   21454   120317   5.26
  1954          81     0.14432  0.13460  0.50   20049    2699   18700    98863   4.93
  1954          82     0.15877  0.14710  0.50   17351    2552   16074    80163   4.62
  1954          83     0.17429  0.16032  0.50   14798    2372   13612    64088   4.33
  1954          84     0.19082  0.17420  0.50   12426    2165   11344    50476   4.06
  1954          85     0.20831  0.18866  0.50   10261    1936    9293    39132   3.81
  1954          86     0.22669  0.20361  0.50    8325    1695    7478    29839   3.58
  1954          87     0.24589  0.21897  0.50    6630    1452    5904    22361   3.37
  1954          88     0.26584  0.23465  0.50    5178    1215    4571    16457   3.18
  1954          89     0.28645  0.25056  0.50    3963     993    3467    11886   3.00
  1954          90     0.30764  0.26662  0.50    2970     792    2574     8419   2.83
  1954          91     0.32934  0.28278  0.50    2178     616    1870     5845   2.68
  1954          92     0.35150  0.29896  0.50    1562     467    1329     3975   2.54
  1954          93     0.37409  0.31514  0.50    1095     345     923     2646   2.42
  1954          94     0.39707  0.33130  0.50     750     249     626     1723   2.30
  1954          95     0.42046  0.34742  0.50     502     174     414     1097   2.19
  1954          96     0.44424  0.36350  0.50     327     119     268      683   2.09
  1954          97     0.46839  0.37951  0.50     208      79     169      415   1.99
  1954          98     0.49289  0.39544  0.50     129      51     104      246   1.91
  1954          99     0.51767  0.41123  0.50      78      32      62      143   1.83
  1954         100     0.54264  0.42683  0.50      46      20      36       81   1.75
  1954         101     0.56766  0.44216  0.50      26      12      21       44   1.68
  1954         102     0.59260  0.45715  0.50      15       7      11       24   1.62
  1954         103     0.61727  0.47169  0.50       8       4       6       12   1.56
  1954         104     0.64151  0.48571  0.50       4       2       3        6   1.51
  1954         105     0.66514  0.49914  0.50       2       1       2        3   1.46
  1954         106     0.68803  0.51192  0.50       1       1       1        2   1.42
  1954         107     0.71008  0.52403  0.50       1       0       0        1   1.38
  1954         108     0.73134  0.53552  0.50       0       0       0        0   1.34
  1954         109     0.75194  0.54648  0.50       0       0       0        0   1.31
  1954         110+    0.78424  1.00000  1.28       0       0       0        0   1.28
  1955           0     0.03884  0.03765  0.19  100000    3765   96937  6428932  64.29
  1955           1     0.00725  0.00723  0.50   96235     696   95888  6331995  65.80
  1955           2     0.00604  0.00603  0.50   95540     576   95252  6236108  65.27
  1955           3     0.00470  0.00468  0.50   94964     445   94742  6140856  64.67
  1955           4     0.00340  0.00339  0.50   94519     321   94359  6046114  63.97
  1955           5     0.00237  0.00237  0.50   94199     223   94087  5951755  63.18
  1955           6     0.00164  0.00163  0.50   93976     154   93899  5857668  62.33
  1955           7     0.00116  0.00116  0.50   93822     109   93768  5763769  61.43
  1955           8     0.00088  0.00088  0.50   93713      83   93672  5670001  60.50
  1955           9     0.00074  0.00074  0.50   93630      69   93596  5576330  59.56
  1955          10     0.00069  0.00069  0.50   93561      64   93529  5482734  58.60
  1955          11     0.00069  0.00069  0.50   93497      65   93464  5389205  57.64
  1955          12     0.00072  0.00072  0.50   93432      67   93398  5295740  56.68
  1955          13     0.00078  0.00078  0.50   93365      72   93329  5202342  55.72
  1955          14     0.00087  0.00087  0.50   93292      81   93252  5109013  54.76
  1955          15     0.00104  0.00103  0.50   93211      96   93163  5015762  53.81
  1955          16     0.00130  0.00130  0.50   93114     121   93054  4922599  52.87
  1955          17     0.00168  0.00168  0.50   92994     156   92916  4829545  51.93
  1955          18     0.00213  0.00212  0.50   92837     197   92739  4736629  51.02
  1955          19     0.00255  0.00255  0.50   92640     236   92522  4643891  50.13
  1955          20     0.00288  0.00288  0.50   92404     266   92271  4551368  49.26
  1955          21     0.00311  0.00311  0.50   92138     286   91995  4459097  48.40
  1955          22     0.00327  0.00327  0.50   91852     300   91702  4367102  47.54
  1955          23     0.00336  0.00336  0.50   91552     307   91399  4275400  46.70
  1955          24     0.00339  0.00338  0.50   91245     309   91090  4184001  45.85
  1955          25     0.00337  0.00337  0.50   90936     306   90783  4092911  45.01
  1955          26     0.00333  0.00332  0.50   90630     301   90479  4002128  44.16
  1955          27     0.00326  0.00326  0.50   90329     294   90182  3911649  43.30
  1955          28     0.00320  0.00320  0.50   90035     288   89891  3821467  42.44
  1955          29     0.00316  0.00316  0.50   89747     283   89605  3731576  41.58
  1955          30     0.00313  0.00312  0.50   89464     279   89324  3641971  40.71
  1955          31     0.00311  0.00310  0.50   89184     277   89046  3552647  39.83
  1955          32     0.00311  0.00311  0.50   88908     276   88769  3463600  38.96
  1955          33     0.00313  0.00313  0.50   88631     277   88493  3374831  38.08
  1955          34     0.00315  0.00315  0.50   88354     278   88215  3286338  37.20
  1955          35     0.00317  0.00317  0.50   88076     279   87936  3198124  36.31
  1955          36     0.00321  0.00320  0.50   87797     281   87657  3110187  35.42
  1955          37     0.00329  0.00328  0.50   87516     287   87372  3022531  34.54
  1955          38     0.00344  0.00344  0.50   87229     300   87079  2935158  33.65
  1955          39     0.00370  0.00370  0.50   86929     321   86768  2848079  32.76
  1955          40     0.00402  0.00401  0.50   86608     347   86434  2761311  31.88
  1955          41     0.00436  0.00435  0.50   86260     375   86073  2674877  31.01
  1955          42     0.00475  0.00474  0.50   85885     407   85682  2588804  30.14
  1955          43     0.00518  0.00517  0.50   85479     442   85258  2503122  29.28
  1955          44     0.00565  0.00564  0.50   85037     480   84797  2417864  28.43
  1955          45     0.00614  0.00613  0.50   84557     518   84298  2333067  27.59
  1955          46     0.00666  0.00664  0.50   84039     558   83760  2248769  26.76
  1955          47     0.00725  0.00722  0.50   83482     603   83180  2165009  25.93
  1955          48     0.00790  0.00787  0.50   82879     652   82553  2081829  25.12
  1955          49     0.00858  0.00854  0.50   82227     703   81875  1999276  24.31
  1955          50     0.00930  0.00926  0.50   81524     755   81147  1917400  23.52
  1955          51     0.01007  0.01002  0.50   80769     809   80365  1836254  22.73
  1955          52     0.01090  0.01084  0.50   79960     866   79527  1755889  21.96
  1955          53     0.01172  0.01165  0.50   79094     922   78633  1676362  21.19
  1955          54     0.01234  0.01226  0.50   78172     959   77693  1597729  20.44
  1955          55     0.01289  0.01281  0.50   77213     989   76719  1520037  19.69
  1955          56     0.01361  0.01352  0.50   76224    1031   75709  1443318  18.94
  1955          57     0.01471  0.01461  0.50   75193    1098   74644  1367609  18.19
  1955          58     0.01631  0.01618  0.50   74095    1199   73496  1292965  17.45
  1955          59     0.01823  0.01807  0.50   72896    1317   72238  1219469  16.73
  1955          60     0.02033  0.02013  0.50   71579    1441   70859  1147232  16.03
  1955          61     0.02247  0.02222  0.50   70139    1558   69360  1076373  15.35
  1955          62     0.02443  0.02413  0.50   68580    1655   67753  1007013  14.68
  1955          63     0.02609  0.02575  0.50   66925    1724   66064   939260  14.03
  1955          64     0.02782  0.02744  0.50   65202    1789   64307   873197  13.39
  1955          65     0.03016  0.02971  0.50   63413    1884   62471   808889  12.76
  1955          66     0.03353  0.03298  0.50   61529    2029   60514   746419  12.13
  1955          67     0.03733  0.03664  0.50   59500    2180   58410   685904  11.53
  1955          68     0.04096  0.04014  0.50   57320    2301   56169   627495  10.95
  1955          69     0.04506  0.04407  0.50   55019    2425   53806   571326  10.38
  1955          70     0.05018  0.04895  0.50   52594    2574   51307   517519   9.84
  1955          71     0.05556  0.05405  0.50   50020    2704   48668   466213   9.32
  1955          72     0.06091  0.05911  0.50   47316    2797   45917   417545   8.82
  1955          73     0.06615  0.06403  0.50   44519    2851   43094   371628   8.35
  1955          74     0.07121  0.06876  0.50   41669    2865   40236   328534   7.88
  1955          75     0.07629  0.07348  0.50   38803    2851   37378   288298   7.43
  1955          76     0.08250  0.07923  0.50   35952    2849   34528   250920   6.98
  1955          77     0.09090  0.08695  0.50   33103    2878   31664   216392   6.54
  1955          78     0.10216  0.09719  0.50   30225    2938   28756   184728   6.11
  1955          79     0.11562  0.10930  0.50   27287    2982   25796   155972   5.72
  1955          80     0.13023  0.12227  0.50   24305    2972   22819   130176   5.36
  1955          81     0.14463  0.13488  0.50   21333    2877   19894   107357   5.03
  1955          82     0.15799  0.14642  0.50   18456    2702   17105    87462   4.74
  1955          83     0.17155  0.15800  0.50   15753    2489   14509    70358   4.47
  1955          84     0.18582  0.17003  0.50   13264    2255   12137    55849   4.21
  1955          85     0.20094  0.18259  0.50   11009    2010   10004    43712   3.97
  1955          86     0.21691  0.19568  0.50    8999    1761    8118    33708   3.75
  1955          87     0.23370  0.20925  0.50    7238    1515    6481    25589   3.54
  1955          88     0.25133  0.22328  0.50    5723    1278    5084    19109   3.34
  1955          89     0.26982  0.23774  0.50    4446    1057    3917    14024   3.15
  1955          90     0.28917  0.25264  0.50    3389     856    2961    10107   2.98
  1955          91     0.30940  0.26795  0.50    2533     679    2193     7147   2.82
  1955          92     0.33052  0.28365  0.50    1854     526    1591     4953   2.67
  1955          93     0.35252  0.29970  0.50    1328     398    1129     3362   2.53
  1955          94     0.37538  0.31606  0.50     930     294     783     2233   2.40
  1955          95     0.39904  0.33267  0.50     636     212     530     1450   2.28
  1955          96     0.42344  0.34945  0.50     424     148     350      920   2.17
  1955          97     0.44848  0.36633  0.50     276     101     226      570   2.06
  1955          98     0.47403  0.38321  0.50     175      67     141      344   1.97
  1955          99     0.49996  0.39998  0.50     108      43      86      203   1.88
  1955         100     0.52610  0.41653  0.50      65      27      51      116   1.80
  1955         101     0.55227  0.43277  0.50      38      16      30       65   1.72
  1955         102     0.57829  0.44859  0.50      21      10      17       35   1.65
  1955         103     0.60400  0.46390  0.50      12       5       9       19   1.59
  1955         104     0.62921  0.47863  0.50       6       3       5       10   1.53
  1955         105     0.65379  0.49272  0.50       3       2       2        5   1.48
  1955         106     0.67757  0.50611  0.50       2       1       1        2   1.43
  1955         107     0.70044  0.51876  0.50       1       0       1        1   1.39
  1955         108     0.72232  0.53067  0.50       0       0       0        1   1.35
  1955         109     0.74327  0.54189  0.50       0       0       0        0   1.32
  1955         110+    0.77694  1.00000  1.29       0       0       0        0   1.29
  1956           0     0.04159  0.04023  0.19  100000    4023   96740  6456973  64.57
  1956           1     0.00596  0.00595  0.50   95977     571   95691  6360233  66.27
  1956           2     0.00518  0.00516  0.50   95406     493   95160  6264541  65.66
  1956           3     0.00423  0.00422  0.50   94913     401   94713  6169381  65.00
  1956           4     0.00325  0.00325  0.50   94513     307   94359  6074668  64.27
  1956           5     0.00243  0.00242  0.50   94206     228   94092  5980309  63.48
  1956           6     0.00180  0.00180  0.50   93978     169   93893  5886217  62.63
  1956           7     0.00137  0.00137  0.50   93809     129   93744  5792324  61.75
  1956           8     0.00110  0.00110  0.50   93680     103   93629  5698580  60.83
  1956           9     0.00093  0.00093  0.50   93577      87   93533  5604951  59.90
  1956          10     0.00080  0.00080  0.50   93490      75   93453  5511418  58.95
  1956          11     0.00071  0.00071  0.50   93415      66   93382  5417965  58.00
  1956          12     0.00066  0.00066  0.50   93349      61   93318  5324583  57.04
  1956          13     0.00068  0.00068  0.50   93288      63   93256  5231265  56.08
  1956          14     0.00077  0.00077  0.50   93225      72   93189  5138009  55.11
  1956          15     0.00094  0.00094  0.50   93153      88   93109  5044820  54.16
  1956          16     0.00118  0.00118  0.50   93065     110   93010  4951711  53.21
  1956          17     0.00147  0.00147  0.50   92956     136   92887  4858701  52.27
  1956          18     0.00179  0.00179  0.50   92819     166   92736  4765813  51.35
  1956          19     0.00210  0.00210  0.50   92653     194   92556  4673077  50.44
  1956          20     0.00235  0.00234  0.50   92459     217   92351  4580521  49.54
  1956          21     0.00252  0.00252  0.50   92242     232   92126  4488171  48.66
  1956          22     0.00263  0.00263  0.50   92010     242   91889  4396044  47.78
  1956          23     0.00270  0.00270  0.50   91769     248   91645  4304155  46.90
  1956          24     0.00275  0.00275  0.50   91521     252   91395  4212510  46.03
  1956          25     0.00277  0.00277  0.50   91269     253   91143  4121115  45.15
  1956          26     0.00278  0.00278  0.50   91016     253   90890  4029972  44.28
  1956          27     0.00281  0.00280  0.50   90764     254   90636  3939082  43.40
  1956          28     0.00284  0.00284  0.50   90509     257   90381  3848446  42.52
  1956          29     0.00287  0.00286  0.50   90252     258   90123  3758065  41.64
  1956          30     0.00285  0.00284  0.50   89994     256   89866  3667942  40.76
  1956          31     0.00284  0.00283  0.50   89738     254   89611  3578076  39.87
  1956          32     0.00288  0.00288  0.50   89484     257   89355  3488465  38.98
  1956          33     0.00296  0.00296  0.50   89226     264   89094  3399110  38.10
  1956          34     0.00305  0.00305  0.50   88962     271   88827  3310016  37.21
  1956          35     0.00314  0.00314  0.50   88691     278   88552  3221189  36.32
  1956          36     0.00324  0.00323  0.50   88413     286   88270  3132637  35.43
  1956          37     0.00335  0.00334  0.50   88127     294   87980  3044366  34.55
  1956          38     0.00350  0.00349  0.50   87833     307   87680  2956386  33.66
  1956          39     0.00372  0.00372  0.50   87526     325   87364  2868707  32.78
  1956          40     0.00401  0.00401  0.50   87201     349   87026  2781343  31.90
  1956          41     0.00435  0.00434  0.50   86852     377   86663  2694316  31.02
  1956          42     0.00470  0.00469  0.50   86475     406   86272  2607653  30.16
  1956          43     0.00511  0.00510  0.50   86069     439   85849  2521381  29.29
  1956          44     0.00561  0.00559  0.50   85630     479   85390  2435532  28.44
  1956          45     0.00615  0.00613  0.50   85151     522   84890  2350142  27.60
  1956          46     0.00666  0.00664  0.50   84629     562   84348  2265252  26.77
  1956          47     0.00707  0.00705  0.50   84067     592   83771  2180904  25.94
  1956          48     0.00746  0.00743  0.50   83474     620   83164  2097134  25.12
  1956          49     0.00792  0.00789  0.50   82854     654   82527  2013969  24.31
  1956          50     0.00846  0.00843  0.50   82201     693   81854  1931442  23.50
  1956          51     0.00909  0.00905  0.50   81508     738   81139  1849588  22.69
  1956          52     0.00984  0.00979  0.50   80770     791   80374  1768449  21.89
  1956          53     0.01071  0.01065  0.50   79979     852   79553  1688074  21.11
  1956          54     0.01161  0.01155  0.50   79127     914   78670  1608521  20.33
  1956          55     0.01259  0.01251  0.50   78213     979   77724  1529851  19.56
  1956          56     0.01372  0.01363  0.50   77235    1052   76709  1452127  18.80
  1956          57     0.01506  0.01495  0.50   76183    1139   75613  1375418  18.05
  1956          58     0.01663  0.01649  0.50   75044    1238   74425  1299805  17.32
  1956          59     0.01825  0.01808  0.50   73806    1335   73139  1225380  16.60
  1956          60     0.02000  0.01981  0.50   72471    1435   71754  1152242  15.90
  1956          61     0.02199  0.02175  0.50   71036    1545   70263  1080488  15.21
  1956          62     0.02404  0.02376  0.50   69491    1651   68665  1010225  14.54
  1956          63     0.02597  0.02564  0.50   67840    1739   66970   941560  13.88
  1956          64     0.02777  0.02739  0.50   66101    1811   65195   874590  13.23
  1956          65     0.02969  0.02926  0.50   64290    1881   63349   809395  12.59
  1956          66     0.03242  0.03191  0.50   62409    1991   61413   746046  11.95
  1956          67     0.03586  0.03523  0.50   60418    2128   59353   684632  11.33
  1956          68     0.03970  0.03893  0.50   58289    2269   57154   625279  10.73
  1956          69     0.04381  0.04287  0.50   56020    2402   54819   568125  10.14
  1956          70     0.04821  0.04707  0.50   53618    2524   52356   513306   9.57
  1956          71     0.05332  0.05194  0.50   51094    2654   49767   460950   9.02
  1956          72     0.05928  0.05757  0.50   48440    2789   47046   411182   8.49
  1956          73     0.06610  0.06398  0.50   45651    2921   44191   364136   7.98
  1956          74     0.07382  0.07119  0.50   42731    3042   41210   319945   7.49
  1956          75     0.08248  0.07922  0.50   39689    3144   38117   278736   7.02
  1956          76     0.09205  0.08800  0.50   36545    3216   34937   240619   6.58
  1956          77     0.10220  0.09723  0.50   33329    3240   31709   205682   6.17
  1956          78     0.11273  0.10672  0.50   30088    3211   28483   173973   5.78
  1956          79     0.12413  0.11687  0.50   26877    3141   25307   145490   5.41
  1956          80     0.13688  0.12811  0.50   23736    3041   22216   120183   5.06
  1956          81     0.15097  0.14038  0.50   20695    2905   19243    97968   4.73
  1956          82     0.16626  0.15350  0.50   17790    2731   16425    78725   4.43
  1956          83     0.18270  0.16740  0.50   15059    2521   13799    62300   4.14
  1956          84     0.20031  0.18208  0.50   12538    2283   11397    48501   3.87
  1956          85     0.21915  0.19751  0.50   10255    2026    9243    37105   3.62
  1956          86     0.23925  0.21369  0.50    8230    1759    7351    27862   3.39
  1956          87     0.26064  0.23059  0.50    6471    1492    5725    20511   3.17
  1956          88     0.28331  0.24816  0.50    4979    1236    4361    14786   2.97
  1956          89     0.30726  0.26634  0.50    3743     997    3245    10425   2.78
  1956          90     0.33244  0.28506  0.50    2746     783    2355     7180   2.61
  1956          91     0.35879  0.30421  0.50    1964     597    1665     4825   2.46
  1956          92     0.38621  0.32370  0.50    1366     442    1145     3160   2.31
  1956          93     0.41459  0.34340  0.50     924     317     765     2015   2.18
  1956          94     0.44377  0.36318  0.50     607     220     497     1250   2.06
  1956          95     0.47358  0.38291  0.50     386     148     312      753   1.95
  1956          96     0.50381  0.40243  0.50     238      96     190      441   1.85
  1956          97     0.53423  0.42161  0.50     142      60     112      251   1.76
  1956          98     0.56461  0.44031  0.50      82      36      64      138   1.68
  1956          99     0.59471  0.45840  0.50      46      21      36       74   1.60
  1956         100     0.62427  0.47577  0.50      25      12      19       38   1.54
  1956         101     0.65308  0.49232  0.50      13       6      10       19   1.48
  1956         102     0.68093  0.50798  0.50       7       3       5        9   1.42
  1956         103     0.70763  0.52269  0.50       3       2       2        4   1.37
  1956         104     0.73303  0.53642  0.50       2       1       1        2   1.33
  1956         105     0.75700  0.54915  0.50       1       0       1        1   1.29
  1956         106     0.77943  0.56086  0.50       0       0       0        0   1.26
  1956         107     0.80027  0.57157  0.50       0       0       0        0   1.23
  1956         108     0.81962  0.58137  0.50       0       0       0        0   1.20
  1956         109     0.83770  0.59041  0.50       0       0       0        0   1.18
  1956         110+    0.86337  1.00000  1.16       0       0       0        0   1.16
  1957           0     0.04107  0.03974  0.19  100000    3974   96778  6420642  64.21
  1957           1     0.00670  0.00668  0.50   96026     642   95705  6323864  65.86
  1957           2     0.00522  0.00521  0.50   95384     497   95136  6228159  65.30
  1957           3     0.00385  0.00385  0.50   94888     365   94705  6133023  64.63
  1957           4     0.00271  0.00271  0.50   94523     256   94395  6038318  63.88
  1957           5     0.00188  0.00187  0.50   94267     177   94178  5943924  63.05
  1957           6     0.00130  0.00130  0.50   94090     122   94029  5849745  62.17
  1957           7     0.00093  0.00093  0.50   93967      87   93924  5755717  61.25
  1957           8     0.00070  0.00070  0.50   93880      66   93847  5661793  60.31
  1957           9     0.00058  0.00058  0.50   93814      55   93787  5567945  59.35
  1957          10     0.00053  0.00053  0.50   93760      49   93735  5474159  58.39
  1957          11     0.00052  0.00052  0.50   93710      49   93686  5380424  57.42
  1957          12     0.00056  0.00056  0.50   93661      52   93635  5286738  56.45
  1957          13     0.00063  0.00063  0.50   93609      59   93580  5193103  55.48
  1957          14     0.00074  0.00074  0.50   93551      70   93516  5099523  54.51
  1957          15     0.00093  0.00093  0.50   93481      87   93438  5006007  53.55
  1957          16     0.00118  0.00118  0.50   93395     110   93340  4912569  52.60
  1957          17     0.00150  0.00150  0.50   93285     140   93215  4819229  51.66
  1957          18     0.00187  0.00187  0.50   93145     174   93058  4726015  50.74
  1957          19     0.00226  0.00226  0.50   92971     210   92866  4632957  49.83
  1957          20     0.00262  0.00262  0.50   92760     243   92639  4540091  48.94
  1957          21     0.00291  0.00291  0.50   92517     269   92383  4447452  48.07
  1957          22     0.00309  0.00309  0.50   92248     285   92106  4355070  47.21
  1957          23     0.00316  0.00316  0.50   91963     290   91818  4262964  46.36
  1957          24     0.00311  0.00311  0.50   91673     285   91531  4171146  45.50
  1957          25     0.00299  0.00299  0.50   91388     273   91252  4079615  44.64
  1957          26     0.00287  0.00286  0.50   91115     261   90985  3988363  43.77
  1957          27     0.00280  0.00279  0.50   90855     254   90728  3897378  42.90
  1957          28     0.00280  0.00280  0.50   90601     254   90474  3806650  42.02
  1957          29     0.00288  0.00288  0.50   90347     260   90217  3716176  41.13
  1957          30     0.00301  0.00300  0.50   90087     270   89952  3625959  40.25
  1957          31     0.00315  0.00314  0.50   89817     282   89675  3536008  39.37
  1957          32     0.00329  0.00328  0.50   89534     294   89388  3446332  38.49
  1957          33     0.00341  0.00341  0.50   89241     304   89089  3356945  37.62
  1957          34     0.00352  0.00352  0.50   88936     313   88780  3267856  36.74
  1957          35     0.00361  0.00360  0.50   88624     319   88464  3179076  35.87
  1957          36     0.00370  0.00369  0.50   88304     326   88141  3090612  35.00
  1957          37     0.00380  0.00379  0.50   87979     333   87812  3002470  34.13
  1957          38     0.00393  0.00392  0.50   87645     344   87473  2914658  33.26
  1957          39     0.00411  0.00410  0.50   87302     358   87123  2827185  32.38
  1957          40     0.00433  0.00432  0.50   86944     376   86756  2740062  31.52
  1957          41     0.00460  0.00459  0.50   86568     397   86369  2653306  30.65
  1957          42     0.00489  0.00487  0.50   86170     420   85960  2566937  29.79
  1957          43     0.00519  0.00517  0.50   85750     444   85529  2480977  28.93
  1957          44     0.00552  0.00550  0.50   85307     470   85072  2395448  28.08
  1957          45     0.00589  0.00587  0.50   84837     498   84588  2310376  27.23
  1957          46     0.00632  0.00630  0.50   84339     531   84073  2225788  26.39
  1957          47     0.00680  0.00678  0.50   83808     568   83524  2141715  25.56
  1957          48     0.00736  0.00733  0.50   83240     610   82935  2058191  24.73
  1957          49     0.00800  0.00796  0.50   82629     658   82300  1975256  23.91
  1957          50     0.00871  0.00867  0.50   81971     711   81616  1892956  23.09
  1957          51     0.00951  0.00947  0.50   81260     769   80876  1811340  22.29
  1957          52     0.01041  0.01036  0.50   80491     834   80075  1730464  21.50
  1957          53     0.01142  0.01136  0.50   79658     905   79205  1650390  20.72
  1957          54     0.01255  0.01248  0.50   78753     982   78262  1571184  19.95
  1957          55     0.01378  0.01368  0.50   77771    1064   77238  1492923  19.20
  1957          56     0.01507  0.01496  0.50   76706    1147   76133  1415684  18.46
  1957          57     0.01647  0.01633  0.50   75559    1234   74942  1339551  17.73
  1957          58     0.01799  0.01783  0.50   74325    1325   73662  1264610  17.01
  1957          59     0.01962  0.01943  0.50   72999    1418   72290  1190948  16.31
  1957          60     0.02140  0.02117  0.50   71581    1515   70823  1118657  15.63
  1957          61     0.02336  0.02309  0.50   70066    1618   69257  1047834  14.96
  1957          62     0.02544  0.02512  0.50   68447    1719   67588   978577  14.30
  1957          63     0.02753  0.02715  0.50   66728    1812   65822   910990  13.65
  1957          64     0.02967  0.02923  0.50   64916    1898   63967   845167  13.02
  1957          65     0.03196  0.03146  0.50   63019    1983   62027   781200  12.40
  1957          66     0.03471  0.03412  0.50   61036    2083   59995   719172  11.78
  1957          67     0.03809  0.03738  0.50   58953    2204   57852   659178  11.18
  1957          68     0.04214  0.04127  0.50   56750    2342   55579   601326  10.60
  1957          69     0.04663  0.04556  0.50   54408    2479   53168   545747  10.03
  1957          70     0.05130  0.05002  0.50   51929    2597   50630   492579   9.49
  1957          71     0.05632  0.05478  0.50   49331    2702   47980   441949   8.96
  1957          72     0.06197  0.06011  0.50   46629    2803   45227   393969   8.45
  1957          73     0.06848  0.06622  0.50   43826    2902   42375   348742   7.96
  1957          74     0.07596  0.07318  0.50   40924    2995   39427   306366   7.49
  1957          75     0.08440  0.08098  0.50   37929    3071   36394   266940   7.04
  1957          76     0.09363  0.08944  0.50   34858    3118   33299   230546   6.61
  1957          77     0.10367  0.09856  0.50   31740    3128   30176   197247   6.21
  1957          78     0.11454  0.10834  0.50   28612    3100   27062   167071   5.84
  1957          79     0.12616  0.11868  0.50   25512    3028   23998   140009   5.49
  1957          80     0.13841  0.12945  0.50   22484    2911   21029   116011   5.16
  1957          81     0.15126  0.14063  0.50   19574    2753   18197    94982   4.85
  1957          82     0.16474  0.15220  0.50   16821    2560   15541    76785   4.56
  1957          83     0.17898  0.16428  0.50   14261    2343   13089    61244   4.29
  1957          84     0.19412  0.17695  0.50   11918    2109   10864    48155   4.04
  1957          85     0.21029  0.19028  0.50    9809    1867    8876    37291   3.80
  1957          86     0.22754  0.20429  0.50    7943    1623    7131    28415   3.58
  1957          87     0.24589  0.21897  0.50    6320    1384    5628    21284   3.37
  1957          88     0.26535  0.23427  0.50    4936    1156    4358    15656   3.17
  1957          89     0.28589  0.25013  0.50    3780     945    3307    11298   2.99
  1957          90     0.30746  0.26649  0.50    2834     755    2457     7991   2.82
  1957          91     0.33000  0.28326  0.50    2079     589    1785     5534   2.66
  1957          92     0.35343  0.30036  0.50    1490     448    1266     3749   2.52
  1957          93     0.37767  0.31768  0.50    1043     331     877     2483   2.38
  1957          94     0.40261  0.33514  0.50     711     238     592     1606   2.26
  1957          95     0.42811  0.35263  0.50     473     167     390     1014   2.14
  1957          96     0.45404  0.37004  0.50     306     113     250      624   2.04
  1957          97     0.48027  0.38727  0.50     193      75     156      375   1.94
  1957          98     0.50663  0.40423  0.50     118      48      94      219   1.86
  1957          99     0.53298  0.42083  0.50      70      30      56      125   1.78
  1957         100     0.55914  0.43698  0.50      41      18      32       69   1.70
  1957         101     0.58499  0.45260  0.50      23      10      18       38   1.64
  1957         102     0.61035  0.46764  0.50      13       6      10       20   1.58
  1957         103     0.63509  0.48202  0.50       7       3       5       10   1.52
  1957         104     0.65907  0.49572  0.50       3       2       3        5   1.47
  1957         105     0.68219  0.50868  0.50       2       1       1        2   1.43
  1957         106     0.70437  0.52091  0.50       1       0       1        1   1.39
  1957         107     0.72559  0.53243  0.50       0       0       0        1   1.35
  1957         108     0.74597  0.54332  0.50       0       0       0        0   1.31
  1957         109     0.76570  0.55371  0.50       0       0       0        0   1.28
  1957         110+    0.79569  1.00000  1.26       0       0       0        0   1.26
  1958           0     0.03780  0.03667  0.19  100000    3667   97012  6601167  66.01
  1958           1     0.00537  0.00536  0.50   96333     516   96075  6504155  67.52
  1958           2     0.00439  0.00438  0.50   95817     419   95607  6408080  66.88
  1958           3     0.00339  0.00338  0.50   95397     323   95236  6312473  66.17
  1958           4     0.00255  0.00255  0.50   95075     242   94954  6217237  65.39
  1958           5     0.00201  0.00201  0.50   94833     191   94737  6122284  64.56
  1958           6     0.00164  0.00164  0.50   94642     155   94564  6027546  63.69
  1958           7     0.00127  0.00127  0.50   94487     120   94427  5932982  62.79
  1958           8     0.00100  0.00100  0.50   94367      94   94320  5838555  61.87
  1958           9     0.00083  0.00083  0.50   94273      79   94234  5744235  60.93
  1958          10     0.00076  0.00076  0.50   94194      71   94159  5650001  59.98
  1958          11     0.00066  0.00066  0.50   94123      62   94092  5555843  59.03
  1958          12     0.00049  0.00049  0.50   94061      46   94038  5461751  58.07
  1958          13     0.00044  0.00044  0.50   94015      41   93995  5367712  57.09
  1958          14     0.00053  0.00053  0.50   93974      50   93949  5273718  56.12
  1958          15     0.00071  0.00071  0.50   93925      67   93891  5179768  55.15
  1958          16     0.00101  0.00101  0.50   93857      95   93810  5085877  54.19
  1958          17     0.00140  0.00140  0.50   93763     131   93697  4992067  53.24
  1958          18     0.00180  0.00180  0.50   93632     169   93547  4898370  52.32
  1958          19     0.00215  0.00215  0.50   93463     201   93362  4804823  51.41
  1958          20     0.00254  0.00253  0.50   93262     236   93144  4711460  50.52
  1958          21     0.00279  0.00279  0.50   93026     259   92896  4618316  49.65
  1958          22     0.00275  0.00275  0.50   92767     255   92639  4525420  48.78
  1958          23     0.00262  0.00261  0.50   92512     242   92391  4432781  47.92
  1958          24     0.00255  0.00255  0.50   92270     235   92152  4340390  47.04
  1958          25     0.00241  0.00240  0.50   92035     221   91924  4248238  46.16
  1958          26     0.00235  0.00235  0.50   91814     215   91706  4156314  45.27
  1958          27     0.00256  0.00256  0.50   91598     235   91481  4064608  44.37
  1958          28     0.00283  0.00283  0.50   91363     258   91234  3973127  43.49
  1958          29     0.00291  0.00291  0.50   91105     265   90973  3881893  42.61
  1958          30     0.00287  0.00287  0.50   90840     261   90710  3790920  41.73
  1958          31     0.00273  0.00272  0.50   90580     247   90457  3700210  40.85
  1958          32     0.00249  0.00249  0.50   90333     224   90221  3609753  39.96
  1958          33     0.00236  0.00236  0.50   90109     213   90003  3519532  39.06
  1958          34     0.00254  0.00253  0.50   89896     228   89782  3429529  38.15
  1958          35     0.00295  0.00295  0.50   89669     264   89536  3339747  37.25
  1958          36     0.00344  0.00343  0.50   89404     307   89251  3250211  36.35
  1958          37     0.00369  0.00368  0.50   89098     328   88934  3160960  35.48
  1958          38     0.00374  0.00373  0.50   88770     331   88604  3072026  34.61
  1958          39     0.00369  0.00368  0.50   88439     326   88276  2983422  33.73
  1958          40     0.00358  0.00358  0.50   88113     315   87955  2895146  32.86
  1958          41     0.00347  0.00346  0.50   87798     304   87646  2807190  31.97
  1958          42     0.00353  0.00352  0.50   87494     308   87340  2719544  31.08
  1958          43     0.00381  0.00380  0.50   87186     331   87020  2632204  30.19
  1958          44     0.00429  0.00428  0.50   86855     372   86669  2545184  29.30
  1958          45     0.00507  0.00505  0.50   86483     437   86264  2458515  28.43
  1958          46     0.00598  0.00597  0.50   86046     513   85789  2372251  27.57
  1958          47     0.00627  0.00625  0.50   85532     535   85265  2286462  26.73
  1958          48     0.00637  0.00635  0.50   84998     540   84728  2201197  25.90
  1958          49     0.00691  0.00689  0.50   84458     582   84167  2116469  25.06
  1958          50     0.00786  0.00783  0.50   83876     657   83548  2032302  24.23
  1958          51     0.00895  0.00891  0.50   83219     741   82849  1948754  23.42
  1958          52     0.00974  0.00970  0.50   82478     800   82078  1865905  22.62
  1958          53     0.01011  0.01006  0.50   81678     821   81268  1783827  21.84
  1958          54     0.01098  0.01092  0.50   80857     883   80415  1702560  21.06
  1958          55     0.01237  0.01230  0.50   79974     983   79482  1622144  20.28
  1958          56     0.01393  0.01383  0.50   78991    1092   78444  1542662  19.53
  1958          57     0.01500  0.01489  0.50   77898    1160   77318  1464218  18.80
  1958          58     0.01530  0.01519  0.50   76738    1165   76156  1386899  18.07
  1958          59     0.01592  0.01580  0.50   75573    1194   74976  1310744  17.34
  1958          60     0.01717  0.01702  0.50   74379    1266   73746  1235768  16.61
  1958          61     0.01902  0.01884  0.50   73113    1378   72424  1162021  15.89
  1958          62     0.02145  0.02122  0.50   71736    1523   70974  1089597  15.19
  1958          63     0.02418  0.02389  0.50   70213    1678   69374  1018623  14.51
  1958          64     0.02601  0.02568  0.50   68535    1760   67656   949249  13.85
  1958          65     0.02624  0.02590  0.50   66776    1730   65911   881593  13.20
  1958          66     0.02687  0.02651  0.50   65046    1724   64184   815682  12.54
  1958          67     0.02945  0.02903  0.50   63322    1838   62403   751498  11.87
  1958          68     0.03468  0.03409  0.50   61484    2096   60436   689096  11.21
  1958          69     0.04082  0.04000  0.50   59388    2376   58200   628660  10.59
  1958          70     0.04615  0.04511  0.50   57012    2572   55726   570460  10.01
  1958          71     0.05118  0.04991  0.50   54440    2717   53082   514734   9.46
  1958          72     0.05609  0.05456  0.50   51723    2822   50312   461653   8.93
  1958          73     0.06111  0.05929  0.50   48901    2900   47451   411340   8.41
  1958          74     0.06762  0.06541  0.50   46002    3009   44497   363889   7.91
  1958          75     0.07641  0.07359  0.50   42993    3164   41411   319392   7.43
  1958          76     0.08507  0.08160  0.50   39829    3250   38204   277982   6.98
  1958          77     0.09241  0.08833  0.50   36579    3231   34963   239778   6.56
  1958          78     0.09864  0.09400  0.50   33348    3135   31780   204815   6.14
  1958          79     0.10764  0.10214  0.50   30213    3086   28670   173035   5.73
  1958          80     0.12248  0.11542  0.50   27127    3131   25561   144365   5.32
  1958          81     0.13953  0.13043  0.50   23996    3130   22431   118803   4.95
  1958          82     0.15504  0.14389  0.50   20866    3002   19365    96372   4.62
  1958          83     0.17101  0.15754  0.50   17864    2814   16457    77007   4.31
  1958          84     0.18826  0.17206  0.50   15049    2589   13755    60551   4.02
  1958          85     0.20689  0.18750  0.50   12460    2336   11292    46796   3.76
  1958          86     0.22694  0.20381  0.50   10124    2063    9092    35504   3.51
  1958          87     0.24838  0.22094  0.50    8060    1781    7170    26412   3.28
  1958          88     0.27115  0.23878  0.50    6280    1499    5530    19242   3.06
  1958          89     0.29521  0.25724  0.50    4780    1230    4165    13712   2.87
  1958          90     0.32048  0.27622  0.50    3550     981    3060     9547   2.69
  1958          91     0.34687  0.29560  0.50    2570     760    2190     6487   2.52
  1958          92     0.37426  0.31527  0.50    1810     571    1525     4297   2.37
  1958          93     0.40251  0.33507  0.50    1239     415    1032     2772   2.24
  1958          94     0.43143  0.35488  0.50     824     292     678     1740   2.11
  1958          95     0.46085  0.37455  0.50     532     199     432     1062   2.00
  1958          96     0.49058  0.39395  0.50     333     131     267      630   1.90
  1958          97     0.52039  0.41294  0.50     202      83     160      363   1.80
  1958          98     0.55008  0.43142  0.50     118      51      93      203   1.72
  1958          99     0.57943  0.44927  0.50      67      30      52      110   1.64
  1958         100     0.60826  0.46641  0.50      37      17      28       58   1.57
  1958         101     0.63638  0.48277  0.50      20      10      15       30   1.51
  1958         102     0.66361  0.49828  0.50      10       5       8       15   1.46
  1958         103     0.68982  0.51291  0.50       5       3       4        7   1.41
  1958         104     0.71489  0.52664  0.50       2       1       2        3   1.36
  1958         105     0.73871  0.53946  0.50       1       1       1        2   1.32
  1958         106     0.76122  0.55136  0.50       1       0       0        1   1.29
  1958         107     0.78232  0.56235  0.50       0       0       0        0   1.26
  1958         108     0.80202  0.57246  0.50       0       0       0        0   1.23
  1958         109     0.82042  0.58177  0.50       0       0       0        0   1.20
  1958         110+    0.84756  1.00000  1.18       0       0       0        0   1.18
  1959           0     0.03403  0.03311  0.18  100000    3311   97290  6658788  66.59
  1959           1     0.00474  0.00473  0.50   96689     457   96460  6561498  67.86
  1959           2     0.00399  0.00398  0.50   96232     383   96040  6465038  67.18
  1959           3     0.00327  0.00327  0.50   95848     313   95692  6368997  66.45
  1959           4     0.00261  0.00260  0.50   95535     249   95411  6273306  65.66
  1959           5     0.00203  0.00203  0.50   95287     193   95190  6177894  64.83
  1959           6     0.00155  0.00155  0.50   95093     148   95019  6082704  63.97
  1959           7     0.00117  0.00117  0.50   94946     111   94890  5987685  63.06
  1959           8     0.00088  0.00088  0.50   94835      84   94793  5892795  62.14
  1959           9     0.00068  0.00068  0.50   94751      65   94719  5798002  61.19
  1959          10     0.00056  0.00056  0.50   94686      53   94660  5703283  60.23
  1959          11     0.00052  0.00052  0.50   94633      49   94608  5608624  59.27
  1959          12     0.00053  0.00053  0.50   94584      50   94559  5514015  58.30
  1959          13     0.00061  0.00061  0.50   94534      57   94505  5419456  57.33
  1959          14     0.00074  0.00074  0.50   94477      70   94442  5324951  56.36
  1959          15     0.00092  0.00092  0.50   94407      87   94364  5230509  55.40
  1959          16     0.00113  0.00113  0.50   94320     107   94267  5136146  54.45
  1959          17     0.00136  0.00136  0.50   94213     128   94149  5041879  53.52
  1959          18     0.00157  0.00157  0.50   94085     148   94012  4947730  52.59
  1959          19     0.00177  0.00177  0.50   93938     166   93855  4853718  51.67
  1959          20     0.00194  0.00193  0.50   93772     181   93681  4759864  50.76
  1959          21     0.00208  0.00208  0.50   93590     194   93493  4666183  49.86
  1959          22     0.00220  0.00220  0.50   93396     205   93293  4572690  48.96
  1959          23     0.00229  0.00229  0.50   93190     213   93084  4479397  48.07
  1959          24     0.00236  0.00235  0.50   92977     219   92868  4386313  47.18
  1959          25     0.00240  0.00240  0.50   92758     223   92647  4293446  46.29
  1959          26     0.00244  0.00243  0.50   92535     225   92423  4200799  45.40
  1959          27     0.00246  0.00246  0.50   92310     227   92197  4108376  44.51
  1959          28     0.00247  0.00247  0.50   92084     227   91970  4016179  43.61
  1959          29     0.00248  0.00248  0.50   91856     227   91742  3924209  42.72
  1959          30     0.00249  0.00248  0.50   91629     227   91515  3832467  41.83
  1959          31     0.00250  0.00250  0.50   91401     229   91287  3740952  40.93
  1959          32     0.00255  0.00254  0.50   91173     232   91057  3649665  40.03
  1959          33     0.00261  0.00260  0.50   90941     237   90822  3558608  39.13
  1959          34     0.00268  0.00267  0.50   90704     243   90583  3467786  38.23
  1959          35     0.00276  0.00275  0.50   90461     249   90337  3377203  37.33
  1959          36     0.00285  0.00285  0.50   90212     257   90084  3286867  36.43
  1959          37     0.00298  0.00298  0.50   89955     268   89821  3196783  35.54
  1959          38     0.00314  0.00313  0.50   89687     281   89547  3106962  34.64
  1959          39     0.00332  0.00332  0.50   89406     297   89258  3017415  33.75
  1959          40     0.00354  0.00354  0.50   89110     315   88952  2928157  32.86
  1959          41     0.00381  0.00380  0.50   88795     338   88626  2839205  31.98
  1959          42     0.00414  0.00413  0.50   88457     365   88274  2750580  31.10
  1959          43     0.00451  0.00450  0.50   88091     396   87893  2662306  30.22
  1959          44     0.00491  0.00490  0.50   87695     430   87480  2574412  29.36
  1959          45     0.00534  0.00533  0.50   87266     465   87033  2486932  28.50
  1959          46     0.00580  0.00578  0.50   86801     502   86550  2399899  27.65
  1959          47     0.00626  0.00624  0.50   86299     538   86029  2313349  26.81
  1959          48     0.00677  0.00675  0.50   85760     579   85471  2227320  25.97
  1959          49     0.00739  0.00736  0.50   85182     627   84868  2141849  25.14
  1959          50     0.00812  0.00809  0.50   84555     684   84213  2056981  24.33
  1959          51     0.00897  0.00893  0.50   83871     749   83496  1972768  23.52
  1959          52     0.00986  0.00981  0.50   83122     815   82714  1889272  22.73
  1959          53     0.01073  0.01067  0.50   82307     878   81867  1806557  21.95
  1959          54     0.01156  0.01149  0.50   81428     936   80960  1724690  21.18
  1959          55     0.01237  0.01230  0.50   80492     990   79998  1643729  20.42
  1959          56     0.01320  0.01311  0.50   79503    1042   78981  1563732  19.67
  1959          57     0.01406  0.01396  0.50   78460    1096   77913  1484750  18.92
  1959          58     0.01498  0.01487  0.50   77365    1150   76790  1406838  18.18
  1959          59     0.01597  0.01585  0.50   76214    1208   75610  1330048  17.45
  1959          60     0.01708  0.01694  0.50   75007    1271   74371  1254438  16.72
  1959          61     0.01839  0.01822  0.50   73736    1343   73064  1180067  16.00
  1959          62     0.01999  0.01979  0.50   72393    1433   71677  1107002  15.29
  1959          63     0.02198  0.02174  0.50   70960    1543   70189  1035326  14.59
  1959          64     0.02435  0.02406  0.50   69418    1670   68583   965137  13.90
  1959          65     0.02708  0.02672  0.50   67748    1810   66843   896554  13.23
  1959          66     0.03028  0.02983  0.50   65937    1967   64954   829711  12.58
  1959          67     0.03393  0.03337  0.50   63970    2135   62903   764757  11.95
  1959          68     0.03798  0.03727  0.50   61836    2305   60684   701854  11.35
  1959          69     0.04225  0.04138  0.50   59531    2463   58300   641171  10.77
  1959          70     0.04662  0.04555  0.50   57068    2600   55768   582871  10.21
  1959          71     0.05111  0.04984  0.50   54468    2715   53111   527103   9.68
  1959          72     0.05592  0.05440  0.50   51754    2815   50346   473992   9.16
  1959          73     0.06122  0.05940  0.50   48938    2907   47485   423646   8.66
  1959          74     0.06720  0.06501  0.50   46031    2993   44535   376161   8.17
  1959          75     0.07400  0.07136  0.50   43039    3071   41503   331626   7.71
  1959          76     0.08168  0.07848  0.50   39968    3137   38399   290123   7.26
  1959          77     0.09023  0.08634  0.50   36831    3180   35241   251723   6.83
  1959          78     0.09962  0.09489  0.50   33651    3193   32055   216482   6.43
  1959          79     0.10991  0.10418  0.50   30458    3173   28871   184427   6.06
  1959          80     0.12110  0.11419  0.50   27285    3116   25727   155556   5.70
  1959          81     0.13295  0.12467  0.50   24169    3013   22663   129829   5.37
  1959          82     0.14519  0.13537  0.50   21156    2864   19724   107166   5.07
  1959          83     0.15779  0.14625  0.50   18292    2675   16955    87442   4.78
  1959          84     0.17082  0.15737  0.50   15617    2458   14388    70487   4.51
  1959          85     0.18437  0.16881  0.50   13159    2221   12049    56099   4.26
  1959          86     0.19858  0.18064  0.50   10938    1976    9950    44050   4.03
  1959          87     0.21355  0.19295  0.50    8962    1729    8097    34100   3.80
  1959          88     0.22938  0.20578  0.50    7233    1488    6489    26003   3.60
  1959          89     0.24613  0.21916  0.50    5745    1259    5115    19514   3.40
  1959          90     0.26388  0.23312  0.50    4486    1046    3963    14399   3.21
  1959          91     0.28266  0.24766  0.50    3440     852    3014    10436   3.03
  1959          92     0.30249  0.26275  0.50    2588     680    2248     7422   2.87
  1959          93     0.32342  0.27840  0.50    1908     531    1642     5174   2.71
  1959          94     0.34544  0.29457  0.50    1377     406    1174     3532   2.57
  1959          95     0.36858  0.31122  0.50     971     302     820     2358   2.43
  1959          96     0.39282  0.32834  0.50     669     220     559     1538   2.30
  1959          97     0.41816  0.34585  0.50     449     155     372      979   2.18
  1959          98     0.44456  0.36371  0.50     294     107     240      607   2.07
  1959          99     0.47195  0.38185  0.50     187      71     151      367   1.96
  1959         100     0.50026  0.40016  0.50     116      46      92      215   1.86
  1959         101     0.52934  0.41856  0.50      69      29      55      123   1.77
  1959         102     0.55904  0.43692  0.50      40      18      32       68   1.69
  1959         103     0.58918  0.45511  0.50      23      10      18       37   1.61
  1959         104     0.61952  0.47300  0.50      12       6       9       19   1.54
  1959         105     0.64985  0.49048  0.50       7       3       5       10   1.48
  1959         106     0.67998  0.50745  0.50       3       2       2        5   1.42
  1959         107     0.70977  0.52386  0.50       2       1       1        2   1.36
  1959         108     0.73919  0.53972  0.50       1       0       1        1   1.32
  1959         109     0.76830  0.55507  0.50       0       0       0        0   1.27
  1959         110+    0.80969  1.00000  1.24       0       0       0        0   1.24
  1960           0     0.03501  0.03404  0.18  100000    3404   97216  6642658  66.43
  1960           1     0.00434  0.00433  0.50   96596     418   96387  6545442  67.76
  1960           2     0.00359  0.00358  0.50   96178     344   96006  6449055  67.05
  1960           3     0.00288  0.00288  0.50   95834     276   95696  6353049  66.29
  1960           4     0.00226  0.00225  0.50   95558     215   95450  6257353  65.48
  1960           5     0.00173  0.00172  0.50   95343     164   95261  6161903  64.63
  1960           6     0.00130  0.00130  0.50   95178     123   95117  6066642  63.74
  1960           7     0.00098  0.00098  0.50   95055      93   95008  5971526  62.82
  1960           8     0.00076  0.00075  0.50   94962      72   94926  5876517  61.88
  1960           9     0.00062  0.00062  0.50   94890      59   94861  5781591  60.93
  1960          10     0.00055  0.00055  0.50   94832      52   94806  5686730  59.97
  1960          11     0.00054  0.00054  0.50   94779      51   94754  5591924  59.00
  1960          12     0.00057  0.00057  0.50   94728      54   94701  5497171  58.03
  1960          13     0.00064  0.00064  0.50   94674      61   94644  5402469  57.06
  1960          14     0.00075  0.00075  0.50   94613      71   94578  5307826  56.10
  1960          15     0.00089  0.00089  0.50   94543      84   94500  5213248  55.14
  1960          16     0.00106  0.00106  0.50   94458     100   94408  5118747  54.19
  1960          17     0.00125  0.00125  0.50   94358     118   94299  5024339  53.25
  1960          18     0.00146  0.00146  0.50   94240     137   94172  4930040  52.31
  1960          19     0.00168  0.00168  0.50   94103     158   94024  4835868  51.39
  1960          20     0.00190  0.00190  0.50   93945     178   93856  4741844  50.47
  1960          21     0.00210  0.00210  0.50   93767     197   93669  4647988  49.57
  1960          22     0.00227  0.00226  0.50   93570     212   93464  4554320  48.67
  1960          23     0.00240  0.00240  0.50   93358     224   93246  4460856  47.78
  1960          24     0.00250  0.00250  0.50   93134     232   93018  4367609  46.90
  1960          25     0.00255  0.00254  0.50   92902     236   92784  4274591  46.01
  1960          26     0.00254  0.00253  0.50   92666     235   92548  4181807  45.13
  1960          27     0.00248  0.00248  0.50   92431     229   92316  4089259  44.24
  1960          28     0.00241  0.00241  0.50   92202     222   92091  3996942  43.35
  1960          29     0.00235  0.00235  0.50   91980     216   91872  3904852  42.45
  1960          30     0.00234  0.00233  0.50   91764     214   91656  3812980  41.55
  1960          31     0.00239  0.00238  0.50   91549     218   91440  3721324  40.65
  1960          32     0.00251  0.00251  0.50   91331     229   91217  3629883  39.74
  1960          33     0.00267  0.00267  0.50   91102     243   90981  3538667  38.84
  1960          34     0.00283  0.00283  0.50   90859     257   90731  3447686  37.95
  1960          35     0.00298  0.00298  0.50   90602     270   90467  3356955  37.05
  1960          36     0.00311  0.00311  0.50   90333     281   90192  3266487  36.16
  1960          37     0.00323  0.00322  0.50   90052     290   89907  3176295  35.27
  1960          38     0.00333  0.00333  0.50   89762     299   89612  3086388  34.38
  1960          39     0.00343  0.00343  0.50   89463     307   89309  2996776  33.50
  1960          40     0.00355  0.00354  0.50   89156     316   88998  2907467  32.61
  1960          41     0.00371  0.00371  0.50   88840     329   88675  2818468  31.73
  1960          42     0.00394  0.00393  0.50   88511     348   88337  2729793  30.84
  1960          43     0.00423  0.00422  0.50   88163     372   87976  2641456  29.96
  1960          44     0.00459  0.00458  0.50   87790     402   87589  2553480  29.09
  1960          45     0.00503  0.00502  0.50   87388     439   87168  2465891  28.22
  1960          46     0.00555  0.00554  0.50   86949     482   86708  2378722  27.36
  1960          47     0.00612  0.00611  0.50   86467     528   86204  2292014  26.51
  1960          48     0.00673  0.00671  0.50   85940     577   85651  2205811  25.67
  1960          49     0.00737  0.00734  0.50   85363     627   85049  2120159  24.84
  1960          50     0.00802  0.00799  0.50   84736     677   84397  2035110  24.02
  1960          51     0.00868  0.00865  0.50   84059     727   83695  1950713  23.21
  1960          52     0.00938  0.00934  0.50   83332     778   82943  1867017  22.40
  1960          53     0.01014  0.01009  0.50   82554     833   82137  1784074  21.61
  1960          54     0.01096  0.01090  0.50   81721     891   81275  1701937  20.83
  1960          55     0.01185  0.01178  0.50   80830     952   80354  1620662  20.05
  1960          56     0.01283  0.01274  0.50   79877    1018   79368  1540308  19.28
  1960          57     0.01388  0.01379  0.50   78859    1087   78316  1460940  18.53
  1960          58     0.01502  0.01491  0.50   77772    1159   77193  1382624  17.78
  1960          59     0.01622  0.01609  0.50   76613    1232   75997  1305431  17.04
  1960          60     0.01752  0.01737  0.50   75380    1309   74726  1229435  16.31
  1960          61     0.01899  0.01882  0.50   74071    1394   73375  1154709  15.59
  1960          62     0.02076  0.02055  0.50   72678    1493   71931  1081334  14.88
  1960          63     0.02292  0.02266  0.50   71184    1613   70378  1009403  14.18
  1960          64     0.02551  0.02519  0.50   69571    1753   68695   939026  13.50
  1960          65     0.02855  0.02815  0.50   67819    1909   66864   870331  12.83
  1960          66     0.03204  0.03153  0.50   65910    2078   64871   803467  12.19
  1960          67     0.03585  0.03521  0.50   63831    2248   62708   738596  11.57
  1960          68     0.03982  0.03905  0.50   61584    2405   60381   675888  10.98
  1960          69     0.04399  0.04305  0.50   59179    2547   57905   615507  10.40
  1960          70     0.04842  0.04727  0.50   56632    2677   55293   557602   9.85
  1960          71     0.05321  0.05183  0.50   53954    2797   52556   502309   9.31
  1960          72     0.05852  0.05686  0.50   51158    2909   49704   449753   8.79
  1960          73     0.06450  0.06248  0.50   48249    3015   46742   400049   8.29
  1960          74     0.07117  0.06872  0.50   45234    3109   43680   353307   7.81
  1960          75     0.07859  0.07562  0.50   42126    3186   40533   309627   7.35
  1960          76     0.08695  0.08333  0.50   38940    3245   37318   269094   6.91
  1960          77     0.09613  0.09172  0.50   35695    3274   34058   231776   6.49
  1960          78     0.10600  0.10066  0.50   32421    3264   30789   197718   6.10
  1960          79     0.11669  0.11026  0.50   29158    3215   27550   166929   5.73
  1960          80     0.12837  0.12063  0.50   25943    3129   24378   139378   5.37
  1960          81     0.14098  0.13170  0.50   22813    3004   21311   115000   5.04
  1960          82     0.15444  0.14337  0.50   19809    2840   18389    93689   4.73
  1960          83     0.16878  0.15565  0.50   16969    2641   15648    75301   4.44
  1960          84     0.18412  0.16859  0.50   14328    2416   13120    59652   4.16
  1960          85     0.20054  0.18227  0.50   11912    2171   10827    46532   3.91
  1960          86     0.21815  0.19669  0.50    9741    1916    8783    35706   3.67
  1960          87     0.23698  0.21188  0.50    7825    1658    6996    26923   3.44
  1960          88     0.25706  0.22779  0.50    6167    1405    5465    19927   3.23
  1960          89     0.27835  0.24435  0.50    4762    1164    4180    14462   3.04
  1960          90     0.30079  0.26147  0.50    3599     941    3128    10282   2.86
  1960          91     0.32426  0.27902  0.50    2658     742    2287     7154   2.69
  1960          92     0.34862  0.29687  0.50    1916     569    1632     4867   2.54
  1960          93     0.37370  0.31487  0.50    1347     424    1135     3235   2.40
  1960          94     0.39931  0.33285  0.50     923     307     769     2100   2.27
  1960          95     0.42521  0.35066  0.50     616     216     508     1330   2.16
  1960          96     0.45117  0.36813  0.50     400     147     326      822   2.06
  1960          97     0.47694  0.38510  0.50     253      97     204      496   1.96
  1960          98     0.50227  0.40145  0.50     155      62     124      292   1.88
  1960          99     0.52690  0.41703  0.50      93      39      74      168   1.80
  1960         100     0.55062  0.43175  0.50      54      23      43       94   1.74
  1960         101     0.57324  0.44554  0.50      31      14      24       52   1.68
  1960         102     0.59460  0.45834  0.50      17       8      13       28   1.63
  1960         103     0.61465  0.47016  0.50       9       4       7       15   1.58
  1960         104     0.63336  0.48103  0.50       5       2       4        8   1.54
  1960         105     0.65080  0.49102  0.50       3       1       2        4   1.50
  1960         106     0.66713  0.50026  0.50       1       1       1        2   1.47
  1960         107     0.68253  0.50887  0.50       1       0       0        1   1.44
  1960         108     0.69728  0.51702  0.50       0       0       0        0   1.41
  1960         109     0.71163  0.52487  0.50       0       0       0        0   1.38
  1960         110+    0.73452  1.00000  1.36       0       0       0        0   1.36
  1961           0     0.03216  0.03133  0.18  100000    3133   97427  6770907  67.71
  1961           1     0.00391  0.00390  0.50   96867     378   96678  6673480  68.89
  1961           2     0.00305  0.00304  0.50   96489     293   96343  6576802  68.16
  1961           3     0.00230  0.00229  0.50   96196     221   96086  6480459  67.37
  1961           4     0.00168  0.00168  0.50   95975     161   95895  6384374  66.52
  1961           5     0.00121  0.00121  0.50   95814     116   95756  6288479  65.63
  1961           6     0.00087  0.00087  0.50   95698      83   95656  6192723  64.71
  1961           7     0.00067  0.00067  0.50   95615      64   95583  6097067  63.77
  1961           8     0.00057  0.00057  0.50   95551      55   95523  6001484  62.81
  1961           9     0.00053  0.00053  0.50   95496      51   95470  5905961  61.85
  1961          10     0.00050  0.00050  0.50   95445      48   95421  5810491  60.88
  1961          11     0.00049  0.00049  0.50   95397      47   95374  5715070  59.91
  1961          12     0.00051  0.00051  0.50   95350      49   95326  5619696  58.94
  1961          13     0.00056  0.00056  0.50   95302      53   95275  5524370  57.97
  1961          14     0.00066  0.00066  0.50   95248      63   95217  5429095  57.00
  1961          15     0.00084  0.00084  0.50   95185      80   95145  5333878  56.04
  1961          16     0.00105  0.00105  0.50   95106      99   95056  5238733  55.08
  1961          17     0.00126  0.00125  0.50   95006     119   94946  5143677  54.14
  1961          18     0.00144  0.00144  0.50   94887     137   94819  5048731  53.21
  1961          19     0.00158  0.00158  0.50   94750     150   94676  4953912  52.28
  1961          20     0.00168  0.00168  0.50   94601     159   94521  4859237  51.37
  1961          21     0.00176  0.00176  0.50   94442     166   94359  4764715  50.45
  1961          22     0.00185  0.00185  0.50   94276     174   94189  4670356  49.54
  1961          23     0.00194  0.00193  0.50   94102     182   94011  4576167  48.63
  1961          24     0.00201  0.00201  0.50   93920     189   93826  4482156  47.72
  1961          25     0.00210  0.00210  0.50   93731     197   93633  4388330  46.82
  1961          26     0.00219  0.00219  0.50   93535     205   93432  4294697  45.92
  1961          27     0.00227  0.00227  0.50   93330     211   93224  4201265  45.02
  1961          28     0.00233  0.00233  0.50   93118     217   93010  4108041  44.12
  1961          29     0.00239  0.00238  0.50   92901     222   92791  4015031  43.22
  1961          30     0.00241  0.00241  0.50   92680     223   92568  3922240  42.32
  1961          31     0.00243  0.00242  0.50   92457     224   92344  3829672  41.42
  1961          32     0.00245  0.00245  0.50   92232     226   92119  3737328  40.52
  1961          33     0.00252  0.00252  0.50   92006     232   91890  3645208  39.62
  1961          34     0.00265  0.00265  0.50   91775     243   91653  3553318  38.72
  1961          35     0.00277  0.00277  0.50   91531     253   91405  3461665  37.82
  1961          36     0.00284  0.00284  0.50   91278     259   91149  3370260  36.92
  1961          37     0.00295  0.00294  0.50   91019     268   90885  3279111  36.03
  1961          38     0.00310  0.00309  0.50   90751     281   90611  3188226  35.13
  1961          39     0.00327  0.00326  0.50   90471     295   90323  3097615  34.24
  1961          40     0.00346  0.00345  0.50   90175     311   90020  3007292  33.35
  1961          41     0.00366  0.00365  0.50   89864     328   89700  2917272  32.46
  1961          42     0.00384  0.00383  0.50   89536     343   89364  2827572  31.58
  1961          43     0.00399  0.00399  0.50   89193     356   89015  2738208  30.70
  1961          44     0.00413  0.00412  0.50   88837     366   88654  2649193  29.82
  1961          45     0.00436  0.00435  0.50   88471     385   88279  2560539  28.94
  1961          46     0.00475  0.00474  0.50   88086     417   87878  2472260  28.07
  1961          47     0.00526  0.00525  0.50   87669     460   87439  2384382  27.20
  1961          48     0.00587  0.00586  0.50   87209     511   86954  2296943  26.34
  1961          49     0.00660  0.00657  0.50   86698     570   86413  2209990  25.49
  1961          50     0.00742  0.00740  0.50   86128     637   85810  2123576  24.66
  1961          51     0.00834  0.00831  0.50   85491     710   85136  2037767  23.84
  1961          52     0.00926  0.00922  0.50   84781     781   84390  1952631  23.03
  1961          53     0.01009  0.01004  0.50   84000     844   83578  1868240  22.24
  1961          54     0.01087  0.01081  0.50   83156     899   82707  1784662  21.46
  1961          55     0.01167  0.01160  0.50   82257     954   81780  1701956  20.69
  1961          56     0.01255  0.01247  0.50   81303    1014   80796  1620175  19.93
  1961          57     0.01352  0.01343  0.50   80289    1079   79750  1539379  19.17
  1961          58     0.01458  0.01447  0.50   79210    1146   78637  1459630  18.43
  1961          59     0.01575  0.01563  0.50   78064    1220   77454  1380992  17.69
  1961          60     0.01701  0.01686  0.50   76844    1296   76196  1303538  16.96
  1961          61     0.01831  0.01814  0.50   75548    1371   74863  1227342  16.25
  1961          62     0.01974  0.01955  0.50   74178    1450   73453  1152479  15.54
  1961          63     0.02142  0.02120  0.50   72728    1542   71957  1079026  14.84
  1961          64     0.02348  0.02321  0.50   71186    1652   70360  1007069  14.15
  1961          65     0.02602  0.02568  0.50   69534    1786   68641   936709  13.47
  1961          66     0.02906  0.02865  0.50   67749    1941   66778   868067  12.81
  1961          67     0.03245  0.03193  0.50   65808    2101   64757   801289  12.18
  1961          68     0.03596  0.03533  0.50   63707    2251   62581   736532  11.56
  1961          69     0.03948  0.03871  0.50   61456    2379   60266   673950  10.97
  1961          70     0.04299  0.04208  0.50   59077    2486   57834   613684  10.39
  1961          71     0.04689  0.04581  0.50   56591    2593   55294   555850   9.82
  1961          72     0.05137  0.05009  0.50   53998    2705   52646   500556   9.27
  1961          73     0.05654  0.05498  0.50   51293    2820   49883   447910   8.73
  1961          74     0.06243  0.06054  0.50   48473    2934   47006   398027   8.21
  1961          75     0.06892  0.06662  0.50   45539    3034   44022   351021   7.71
  1961          76     0.07575  0.07298  0.50   42505    3102   40954   306999   7.22
  1961          77     0.08439  0.08097  0.50   39403    3190   37807   266045   6.75
  1961          78     0.09620  0.09179  0.50   36212    3324   34550   228238   6.30
  1961          79     0.11015  0.10440  0.50   32888    3434   31172   193688   5.89
  1961          80     0.12473  0.11740  0.50   29455    3458   27726   162516   5.52
  1961          81     0.13891  0.12989  0.50   25997    3377   24308   134790   5.18
  1961          82     0.15217  0.14141  0.50   22620    3199   21021   110482   4.88
  1961          83     0.16524  0.15263  0.50   19421    2964   17939    89461   4.61
  1961          84     0.17864  0.16400  0.50   16457    2699   15108    71522   4.35
  1961          85     0.19278  0.17583  0.50   13758    2419   12549    56415   4.10
  1961          86     0.20783  0.18826  0.50   11339    2135   10272    43866   3.87
  1961          87     0.22392  0.20137  0.50    9204    1853    8278    33594   3.65
  1961          88     0.24106  0.21513  0.50    7351    1581    6560    25317   3.44
  1961          89     0.25923  0.22948  0.50    5769    1324    5107    18757   3.25
  1961          90     0.27840  0.24438  0.50    4445    1086    3902    13649   3.07
  1961          91     0.29854  0.25977  0.50    3359     873    2923     9747   2.90
  1961          92     0.31961  0.27557  0.50    2487     685    2144     6824   2.74
  1961          93     0.34155  0.29173  0.50    1801     525    1539     4680   2.60
  1961          94     0.36431  0.30817  0.50    1276     393    1079     3142   2.46
  1961          95     0.38780  0.32482  0.50     883     287     739     2063   2.34
  1961          96     0.41194  0.34158  0.50     596     204     494     1323   2.22
  1961          97     0.43662  0.35838  0.50     392     141     322      829   2.11
  1961          98     0.46173  0.37512  0.50     252      94     205      507   2.01
  1961          99     0.48714  0.39173  0.50     157      62     127      302   1.92
  1961         100     0.51272  0.40810  0.50      96      39      76      176   1.84
  1961         101     0.53833  0.42416  0.50      57      24      45      100   1.76
  1961         102     0.56382  0.43983  0.50      33      14      25       55   1.69
  1961         103     0.58904  0.45503  0.50      18       8      14       30   1.63
  1961         104     0.61385  0.46969  0.50      10       5       8       16   1.57
  1961         105     0.63811  0.48376  0.50       5       3       4        8   1.51
  1961         106     0.66171  0.49721  0.50       3       1       2        4   1.47
  1961         107     0.68460  0.51002  0.50       1       1       1        2   1.42
  1961         108     0.70683  0.52225  0.50       1       0       0        1   1.38
  1961         109     0.72853  0.53401  0.50       0       0       0        0   1.34
  1961         110+    0.76329  1.00000  1.31       0       0       0        0   1.31
  1962           0     0.03445  0.03350  0.18  100000    3350   97259  6698259  66.98
  1962           1     0.00410  0.00409  0.50   96650     395   96452  6601000  68.30
  1962           2     0.00308  0.00308  0.50   96254     296   96106  6504548  67.58
  1962           3     0.00219  0.00219  0.50   95958     210   95853  6408443  66.78
  1962           4     0.00149  0.00149  0.50   95748     143   95676  6312590  65.93
  1962           5     0.00102  0.00102  0.50   95605      98   95556  6216914  65.03
  1962           6     0.00077  0.00077  0.50   95507      73   95470  6121358  64.09
  1962           7     0.00067  0.00067  0.50   95434      64   95402  6025887  63.14
  1962           8     0.00065  0.00065  0.50   95370      62   95339  5930486  62.18
  1962           9     0.00065  0.00065  0.50   95308      62   95277  5835147  61.22
  1962          10     0.00064  0.00064  0.50   95245      61   95215  5739870  60.26
  1962          11     0.00059  0.00059  0.50   95185      57   95157  5644655  59.30
  1962          12     0.00055  0.00055  0.50   95128      52   95102  5549498  58.34
  1962          13     0.00055  0.00055  0.50   95076      52   95050  5454396  57.37
  1962          14     0.00061  0.00061  0.50   95024      58   94995  5359346  56.40
  1962          15     0.00073  0.00073  0.50   94966      69   94932  5264351  55.43
  1962          16     0.00089  0.00089  0.50   94897      85   94855  5169419  54.47
  1962          17     0.00110  0.00110  0.50   94813     104   94760  5074564  53.52
  1962          18     0.00139  0.00139  0.50   94708     131   94643  4979804  52.58
  1962          19     0.00173  0.00173  0.50   94577     164   94495  4885161  51.65
  1962          20     0.00191  0.00190  0.50   94413     180   94323  4790667  50.74
  1962          21     0.00191  0.00191  0.50   94233     180   94143  4696343  49.84
  1962          22     0.00184  0.00184  0.50   94053     173   93967  4602200  48.93
  1962          23     0.00185  0.00185  0.50   93880     174   93793  4508234  48.02
  1962          24     0.00202  0.00202  0.50   93706     190   93611  4414441  47.11
  1962          25     0.00220  0.00220  0.50   93517     205   93414  4320829  46.20
  1962          26     0.00233  0.00232  0.50   93311     217   93203  4227415  45.30
  1962          27     0.00241  0.00241  0.50   93095     224   92982  4134212  44.41
  1962          28     0.00249  0.00248  0.50   92870     231   92755  4041230  43.51
  1962          29     0.00257  0.00257  0.50   92640     238   92521  3948475  42.62
  1962          30     0.00269  0.00269  0.50   92402     248   92278  3855954  41.73
  1962          31     0.00276  0.00276  0.50   92154     254   92027  3763676  40.84
  1962          32     0.00272  0.00272  0.50   91899     250   91775  3671649  39.95
  1962          33     0.00260  0.00259  0.50   91650     238   91531  3579875  39.06
  1962          34     0.00247  0.00246  0.50   91412     225   91299  3488344  38.16
  1962          35     0.00242  0.00241  0.50   91187     220   91077  3397044  37.25
  1962          36     0.00252  0.00252  0.50   90967     229   90852  3305968  36.34
  1962          37     0.00275  0.00275  0.50   90738     249   90613  3215115  35.43
  1962          38     0.00291  0.00290  0.50   90488     263   90357  3124502  34.53
  1962          39     0.00285  0.00284  0.50   90226     256   90098  3034145  33.63
  1962          40     0.00278  0.00277  0.50   89969     250   89845  2944047  32.72
  1962          41     0.00298  0.00298  0.50   89720     267   89586  2854203  31.81
  1962          42     0.00355  0.00354  0.50   89453     317   89294  2764617  30.91
  1962          43     0.00429  0.00428  0.50   89136     382   88945  2675322  30.01
  1962          44     0.00499  0.00498  0.50   88754     442   88533  2586377  29.14
  1962          45     0.00539  0.00538  0.50   88312     475   88075  2497844  28.28
  1962          46     0.00545  0.00543  0.50   87837     477   87598  2409770  27.43
  1962          47     0.00572  0.00570  0.50   87360     498   87111  2322171  26.58
  1962          48     0.00616  0.00614  0.50   86862     534   86595  2235060  25.73
  1962          49     0.00661  0.00659  0.50   86328     569   86044  2148465  24.89
  1962          50     0.00718  0.00716  0.50   85760     614   85453  2062421  24.05
  1962          51     0.00796  0.00793  0.50   85146     675   84808  1976969  23.22
  1962          52     0.00850  0.00846  0.50   84470     715   84113  1892160  22.40
  1962          53     0.00873  0.00869  0.50   83756     728   83392  1808047  21.59
  1962          54     0.01005  0.01000  0.50   83028     831   82613  1724656  20.77
  1962          55     0.01186  0.01179  0.50   82197     970   81713  1642043  19.98
  1962          56     0.01322  0.01313  0.50   81228    1066   80695  1560330  19.21
  1962          57     0.01439  0.01429  0.50   80161    1145   79589  1479635  18.46
  1962          58     0.01585  0.01572  0.50   79016    1243   78395  1400047  17.72
  1962          59     0.01750  0.01734  0.50   77774    1349   77099  1321652  16.99
  1962          60     0.01882  0.01864  0.50   76425    1425   75712  1244552  16.28
  1962          61     0.01952  0.01933  0.50   75000    1450   74275  1168840  15.58
  1962          62     0.02041  0.02021  0.50   73550    1486   72807  1094565  14.88
  1962          63     0.02242  0.02217  0.50   72064    1598   71265  1021758  14.18
  1962          64     0.02569  0.02537  0.50   70466    1788   69573   950493  13.49
  1962          65     0.02980  0.02936  0.50   68679    2017   67670   880920  12.83
  1962          66     0.03306  0.03252  0.50   66662    2168   65578   813250  12.20
  1962          67     0.03532  0.03471  0.50   64494    2239   63375   747671  11.59
  1962          68     0.03721  0.03653  0.50   62256    2274   61119   684296  10.99
  1962          69     0.04041  0.03961  0.50   59982    2376   58794   623177  10.39
  1962          70     0.04614  0.04510  0.50   57606    2598   56307   564383   9.80
  1962          71     0.05274  0.05139  0.50   55008    2827   53595   508076   9.24
  1962          72     0.05806  0.05642  0.50   52181    2944   50709   454481   8.71
  1962          73     0.06122  0.05940  0.50   49237    2925   47775   403772   8.20
  1962          74     0.06610  0.06398  0.50   46313    2963   44831   355997   7.69
  1962          75     0.07630  0.07350  0.50   43350    3186   41756   311166   7.18
  1962          76     0.08949  0.08566  0.50   40163    3440   38443   269409   6.71
  1962          77     0.10193  0.09699  0.50   36723    3562   34942   230966   6.29
  1962          78     0.11116  0.10531  0.50   33161    3492   31415   196024   5.91
  1962          79     0.11978  0.11302  0.50   29669    3353   27992   164609   5.55
  1962          80     0.13088  0.12284  0.50   26316    3233   24700   136617   5.19
  1962          81     0.14435  0.13463  0.50   23083    3108   21529   111917   4.85
  1962          82     0.15944  0.14767  0.50   19976    2950   18501    90388   4.52
  1962          83     0.17597  0.16174  0.50   17026    2754   15649    71887   4.22
  1962          84     0.19383  0.17671  0.50   14272    2522   13011    56238   3.94
  1962          85     0.21294  0.19245  0.50   11750    2261   10620    43227   3.68
  1962          86     0.23333  0.20895  0.50    9489    1983    8498    32607   3.44
  1962          87     0.25505  0.22620  0.50    7506    1698    6657    24110   3.21
  1962          88     0.27809  0.24415  0.50    5808    1418    5099    17453   3.00
  1962          89     0.30242  0.26270  0.50    4390    1153    3814    12353   2.81
  1962          90     0.32798  0.28177  0.50    3237     912    2781     8540   2.64
  1962          91     0.35469  0.30126  0.50    2325     700    1975     5759   2.48
  1962          92     0.38245  0.32106  0.50    1624     522    1364     3784   2.33
  1962          93     0.41113  0.34103  0.50    1103     376     915     2421   2.19
  1962          94     0.44058  0.36105  0.50     727     262     596     1506   2.07
  1962          95     0.47061  0.38097  0.50     464     177     376      910   1.96
  1962          96     0.50102  0.40065  0.50     287     115     230      534   1.86
  1962          97     0.53159  0.41997  0.50     172      72     136      304   1.77
  1962          98     0.56210  0.43878  0.50     100      44      78      168   1.68
  1962          99     0.59230  0.45697  0.50      56      26      43       90   1.61
  1962         100     0.62197  0.47443  0.50      30      14      23       47   1.54
  1962         101     0.65089  0.49107  0.50      16       8      12       24   1.48
  1962         102     0.67886  0.50683  0.50       8       4       6       12   1.43
  1962         103     0.70572  0.52165  0.50       4       2       3        6   1.38
  1962         104     0.73130  0.53550  0.50       2       1       1        3   1.33
  1962         105     0.75551  0.54836  0.50       1       0       1        1   1.30
  1962         106     0.77825  0.56024  0.50       0       0       0        1   1.26
  1962         107     0.79943  0.57114  0.50       0       0       0        0   1.23
  1962         108     0.81904  0.58108  0.50       0       0       0        0   1.20
  1962         109     0.83719  0.59015  0.50       0       0       0        0   1.18
  1962         110+    0.86335  1.00000  1.16       0       0       0        0   1.16
  1963           0     0.02957  0.02887  0.18  100000    2887   97623  6856616  68.57
  1963           1     0.00294  0.00294  0.50   97113     285   96971  6758993  69.60
  1963           2     0.00238  0.00238  0.50   96828     230   96713  6662022  68.80
  1963           3     0.00187  0.00187  0.50   96598     180   96508  6565309  67.97
  1963           4     0.00144  0.00144  0.50   96417     138   96348  6468801  67.09
  1963           5     0.00109  0.00109  0.50   96279     105   96227  6372453  66.19
  1963           6     0.00083  0.00083  0.50   96174      80   96134  6276227  65.26
  1963           7     0.00065  0.00065  0.50   96094      63   96063  6180093  64.31
  1963           8     0.00053  0.00053  0.50   96031      51   96006  6084030  63.35
  1963           9     0.00045  0.00045  0.50   95981      43   95960  5988024  62.39
  1963          10     0.00041  0.00041  0.50   95938      39   95918  5892064  61.42
  1963          11     0.00043  0.00043  0.50   95899      41   95878  5796146  60.44
  1963          12     0.00051  0.00051  0.50   95857      49   95833  5700268  59.47
  1963          13     0.00063  0.00063  0.50   95809      60   95779  5604435  58.50
  1963          14     0.00076  0.00076  0.50   95749      73   95712  5508656  57.53
  1963          15     0.00088  0.00088  0.50   95676      84   95634  5412944  56.58
  1963          16     0.00096  0.00096  0.50   95592      92   95546  5317310  55.63
  1963          17     0.00102  0.00102  0.50   95500      97   95451  5221764  54.68
  1963          18     0.00106  0.00106  0.50   95403     101   95352  5126313  53.73
  1963          19     0.00112  0.00112  0.50   95301     107   95248  5030961  52.79
  1963          20     0.00121  0.00121  0.50   95195     115   95137  4935713  51.85
  1963          21     0.00133  0.00132  0.50   95079     126   95017  4840575  50.91
  1963          22     0.00143  0.00143  0.50   94954     136   94886  4745559  49.98
  1963          23     0.00152  0.00152  0.50   94818     144   94746  4650673  49.05
  1963          24     0.00159  0.00159  0.50   94674     150   94599  4555927  48.12
  1963          25     0.00167  0.00167  0.50   94524     158   94445  4461329  47.20
  1963          26     0.00177  0.00177  0.50   94366     167   94283  4366884  46.28
  1963          27     0.00188  0.00188  0.50   94199     177   94111  4272601  45.36
  1963          28     0.00199  0.00199  0.50   94022     187   93929  4178491  44.44
  1963          29     0.00207  0.00207  0.50   93835     194   93738  4084562  43.53
  1963          30     0.00207  0.00206  0.50   93641     193   93545  3990823  42.62
  1963          31     0.00201  0.00201  0.50   93448     188   93354  3897279  41.71
  1963          32     0.00196  0.00196  0.50   93260     183   93169  3803925  40.79
  1963          33     0.00197  0.00197  0.50   93078     183   92986  3710756  39.87
  1963          34     0.00209  0.00209  0.50   92894     194   92797  3617770  38.95
  1963          35     0.00231  0.00231  0.50   92700     214   92593  3524973  38.03
  1963          36     0.00259  0.00259  0.50   92486     239   92367  3432379  37.11
  1963          37     0.00285  0.00284  0.50   92247     262   92116  3340013  36.21
  1963          38     0.00306  0.00306  0.50   91985     281   91844  3247897  35.31
  1963          39     0.00325  0.00324  0.50   91703     297   91555  3156053  34.42
  1963          40     0.00344  0.00343  0.50   91406     314   91249  3064498  33.53
  1963          41     0.00366  0.00365  0.50   91092     332   90926  2973249  32.64
  1963          42     0.00384  0.00383  0.50   90760     348   90586  2882322  31.76
  1963          43     0.00402  0.00401  0.50   90412     362   90231  2791736  30.88
  1963          44     0.00423  0.00422  0.50   90050     380   89860  2701506  30.00
  1963          45     0.00448  0.00447  0.50   89670     401   89469  2611646  29.13
  1963          46     0.00479  0.00478  0.50   89269     426   89055  2522177  28.25
  1963          47     0.00517  0.00516  0.50   88842     458   88613  2433121  27.39
  1963          48     0.00564  0.00562  0.50   88384     497   88135  2344508  26.53
  1963          49     0.00619  0.00617  0.50   87887     542   87616  2256373  25.67
  1963          50     0.00681  0.00679  0.50   87345     593   87049  2168757  24.83
  1963          51     0.00751  0.00749  0.50   86752     649   86427  2081708  24.00
  1963          52     0.00829  0.00826  0.50   86103     711   85747  1995281  23.17
  1963          53     0.00917  0.00913  0.50   85391     780   85002  1909534  22.36
  1963          54     0.01017  0.01012  0.50   84612     856   84184  1824532  21.56
  1963          55     0.01121  0.01115  0.50   83756     934   83289  1740349  20.78
  1963          56     0.01220  0.01213  0.50   82822    1004   82320  1657060  20.01
  1963          57     0.01320  0.01311  0.50   81818    1073   81281  1574740  19.25
  1963          58     0.01431  0.01420  0.50   80745    1147   80171  1493459  18.50
  1963          59     0.01562  0.01550  0.50   79598    1234   78981  1413288  17.76
  1963          60     0.01712  0.01698  0.50   78364    1331   77699  1334306  17.03
  1963          61     0.01875  0.01858  0.50   77034    1431   76318  1256608  16.31
  1963          62     0.02040  0.02020  0.50   75603    1527   74839  1180289  15.61
  1963          63     0.02202  0.02178  0.50   74076    1613   73269  1105450  14.92
  1963          64     0.02376  0.02348  0.50   72462    1701   71612  1032181  14.24
  1963          65     0.02580  0.02547  0.50   70761    1802   69860   960570  13.57
  1963          66     0.02820  0.02781  0.50   68959    1917   68000   890710  12.92
  1963          67     0.03091  0.03044  0.50   67041    2041   66021   822710  12.27
  1963          68     0.03395  0.03338  0.50   65000    2170   63915   756689  11.64
  1963          69     0.03754  0.03685  0.50   62830    2315   61673   692774  11.03
  1963          70     0.04193  0.04107  0.50   60515    2485   59272   631102  10.43
  1963          71     0.04713  0.04605  0.50   58030    2672   56694   571829   9.85
  1963          72     0.05290  0.05154  0.50   55358    2853   53931   515136   9.31
  1963          73     0.05894  0.05725  0.50   52505    3006   51001   461205   8.78
  1963          74     0.06497  0.06293  0.50   49498    3115   47941   410203   8.29
  1963          75     0.07087  0.06845  0.50   46384    3175   44796   362262   7.81
  1963          76     0.07706  0.07420  0.50   43209    3206   41606   317466   7.35
  1963          77     0.08409  0.08070  0.50   40003    3228   38389   275860   6.90
  1963          78     0.09246  0.08838  0.50   36775    3250   35150   237471   6.46
  1963          79     0.10236  0.09737  0.50   33525    3264   31892   202322   6.04
  1963          80     0.11385  0.10771  0.50   30260    3259   28630   170429   5.63
  1963          81     0.12676  0.11920  0.50   27001    3219   25391   141799   5.25
  1963          82     0.14091  0.13163  0.50   23782    3131   22217   116408   4.89
  1963          83     0.15628  0.14495  0.50   20652    2993   19155    94191   4.56
  1963          84     0.17289  0.15913  0.50   17658    2810   16253    75036   4.25
  1963          85     0.19078  0.17416  0.50   14848    2586   13555    58783   3.96
  1963          86     0.21003  0.19007  0.50   12262    2331   11097    45227   3.69
  1963          87     0.23076  0.20689  0.50    9931    2055    8904    34131   3.44
  1963          88     0.25304  0.22462  0.50    7877    1769    6992    25227   3.20
  1963          89     0.27696  0.24328  0.50    6107    1486    5365    18234   2.99
  1963          90     0.30259  0.26283  0.50    4622    1215    4014    12870   2.78
  1963          91     0.32992  0.28320  0.50    3407     965    2925     8855   2.60
  1963          92     0.35893  0.30432  0.50    2442     743    2071     5931   2.43
  1963          93     0.38953  0.32603  0.50    1699     554    1422     3860   2.27
  1963          94     0.42154  0.34816  0.50    1145     399     946     2438   2.13
  1963          95     0.45473  0.37049  0.50     746     277     608     1493   2.00
  1963          96     0.48881  0.39280  0.50     470     185     378      885   1.88
  1963          97     0.52341  0.41485  0.50     285     118     226      507   1.78
  1963          98     0.55816  0.43637  0.50     167      73     131      281   1.68
  1963          99     0.59262  0.45716  0.50      94      43      73      150   1.60
  1963         100     0.62640  0.47700  0.50      51      24      39       78   1.52
  1963         101     0.65912  0.49574  0.50      27      13      20       39   1.46
  1963         102     0.69041  0.51324  0.50      13       7      10       19   1.40
  1963         103     0.72003  0.52943  0.50       7       3       5        9   1.35
  1963         104     0.74775  0.54426  0.50       3       2       2        4   1.30
  1963         105     0.77346  0.55776  0.50       1       1       1        2   1.27
  1963         106     0.79721  0.57000  0.50       1       0       0        1   1.23
  1963         107     0.81910  0.58111  0.50       0       0       0        0   1.20
  1963         108     0.83952  0.59131  0.50       0       0       0        0   1.18
  1963         109     0.85890  0.60086  0.50       0       0       0        0   1.15
  1963         110+    0.88284  1.00000  1.13       0       0       0        0   1.13
  1964           0     0.02410  0.02363  0.17  100000    2363   98037  6944175  69.44
  1964           1     0.00264  0.00264  0.50   97637     257   97508  6846137  70.12
  1964           2     0.00218  0.00217  0.50   97380     212   97274  6748629  69.30
  1964           3     0.00175  0.00174  0.50   97168     169   97083  6651355  68.45
  1964           4     0.00136  0.00136  0.50   96998     132   96932  6554272  67.57
  1964           5     0.00104  0.00104  0.50   96866     101   96816  6457340  66.66
  1964           6     0.00079  0.00079  0.50   96765      76   96727  6360524  65.73
  1964           7     0.00059  0.00059  0.50   96689      57   96660  6263797  64.78
  1964           8     0.00046  0.00046  0.50   96632      44   96610  6167137  63.82
  1964           9     0.00038  0.00038  0.50   96587      36   96569  6070527  62.85
  1964          10     0.00034  0.00034  0.50   96551      33   96535  5973958  61.87
  1964          11     0.00034  0.00034  0.50   96518      33   96502  5877424  60.89
  1964          12     0.00038  0.00038  0.50   96486      36   96467  5780922  59.91
  1964          13     0.00045  0.00045  0.50   96449      44   96428  5684454  58.94
  1964          14     0.00058  0.00058  0.50   96406      56   96378  5588027  57.96
  1964          15     0.00075  0.00075  0.50   96350      72   96314  5491649  57.00
  1964          16     0.00095  0.00095  0.50   96278      92   96232  5395334  56.04
  1964          17     0.00117  0.00117  0.50   96187     112   96130  5299102  55.09
  1964          18     0.00136  0.00136  0.50   96074     131   96009  5202972  54.16
  1964          19     0.00151  0.00151  0.50   95943     145   95871  5106963  53.23
  1964          20     0.00160  0.00160  0.50   95798     153   95722  5011092  52.31
  1964          21     0.00165  0.00165  0.50   95645     158   95566  4915370  51.39
  1964          22     0.00170  0.00170  0.50   95487     162   95406  4819805  50.48
  1964          23     0.00174  0.00174  0.50   95325     166   95242  4724399  49.56
  1964          24     0.00179  0.00178  0.50   95159     170   95074  4629157  48.65
  1964          25     0.00180  0.00180  0.50   94989     171   94904  4534082  47.73
  1964          26     0.00178  0.00178  0.50   94819     169   94734  4439178  46.82
  1964          27     0.00176  0.00176  0.50   94650     166   94567  4344444  45.90
  1964          28     0.00175  0.00175  0.50   94484     165   94401  4249877  44.98
  1964          29     0.00176  0.00176  0.50   94319     166   94236  4155476  44.06
  1964          30     0.00180  0.00180  0.50   94152     169   94068  4061241  43.13
  1964          31     0.00185  0.00185  0.50   93983     173   93897  3967173  42.21
  1964          32     0.00190  0.00190  0.50   93810     178   93721  3873277  41.29
  1964          33     0.00196  0.00196  0.50   93632     183   93540  3779556  40.37
  1964          34     0.00203  0.00203  0.50   93449     190   93354  3686016  39.44
  1964          35     0.00213  0.00213  0.50   93259     199   93159  3592662  38.52
  1964          36     0.00227  0.00227  0.50   93060     211   92954  3499502  37.60
  1964          37     0.00243  0.00243  0.50   92849     225   92736  3406548  36.69
  1964          38     0.00260  0.00259  0.50   92623     240   92503  3313812  35.78
  1964          39     0.00277  0.00277  0.50   92383     256   92255  3221309  34.87
  1964          40     0.00296  0.00296  0.50   92127     272   91991  3129053  33.96
  1964          41     0.00315  0.00314  0.50   91855     289   91711  3037062  33.06
  1964          42     0.00335  0.00335  0.50   91567     306   91413  2945351  32.17
  1964          43     0.00361  0.00360  0.50   91260     329   91096  2853938  31.27
  1964          44     0.00396  0.00395  0.50   90931     359   90752  2762842  30.38
  1964          45     0.00439  0.00438  0.50   90572     397   90374  2672090  29.50
  1964          46     0.00488  0.00486  0.50   90175     439   89956  2581717  28.63
  1964          47     0.00536  0.00535  0.50   89737     480   89497  2491760  27.77
  1964          48     0.00583  0.00582  0.50   89257     519   88997  2402263  26.91
  1964          49     0.00631  0.00629  0.50   88738     558   88459  2313266  26.07
  1964          50     0.00684  0.00682  0.50   88179     601   87879  2224807  25.23
  1964          51     0.00747  0.00745  0.50   87578     652   87252  2136929  24.40
  1964          52     0.00820  0.00816  0.50   86926     710   86571  2049677  23.58
  1964          53     0.00900  0.00896  0.50   86216     772   85830  1963105  22.77
  1964          54     0.00984  0.00979  0.50   85444     837   85026  1877275  21.97
  1964          55     0.01070  0.01064  0.50   84607     900   84157  1792249  21.18
  1964          56     0.01156  0.01149  0.50   83707     962   83226  1708092  20.41
  1964          57     0.01244  0.01237  0.50   82746    1023   82234  1624865  19.64
  1964          58     0.01339  0.01330  0.50   81722    1087   81179  1542632  18.88
  1964          59     0.01440  0.01430  0.50   80635    1153   80059  1461453  18.12
  1964          60     0.01550  0.01538  0.50   79482    1222   78871  1381394  17.38
  1964          61     0.01673  0.01659  0.50   78260    1299   77611  1302523  16.64
  1964          62     0.01821  0.01804  0.50   76961    1389   76267  1224912  15.92
  1964          63     0.02002  0.01982  0.50   75573    1498   74824  1148645  15.20
  1964          64     0.02218  0.02193  0.50   74074    1625   73262  1073821  14.50
  1964          65     0.02462  0.02432  0.50   72450    1762   71569  1000559  13.81
  1964          66     0.02726  0.02690  0.50   70688    1901   69737   928990  13.14
  1964          67     0.03006  0.02961  0.50   68787    2037   67768   859253  12.49
  1964          68     0.03302  0.03248  0.50   66750    2168   65666   791485  11.86
  1964          69     0.03629  0.03564  0.50   64582    2302   63431   725819  11.24
  1964          70     0.04003  0.03925  0.50   62280    2444   61058   662388  10.64
  1964          71     0.04435  0.04339  0.50   59836    2596   58538   601330  10.05
  1964          72     0.04936  0.04817  0.50   57240    2757   55861   542793   9.48
  1964          73     0.05518  0.05370  0.50   54482    2925   53020   486932   8.94
  1964          74     0.06186  0.06000  0.50   51557    3094   50010   433912   8.42
  1964          75     0.06937  0.06705  0.50   48463    3249   46839   383902   7.92
  1964          76     0.07745  0.07456  0.50   45214    3371   43528   337064   7.45
  1964          77     0.08600  0.08246  0.50   41843    3450   40118   293535   7.02
  1964          78     0.09504  0.09073  0.50   38392    3483   36651   253418   6.60
  1964          79     0.10474  0.09952  0.50   34909    3474   33172   216767   6.21
  1964          80     0.11524  0.10896  0.50   31435    3425   29722   183595   5.84
  1964          81     0.12651  0.11898  0.50   28010    3333   26343   153873   5.49
  1964          82     0.13847  0.12951  0.50   24677    3196   23079   127530   5.17
  1964          83     0.15118  0.14055  0.50   21481    3019   19972   104451   4.86
  1964          84     0.16465  0.15212  0.50   18462    2809   17058    84479   4.58
  1964          85     0.17892  0.16423  0.50   15653    2571   14368    67421   4.31
  1964          86     0.19404  0.17688  0.50   13083    2314   11926    53053   4.06
  1964          87     0.21005  0.19009  0.50   10769    2047    9745    41128   3.82
  1964          88     0.22698  0.20384  0.50    8722    1778    7833    31383   3.60
  1964          89     0.24485  0.21814  0.50    6944    1515    6186    23550   3.39
  1964          90     0.26369  0.23297  0.50    5429    1265    4797    17364   3.20
  1964          91     0.28351  0.24831  0.50    4164    1034    3647    12567   3.02
  1964          92     0.30430  0.26412  0.50    3130     827    2717     8920   2.85
  1964          93     0.32607  0.28036  0.50    2303     646    1981     6203   2.69
  1964          94     0.34876  0.29698  0.50    1658     492    1412     4222   2.55
  1964          95     0.37234  0.31390  0.50    1165     366     982     2811   2.41
  1964          96     0.39673  0.33106  0.50     800     265     667     1828   2.29
  1964          97     0.42184  0.34836  0.50     535     186     442     1161   2.17
  1964          98     0.44754  0.36571  0.50     349     127     285      719   2.06
  1964          99     0.47371  0.38299  0.50     221      85     179      435   1.97
  1964         100     0.50017  0.40011  0.50     136      55     109      256   1.88
  1964         101     0.52675  0.41694  0.50      82      34      65      147   1.79
  1964         102     0.55327  0.43338  0.50      48      21      37       82   1.72
  1964         103     0.57958  0.44936  0.50      27      12      21       45   1.65
  1964         104     0.60550  0.46479  0.50      15       7      11       24   1.59
  1964         105     0.63093  0.47962  0.50       8       4       6       12   1.53
  1964         106     0.65579  0.49386  0.50       4       2       3        6   1.48
  1964         107     0.68009  0.50752  0.50       2       1       2        3   1.43
  1964         108     0.70392  0.52067  0.50       1       1       1        1   1.38
  1964         109     0.72741  0.53341  0.50       0       0       0        1   1.35
  1964         110+    0.76243  1.00000  1.31       0       0       0        0   1.31
  1965           0     0.02174  0.02136  0.17  100000    2136   98221  6947443  69.47
  1965           1     0.00284  0.00284  0.50   97864     278   97726  6849223  69.99
  1965           2     0.00234  0.00234  0.50   97587     229   97472  6751497  69.18
  1965           3     0.00187  0.00186  0.50   97358     182   97267  6654025  68.35
  1965           4     0.00143  0.00143  0.50   97177     139   97107  6556757  67.47
  1965           5     0.00107  0.00107  0.50   97037     104   96985  6459650  66.57
  1965           6     0.00079  0.00079  0.50   96934      77   96895  6362665  65.64
  1965           7     0.00059  0.00059  0.50   96857      58   96828  6265770  64.69
  1965           8     0.00046  0.00046  0.50   96799      45   96777  6168942  63.73
  1965           9     0.00038  0.00038  0.50   96755      37   96736  6072165  62.76
  1965          10     0.00033  0.00033  0.50   96718      32   96702  5975428  61.78
  1965          11     0.00031  0.00031  0.50   96686      30   96671  5878726  60.80
  1965          12     0.00033  0.00033  0.50   96656      32   96640  5782055  59.82
  1965          13     0.00040  0.00040  0.50   96623      38   96604  5685416  58.84
  1965          14     0.00051  0.00051  0.50   96585      49   96561  5588811  57.86
  1965          15     0.00066  0.00066  0.50   96536      63   96505  5492251  56.89
  1965          16     0.00082  0.00082  0.50   96473      79   96433  5395746  55.93
  1965          17     0.00099  0.00099  0.50   96393      95   96346  5299313  54.98
  1965          18     0.00114  0.00114  0.50   96298     110   96243  5202967  54.03
  1965          19     0.00127  0.00127  0.50   96189     122   96128  5106724  53.09
  1965          20     0.00140  0.00140  0.50   96067     134   96000  5010596  52.16
  1965          21     0.00154  0.00154  0.50   95933     148   95859  4914597  51.23
  1965          22     0.00167  0.00167  0.50   95785     160   95705  4818738  50.31
  1965          23     0.00178  0.00178  0.50   95625     170   95540  4723033  49.39
  1965          24     0.00186  0.00186  0.50   95454     177   95366  4627493  48.48
  1965          25     0.00189  0.00189  0.50   95277     180   95187  4532127  47.57
  1965          26     0.00189  0.00189  0.50   95097     180   95007  4436940  46.66
  1965          27     0.00186  0.00186  0.50   94917     176   94829  4341933  45.74
  1965          28     0.00180  0.00180  0.50   94741     171   94655  4247104  44.83
  1965          29     0.00173  0.00173  0.50   94570     163   94489  4152449  43.91
  1965          30     0.00165  0.00165  0.50   94407     155   94329  4057960  42.98
  1965          31     0.00159  0.00159  0.50   94252     150   94177  3963631  42.05
  1965          32     0.00158  0.00158  0.50   94102     149   94027  3869454  41.12
  1965          33     0.00163  0.00163  0.50   93953     153   93876  3775427  40.18
  1965          34     0.00173  0.00173  0.50   93800     162   93718  3681551  39.25
  1965          35     0.00189  0.00189  0.50   93637     177   93549  3587832  38.32
  1965          36     0.00211  0.00210  0.50   93461     197   93362  3494283  37.39
  1965          37     0.00234  0.00234  0.50   93264     218   93155  3400921  36.47
  1965          38     0.00258  0.00258  0.50   93046     240   92925  3307767  35.55
  1965          39     0.00282  0.00282  0.50   92805     261   92675  3214841  34.64
  1965          40     0.00304  0.00304  0.50   92544     281   92403  3122166  33.74
  1965          41     0.00327  0.00326  0.50   92263     301   92112  3029763  32.84
  1965          42     0.00352  0.00351  0.50   91962     323   91800  2937651  31.94
  1965          43     0.00380  0.00379  0.50   91639     347   91465  2845851  31.06
  1965          44     0.00411  0.00410  0.50   91291     374   91104  2754386  30.17
  1965          45     0.00447  0.00446  0.50   90917     406   90714  2663281  29.29
  1965          46     0.00492  0.00491  0.50   90511     445   90289  2572567  28.42
  1965          47     0.00548  0.00546  0.50   90067     492   89821  2482278  27.56
  1965          48     0.00605  0.00603  0.50   89575     540   89304  2392458  26.71
  1965          49     0.00655  0.00653  0.50   89034     582   88743  2303153  25.87
  1965          50     0.00700  0.00698  0.50   88453     617   88144  2214410  25.03
  1965          51     0.00744  0.00741  0.50   87836     651   87510  2126266  24.21
  1965          52     0.00794  0.00791  0.50   87185     690   86840  2038756  23.38
  1965          53     0.00859  0.00855  0.50   86495     740   86125  1951916  22.57
  1965          54     0.00939  0.00934  0.50   85755     801   85355  1865791  21.76
  1965          55     0.01033  0.01027  0.50   84954     873   84518  1780436  20.96
  1965          56     0.01137  0.01131  0.50   84081     951   83606  1695919  20.17
  1965          57     0.01243  0.01235  0.50   83130    1027   82617  1612313  19.39
  1965          58     0.01343  0.01334  0.50   82104    1095   81556  1529696  18.63
  1965          59     0.01443  0.01433  0.50   81009    1161   80428  1448140  17.88
  1965          60     0.01561  0.01549  0.50   79848    1237   79229  1367712  17.13
  1965          61     0.01712  0.01697  0.50   78611    1334   77943  1288483  16.39
  1965          62     0.01897  0.01879  0.50   77276    1452   76550  1210539  15.67
  1965          63     0.02115  0.02093  0.50   75824    1587   75031  1133989  14.96
  1965          64     0.02360  0.02333  0.50   74237    1732   73371  1058958  14.26
  1965          65     0.02626  0.02592  0.50   72505    1880   71566   985587  13.59
  1965          66     0.02908  0.02867  0.50   70626    2025   69614   914021  12.94
  1965          67     0.03206  0.03156  0.50   68601    2165   67519   844407  12.31
  1965          68     0.03521  0.03460  0.50   66436    2299   65287   776888  11.69
  1965          69     0.03847  0.03774  0.50   64138    2421   62927   711601  11.09
  1965          70     0.04184  0.04098  0.50   61717    2529   60452   648674  10.51
  1965          71     0.04554  0.04453  0.50   59188    2635   57870   588222   9.94
  1965          72     0.04969  0.04849  0.50   56552    2742   55181   530352   9.38
  1965          73     0.05439  0.05295  0.50   53810    2850   52386   475171   8.83
  1965          74     0.05996  0.05821  0.50   50961    2967   49478   422785   8.30
  1965          75     0.06673  0.06457  0.50   47994    3099   46445   373307   7.78
  1965          76     0.07500  0.07229  0.50   44895    3245   43272   326863   7.28
  1965          77     0.08488  0.08143  0.50   41650    3391   39954   283590   6.81
  1965          78     0.09634  0.09191  0.50   38258    3516   36500   243636   6.37
  1965          79     0.10896  0.10333  0.50   34742    3590   32947   207136   5.96
  1965          80     0.12226  0.11521  0.50   31152    3589   29357   174189   5.59
  1965          81     0.13578  0.12715  0.50   27563    3505   25811   144832   5.25
  1965          82     0.14918  0.13882  0.50   24058    3340   22388   119021   4.95
  1965          83     0.16256  0.15034  0.50   20718    3115   19161    96633   4.66
  1965          84     0.17615  0.16189  0.50   17604    2850   16179    77472   4.40
  1965          85     0.19021  0.17369  0.50   14754    2563   13473    61293   4.15
  1965          86     0.20494  0.18589  0.50   12191    2266   11058    47820   3.92
  1965          87     0.22053  0.19863  0.50    9925    1971    8939    36762   3.70
  1965          88     0.23707  0.21194  0.50    7954    1686    7111    27823   3.50
  1965          89     0.25460  0.22585  0.50    6268    1416    5560    20712   3.30
  1965          90     0.27316  0.24034  0.50    4852    1166    4269    15152   3.12
  1965          91     0.29271  0.25534  0.50    3686     941    3216    10883   2.95
  1965          92     0.31323  0.27082  0.50    2745     743    2373     7667   2.79
  1965          93     0.33466  0.28669  0.50    2002     574    1715     5294   2.64
  1965          94     0.35693  0.30288  0.50    1428     432    1212     3579   2.51
  1965          95     0.37996  0.31930  0.50     995     318     836     2368   2.38
  1965          96     0.40367  0.33588  0.50     677     228     564     1532   2.26
  1965          97     0.42795  0.35252  0.50     450     159     371      968   2.15
  1965          98     0.45268  0.36913  0.50     291     108     238      597   2.05
  1965          99     0.47775  0.38563  0.50     184      71     148      360   1.96
  1965         100     0.50301  0.40192  0.50     113      45      90      211   1.87
  1965         101     0.52832  0.41792  0.50      68      28      53      121   1.79
  1965         102     0.55355  0.43355  0.50      39      17      31       68   1.72
  1965         103     0.57854  0.44873  0.50      22      10      17       37   1.65
  1965         104     0.60317  0.46341  0.50      12       6       9       20   1.59
  1965         105     0.62734  0.47755  0.50       7       3       5       10   1.54
  1965         106     0.65099  0.49113  0.50       3       2       3        5   1.49
  1965         107     0.67411  0.50417  0.50       2       1       1        3   1.44
  1965         108     0.69677  0.51674  0.50       1       0       1        1   1.40
  1965         109     0.71909  0.52892  0.50       0       0       0        1   1.36
  1965         110+    0.75428  1.00000  1.33       0       0       0        0   1.33
  1966           0     0.02091  0.02055  0.17  100000    2055   98285  7016877  70.17
  1966           1     0.00233  0.00233  0.50   97945     228   97831  6918592  70.64
  1966           2     0.00189  0.00188  0.50   97717     184   97625  6820761  69.80
  1966           3     0.00150  0.00150  0.50   97533     146   97460  6723136  68.93
  1966           4     0.00120  0.00119  0.50   97387     116   97329  6625676  68.03
  1966           5     0.00097  0.00097  0.50   97270      95   97223  6528347  67.12
  1966           6     0.00080  0.00080  0.50   97176      78   97137  6431124  66.18
  1966           7     0.00065  0.00065  0.50   97098      63   97067  6333987  65.23
  1966           8     0.00053  0.00053  0.50   97035      51   97009  6236921  64.27
  1966           9     0.00043  0.00043  0.50   96984      42   96963  6139911  63.31
  1966          10     0.00037  0.00037  0.50   96942      36   96924  6042948  62.34
  1966          11     0.00034  0.00034  0.50   96906      33   96889  5946024  61.36
  1966          12     0.00035  0.00035  0.50   96873      34   96856  5849134  60.38
  1966          13     0.00039  0.00039  0.50   96839      37   96820  5752279  59.40
  1966          14     0.00045  0.00045  0.50   96801      43   96780  5655459  58.42
  1966          15     0.00054  0.00054  0.50   96758      53   96732  5558679  57.45
  1966          16     0.00067  0.00067  0.50   96705      65   96673  5461947  56.48
  1966          17     0.00082  0.00082  0.50   96641      79   96601  5365274  55.52
  1966          18     0.00100  0.00100  0.50   96562      96   96513  5268673  54.56
  1966          19     0.00121  0.00121  0.50   96465     116   96407  5172159  53.62
  1966          20     0.00143  0.00143  0.50   96349     138   96280  5075753  52.68
  1966          21     0.00164  0.00164  0.50   96211     158   96132  4979473  51.76
  1966          22     0.00179  0.00179  0.50   96053     172   95967  4883341  50.84
  1966          23     0.00190  0.00190  0.50   95881     182   95790  4787374  49.93
  1966          24     0.00197  0.00197  0.50   95699     188   95605  4691584  49.02
  1966          25     0.00198  0.00198  0.50   95511     189   95417  4595979  48.12
  1966          26     0.00193  0.00193  0.50   95322     184   95230  4500562  47.21
  1966          27     0.00182  0.00182  0.50   95138     173   95052  4405332  46.30
  1966          28     0.00169  0.00169  0.50   94965     161   94885  4310280  45.39
  1966          29     0.00159  0.00159  0.50   94804     150   94729  4215395  44.46
  1966          30     0.00154  0.00154  0.50   94654     145   94581  4120666  43.53
  1966          31     0.00157  0.00157  0.50   94509     148   94434  4026085  42.60
  1966          32     0.00169  0.00169  0.50   94360     160   94281  3931651  41.67
  1966          33     0.00189  0.00188  0.50   94201     177   94112  3837370  40.74
  1966          34     0.00210  0.00209  0.50   94023     197   93925  3743258  39.81
  1966          35     0.00230  0.00230  0.50   93826     216   93718  3649333  38.89
  1966          36     0.00249  0.00249  0.50   93610     233   93494  3555615  37.98
  1966          37     0.00265  0.00264  0.50   93378     247   93254  3462121  37.08
  1966          38     0.00277  0.00276  0.50   93131     257   93002  3368867  36.17
  1966          39     0.00284  0.00283  0.50   92873     263   92742  3275865  35.27
  1966          40     0.00292  0.00291  0.50   92610     270   92475  3183123  34.37
  1966          41     0.00305  0.00304  0.50   92341     281   92200  3090648  33.47
  1966          42     0.00322  0.00322  0.50   92060     296   91912  2998448  32.57
  1966          43     0.00345  0.00345  0.50   91764     316   91606  2906536  31.67
  1966          44     0.00375  0.00375  0.50   91447     343   91276  2814930  30.78
  1966          45     0.00412  0.00411  0.50   91105     374   90918  2723654  29.90
  1966          46     0.00453  0.00452  0.50   90730     410   90525  2632737  29.02
  1966          47     0.00493  0.00492  0.50   90320     444   90098  2542211  28.15
  1966          48     0.00531  0.00530  0.50   89877     476   89638  2452113  27.28
  1966          49     0.00570  0.00568  0.50   89400     508   89146  2362474  26.43
  1966          50     0.00616  0.00614  0.50   88893     546   88620  2273328  25.57
  1966          51     0.00674  0.00671  0.50   88347     593   88050  2184708  24.73
  1966          52     0.00739  0.00736  0.50   87754     646   87431  2096658  23.89
  1966          53     0.00804  0.00800  0.50   87108     697   86759  2009227  23.07
  1966          54     0.00870  0.00867  0.50   86411     749   86036  1922467  22.25
  1966          55     0.00944  0.00939  0.50   85662     805   85260  1836431  21.44
  1966          56     0.01028  0.01023  0.50   84857     868   84423  1751171  20.64
  1966          57     0.01122  0.01116  0.50   83989     937   83521  1666748  19.84
  1966          58     0.01227  0.01219  0.50   83052    1013   82546  1583227  19.06
  1966          59     0.01352  0.01343  0.50   82040    1102   81489  1500681  18.29
  1966          60     0.01497  0.01486  0.50   80938    1203   80336  1419193  17.53
  1966          61     0.01657  0.01643  0.50   79735    1310   79080  1338856  16.79
  1966          62     0.01825  0.01809  0.50   78425    1419   77716  1259776  16.06
  1966          63     0.02003  0.01983  0.50   77007    1527   76243  1182060  15.35
  1966          64     0.02210  0.02186  0.50   75479    1650   74655  1105817  14.65
  1966          65     0.02460  0.02430  0.50   73830    1794   72933  1031163  13.97
  1966          66     0.02723  0.02686  0.50   72036    1935   71068   958230  13.30
  1966          67     0.02998  0.02954  0.50   70101    2070   69066   887162  12.66
  1966          68     0.03292  0.03238  0.50   68030    2203   66929   818096  12.03
  1966          69     0.03605  0.03541  0.50   65827    2331   64662   751167  11.41
  1966          70     0.03937  0.03861  0.50   63496    2452   62271   686505  10.81
  1966          71     0.04297  0.04206  0.50   61045    2568   59761   624235  10.23
  1966          72     0.04712  0.04604  0.50   58477    2692   57131   564474   9.65
  1966          73     0.05214  0.05081  0.50   55785    2835   54367   507343   9.09
  1966          74     0.05815  0.05651  0.50   52950    2992   51454   452976   8.55
  1966          75     0.06516  0.06311  0.50   49958    3153   48382   401522   8.04
  1966          76     0.07286  0.07030  0.50   46805    3290   45160   353140   7.54
  1966          77     0.08118  0.07801  0.50   43515    3395   41818   307980   7.08
  1966          78     0.09013  0.08625  0.50   40120    3460   38390   266162   6.63
  1966          79     0.09957  0.09485  0.50   36660    3477   34921   227772   6.21
  1966          80     0.10948  0.10380  0.50   33183    3444   31461   192851   5.81
  1966          81     0.12041  0.11357  0.50   29738    3377   28050   161391   5.43
  1966          82     0.13296  0.12467  0.50   26361    3286   24718   133341   5.06
  1966          83     0.14733  0.13722  0.50   23074    3166   21491   108623   4.71
  1966          84     0.16353  0.15117  0.50   19908    3010   18403    87132   4.38
  1966          85     0.18153  0.16642  0.50   16899    2812   15492    68729   4.07
  1966          86     0.20126  0.18286  0.50   14086    2576   12798    53236   3.78
  1966          87     0.22264  0.20034  0.50   11510    2306   10357    40438   3.51
  1966          88     0.24561  0.21875  0.50    9204    2013    8198    30080   3.27
  1966          89     0.27010  0.23797  0.50    7191    1711    6335    21883   3.04
  1966          90     0.29605  0.25788  0.50    5480    1413    4773    15547   2.84
  1966          91     0.32334  0.27834  0.50    4067    1132    3501    10774   2.65
  1966          92     0.35187  0.29922  0.50    2935     878    2496     7273   2.48
  1966          93     0.38147  0.32036  0.50    2057     659    1727     4777   2.32
  1966          94     0.41196  0.34160  0.50    1398     477    1159     3050   2.18
  1966          95     0.44315  0.36277  0.50     920     334     753     1891   2.06
  1966          96     0.47478  0.38370  0.50     586     225     474     1138   1.94
  1966          97     0.50663  0.40423  0.50     361     146     288      664   1.84
  1966          98     0.53843  0.42422  0.50     215      91     170      376   1.74
  1966          99     0.56992  0.44353  0.50     124      55      96      206   1.66
  1966         100     0.60086  0.46204  0.50      69      32      53      109   1.59
  1966         101     0.63099  0.47966  0.50      37      18      28       56   1.52
  1966         102     0.66010  0.49630  0.50      19      10      15       28   1.46
  1966         103     0.68801  0.51191  0.50      10       5       7       14   1.41
  1966         104     0.71455  0.52646  0.50       5       2       3        6   1.36
  1966         105     0.73965  0.53996  0.50       2       1       2        3   1.32
  1966         106     0.76332  0.55247  0.50       1       1       1        1   1.28
  1966         107     0.78565  0.56407  0.50       0       0       0        1   1.25
  1966         108     0.80689  0.57493  0.50       0       0       0        0   1.22
  1966         109     0.82737  0.58526  0.50       0       0       0        0   1.19
  1966         110+    0.85397  1.00000  1.17       0       0       0        0   1.17
  1967           0     0.02075  0.02040  0.17  100000    2040   98299  7022184  70.22
  1967           1     0.00251  0.00250  0.50   97960     245   97838  6923885  70.68
  1967           2     0.00209  0.00209  0.50   97715     204   97613  6826047  69.86
  1967           3     0.00169  0.00169  0.50   97511     165   97429  6728434  69.00
  1967           4     0.00135  0.00135  0.50   97346     131   97281  6631005  68.12
  1967           5     0.00106  0.00106  0.50   97215     103   97164  6533724  67.21
  1967           6     0.00084  0.00083  0.50   97112      81   97072  6436561  66.28
  1967           7     0.00066  0.00066  0.50   97031      64   96999  6339489  65.33
  1967           8     0.00054  0.00054  0.50   96967      52   96940  6242490  64.38
  1967           9     0.00045  0.00045  0.50   96914      44   96892  6145550  63.41
  1967          10     0.00040  0.00040  0.50   96870      39   96851  6048657  62.44
  1967          11     0.00037  0.00037  0.50   96832      36   96814  5951806  61.47
  1967          12     0.00036  0.00036  0.50   96796      35   96778  5854993  60.49
  1967          13     0.00039  0.00039  0.50   96761      37   96742  5758214  59.51
  1967          14     0.00044  0.00044  0.50   96723      42   96702  5661472  58.53
  1967          15     0.00052  0.00052  0.50   96681      50   96656  5564770  57.56
  1967          16     0.00062  0.00062  0.50   96631      60   96601  5468114  56.59
  1967          17     0.00074  0.00074  0.50   96571      71   96536  5371512  55.62
  1967          18     0.00087  0.00087  0.50   96500      84   96458  5274976  54.66
  1967          19     0.00101  0.00101  0.50   96416      97   96367  5178518  53.71
  1967          20     0.00116  0.00116  0.50   96319     112   96263  5082151  52.76
  1967          21     0.00130  0.00130  0.50   96207     125   96145  4985888  51.82
  1967          22     0.00142  0.00142  0.50   96082     136   96014  4889743  50.89
  1967          23     0.00150  0.00150  0.50   95946     144   95874  4793729  49.96
  1967          24     0.00155  0.00155  0.50   95802     149   95728  4697855  49.04
  1967          25     0.00159  0.00159  0.50   95653     152   95577  4602128  48.11
  1967          26     0.00162  0.00162  0.50   95501     155   95424  4506550  47.19
  1967          27     0.00165  0.00165  0.50   95346     157   95268  4411126  46.26
  1967          28     0.00167  0.00167  0.50   95189     159   95110  4315859  45.34
  1967          29     0.00170  0.00169  0.50   95030     161   94949  4220749  44.41
  1967          30     0.00171  0.00171  0.50   94869     162   94788  4125800  43.49
  1967          31     0.00173  0.00173  0.50   94707     164   94625  4031012  42.56
  1967          32     0.00178  0.00178  0.50   94543     168   94459  3936387  41.64
  1967          33     0.00186  0.00185  0.50   94375     175   94288  3841928  40.71
  1967          34     0.00196  0.00196  0.50   94200     185   94108  3747640  39.78
  1967          35     0.00209  0.00209  0.50   94015     197   93917  3653532  38.86
  1967          36     0.00224  0.00223  0.50   93819     209   93714  3559615  37.94
  1967          37     0.00240  0.00239  0.50   93609     224   93497  3465901  37.03
  1967          38     0.00256  0.00256  0.50   93385     239   93266  3372403  36.11
  1967          39     0.00271  0.00271  0.50   93147     252   93021  3279137  35.20
  1967          40     0.00285  0.00285  0.50   92894     265   92762  3186117  34.30
  1967          41     0.00299  0.00299  0.50   92630     277   92491  3093355  33.39
  1967          42     0.00313  0.00312  0.50   92353     288   92209  3000863  32.49
  1967          43     0.00327  0.00326  0.50   92065     300   91915  2908654  31.59
  1967          44     0.00343  0.00342  0.50   91764     314   91607  2816740  30.70
  1967          45     0.00363  0.00363  0.50   91450     332   91285  2725132  29.80
  1967          46     0.00391  0.00390  0.50   91119     355   90941  2633848  28.91
  1967          47     0.00431  0.00430  0.50   90763     390   90568  2542907  28.02
  1967          48     0.00482  0.00481  0.50   90373     435   90156  2452339  27.14
  1967          49     0.00543  0.00541  0.50   89939     487   89695  2362183  26.26
  1967          50     0.00607  0.00605  0.50   89452     541   89181  2272487  25.40
  1967          51     0.00670  0.00668  0.50   88911     594   88614  2183306  24.56
  1967          52     0.00735  0.00732  0.50   88317     647   87994  2094692  23.72
  1967          53     0.00804  0.00801  0.50   87670     702   87319  2006698  22.89
  1967          54     0.00877  0.00874  0.50   86968     760   86588  1919379  22.07
  1967          55     0.00959  0.00954  0.50   86209     823   85797  1832791  21.26
  1967          56     0.01052  0.01047  0.50   85386     894   84939  1746993  20.46
  1967          57     0.01158  0.01152  0.50   84492     973   84005  1662054  19.67
  1967          58     0.01275  0.01267  0.50   83519    1058   82990  1578049  18.89
  1967          59     0.01404  0.01394  0.50   82460    1149   81886  1495059  18.13
  1967          60     0.01551  0.01539  0.50   81311    1251   80685  1413174  17.38
  1967          61     0.01723  0.01708  0.50   80060    1368   79376  1332488  16.64
  1967          62     0.01913  0.01895  0.50   78692    1491   77947  1253112  15.92
  1967          63     0.02112  0.02090  0.50   77201    1613   76395  1175166  15.22
  1967          64     0.02322  0.02295  0.50   75588    1735   74720  1098771  14.54
  1967          65     0.02550  0.02518  0.50   73853    1860   72923  1024051  13.87
  1967          66     0.02803  0.02764  0.50   71993    1990   70998   951128  13.21
  1967          67     0.03068  0.03022  0.50   70003    2115   68946   880129  12.57
  1967          68     0.03333  0.03279  0.50   67888    2226   66775   811184  11.95
  1967          69     0.03611  0.03547  0.50   65662    2329   64498   744408  11.34
  1967          70     0.03920  0.03844  0.50   63333    2435   62116   679911  10.74
  1967          71     0.04276  0.04186  0.50   60898    2549   59623   617795  10.14
  1967          72     0.04695  0.04587  0.50   58349    2677   57010   558172   9.57
  1967          73     0.05190  0.05059  0.50   55672    2817   54264   501161   9.00
  1967          74     0.05776  0.05613  0.50   52856    2967   51372   446897   8.46
  1967          75     0.06460  0.06258  0.50   49889    3122   48328   395525   7.93
  1967          76     0.07246  0.06992  0.50   46767    3270   45132   347198   7.42
  1967          77     0.08141  0.07822  0.50   43497    3402   41795   302066   6.94
  1967          78     0.09156  0.08755  0.50   40094    3510   38339   260271   6.49
  1967          79     0.10297  0.09793  0.50   36584    3583   34793   221931   6.07
  1967          80     0.11563  0.10931  0.50   33001    3607   31198   187139   5.67
  1967          81     0.12915  0.12132  0.50   29394    3566   27611   155941   5.31
  1967          82     0.14316  0.13360  0.50   25828    3451   24103   128330   4.97
  1967          83     0.15766  0.14614  0.50   22377    3270   20742   104228   4.66
  1967          84     0.17276  0.15902  0.50   19107    3038   17588    83485   4.37
  1967          85     0.18860  0.17235  0.50   16069    2769   14684    65897   4.10
  1967          86     0.20530  0.18619  0.50   13299    2476   12061    51213   3.85
  1967          87     0.22300  0.20063  0.50   10823    2171    9737    39152   3.62
  1967          88     0.24175  0.21568  0.50    8652    1866    7719    29415   3.40
  1967          89     0.26159  0.23133  0.50    6786    1570    6001    21696   3.20
  1967          90     0.28252  0.24755  0.50    5216    1291    4570    15695   3.01
  1967          91     0.30449  0.26426  0.50    3925    1037    3406    11125   2.83
  1967          92     0.32746  0.28139  0.50    2888     813    2481     7718   2.67
  1967          93     0.35135  0.29885  0.50    2075     620    1765     5237   2.52
  1967          94     0.37604  0.31653  0.50    1455     461    1225     3472   2.39
  1967          95     0.40145  0.33434  0.50     994     332     828     2247   2.26
  1967          96     0.42742  0.35216  0.50     662     233     545     1419   2.14
  1967          97     0.45383  0.36990  0.50     429     159     350      874   2.04
  1967          98     0.48053  0.38744  0.50     270     105     218      524   1.94
  1967          99     0.50735  0.40469  0.50     166      67     132      307   1.85
  1967         100     0.53413  0.42155  0.50      99      42      78      175   1.77
  1967         101     0.56071  0.43793  0.50      57      25      45       97   1.70
  1967         102     0.58691  0.45376  0.50      32      15      25       52   1.63
  1967         103     0.61261  0.46896  0.50      17       8      13       27   1.57
  1967         104     0.63766  0.48351  0.50       9       4       7       14   1.51
  1967         105     0.66199  0.49737  0.50       5       2       4        7   1.46
  1967         106     0.68557  0.51056  0.50       2       1       2        3   1.42
  1967         107     0.70842  0.52313  0.50       1       1       1        2   1.38
  1967         108     0.73069  0.53517  0.50       1       0       0        1   1.34
  1967         109     0.75253  0.54679  0.50       0       0       0        0   1.30
  1967         110+    0.78450  1.00000  1.27       0       0       0        0   1.27
  1968           0     0.01789  0.01763  0.16  100000    1763   98523  7081491  70.81
  1968           1     0.00219  0.00219  0.50   98237     215   98130  6982968  71.08
  1968           2     0.00169  0.00168  0.50   98022     165   97940  6884838  70.24
  1968           3     0.00131  0.00131  0.50   97857     128   97793  6786898  69.36
  1968           4     0.00105  0.00105  0.50   97729     103   97678  6689105  68.45
  1968           5     0.00085  0.00085  0.50   97627      83   97585  6591427  67.52
  1968           6     0.00070  0.00070  0.50   97543      68   97509  6493842  66.57
  1968           7     0.00059  0.00059  0.50   97475      57   97446  6396333  65.62
  1968           8     0.00051  0.00051  0.50   97418      50   97393  6298886  64.66
  1968           9     0.00046  0.00046  0.50   97368      45   97345  6201494  63.69
  1968          10     0.00042  0.00042  0.50   97323      41   97302  6104149  62.72
  1968          11     0.00038  0.00038  0.50   97282      37   97263  6006847  61.75
  1968          12     0.00032  0.00032  0.50   97245      31   97229  5909583  60.77
  1968          13     0.00025  0.00025  0.50   97214      24   97202  5812354  59.79
  1968          14     0.00026  0.00026  0.50   97189      26   97177  5715153  58.80
  1968          15     0.00044  0.00044  0.50   97164      43   97142  5617976  57.82
  1968          16     0.00068  0.00068  0.50   97121      66   97088  5520834  56.85
  1968          17     0.00085  0.00085  0.50   97055      83   97013  5423746  55.88
  1968          18     0.00095  0.00095  0.50   96972      92   96926  5326732  54.93
  1968          19     0.00103  0.00103  0.50   96880     100   96830  5229807  53.98
  1968          20     0.00117  0.00117  0.50   96779     113   96723  5132977  53.04
  1968          21     0.00133  0.00133  0.50   96666     128   96602  5036254  52.10
  1968          22     0.00144  0.00144  0.50   96538     139   96468  4939652  51.17
  1968          23     0.00147  0.00147  0.50   96399     142   96328  4843184  50.24
  1968          24     0.00145  0.00145  0.50   96257     139   96188  4746856  49.31
  1968          25     0.00142  0.00142  0.50   96118     136   96050  4650668  48.38
  1968          26     0.00142  0.00142  0.50   95982     137   95914  4554618  47.45
  1968          27     0.00147  0.00147  0.50   95845     141   95775  4458705  46.52
  1968          28     0.00151  0.00151  0.50   95704     144   95632  4362930  45.59
  1968          29     0.00147  0.00147  0.50   95560     140   95490  4267298  44.66
  1968          30     0.00142  0.00142  0.50   95419     135   95352  4171808  43.72
  1968          31     0.00139  0.00139  0.50   95284     133   95218  4076457  42.78
  1968          32     0.00142  0.00142  0.50   95152     135   95084  3981239  41.84
  1968          33     0.00150  0.00150  0.50   95017     142   94946  3886155  40.90
  1968          34     0.00163  0.00163  0.50   94875     155   94797  3791209  39.96
  1968          35     0.00184  0.00183  0.50   94720     174   94633  3696412  39.02
  1968          36     0.00212  0.00212  0.50   94546     200   94446  3601778  38.10
  1968          37     0.00244  0.00243  0.50   94346     230   94231  3507332  37.18
  1968          38     0.00279  0.00278  0.50   94117     262   93986  3413101  36.26
  1968          39     0.00315  0.00314  0.50   93855     295   93707  3319115  35.36
  1968          40     0.00338  0.00337  0.50   93560     315   93402  3225408  34.47
  1968          41     0.00341  0.00340  0.50   93244     317   93086  3132006  33.59
  1968          42     0.00354  0.00353  0.50   92927     328   92763  3038921  32.70
  1968          43     0.00383  0.00382  0.50   92599     354   92422  2946158  31.82
  1968          44     0.00423  0.00422  0.50   92245     389   92050  2853736  30.94
  1968          45     0.00455  0.00454  0.50   91856     417   91647  2761686  30.07
  1968          46     0.00465  0.00464  0.50   91438     425   91226  2670039  29.20
  1968          47     0.00460  0.00459  0.50   91014     418   90805  2578813  28.33
  1968          48     0.00469  0.00468  0.50   90596     424   90384  2488008  27.46
  1968          49     0.00515  0.00514  0.50   90172     463   89940  2397625  26.59
  1968          50     0.00576  0.00575  0.50   89708     515   89451  2307685  25.72
  1968          51     0.00629  0.00627  0.50   89193     559   88913  2218234  24.87
  1968          52     0.00689  0.00686  0.50   88633     608   88329  2129321  24.02
  1968          53     0.00766  0.00763  0.50   88025     672   87689  2040992  23.19
  1968          54     0.00834  0.00830  0.50   87353     725   86991  1953302  22.36
  1968          55     0.00891  0.00887  0.50   86628     768   86244  1866312  21.54
  1968          56     0.00951  0.00947  0.50   85860     813   85453  1780068  20.73
  1968          57     0.01051  0.01046  0.50   85047     890   84602  1694615  19.93
  1968          58     0.01204  0.01197  0.50   84157    1007   83654  1610013  19.13
  1968          59     0.01340  0.01331  0.50   83150    1106   82597  1526359  18.36
  1968          60     0.01473  0.01462  0.50   82044    1200   81444  1443762  17.60
  1968          61     0.01638  0.01625  0.50   80844    1314   80187  1362318  16.85
  1968          62     0.01840  0.01823  0.50   79531    1450   78806  1282131  16.12
  1968          63     0.02067  0.02046  0.50   78081    1597   77282  1203325  15.41
  1968          64     0.02276  0.02250  0.50   76483    1721   75623  1126043  14.72
  1968          65     0.02439  0.02410  0.50   74762    1801   73862  1050421  14.05
  1968          66     0.02613  0.02579  0.50   72961    1882   72020   976559  13.38
  1968          67     0.02839  0.02799  0.50   71079    1989   70085   904539  12.73
  1968          68     0.03142  0.03094  0.50   69090    2138   68021   834454  12.08
  1968          69     0.03516  0.03455  0.50   66952    2313   65796   766433  11.45
  1968          70     0.03930  0.03854  0.50   64639    2491   63393   700637  10.84
  1968          71     0.04317  0.04226  0.50   62148    2626   60835   637244  10.25
  1968          72     0.04648  0.04543  0.50   59522    2704   58170   576409   9.68
  1968          73     0.04947  0.04827  0.50   56818    2743   55446   518239   9.12
  1968          74     0.05390  0.05249  0.50   54075    2838   52656   462793   8.56
  1968          75     0.06147  0.05964  0.50   51237    3056   49709   410137   8.00
  1968          76     0.07166  0.06918  0.50   48181    3333   46514   360428   7.48
  1968          77     0.08241  0.07914  0.50   44848    3549   43073   313914   7.00
  1968          78     0.09197  0.08792  0.50   41298    3631   39483   270841   6.56
  1968          79     0.10089  0.09605  0.50   37667    3618   35858   231358   6.14
  1968          80     0.11033  0.10456  0.50   34049    3560   32269   195499   5.74
  1968          81     0.12147  0.11451  0.50   30489    3491   28744   163230   5.35
  1968          82     0.13509  0.12654  0.50   26998    3416   25290   134487   4.98
  1968          83     0.15056  0.14002  0.50   23581    3302   21931   109197   4.63
  1968          84     0.16759  0.15463  0.50   20280    3136   18712    87266   4.30
  1968          85     0.18611  0.17027  0.50   17144    2919   15684    68554   4.00
  1968          86     0.20615  0.18689  0.50   14225    2658   12896    52870   3.72
  1968          87     0.22773  0.20445  0.50   11566    2365   10384    39975   3.46
  1968          88     0.25088  0.22292  0.50    9202    2051    8176    29591   3.22
  1968          89     0.27560  0.24222  0.50    7150    1732    6284    21415   2.99
  1968          90     0.30183  0.26225  0.50    5418    1421    4708    15130   2.79
  1968          91     0.32949  0.28289  0.50    3997    1131    3432    10422   2.61
  1968          92     0.35846  0.30398  0.50    2867     871    2431     6990   2.44
  1968          93     0.38858  0.32537  0.50    1995     649    1671     4560   2.29
  1968          94     0.41966  0.34688  0.50    1346     467    1113     2889   2.15
  1968          95     0.45148  0.36833  0.50     879     324     717     1776   2.02
  1968          96     0.48379  0.38956  0.50     555     216     447     1059   1.91
  1968          97     0.51633  0.41038  0.50     339     139     269      612   1.81
  1968          98     0.54881  0.43064  0.50     200      86     157      343   1.71
  1968          99     0.58097  0.45020  0.50     114      51      88      186   1.63
  1968         100     0.61255  0.46893  0.50      63      29      48       98   1.56
  1968         101     0.64329  0.48673  0.50      33      16      25       50   1.49
  1968         102     0.67297  0.50354  0.50      17       9      13       24   1.43
  1968         103     0.70140  0.51929  0.50       8       4       6       12   1.38
  1968         104     0.72841  0.53395  0.50       4       2       3        5   1.34
  1968         105     0.75387  0.54750  0.50       2       1       1        2   1.30
  1968         106     0.77765  0.55994  0.50       1       0       1        1   1.26
  1968         107     0.79971  0.57128  0.50       0       0       0        0   1.23
  1968         108     0.82018  0.58165  0.50       0       0       0        0   1.20
  1968         109     0.83932  0.59121  0.50       0       0       0        0   1.18
  1968         110+    0.86623  1.00000  1.15       0       0       0        0   1.15
  1969           0     0.01728  0.01703  0.16  100000    1703   98571  7137687  71.38
  1969           1     0.00191  0.00191  0.50   98297     188   98203  7039115  71.61
  1969           2     0.00141  0.00141  0.50   98109     138   98040  6940913  70.75
  1969           3     0.00108  0.00108  0.50   97970     106   97918  6842873  69.85
  1969           4     0.00087  0.00087  0.50   97865      85   97822  6744956  68.92
  1969           5     0.00071  0.00071  0.50   97780      69   97745  6647134  67.98
  1969           6     0.00059  0.00059  0.50   97710      57   97682  6549389  67.03
  1969           7     0.00050  0.00050  0.50   97653      48   97629  6451707  66.07
  1969           8     0.00041  0.00041  0.50   97605      40   97585  6354078  65.10
  1969           9     0.00032  0.00032  0.50   97564      32   97549  6256494  64.13
  1969          10     0.00025  0.00025  0.50   97533      24   97521  6158945  63.15
  1969          11     0.00022  0.00022  0.50   97509      21   97498  6061424  62.16
  1969          12     0.00025  0.00025  0.50   97487      24   97475  5963927  61.18
  1969          13     0.00029  0.00029  0.50   97463      29   97448  5866452  60.19
  1969          14     0.00038  0.00038  0.50   97434      37   97416  5769003  59.21
  1969          15     0.00053  0.00053  0.50   97397      51   97372  5671588  58.23
  1969          16     0.00071  0.00071  0.50   97346      70   97311  5574216  57.26
  1969          17     0.00089  0.00089  0.50   97277      87   97233  5476905  56.30
  1969          18     0.00103  0.00103  0.50   97190     100   97140  5379671  55.35
  1969          19     0.00110  0.00110  0.50   97090     107   97036  5282532  54.41
  1969          20     0.00116  0.00116  0.50   96983     113   96927  5185496  53.47
  1969          21     0.00122  0.00122  0.50   96870     118   96811  5088569  52.53
  1969          22     0.00128  0.00128  0.50   96752     124   96690  4991758  51.59
  1969          23     0.00135  0.00135  0.50   96628     131   96563  4895068  50.66
  1969          24     0.00143  0.00143  0.50   96497     138   96428  4798505  49.73
  1969          25     0.00148  0.00148  0.50   96359     143   96288  4702077  48.80
  1969          26     0.00157  0.00157  0.50   96216     151   96141  4605790  47.87
  1969          27     0.00175  0.00175  0.50   96065     168   95981  4509649  46.94
  1969          28     0.00198  0.00198  0.50   95897     190   95802  4413668  46.03
  1969          29     0.00213  0.00212  0.50   95707     203   95606  4317865  45.12
  1969          30     0.00199  0.00199  0.50   95504     190   95409  4222260  44.21
  1969          31     0.00179  0.00179  0.50   95314     171   95229  4126850  43.30
  1969          32     0.00179  0.00179  0.50   95143     170   95058  4031622  42.37
  1969          33     0.00191  0.00191  0.50   94973     182   94882  3936563  41.45
  1969          34     0.00203  0.00203  0.50   94792     193   94695  3841681  40.53
  1969          35     0.00210  0.00210  0.50   94599     199   94499  3746986  39.61
  1969          36     0.00211  0.00211  0.50   94400     199   94300  3652486  38.69
  1969          37     0.00214  0.00214  0.50   94201     202   94100  3558186  37.77
  1969          38     0.00224  0.00223  0.50   93999     210   93894  3464086  36.85
  1969          39     0.00241  0.00241  0.50   93789     226   93676  3370192  35.93
  1969          40     0.00264  0.00264  0.50   93563     247   93440  3276515  35.02
  1969          41     0.00288  0.00288  0.50   93316     269   93182  3183075  34.11
  1969          42     0.00303  0.00303  0.50   93048     282   92907  3089893  33.21
  1969          43     0.00312  0.00312  0.50   92766     289   92622  2996987  32.31
  1969          44     0.00325  0.00324  0.50   92477     300   92327  2904365  31.41
  1969          45     0.00354  0.00353  0.50   92177     326   92014  2812038  30.51
  1969          46     0.00407  0.00406  0.50   91851     373   91665  2720024  29.61
  1969          47     0.00466  0.00465  0.50   91478     426   91265  2628359  28.73
  1969          48     0.00518  0.00516  0.50   91053     470   90818  2537094  27.86
  1969          49     0.00553  0.00551  0.50   90583     499   90333  2446276  27.01
  1969          50     0.00576  0.00574  0.50   90083     517   89825  2355943  26.15
  1969          51     0.00596  0.00594  0.50   89566     532   89300  2266118  25.30
  1969          52     0.00621  0.00620  0.50   89034     552   88758  2176818  24.45
  1969          53     0.00663  0.00661  0.50   88483     585   88190  2088060  23.60
  1969          54     0.00727  0.00725  0.50   87898     637   87579  1999869  22.75
  1969          55     0.00803  0.00800  0.50   87261     698   86912  1912290  21.91
  1969          56     0.00883  0.00880  0.50   86563     761   86183  1825378  21.09
  1969          57     0.01002  0.00997  0.50   85802     856   85374  1739195  20.27
  1969          58     0.01170  0.01163  0.50   84946     988   84453  1653821  19.47
  1969          59     0.01299  0.01291  0.50   83959    1084   83417  1569368  18.69
  1969          60     0.01403  0.01393  0.50   82875    1154   82298  1485952  17.93
  1969          61     0.01522  0.01510  0.50   81721    1234   81103  1403654  17.18
  1969          62     0.01697  0.01683  0.50   80486    1354   79809  1322551  16.43
  1969          63     0.01942  0.01924  0.50   79132    1522   78371  1242742  15.70
  1969          64     0.02174  0.02151  0.50   77610    1669   76775  1164371  15.00
  1969          65     0.02333  0.02306  0.50   75940    1751   75065  1087596  14.32
  1969          66     0.02516  0.02485  0.50   74189    1843   73267  1012531  13.65
  1969          67     0.02744  0.02706  0.50   72346    1958   71367   939264  12.98
  1969          68     0.03011  0.02966  0.50   70388    2088   69344   867898  12.33
  1969          69     0.03321  0.03266  0.50   68300    2231   67184   798554  11.69
  1969          70     0.03695  0.03628  0.50   66069    2397   64870   731370  11.07
  1969          71     0.04188  0.04102  0.50   63672    2612   62366   666499  10.47
  1969          72     0.04762  0.04651  0.50   61060    2840   59640   604134   9.89
  1969          73     0.05362  0.05222  0.50   58220    3040   56700   544494   9.35
  1969          74     0.05964  0.05791  0.50   55180    3195   53582   487794   8.84
  1969          75     0.06507  0.06302  0.50   51984    3276   50346   434212   8.35
  1969          76     0.06872  0.06643  0.50   48708    3236   47090   383866   7.88
  1969          77     0.07281  0.07026  0.50   45472    3195   43875   336775   7.41
  1969          78     0.07999  0.07691  0.50   42278    3252   40652   292900   6.93
  1969          79     0.09058  0.08665  0.50   39026    3382   37335   252248   6.46
  1969          80     0.10398  0.09884  0.50   35644    3523   33883   214913   6.03
  1969          81     0.11809  0.11151  0.50   32121    3582   30330   181030   5.64
  1969          82     0.13119  0.12311  0.50   28539    3514   26783   150700   5.28
  1969          83     0.14434  0.13463  0.50   25026    3369   23341   123918   4.95
  1969          84     0.15821  0.14662  0.50   21657    3175   20069   100576   4.64
  1969          85     0.17309  0.15931  0.50   18481    2944   17009    80507   4.36
  1969          86     0.18906  0.17273  0.50   15537    2684   14195    63498   4.09
  1969          87     0.20612  0.18686  0.50   12854    2402   11653    49303   3.84
  1969          88     0.22423  0.20163  0.50   10452    2107    9398    37650   3.60
  1969          89     0.24336  0.21696  0.50    8344    1810    7439    28252   3.39
  1969          90     0.26345  0.23279  0.50    6534    1521    5773    20813   3.19
  1969          91     0.28446  0.24904  0.50    5013    1248    4389    15039   3.00
  1969          92     0.30633  0.26564  0.50    3765    1000    3265    10651   2.83
  1969          93     0.32899  0.28252  0.50    2764     781    2374     7386   2.67
  1969          94     0.35235  0.29957  0.50    1983     594    1686     5012   2.53
  1969          95     0.37631  0.31672  0.50    1389     440    1169     3326   2.39
  1969          96     0.40077  0.33387  0.50     949     317     791     2156   2.27
  1969          97     0.42562  0.35094  0.50     632     222     521     1366   2.16
  1969          98     0.45075  0.36784  0.50     410     151     335      844   2.06
  1969          99     0.47602  0.38450  0.50     259     100     210      509   1.96
  1969         100     0.50133  0.40085  0.50     160      64     128      300   1.88
  1969         101     0.52655  0.41681  0.50      96      40      76      172   1.80
  1969         102     0.55157  0.43234  0.50      56      24      44       96   1.73
  1969         103     0.57627  0.44737  0.50      32      14      25       53   1.66
  1969         104     0.60056  0.46187  0.50      18       8      13       28   1.60
  1969         105     0.62431  0.47579  0.50       9       4       7       15   1.55
  1969         106     0.64743  0.48910  0.50       5       2       4        7   1.50
  1969         107     0.66982  0.50177  0.50       3       1       2        4   1.45
  1969         108     0.69146  0.51382  0.50       1       1       1        2   1.41
  1969         109     0.71244  0.52531  0.50       1       0       0        1   1.37
  1969         110+    0.74743  1.00000  1.34       0       0       0        0   1.34
  1970           0     0.01551  0.01531  0.16  100000    1531   98712  7149972  71.50
  1970           1     0.00227  0.00227  0.50   98469     223   98357  7051260  71.61
  1970           2     0.00187  0.00186  0.50   98246     183   98154  6952902  70.77
  1970           3     0.00149  0.00149  0.50   98062     146   97989  6854748  69.90
  1970           4     0.00116  0.00116  0.50   97916     114   97860  6756759  69.01
  1970           5     0.00090  0.00090  0.50   97803      88   97759  6658899  68.08
  1970           6     0.00071  0.00071  0.50   97715      69   97680  6561141  67.15
  1970           7     0.00057  0.00056  0.50   97646      55   97618  6463460  66.19
  1970           8     0.00047  0.00047  0.50   97591      46   97568  6365842  65.23
  1970           9     0.00040  0.00040  0.50   97545      39   97526  6268275  64.26
  1970          10     0.00034  0.00034  0.50   97506      33   97490  6170749  63.29
  1970          11     0.00030  0.00030  0.50   97473      30   97458  6073259  62.31
  1970          12     0.00029  0.00029  0.50   97444      28   97429  5975801  61.33
  1970          13     0.00031  0.00031  0.50   97415      30   97400  5878371  60.34
  1970          14     0.00037  0.00037  0.50   97385      36   97367  5780971  59.36
  1970          15     0.00048  0.00048  0.50   97349      47   97325  5683604  58.38
  1970          16     0.00061  0.00061  0.50   97302      59   97272  5586279  57.41
  1970          17     0.00075  0.00075  0.50   97242      73   97206  5489007  56.45
  1970          18     0.00088  0.00088  0.50   97170      85   97127  5391800  55.49
  1970          19     0.00099  0.00099  0.50   97084      96   97036  5294673  54.54
  1970          20     0.00108  0.00108  0.50   96988     104   96936  5197637  53.59
  1970          21     0.00113  0.00113  0.50   96884     109   96829  5100701  52.65
  1970          22     0.00115  0.00115  0.50   96774     111   96719  5003872  51.71
  1970          23     0.00115  0.00115  0.50   96663     111   96608  4907154  50.77
  1970          24     0.00116  0.00116  0.50   96552     112   96496  4810546  49.82
  1970          25     0.00119  0.00119  0.50   96440     115   96382  4714050  48.88
  1970          26     0.00123  0.00122  0.50   96325     118   96266  4617668  47.94
  1970          27     0.00124  0.00124  0.50   96207     119   96147  4521402  47.00
  1970          28     0.00124  0.00124  0.50   96088     119   96028  4425255  46.05
  1970          29     0.00125  0.00125  0.50   95968     120   95908  4329227  45.11
  1970          30     0.00128  0.00128  0.50   95849     123   95787  4233319  44.17
  1970          31     0.00134  0.00134  0.50   95726     128   95662  4137532  43.22
  1970          32     0.00142  0.00142  0.50   95598     136   95530  4041870  42.28
  1970          33     0.00152  0.00152  0.50   95462     145   95389  3946340  41.34
  1970          34     0.00162  0.00162  0.50   95317     154   95240  3850951  40.40
  1970          35     0.00173  0.00173  0.50   95163     165   95080  3755711  39.47
  1970          36     0.00185  0.00185  0.50   94998     176   94910  3660631  38.53
  1970          37     0.00198  0.00198  0.50   94822     188   94728  3565721  37.60
  1970          38     0.00212  0.00212  0.50   94634     200   94534  3470993  36.68
  1970          39     0.00227  0.00227  0.50   94434     214   94327  3376458  35.75
  1970          40     0.00245  0.00245  0.50   94220     231   94105  3282131  34.83
  1970          41     0.00270  0.00269  0.50   93989     253   93863  3188027  33.92
  1970          42     0.00301  0.00300  0.50   93736     281   93595  3094164  33.01
  1970          43     0.00337  0.00337  0.50   93455     315   93298  3000568  32.11
  1970          44     0.00377  0.00376  0.50   93140     350   92965  2907271  31.21
  1970          45     0.00417  0.00416  0.50   92790     386   92597  2814306  30.33
  1970          46     0.00455  0.00454  0.50   92404     419   92195  2721709  29.45
  1970          47     0.00489  0.00488  0.50   91985     448   91761  2629514  28.59
  1970          48     0.00519  0.00518  0.50   91537     474   91300  2537753  27.72
  1970          49     0.00546  0.00545  0.50   91063     496   90815  2446453  26.87
  1970          50     0.00572  0.00570  0.50   90567     516   90309  2355639  26.01
  1970          51     0.00598  0.00596  0.50   90050     537   89782  2265330  25.16
  1970          52     0.00631  0.00629  0.50   89514     563   89232  2175548  24.30
  1970          53     0.00678  0.00676  0.50   88951     601   88650  2086315  23.45
  1970          54     0.00743  0.00740  0.50   88350     654   88023  1997665  22.61
  1970          55     0.00822  0.00819  0.50   87695     718   87337  1909643  21.78
  1970          56     0.00909  0.00905  0.50   86978     787   86584  1822306  20.95
  1970          57     0.01003  0.00998  0.50   86190     860   85760  1735722  20.14
  1970          58     0.01105  0.01099  0.50   85330     938   84861  1649962  19.34
  1970          59     0.01226  0.01218  0.50   84392    1028   83878  1565101  18.55
  1970          60     0.01360  0.01351  0.50   83364    1126   82801  1481223  17.77
  1970          61     0.01501  0.01489  0.50   82238    1225   81626  1398422  17.00
  1970          62     0.01655  0.01642  0.50   81013    1330   80348  1316797  16.25
  1970          63     0.01833  0.01816  0.50   79683    1447   78959  1236449  15.52
  1970          64     0.02041  0.02020  0.50   78236    1580   77446  1157489  14.79
  1970          65     0.02282  0.02257  0.50   76656    1730   75791  1080044  14.09
  1970          66     0.02557  0.02525  0.50   74926    1892   73980  1004253  13.40
  1970          67     0.02862  0.02822  0.50   73034    2061   72004   930273  12.74
  1970          68     0.03193  0.03143  0.50   70973    2230   69858   858270  12.09
  1970          69     0.03545  0.03483  0.50   68743    2395   67546   788412  11.47
  1970          70     0.03914  0.03839  0.50   66348    2547   65075   720866  10.86
  1970          71     0.04298  0.04208  0.50   63801    2685   62459   655791  10.28
  1970          72     0.04716  0.04607  0.50   61117    2816   59709   593332   9.71
  1970          73     0.05190  0.05059  0.50   58301    2950   56826   533624   9.15
  1970          74     0.05751  0.05591  0.50   55351    3094   53804   476798   8.61
  1970          75     0.06417  0.06217  0.50   52257    3249   50633   422993   8.09
  1970          76     0.07171  0.06923  0.50   49008    3393   47312   372361   7.60
  1970          77     0.08024  0.07715  0.50   45615    3519   43856   325049   7.13
  1970          78     0.08985  0.08599  0.50   42096    3620   40286   281194   6.68
  1970          79     0.10036  0.09557  0.50   38476    3677   36638   240907   6.26
  1970          80     0.11157  0.10568  0.50   34799    3678   32961   204270   5.87
  1970          81     0.12342  0.11625  0.50   31122    3618   29313   171309   5.50
  1970          82     0.13592  0.12727  0.50   27504    3501   25754   141996   5.16
  1970          83     0.14920  0.13884  0.50   24003    3333   22337   116243   4.84
  1970          84     0.16335  0.15102  0.50   20671    3122   19110    93906   4.54
  1970          85     0.17848  0.16386  0.50   17549    2876   16111    74796   4.26
  1970          86     0.19465  0.17738  0.50   14673    2603   13372    58684   4.00
  1970          87     0.21190  0.19160  0.50   12071    2313   10914    45312   3.75
  1970          88     0.23024  0.20647  0.50    9758    2015    8751    34398   3.53
  1970          89     0.24969  0.22198  0.50    7743    1719    6884    25647   3.31
  1970          90     0.27022  0.23805  0.50    6024    1434    5307    18764   3.11
  1970          91     0.29178  0.25463  0.50    4590    1169    4006    13456   2.93
  1970          92     0.31434  0.27164  0.50    3421     929    2957     9451   2.76
  1970          93     0.33782  0.28900  0.50    2492     720    2132     6494   2.61
  1970          94     0.36213  0.30661  0.50    1772     543    1500     4362   2.46
  1970          95     0.38719  0.32439  0.50    1229     399    1029     2862   2.33
  1970          96     0.41287  0.34222  0.50     830     284     688     1832   2.21
  1970          97     0.43905  0.36002  0.50     546     197     448     1144   2.10
  1970          98     0.46559  0.37767  0.50     349     132     283      697   1.99
  1970          99     0.49234  0.39509  0.50     217      86     174      413   1.90
  1970         100     0.51915  0.41216  0.50     132      54     104      239   1.82
  1970         101     0.54585  0.42882  0.50      77      33      61      134   1.74
  1970         102     0.57228  0.44496  0.50      44      20      34       74   1.67
  1970         103     0.59828  0.46052  0.50      25      11      19       39   1.60
  1970         104     0.62373  0.47545  0.50      13       6      10       20   1.54
  1970         105     0.64851  0.48972  0.50       7       3       5       10   1.49
  1970         106     0.67259  0.50332  0.50       4       2       3        5   1.44
  1970         107     0.69596  0.51630  0.50       2       1       1        2   1.40
  1970         108     0.71875  0.52873  0.50       1       0       1        1   1.36
  1970         109     0.74111  0.54074  0.50       0       0       0        1   1.32
  1970         110+    0.77472  1.00000  1.29       0       0       0        0   1.29
  1971           0     0.01530  0.01511  0.16  100000    1511   98729  7230548  72.31
  1971           1     0.00191  0.00190  0.50   98489     188   98395  7131818  72.41
  1971           2     0.00147  0.00147  0.50   98302     145   98229  7033423  71.55
  1971           3     0.00137  0.00137  0.50   98157     135   98090  6935194  70.65
  1971           4     0.00126  0.00126  0.50   98022     123   97961  6837104  69.75
  1971           5     0.00087  0.00087  0.50   97899      86   97856  6739143  68.84
  1971           6     0.00048  0.00048  0.50   97813      47   97790  6641287  67.90
  1971           7     0.00033  0.00033  0.50   97767      32   97751  6543497  66.93
  1971           8     0.00024  0.00024  0.50   97734      23   97723  6445746  65.95
  1971           9     0.00022  0.00022  0.50   97711      21   97700  6348024  64.97
  1971          10     0.00032  0.00032  0.50   97690      32   97674  6250323  63.98
  1971          11     0.00047  0.00047  0.50   97658      45   97635  6152650  63.00
  1971          12     0.00052  0.00052  0.50   97613      51   97587  6055014  62.03
  1971          13     0.00042  0.00042  0.50   97562      41   97541  5957427  61.06
  1971          14     0.00045  0.00045  0.50   97521      44   97499  5859886  60.09
  1971          15     0.00081  0.00081  0.50   97477      79   97438  5762387  59.12
  1971          16     0.00116  0.00115  0.50   97398     112   97342  5664949  58.16
  1971          17     0.00114  0.00114  0.50   97286     111   97230  5567607  57.23
  1971          18     0.00097  0.00097  0.50   97175      94   97128  5470377  56.29
  1971          19     0.00091  0.00091  0.50   97081      88   97037  5373249  55.35
  1971          20     0.00096  0.00096  0.50   96993      93   96946  5276213  54.40
  1971          21     0.00098  0.00098  0.50   96900      95   96852  5179267  53.45
  1971          22     0.00091  0.00091  0.50   96805      88   96761  5082415  52.50
  1971          23     0.00103  0.00103  0.50   96717     100   96667  4985654  51.55
  1971          24     0.00150  0.00150  0.50   96617     145   96544  4888987  50.60
  1971          25     0.00170  0.00170  0.50   96472     164   96390  4792443  49.68
  1971          26     0.00157  0.00157  0.50   96308     151   96233  4696053  48.76
  1971          27     0.00129  0.00129  0.50   96157     124   96095  4599820  47.84
  1971          28     0.00098  0.00098  0.50   96033      94   95986  4503725  46.90
  1971          29     0.00087  0.00087  0.50   95939      83   95897  4407739  45.94
  1971          30     0.00129  0.00128  0.50   95855     123   95794  4311842  44.98
  1971          31     0.00174  0.00174  0.50   95732     166   95649  4216048  44.04
  1971          32     0.00171  0.00171  0.50   95566     163   95484  4120399  43.12
  1971          33     0.00151  0.00151  0.50   95403     144   95331  4024914  42.19
  1971          34     0.00154  0.00154  0.50   95259     146   95186  3929583  41.25
  1971          35     0.00171  0.00171  0.50   95112     162   95031  3834398  40.31
  1971          36     0.00190  0.00190  0.50   94950     181   94860  3739367  39.38
  1971          37     0.00224  0.00223  0.50   94769     212   94664  3644507  38.46
  1971          38     0.00256  0.00256  0.50   94558     242   94437  3549843  37.54
  1971          39     0.00271  0.00271  0.50   94316     255   94188  3455406  36.64
  1971          40     0.00273  0.00273  0.50   94061     256   93933  3361218  35.73
  1971          41     0.00270  0.00269  0.50   93804     253   93678  3267285  34.83
  1971          42     0.00264  0.00263  0.50   93552     246   93428  3173607  33.92
  1971          43     0.00284  0.00283  0.50   93305     264   93173  3080179  33.01
  1971          44     0.00346  0.00345  0.50   93041     321   92880  2987006  32.10
  1971          45     0.00383  0.00382  0.50   92719     354   92542  2894126  31.21
  1971          46     0.00355  0.00354  0.50   92365     327   92202  2801583  30.33
  1971          47     0.00379  0.00378  0.50   92038     348   91864  2709382  29.44
  1971          48     0.00415  0.00414  0.50   91690     380   91500  2617518  28.55
  1971          49     0.00408  0.00407  0.50   91310     372   91124  2526018  27.66
  1971          50     0.00436  0.00435  0.50   90938     395   90741  2434893  26.78
  1971          51     0.00568  0.00566  0.50   90543     513   90286  2344153  25.89
  1971          52     0.00699  0.00697  0.50   90030     627   89717  2253866  25.03
  1971          53     0.00732  0.00729  0.50   89403     652   89077  2164150  24.21
  1971          54     0.00759  0.00757  0.50   88751     671   88415  2075073  23.38
  1971          55     0.00845  0.00841  0.50   88080     741   87709  1986657  22.56
  1971          56     0.00999  0.00994  0.50   87339     868   86905  1898948  21.74
  1971          57     0.01113  0.01107  0.50   86471     957   85992  1812043  20.96
  1971          58     0.01119  0.01113  0.50   85513     952   85038  1726051  20.18
  1971          59     0.01180  0.01173  0.50   84562     992   84066  1641013  19.41
  1971          60     0.01341  0.01332  0.50   83570    1113   83013  1556948  18.63
  1971          61     0.01571  0.01559  0.50   82457    1285   81814  1473934  17.88
  1971          62     0.01722  0.01707  0.50   81172    1386   80479  1392120  17.15
  1971          63     0.01693  0.01679  0.50   79786    1340   79116  1311641  16.44
  1971          64     0.01698  0.01683  0.50   78446    1321   77786  1232525  15.71
  1971          65     0.01962  0.01943  0.50   77126    1499   76376  1154739  14.97
  1971          66     0.02423  0.02394  0.50   75627    1811   74722  1078362  14.26
  1971          67     0.02807  0.02768  0.50   73816    2044   72794  1003641  13.60
  1971          68     0.02918  0.02876  0.50   71773    2064   70741   930846  12.97
  1971          69     0.03015  0.02970  0.50   69709    2070   68674   860106  12.34
  1971          70     0.03328  0.03273  0.50   67638    2214   66531   791432  11.70
  1971          71     0.03628  0.03563  0.50   65425    2331   64259   724901  11.08
  1971          72     0.04033  0.03953  0.50   63094    2494   61846   660641  10.47
  1971          73     0.04685  0.04577  0.50   60599    2774   59212   598795   9.88
  1971          74     0.05324  0.05186  0.50   57825    2999   56326   539583   9.33
  1971          75     0.05665  0.05509  0.50   54827    3020   53316   483257   8.81
  1971          76     0.05819  0.05655  0.50   51806    2929   50341   429940   8.30
  1971          77     0.06387  0.06189  0.50   48877    3025   47364   379599   7.77
  1971          78     0.07767  0.07477  0.50   45852    3428   44138   332235   7.25
  1971          79     0.09139  0.08740  0.50   42424    3708   40570   288097   6.79
  1971          80     0.09745  0.09293  0.50   38716    3598   36917   247527   6.39
  1971          81     0.10296  0.09792  0.50   35118    3439   33399   210610   6.00
  1971          82     0.11501  0.10875  0.50   31679    3445   29957   177211   5.59
  1971          83     0.12806  0.12036  0.50   28234    3398   26535   147255   5.22
  1971          84     0.14160  0.13224  0.50   24836    3284   23194   120720   4.86
  1971          85     0.15691  0.14550  0.50   21552    3136   19984    97526   4.53
  1971          86     0.17390  0.15999  0.50   18416    2946   16943    77542   4.21
  1971          87     0.19226  0.17540  0.50   15470    2713   14113    60600   3.92
  1971          88     0.21229  0.19192  0.50   12756    2448   11532    46487   3.64
  1971          89     0.23402  0.20950  0.50   10308    2160    9228    34954   3.39
  1971          90     0.25737  0.22803  0.50    8149    1858    7220    25726   3.16
  1971          91     0.28232  0.24740  0.50    6290    1556    5512    18506   2.94
  1971          92     0.30881  0.26751  0.50    4734    1266    4101    12994   2.74
  1971          93     0.33673  0.28821  0.50    3468     999    2968     8893   2.56
  1971          94     0.36591  0.30932  0.50    2468     764    2087     5925   2.40
  1971          95     0.39617  0.33067  0.50    1705     564    1423     3838   2.25
  1971          96     0.42728  0.35206  0.50    1141     402     940     2415   2.12
  1971          97     0.45899  0.37331  0.50     739     276     601     1475   2.00
  1971          98     0.49102  0.39423  0.50     463     183     372      874   1.89
  1971          99     0.52308  0.41464  0.50     281     116     222      502   1.79
  1971         100     0.55490  0.43438  0.50     164      71     129      279   1.70
  1971         101     0.58618  0.45332  0.50      93      42      72      151   1.62
  1971         102     0.61666  0.47133  0.50      51      24      39       79   1.55
  1971         103     0.64612  0.48835  0.50      27      13      20       40   1.49
  1971         104     0.67434  0.50430  0.50      14       7      10       20   1.44
  1971         105     0.70114  0.51914  0.50       7       4       5        9   1.39
  1971         106     0.72643  0.53288  0.50       3       2       2        4   1.34
  1971         107     0.75016  0.54554  0.50       2       1       1        2   1.31
  1971         108     0.77216  0.55708  0.50       1       0       1        1   1.27
  1971         109     0.79242  0.56755  0.50       0       0       0        0   1.24
  1971         110+    0.82258  1.00000  1.22       0       0       0        0   1.22
  1972           0     0.01462  0.01444  0.16  100000    1444   98784  7251700  72.52
  1972           1     0.00209  0.00209  0.50   98556     206   98453  7152915  72.58
  1972           2     0.00166  0.00166  0.50   98350     163   98268  7054462  71.73
  1972           3     0.00130  0.00130  0.50   98186     127   98123  6956194  70.85
  1972           4     0.00101  0.00101  0.50   98059      99   98010  6858071  69.94
  1972           5     0.00080  0.00080  0.50   97960      78   97921  6760062  69.01
  1972           6     0.00064  0.00064  0.50   97882      62   97851  6662141  68.06
  1972           7     0.00050  0.00050  0.50   97820      49   97795  6564290  67.11
  1972           8     0.00040  0.00040  0.50   97771      39   97752  6466494  66.14
  1972           9     0.00034  0.00034  0.50   97732      34   97716  6368742  65.17
  1972          10     0.00034  0.00034  0.50   97699      33   97682  6271027  64.19
  1972          11     0.00036  0.00036  0.50   97666      35   97648  6173345  63.21
  1972          12     0.00037  0.00037  0.50   97631      36   97613  6075697  62.23
  1972          13     0.00037  0.00037  0.50   97595      36   97577  5978084  61.25
  1972          14     0.00040  0.00040  0.50   97558      39   97539  5880507  60.28
  1972          15     0.00047  0.00047  0.50   97520      46   97497  5782968  59.30
  1972          16     0.00056  0.00056  0.50   97474      55   97447  5685471  58.33
  1972          17     0.00065  0.00065  0.50   97419      63   97387  5588025  57.36
  1972          18     0.00072  0.00072  0.50   97356      70   97320  5490637  56.40
  1972          19     0.00078  0.00078  0.50   97285      76   97247  5393317  55.44
  1972          20     0.00086  0.00086  0.50   97209      84   97167  5296070  54.48
  1972          21     0.00094  0.00094  0.50   97125      92   97080  5198903  53.53
  1972          22     0.00101  0.00101  0.50   97034      98   96985  5101823  52.58
  1972          23     0.00107  0.00107  0.50   96935     104   96884  5004839  51.63
  1972          24     0.00113  0.00113  0.50   96832     109   96777  4907955  50.69
  1972          25     0.00121  0.00121  0.50   96722     117   96664  4811178  49.74
  1972          26     0.00130  0.00130  0.50   96606     126   96543  4714514  48.80
  1972          27     0.00139  0.00139  0.50   96480     134   96413  4617971  47.86
  1972          28     0.00146  0.00146  0.50   96346     140   96275  4521559  46.93
  1972          29     0.00148  0.00148  0.50   96205     143   96134  4425283  46.00
  1972          30     0.00146  0.00146  0.50   96063     140   95993  4329149  45.07
  1972          31     0.00142  0.00142  0.50   95923     137   95854  4233157  44.13
  1972          32     0.00143  0.00143  0.50   95786     137   95718  4137303  43.19
  1972          33     0.00149  0.00149  0.50   95649     142   95578  4041585  42.25
  1972          34     0.00160  0.00160  0.50   95507     153   95431  3946007  41.32
  1972          35     0.00174  0.00174  0.50   95354     166   95271  3850576  40.38
  1972          36     0.00189  0.00189  0.50   95188     180   95099  3755305  39.45
  1972          37     0.00204  0.00204  0.50   95009     194   94912  3660206  38.52
  1972          38     0.00221  0.00221  0.50   94815     210   94710  3565294  37.60
  1972          39     0.00243  0.00243  0.50   94605     230   94491  3470584  36.68
  1972          40     0.00269  0.00269  0.50   94376     254   94249  3376093  35.77
  1972          41     0.00298  0.00298  0.50   94122     280   93982  3281845  34.87
  1972          42     0.00323  0.00323  0.50   93841     303   93690  3187863  33.97
  1972          43     0.00342  0.00341  0.50   93538     319   93379  3094173  33.08
  1972          44     0.00354  0.00353  0.50   93219     329   93055  3000795  32.19
  1972          45     0.00365  0.00365  0.50   92890     339   92721  2907740  31.30
  1972          46     0.00383  0.00382  0.50   92551     353   92375  2815019  30.42
  1972          47     0.00405  0.00404  0.50   92198     373   92012  2722645  29.53
  1972          48     0.00434  0.00434  0.50   91825     398   91626  2630633  28.65
  1972          49     0.00474  0.00472  0.50   91427     432   91211  2539007  27.77
  1972          50     0.00526  0.00524  0.50   90995     477   90757  2447795  26.90
  1972          51     0.00591  0.00589  0.50   90518     534   90252  2357039  26.04
  1972          52     0.00660  0.00658  0.50   89985     592   89689  2266787  25.19
  1972          53     0.00723  0.00721  0.50   89393     644   89070  2177098  24.35
  1972          54     0.00786  0.00783  0.50   88748     695   88401  2088028  23.53
  1972          55     0.00845  0.00842  0.50   88054     741   87683  1999627  22.71
  1972          56     0.00899  0.00895  0.50   87312     781   86922  1911944  21.90
  1972          57     0.00951  0.00946  0.50   86531     819   86122  1825022  21.09
  1972          58     0.01009  0.01004  0.50   85712     861   85282  1738901  20.29
  1972          59     0.01088  0.01082  0.50   84851     918   84392  1653619  19.49
  1972          60     0.01191  0.01183  0.50   83933     993   83436  1569227  18.70
  1972          61     0.01318  0.01309  0.50   82940    1086   82397  1485791  17.91
  1972          62     0.01477  0.01466  0.50   81854    1200   81253  1403394  17.15
  1972          63     0.01673  0.01659  0.50   80653    1338   79984  1322141  16.39
  1972          64     0.01907  0.01889  0.50   79315    1498   78566  1242156  15.66
  1972          65     0.02168  0.02145  0.50   77817    1669   76982  1163590  14.95
  1972          66     0.02412  0.02383  0.50   76148    1814   75241  1086608  14.27
  1972          67     0.02625  0.02591  0.50   74333    1926   73370  1011367  13.61
  1972          68     0.02816  0.02777  0.50   72407    2011   71402   937997  12.95
  1972          69     0.03036  0.02990  0.50   70397    2105   69344   866595  12.31
  1972          70     0.03336  0.03282  0.50   68292    2241   67171   797251  11.67
  1972          71     0.03726  0.03658  0.50   66051    2416   64843   730079  11.05
  1972          72     0.04189  0.04103  0.50   63635    2611   62329   665236  10.45
  1972          73     0.04701  0.04593  0.50   61024    2803   59623   602907   9.88
  1972          74     0.05228  0.05094  0.50   58221    2966   56738   543284   9.33
  1972          75     0.05744  0.05584  0.50   55255    3085   53713   486546   8.81
  1972          76     0.06284  0.06093  0.50   52170    3179   50581   432833   8.30
  1972          77     0.06892  0.06663  0.50   48991    3264   47359   382253   7.80
  1972          78     0.07598  0.07320  0.50   45727    3347   44053   334894   7.32
  1972          79     0.08389  0.08051  0.50   42380    3412   40674   290840   6.86
  1972          80     0.09252  0.08843  0.50   38968    3446   37245   250167   6.42
  1972          81     0.10225  0.09728  0.50   35522    3455   33794   212922   5.99
  1972          82     0.11351  0.10741  0.50   32066    3444   30344   179128   5.59
  1972          83     0.12633  0.11883  0.50   28622    3401   26921   148784   5.20
  1972          84     0.14075  0.13150  0.50   25221    3317   23563   121862   4.83
  1972          85     0.15680  0.14540  0.50   21904    3185   20312    98300   4.49
  1972          86     0.17448  0.16048  0.50   18720    3004   17217    77988   4.17
  1972          87     0.19385  0.17672  0.50   15715    2777   14327    60770   3.87
  1972          88     0.21492  0.19406  0.50   12938    2511   11683    46443   3.59
  1972          89     0.23771  0.21246  0.50   10427    2215    9320    34761   3.33
  1972          90     0.26221  0.23182  0.50    8212    1904    7260    25441   3.10
  1972          91     0.28837  0.25203  0.50    6308    1590    5513    18181   2.88
  1972          92     0.31612  0.27297  0.50    4718    1288    4074    12667   2.68
  1972          93     0.34533  0.29448  0.50    3430    1010    2925     8593   2.50
  1972          94     0.37582  0.31637  0.50    2420     766    2037     5668   2.34
  1972          95     0.40741  0.33846  0.50    1655     560    1375     3630   2.19
  1972          96     0.43985  0.36055  0.50    1095     395     897     2256   2.06
  1972          97     0.47287  0.38245  0.50     700     268     566     1359   1.94
  1972          98     0.50618  0.40394  0.50     432     175     345      793   1.83
  1972          99     0.53947  0.42487  0.50     258     109     203      448   1.74
  1972         100     0.57244  0.44506  0.50     148      66     115      245   1.65
  1972         101     0.60478  0.46436  0.50      82      38      63      130   1.58
  1972         102     0.63618  0.48265  0.50      44      21      33       66   1.51
  1972         103     0.66640  0.49985  0.50      23      11      17       33   1.45
  1972         104     0.69517  0.51587  0.50      11       6       8       16   1.39
  1972         105     0.72234  0.53068  0.50       6       3       4        7   1.35
  1972         106     0.74783  0.54431  0.50       3       1       2        3   1.31
  1972         107     0.77165  0.55682  0.50       1       1       1        1   1.27
  1972         108     0.79407  0.56840  0.50       1       0       0        1   1.24
  1972         109     0.81545  0.57927  0.50       0       0       0        0   1.21
  1972         110+    0.84439  1.00000  1.18       0       0       0        0   1.18
  1973           0     0.01251  0.01238  0.16  100000    1238   98954  7269210  72.69
  1973           1     0.00191  0.00191  0.50   98762     188   98668  7170256  72.60
  1973           2     0.00160  0.00160  0.50   98574     157   98495  7071588  71.74
  1973           3     0.00136  0.00136  0.50   98416     134   98349  6973093  70.85
  1973           4     0.00118  0.00118  0.50   98282     116   98225  6874744  69.95
  1973           5     0.00102  0.00102  0.50   98167     100   98116  6776519  69.03
  1973           6     0.00088  0.00088  0.50   98066      86   98023  6678403  68.10
  1973           7     0.00071  0.00071  0.50   97980      70   97945  6580380  67.16
  1973           8     0.00049  0.00049  0.50   97910      48   97886  6482434  66.21
  1973           9     0.00033  0.00033  0.50   97862      32   97846  6384548  65.24
  1973          10     0.00033  0.00033  0.50   97830      33   97814  6286702  64.26
  1973          11     0.00040  0.00040  0.50   97797      39   97778  6188888  63.28
  1973          12     0.00042  0.00042  0.50   97758      41   97737  6091111  62.31
  1973          13     0.00039  0.00039  0.50   97717      38   97698  5993373  61.33
  1973          14     0.00039  0.00039  0.50   97678      38   97659  5895675  60.36
  1973          15     0.00049  0.00049  0.50   97640      48   97616  5798016  59.38
  1973          16     0.00062  0.00062  0.50   97593      60   97562  5700400  58.41
  1973          17     0.00072  0.00072  0.50   97532      70   97497  5602837  57.45
  1973          18     0.00083  0.00083  0.50   97462      81   97422  5505340  56.49
  1973          19     0.00102  0.00102  0.50   97381      99   97332  5407918  55.53
  1973          20     0.00128  0.00128  0.50   97282     124   97220  5310587  54.59
  1973          21     0.00146  0.00146  0.50   97158     142   97087  5213367  53.66
  1973          22     0.00143  0.00143  0.50   97016     139   96947  5116280  52.74
  1973          23     0.00131  0.00130  0.50   96877     126   96814  5019333  51.81
  1973          24     0.00121  0.00121  0.50   96751     117   96692  4922519  50.88
  1973          25     0.00115  0.00115  0.50   96634     111   96578  4825827  49.94
  1973          26     0.00113  0.00113  0.50   96523     109   96469  4729248  49.00
  1973          27     0.00112  0.00112  0.50   96414     108   96360  4632780  48.05
  1973          28     0.00112  0.00112  0.50   96306     108   96252  4536419  47.10
  1973          29     0.00113  0.00113  0.50   96198     109   96144  4440167  46.16
  1973          30     0.00133  0.00132  0.50   96090     127   96026  4344023  45.21
  1973          31     0.00156  0.00156  0.50   95962     150   95888  4247997  44.27
  1973          32     0.00166  0.00166  0.50   95813     159   95733  4152110  43.34
  1973          33     0.00162  0.00162  0.50   95654     155   95576  4056376  42.41
  1973          34     0.00156  0.00155  0.50   95499     148   95424  3960800  41.47
  1973          35     0.00164  0.00164  0.50   95350     156   95272  3865376  40.54
  1973          36     0.00197  0.00197  0.50   95194     187   95100  3770103  39.60
  1973          37     0.00221  0.00221  0.50   95006     210   94902  3675003  38.68
  1973          38     0.00225  0.00225  0.50   94797     213   94690  3580102  37.77
  1973          39     0.00211  0.00211  0.50   94584     200   94484  3485412  36.85
  1973          40     0.00209  0.00209  0.50   94384     197   94285  3390928  35.93
  1973          41     0.00238  0.00237  0.50   94187     224   94075  3296642  35.00
  1973          42     0.00273  0.00272  0.50   93963     256   93835  3202567  34.08
  1973          43     0.00311  0.00310  0.50   93707     291   93562  3108732  33.17
  1973          44     0.00353  0.00352  0.50   93417     329   93252  3015170  32.28
  1973          45     0.00387  0.00386  0.50   93088     359   92908  2921917  31.39
  1973          46     0.00403  0.00402  0.50   92729     373   92543  2829009  30.51
  1973          47     0.00411  0.00411  0.50   92356     379   92167  2736466  29.63
  1973          48     0.00425  0.00424  0.50   91977     390   91782  2644300  28.75
  1973          49     0.00452  0.00451  0.50   91587     413   91381  2552518  27.87
  1973          50     0.00492  0.00490  0.50   91175     447   90951  2461137  26.99
  1973          51     0.00542  0.00541  0.50   90728     490   90482  2370185  26.12
  1973          52     0.00602  0.00600  0.50   90237     541   89967  2279703  25.26
  1973          53     0.00668  0.00666  0.50   89696     597   89397  2189737  24.41
  1973          54     0.00733  0.00730  0.50   89099     651   88774  2100339  23.57
  1973          55     0.00795  0.00792  0.50   88448     700   88098  2011565  22.74
  1973          56     0.00855  0.00852  0.50   87748     747   87375  1923467  21.92
  1973          57     0.00932  0.00927  0.50   87001     807   86597  1836093  21.10
  1973          58     0.01033  0.01028  0.50   86194     886   85751  1749495  20.30
  1973          59     0.01129  0.01123  0.50   85308     958   84830  1663744  19.50
  1973          60     0.01200  0.01193  0.50   84351    1006   83848  1578914  18.72
  1973          61     0.01245  0.01237  0.50   83345    1031   82829  1495067  17.94
  1973          62     0.01320  0.01311  0.50   82313    1079   81774  1412238  17.16
  1973          63     0.01472  0.01461  0.50   81234    1187   80641  1330464  16.38
  1973          64     0.01661  0.01647  0.50   80047    1318   79388  1249823  15.61
  1973          65     0.01842  0.01825  0.50   78729    1437   78010  1170435  14.87
  1973          66     0.02059  0.02038  0.50   77292    1575   76504  1092425  14.13
  1973          67     0.02371  0.02343  0.50   75716    1774   74829  1015921  13.42
  1973          68     0.02798  0.02759  0.50   73942    2040   72922   941092  12.73
  1973          69     0.03208  0.03157  0.50   71902    2270   70767   868169  12.07
  1973          70     0.03500  0.03440  0.50   69632    2395   68435   797402  11.45
  1973          71     0.03814  0.03742  0.50   67237    2516   65979   728968  10.84
  1973          72     0.04168  0.04082  0.50   64721    2642   63400   662989  10.24
  1973          73     0.04545  0.04444  0.50   62079    2758   60699   599589   9.66
  1973          74     0.04975  0.04855  0.50   59320    2880   57880   538890   9.08
  1973          75     0.05492  0.05345  0.50   56440    3017   54932   481009   8.52
  1973          76     0.06100  0.05919  0.50   53424    3162   51843   426077   7.98
  1973          77     0.06882  0.06653  0.50   50261    3344   48590   374235   7.45
  1973          78     0.07922  0.07621  0.50   46918    3575   45130   325645   6.94
  1973          79     0.09229  0.08822  0.50   43342    3824   41430   280515   6.47
  1973          80     0.10733  0.10186  0.50   39519    4025   37506   239085   6.05
  1973          81     0.12137  0.11443  0.50   35493    4061   33462   201579   5.68
  1973          82     0.13233  0.12412  0.50   31432    3901   29481   168116   5.35
  1973          83     0.14311  0.13355  0.50   27531    3677   25692   138635   5.04
  1973          84     0.15499  0.14385  0.50   23854    3431   22138   112943   4.73
  1973          85     0.16841  0.15533  0.50   20422    3172   18836    90805   4.45
  1973          86     0.18337  0.16797  0.50   17250    2897   15802    71968   4.17
  1973          87     0.19978  0.18164  0.50   14353    2607   13049    56167   3.91
  1973          88     0.21757  0.19622  0.50   11746    2305   10593    43118   3.67
  1973          89     0.23666  0.21162  0.50    9441    1998    8442    32524   3.44
  1973          90     0.25700  0.22774  0.50    7443    1695    6596    24082   3.24
  1973          91     0.27849  0.24445  0.50    5748    1405    5045    17486   3.04
  1973          92     0.30099  0.26162  0.50    4343    1136    3775    12441   2.86
  1973          93     0.32435  0.27909  0.50    3207     895    2759     8666   2.70
  1973          94     0.34835  0.29667  0.50    2312     686    1969     5907   2.56
  1973          95     0.37272  0.31417  0.50    1626     511    1371     3938   2.42
  1973          96     0.39718  0.33137  0.50    1115     370     930     2567   2.30
  1973          97     0.42137  0.34804  0.50     746     259     616     1637   2.20
  1973          98     0.44496  0.36398  0.50     486     177     398     1021   2.10
  1973          99     0.46763  0.37901  0.50     309     117     251      624   2.02
  1973         100     0.48910  0.39299  0.50     192      75     154      373   1.94
  1973         101     0.50928  0.40592  0.50     117      47      93      219   1.88
  1973         102     0.52818  0.41783  0.50      69      29      55      126   1.82
  1973         103     0.54602  0.42892  0.50      40      17      32       71   1.77
  1973         104     0.56314  0.43941  0.50      23      10      18       40   1.72
  1973         105     0.57991  0.44956  0.50      13       6      10       22   1.67
  1973         106     0.59668  0.45957  0.50       7       3       5       12   1.63
  1973         107     0.61370  0.46960  0.50       4       2       3        6   1.58
  1973         108     0.63101  0.47967  0.50       2       1       2        3   1.54
  1973         109     0.64858  0.48976  0.50       1       1       1        2   1.50
  1973         110+    0.68250  1.00000  1.47       1       1       1        1   1.47
  1974           0     0.01161  0.01149  0.15  100000    1149   99028  7365198  73.65
  1974           1     0.00196  0.00196  0.50   98851     194   98754  7266170  73.51
  1974           2     0.00147  0.00147  0.50   98657     145   98585  7167416  72.65
  1974           3     0.00108  0.00108  0.50   98512     106   98459  7068831  71.76
  1974           4     0.00080  0.00080  0.50   98406      78   98367  6970372  70.83
  1974           5     0.00062  0.00062  0.50   98328      61   98297  6872005  69.89
  1974           6     0.00051  0.00051  0.50   98267      51   98242  6773708  68.93
  1974           7     0.00046  0.00046  0.50   98217      46   98194  6675466  67.97
  1974           8     0.00043  0.00043  0.50   98171      42   98150  6577272  67.00
  1974           9     0.00039  0.00039  0.50   98129      39   98110  6479122  66.03
  1974          10     0.00036  0.00036  0.50   98090      35   98073  6381013  65.05
  1974          11     0.00033  0.00033  0.50   98055      32   98039  6282940  64.08
  1974          12     0.00031  0.00031  0.50   98023      31   98008  6184901  63.10
  1974          13     0.00032  0.00032  0.50   97992      31   97977  6086893  62.12
  1974          14     0.00036  0.00036  0.50   97962      35   97944  5988916  61.14
  1974          15     0.00046  0.00046  0.50   97926      45   97904  5890972  60.16
  1974          16     0.00057  0.00057  0.50   97882      56   97853  5793068  59.18
  1974          17     0.00068  0.00067  0.50   97825      66   97792  5695215  58.22
  1974          18     0.00074  0.00074  0.50   97759      73   97723  5597422  57.26
  1974          19     0.00078  0.00078  0.50   97687      76   97649  5499699  56.30
  1974          20     0.00082  0.00082  0.50   97611      80   97570  5402051  55.34
  1974          21     0.00089  0.00089  0.50   97530      87   97487  5304480  54.39
  1974          22     0.00098  0.00098  0.50   97443      95   97396  5206993  53.44
  1974          23     0.00104  0.00104  0.50   97348     101   97298  5109597  52.49
  1974          24     0.00105  0.00105  0.50   97247     102   97196  5012300  51.54
  1974          25     0.00101  0.00101  0.50   97145      98   97096  4915104  50.60
  1974          26     0.00095  0.00095  0.50   97047      92   97001  4818008  49.65
  1974          27     0.00089  0.00089  0.50   96955      87   96911  4721007  48.69
  1974          28     0.00089  0.00089  0.50   96868      86   96825  4624095  47.74
  1974          29     0.00097  0.00097  0.50   96782      94   96735  4527270  46.78
  1974          30     0.00110  0.00110  0.50   96688     107   96635  4430535  45.82
  1974          31     0.00128  0.00128  0.50   96582     124   96520  4333900  44.87
  1974          32     0.00150  0.00150  0.50   96458     145   96385  4237381  43.93
  1974          33     0.00171  0.00170  0.50   96313     164   96231  4140996  43.00
  1974          34     0.00184  0.00183  0.50   96148     176   96060  4044765  42.07
  1974          35     0.00189  0.00189  0.50   95972     181   95881  3948705  41.14
  1974          36     0.00190  0.00190  0.50   95791     182   95700  3852823  40.22
  1974          37     0.00193  0.00193  0.50   95609     185   95517  3757124  39.30
  1974          38     0.00205  0.00204  0.50   95424     195   95327  3661607  38.37
  1974          39     0.00226  0.00225  0.50   95229     215   95122  3566280  37.45
  1974          40     0.00250  0.00250  0.50   95015     237   94896  3471158  36.53
  1974          41     0.00270  0.00269  0.50   94777     255   94650  3376262  35.62
  1974          42     0.00278  0.00277  0.50   94522     262   94391  3281612  34.72
  1974          43     0.00281  0.00281  0.50   94260     265   94128  3187221  33.81
  1974          44     0.00290  0.00290  0.50   93995     272   93859  3093094  32.91
  1974          45     0.00307  0.00307  0.50   93723     288   93579  2999235  32.00
  1974          46     0.00336  0.00335  0.50   93435     313   93279  2905656  31.10
  1974          47     0.00379  0.00378  0.50   93122     352   92946  2812377  30.20
  1974          48     0.00430  0.00429  0.50   92770     398   92571  2719431  29.31
  1974          49     0.00481  0.00479  0.50   92371     443   92150  2626861  28.44
  1974          50     0.00524  0.00522  0.50   91929     480   91688  2534711  27.57
  1974          51     0.00556  0.00554  0.50   91448     507   91195  2443023  26.71
  1974          52     0.00575  0.00574  0.50   90942     522   90681  2351828  25.86
  1974          53     0.00586  0.00584  0.50   90420     528   90156  2261147  25.01
  1974          54     0.00603  0.00602  0.50   89892     541   89621  2170991  24.15
  1974          55     0.00636  0.00634  0.50   89351     566   89068  2081369  23.29
  1974          56     0.00688  0.00686  0.50   88785     609   88480  1992302  22.44
  1974          57     0.00766  0.00763  0.50   88176     673   87839  1903821  21.59
  1974          58     0.00871  0.00867  0.50   87503     759   87124  1815982  20.75
  1974          59     0.00998  0.00993  0.50   86744     861   86314  1728858  19.93
  1974          60     0.01127  0.01121  0.50   85883     962   85402  1642545  19.13
  1974          61     0.01239  0.01231  0.50   84921    1045   84398  1557143  18.34
  1974          62     0.01339  0.01330  0.50   83875    1116   83317  1472745  17.56
  1974          63     0.01441  0.01431  0.50   82759    1184   82167  1389428  16.79
  1974          64     0.01564  0.01552  0.50   81575    1266   80942  1307261  16.03
  1974          65     0.01725  0.01710  0.50   80309    1373   79622  1226319  15.27
  1974          66     0.01936  0.01917  0.50   78936    1514   78179  1146697  14.53
  1974          67     0.02196  0.02173  0.50   77422    1682   76581  1068518  13.80
  1974          68     0.02498  0.02467  0.50   75740    1869   74806   991937  13.10
  1974          69     0.02815  0.02776  0.50   73871    2051   72846   917131  12.42
  1974          70     0.03122  0.03074  0.50   71821    2208   70717   844285  11.76
  1974          71     0.03426  0.03368  0.50   69613    2345   68440   773569  11.11
  1974          72     0.03771  0.03702  0.50   67268    2490   66023   705128  10.48
  1974          73     0.04207  0.04120  0.50   64778    2669   63443   639105   9.87
  1974          74     0.04755  0.04645  0.50   62109    2885   60666   575662   9.27
  1974          75     0.05417  0.05274  0.50   59224    3124   57662   514995   8.70
  1974          76     0.06144  0.05961  0.50   56100    3344   54428   457333   8.15
  1974          77     0.06919  0.06687  0.50   52756    3528   50992   402905   7.64
  1974          78     0.07743  0.07455  0.50   49228    3670   47393   351913   7.15
  1974          79     0.08656  0.08297  0.50   45558    3780   43668   304520   6.68
  1974          80     0.09694  0.09246  0.50   41778    3863   39847   260852   6.24
  1974          81     0.10843  0.10285  0.50   37916    3900   35966   221005   5.83
  1974          82     0.12084  0.11396  0.50   34016    3876   32078   185039   5.44
  1974          83     0.13421  0.12577  0.50   30139    3791   28244   152962   5.08
  1974          84     0.14867  0.13838  0.50   26349    3646   24526   124717   4.73
  1974          85     0.16435  0.15187  0.50   22703    3448   20979   100192   4.41
  1974          86     0.18137  0.16629  0.50   19255    3202   17654    79213   4.11
  1974          87     0.19983  0.18168  0.50   16053    2916   14595    61559   3.83
  1974          88     0.21978  0.19802  0.50   13136    2601   11836    46964   3.58
  1974          89     0.24122  0.21526  0.50   10535    2268    9401    35128   3.33
  1974          90     0.26416  0.23334  0.50    8267    1929    7303    25727   3.11
  1974          91     0.28856  0.25218  0.50    6338    1598    5539    18424   2.91
  1974          92     0.31436  0.27166  0.50    4740    1288    4096    12885   2.72
  1974          93     0.34145  0.29165  0.50    3452    1007    2949     8789   2.55
  1974          94     0.36970  0.31202  0.50    2445     763    2064     5840   2.39
  1974          95     0.39897  0.33262  0.50    1682     560    1403     3776   2.24
  1974          96     0.42906  0.35328  0.50    1123     397     924     2374   2.11
  1974          97     0.45977  0.37383  0.50     726     271     590     1449   2.00
  1974          98     0.49086  0.39413  0.50     455     179     365      859   1.89
  1974          99     0.52210  0.41402  0.50     275     114     218      494   1.79
  1974         100     0.55322  0.43335  0.50     161      70     126      275   1.71
  1974         101     0.58399  0.45201  0.50      91      41      71      149   1.63
  1974         102     0.61415  0.46986  0.50      50      24      38       78   1.56
  1974         103     0.64347  0.48684  0.50      27      13      20       40   1.50
  1974         104     0.67174  0.50285  0.50      14       7      10       20   1.44
  1974         105     0.69877  0.51785  0.50       7       4       5        9   1.39
  1974         106     0.72447  0.53182  0.50       3       2       2        4   1.35
  1974         107     0.74879  0.54481  0.50       2       1       1        2   1.31
  1974         108     0.77191  0.55695  0.50       1       0       1        1   1.27
  1974         109     0.79412  0.56842  0.50       0       0       0        0   1.24
  1974         110+    0.82578  1.00000  1.21       0       0       0        0   1.21
  1975           0     0.01044  0.01035  0.15  100000    1035   99124  7409065  74.09
  1975           1     0.00153  0.00153  0.50   98965     151   98890  7309941  73.86
  1975           2     0.00120  0.00120  0.50   98814     118   98755  7211051  72.98
  1975           3     0.00091  0.00091  0.50   98696      90   98651  7112297  72.06
  1975           4     0.00070  0.00070  0.50   98606      69   98572  7013646  71.13
  1975           5     0.00057  0.00057  0.50   98538      56   98510  6915074  70.18
  1975           6     0.00050  0.00050  0.50   98481      49   98457  6816564  69.22
  1975           7     0.00044  0.00044  0.50   98432      44   98410  6718107  68.25
  1975           8     0.00038  0.00038  0.50   98388      38   98369  6619697  67.28
  1975           9     0.00032  0.00032  0.50   98351      32   98335  6521328  66.31
  1975          10     0.00027  0.00027  0.50   98319      27   98305  6422993  65.33
  1975          11     0.00023  0.00023  0.50   98292      23   98281  6324688  64.35
  1975          12     0.00021  0.00021  0.50   98269      20   98259  6226407  63.36
  1975          13     0.00020  0.00020  0.50   98249      20   98239  6128148  62.37
  1975          14     0.00022  0.00022  0.50   98230      22   98219  6029909  61.39
  1975          15     0.00027  0.00027  0.50   98208      27   98195  5931690  60.40
  1975          16     0.00035  0.00035  0.50   98181      35   98164  5833495  59.42
  1975          17     0.00047  0.00047  0.50   98146      46   98124  5735332  58.44
  1975          18     0.00060  0.00060  0.50   98101      58   98071  5637208  57.46
  1975          19     0.00073  0.00073  0.50   98042      71   98007  5539137  56.50
  1975          20     0.00083  0.00083  0.50   97971      81   97930  5441130  55.54
  1975          21     0.00089  0.00089  0.50   97890      87   97846  5343200  54.58
  1975          22     0.00093  0.00093  0.50   97803      91   97757  5245354  53.63
  1975          23     0.00096  0.00096  0.50   97711      94   97664  5147597  52.68
  1975          24     0.00099  0.00098  0.50   97617      96   97569  5049932  51.73
  1975          25     0.00101  0.00101  0.50   97521      99   97472  4952363  50.78
  1975          26     0.00103  0.00103  0.50   97423     101   97372  4854891  49.83
  1975          27     0.00104  0.00104  0.50   97322     101   97272  4757518  48.88
  1975          28     0.00106  0.00106  0.50   97221     103   97170  4660247  47.93
  1975          29     0.00111  0.00111  0.50   97118     108   97065  4563077  46.98
  1975          30     0.00118  0.00118  0.50   97011     115   96953  4466013  46.04
  1975          31     0.00127  0.00126  0.50   96896     123   96835  4369059  45.09
  1975          32     0.00135  0.00135  0.50   96774     130   96708  4272225  44.15
  1975          33     0.00142  0.00142  0.50   96643     137   96575  4175516  43.21
  1975          34     0.00149  0.00149  0.50   96506     144   96434  4078942  42.27
  1975          35     0.00155  0.00155  0.50   96362     149   96288  3982507  41.33
  1975          36     0.00163  0.00163  0.50   96213     156   96135  3886220  40.39
  1975          37     0.00174  0.00174  0.50   96057     167   95973  3790085  39.46
  1975          38     0.00190  0.00190  0.50   95889     182   95798  3694112  38.52
  1975          39     0.00209  0.00209  0.50   95708     200   95608  3598314  37.60
  1975          40     0.00233  0.00233  0.50   95508     222   95396  3502706  36.67
  1975          41     0.00260  0.00260  0.50   95285     248   95162  3407310  35.76
  1975          42     0.00287  0.00286  0.50   95038     272   94902  3312148  34.85
  1975          43     0.00309  0.00308  0.50   94766     292   94619  3217246  33.95
  1975          44     0.00324  0.00324  0.50   94473     306   94320  3122627  33.05
  1975          45     0.00337  0.00336  0.50   94167     316   94009  3028307  32.16
  1975          46     0.00350  0.00350  0.50   93851     328   93687  2934297  31.27
  1975          47     0.00369  0.00368  0.50   93523     344   93351  2840610  30.37
  1975          48     0.00394  0.00393  0.50   93178     366   92995  2747260  29.48
  1975          49     0.00427  0.00426  0.50   92812     395   92614  2654265  28.60
  1975          50     0.00469  0.00468  0.50   92417     433   92200  2561650  27.72
  1975          51     0.00521  0.00520  0.50   91984     478   91745  2469450  26.85
  1975          52     0.00575  0.00573  0.50   91506     525   91243  2377705  25.98
  1975          53     0.00623  0.00621  0.50   90981     565   90699  2286462  25.13
  1975          54     0.00668  0.00666  0.50   90417     602   90116  2195763  24.28
  1975          55     0.00718  0.00715  0.50   89815     642   89494  2105648  23.44
  1975          56     0.00777  0.00774  0.50   89172     691   88827  2016154  22.61
  1975          57     0.00847  0.00843  0.50   88482     746   88109  1927327  21.78
  1975          58     0.00924  0.00919  0.50   87736     807   87332  1839218  20.96
  1975          59     0.01004  0.00999  0.50   86929     868   86495  1751886  20.15
  1975          60     0.01089  0.01083  0.50   86061     932   85595  1665391  19.35
  1975          61     0.01186  0.01179  0.50   85128    1004   84626  1579797  18.56
  1975          62     0.01301  0.01292  0.50   84125    1087   83581  1495170  17.77
  1975          63     0.01437  0.01427  0.50   83037    1185   82445  1411589  17.00
  1975          64     0.01590  0.01577  0.50   81853    1291   81207  1329144  16.24
  1975          65     0.01755  0.01740  0.50   80562    1402   79861  1247937  15.49
  1975          66     0.01952  0.01933  0.50   79160    1530   78395  1168076  14.76
  1975          67     0.02179  0.02156  0.50   77629    1674   76793  1089681  14.04
  1975          68     0.02430  0.02401  0.50   75956    1824   75044  1012889  13.34
  1975          69     0.02700  0.02664  0.50   74132    1975   73145   937845  12.65
  1975          70     0.02984  0.02940  0.50   72157    2122   71096   864700  11.98
  1975          71     0.03278  0.03225  0.50   70036    2259   68906   793603  11.33
  1975          72     0.03617  0.03553  0.50   67777    2408   66573   724697  10.69
  1975          73     0.04042  0.03962  0.50   65369    2590   64074   658124  10.07
  1975          74     0.04571  0.04469  0.50   62779    2806   61376   594050   9.46
  1975          75     0.05212  0.05080  0.50   59974    3047   58450   532674   8.88
  1975          76     0.05944  0.05773  0.50   56927    3286   55284   474223   8.33
  1975          77     0.06746  0.06526  0.50   53641    3500   51891   418940   7.81
  1975          78     0.07600  0.07322  0.50   50140    3671   48305   367049   7.32
  1975          79     0.08508  0.08161  0.50   46469    3792   44573   318744   6.86
  1975          80     0.09475  0.09046  0.50   42677    3861   40746   274171   6.42
  1975          81     0.10511  0.09986  0.50   38816    3876   36878   233425   6.01
  1975          82     0.11630  0.10990  0.50   34940    3840   33020   196547   5.63
  1975          83     0.12851  0.12075  0.50   31100    3755   29222   163527   5.26
  1975          84     0.14188  0.13248  0.50   27345    3623   25533   134305   4.91
  1975          85     0.15651  0.14515  0.50   23722    3443   22000   108772   4.59
  1975          86     0.17247  0.15878  0.50   20279    3220   18669    86772   4.28
  1975          87     0.18982  0.17337  0.50   17059    2957   15580    68103   3.99
  1975          88     0.20861  0.18891  0.50   14101    2664   12769    52523   3.72
  1975          89     0.22887  0.20537  0.50   11438    2349   10263    39753   3.48
  1975          90     0.25061  0.22270  0.50    9089    2024    8077    29490   3.24
  1975          91     0.27381  0.24084  0.50    7065    1701    6214    21414   3.03
  1975          92     0.29846  0.25971  0.50    5363    1393    4667    15200   2.83
  1975          93     0.32448  0.27919  0.50    3970    1108    3416    10533   2.65
  1975          94     0.35179  0.29916  0.50    2862     856    2434     7117   2.49
  1975          95     0.38024  0.31950  0.50    2006     641    1685     4683   2.33
  1975          96     0.40970  0.34004  0.50    1365     464    1133     2998   2.20
  1975          97     0.43996  0.36063  0.50     901     325     738     1865   2.07
  1975          98     0.47082  0.38111  0.50     576     219     466     1127   1.96
  1975          99     0.50204  0.40131  0.50     356     143     285      660   1.85
  1975         100     0.53337  0.42107  0.50     213      90     168      375   1.76
  1975         101     0.56454  0.44026  0.50     124      54      96      207   1.68
  1975         102     0.59528  0.45874  0.50      69      32      53      111   1.60
  1975         103     0.62536  0.47640  0.50      37      18      29       57   1.53
  1975         104     0.65452  0.49314  0.50      20      10      15       29   1.47
  1975         105     0.68257  0.50889  0.50      10       5       7       14   1.42
  1975         106     0.70941  0.52367  0.50       5       3       4        7   1.37
  1975         107     0.73501  0.53748  0.50       2       1       2        3   1.33
  1975         108     0.75955  0.55049  0.50       1       1       1        1   1.29
  1975         109     0.78330  0.56286  0.50       0       0       0        1   1.25
  1975         110+    0.81689  1.00000  1.22       0       0       0        0   1.22
  1976           0     0.01027  0.01018  0.15  100000    1018   99139  7407995  74.08
  1976           1     0.00122  0.00122  0.50   98982     121   98921  7308857  73.84
  1976           2     0.00096  0.00096  0.50   98861      95   98813  7209935  72.93
  1976           3     0.00074  0.00074  0.50   98766      74   98729  7111122  72.00
  1976           4     0.00058  0.00058  0.50   98692      57   98664  7012393  71.05
  1976           5     0.00045  0.00045  0.50   98635      44   98613  6913729  70.09
  1976           6     0.00034  0.00034  0.50   98591      33   98575  6815116  69.12
  1976           7     0.00025  0.00025  0.50   98558      24   98546  6716541  68.15
  1976           8     0.00018  0.00018  0.50   98534      18   98525  6617995  67.16
  1976           9     0.00013  0.00013  0.50   98516      13   98510  6519470  66.18
  1976          10     0.00009  0.00009  0.50   98503       9   98499  6420961  65.19
  1976          11     0.00007  0.00007  0.50   98494       6   98491  6322462  64.19
  1976          12     0.00006  0.00006  0.50   98488       6   98485  6223970  63.20
  1976          13     0.00008  0.00008  0.50   98482       8   98478  6125485  62.20
  1976          14     0.00013  0.00013  0.50   98474      13   98468  6027007  61.20
  1976          15     0.00021  0.00021  0.50   98462      21   98451  5928540  60.21
  1976          16     0.00033  0.00033  0.50   98441      33   98424  5830088  59.22
  1976          17     0.00048  0.00048  0.50   98408      47   98384  5731664  58.24
  1976          18     0.00063  0.00063  0.50   98361      62   98330  5633280  57.27
  1976          19     0.00076  0.00076  0.50   98299      75   98261  5534950  56.31
  1976          20     0.00084  0.00084  0.50   98224      83   98182  5436689  55.35
  1976          21     0.00087  0.00087  0.50   98141      86   98098  5338507  54.40
  1976          22     0.00088  0.00088  0.50   98055      86   98012  5240409  53.44
  1976          23     0.00089  0.00089  0.50   97969      87   97925  5142397  52.49
  1976          24     0.00092  0.00092  0.50   97882      90   97837  5044471  51.54
  1976          25     0.00095  0.00094  0.50   97792      92   97746  4946634  50.58
  1976          26     0.00097  0.00097  0.50   97700      95   97653  4848888  49.63
  1976          27     0.00099  0.00099  0.50   97605      96   97557  4751235  48.68
  1976          28     0.00102  0.00102  0.50   97509      99   97459  4653678  47.73
  1976          29     0.00105  0.00105  0.50   97410     102   97359  4556218  46.77
  1976          30     0.00106  0.00106  0.50   97308     103   97256  4458860  45.82
  1976          31     0.00105  0.00105  0.50   97205     102   97154  4361604  44.87
  1976          32     0.00105  0.00105  0.50   97103     102   97052  4264450  43.92
  1976          33     0.00111  0.00111  0.50   97001     108   96947  4167398  42.96
  1976          34     0.00125  0.00125  0.50   96893     121   96832  4070452  42.01
  1976          35     0.00145  0.00145  0.50   96772     140   96702  3973619  41.06
  1976          36     0.00164  0.00164  0.50   96632     159   96552  3876918  40.12
  1976          37     0.00180  0.00180  0.50   96473     174   96386  3780365  39.19
  1976          38     0.00192  0.00192  0.50   96300     185   96207  3683979  38.26
  1976          39     0.00202  0.00202  0.50   96115     194   96017  3587772  37.33
  1976          40     0.00214  0.00213  0.50   95920     205   95818  3491755  36.40
  1976          41     0.00230  0.00230  0.50   95716     220   95606  3395937  35.48
  1976          42     0.00254  0.00254  0.50   95496     242   95375  3300331  34.56
  1976          43     0.00285  0.00285  0.50   95253     271   95118  3204956  33.65
  1976          44     0.00321  0.00320  0.50   94982     304   94830  3109838  32.74
  1976          45     0.00357  0.00356  0.50   94678     337   94510  3015008  31.84
  1976          46     0.00391  0.00390  0.50   94341     368   94157  2920499  30.96
  1976          47     0.00424  0.00423  0.50   93973     397   93774  2826342  30.08
  1976          48     0.00453  0.00452  0.50   93576     423   93364  2732567  29.20
  1976          49     0.00477  0.00475  0.50   93153     443   92932  2639203  28.33
  1976          50     0.00496  0.00495  0.50   92710     459   92481  2546271  27.46
  1976          51     0.00514  0.00512  0.50   92251     473   92015  2453791  26.60
  1976          52     0.00531  0.00529  0.50   91778     486   91535  2361776  25.73
  1976          53     0.00550  0.00549  0.50   91293     501   91042  2270240  24.87
  1976          54     0.00584  0.00582  0.50   90791     528   90527  2179198  24.00
  1976          55     0.00640  0.00638  0.50   90263     576   89975  2088671  23.14
  1976          56     0.00727  0.00725  0.50   89687     650   89362  1998696  22.29
  1976          57     0.00837  0.00833  0.50   89037     742   88666  1909334  21.44
  1976          58     0.00956  0.00951  0.50   88295     840   87875  1820668  20.62
  1976          59     0.01067  0.01062  0.50   87456     928   86991  1732793  19.81
  1976          60     0.01175  0.01168  0.50   86527    1011   86022  1645801  19.02
  1976          61     0.01287  0.01279  0.50   85516    1094   84969  1559780  18.24
  1976          62     0.01408  0.01398  0.50   84423    1180   83832  1474810  17.47
  1976          63     0.01542  0.01530  0.50   83242    1274   82605  1390978  16.71
  1976          64     0.01695  0.01681  0.50   81969    1378   81280  1308372  15.96
  1976          65     0.01871  0.01854  0.50   80591    1494   79844  1227093  15.23
  1976          66     0.02056  0.02036  0.50   79097    1610   78292  1147249  14.50
  1976          67     0.02258  0.02233  0.50   77487    1730   76622  1068957  13.80
  1976          68     0.02485  0.02454  0.50   75757    1859   74827   992336  13.10
  1976          69     0.02734  0.02697  0.50   73897    1993   72901   917509  12.42
  1976          70     0.03010  0.02965  0.50   71904    2132   70838   844608  11.75
  1976          71     0.03351  0.03296  0.50   69772    2300   68623   773770  11.09
  1976          72     0.03769  0.03700  0.50   67473    2496   66225   705147  10.45
  1976          73     0.04264  0.04175  0.50   64977    2713   63620   638922   9.83
  1976          74     0.04825  0.04711  0.50   62264    2933   60797   575302   9.24
  1976          75     0.05439  0.05295  0.50   59330    3141   57760   514505   8.67
  1976          76     0.06105  0.05924  0.50   56189    3329   54525   456746   8.13
  1976          77     0.06853  0.06626  0.50   52860    3503   51109   402221   7.61
  1976          78     0.07712  0.07425  0.50   49358    3665   47525   351112   7.11
  1976          79     0.08666  0.08306  0.50   45693    3795   43795   303587   6.64
  1976          80     0.09698  0.09250  0.50   41898    3875   39960   259792   6.20
  1976          81     0.10828  0.10272  0.50   38022    3905   36069   219832   5.78
  1976          82     0.12076  0.11388  0.50   34117    3885   32174   183762   5.39
  1976          83     0.13454  0.12606  0.50   30231    3811   28326   151588   5.01
  1976          84     0.14970  0.13927  0.50   26420    3680   24580   123263   4.67
  1976          85     0.16630  0.15353  0.50   22741    3491   20995    98682   4.34
  1976          86     0.18439  0.16882  0.50   19249    3250   17624    77687   4.04
  1976          87     0.20400  0.18512  0.50   15999    2962   14519    60063   3.75
  1976          88     0.22515  0.20237  0.50   13038    2638   11719    45544   3.49
  1976          89     0.24783  0.22051  0.50   10399    2293    9253    33826   3.25
  1976          90     0.27203  0.23946  0.50    8106    1941    7136    24573   3.03
  1976          91     0.29768  0.25912  0.50    6165    1597    5366    17437   2.83
  1976          92     0.32471  0.27936  0.50    4568    1276    3930    12071   2.64
  1976          93     0.35300  0.30004  0.50    3292     988    2798     8142   2.47
  1976          94     0.38239  0.32102  0.50    2304     740    1934     5344   2.32
  1976          95     0.41272  0.34212  0.50    1564     535    1297     3410   2.18
  1976          96     0.44377  0.36319  0.50    1029     374     842     2113   2.05
  1976          97     0.47533  0.38405  0.50     655     252     530     1271   1.94
  1976          98     0.50713  0.40455  0.50     404     163     322      741   1.84
  1976          99     0.53892  0.42453  0.50     240     102     189      419   1.74
  1976         100     0.57045  0.44385  0.50     138      61     108      230   1.66
  1976         101     0.60144  0.46239  0.50      77      36      59      122   1.59
  1976         102     0.63166  0.48005  0.50      41      20      31       63   1.52
  1976         103     0.66087  0.49673  0.50      22      11      16       31   1.46
  1976         104     0.68888  0.51239  0.50      11       6       8       15   1.41
  1976         105     0.71554  0.52699  0.50       5       3       4        7   1.36
  1976         106     0.74080  0.54057  0.50       2       1       2        3   1.32
  1976         107     0.76469  0.55318  0.50       1       1       1        1   1.28
  1976         108     0.78744  0.56499  0.50       1       0       0        1   1.25
  1976         109     0.80938  0.57620  0.50       0       0       0        0   1.22
  1976         110+    0.83909  1.00000  1.19       0       0       0        0   1.19
  1977           0     0.01055  0.01045  0.15  100000    1045   99115  7501814  75.02
  1977           1     0.00148  0.00148  0.50   98955     147   98881  7402699  74.81
  1977           2     0.00111  0.00111  0.50   98808     110   98753  7303818  73.92
  1977           3     0.00080  0.00080  0.50   98698      79   98659  7205064  73.00
  1977           4     0.00059  0.00059  0.50   98619      58   98590  7106406  72.06
  1977           5     0.00046  0.00046  0.50   98561      45   98539  7007816  71.10
  1977           6     0.00039  0.00039  0.50   98516      38   98497  6909277  70.13
  1977           7     0.00034  0.00034  0.50   98478      34   98461  6810780  69.16
  1977           8     0.00030  0.00030  0.50   98444      30   98429  6712318  68.18
  1977           9     0.00026  0.00026  0.50   98414      25   98402  6613889  67.20
  1977          10     0.00022  0.00022  0.50   98389      22   98378  6515487  66.22
  1977          11     0.00020  0.00020  0.50   98367      20   98358  6417109  65.24
  1977          12     0.00022  0.00022  0.50   98348      21   98337  6318752  64.25
  1977          13     0.00027  0.00027  0.50   98326      26   98313  6220415  63.26
  1977          14     0.00034  0.00034  0.50   98300      33   98284  6122101  62.28
  1977          15     0.00042  0.00042  0.50   98267      41   98246  6023818  61.30
  1977          16     0.00050  0.00050  0.50   98226      49   98201  5925572  60.33
  1977          17     0.00057  0.00057  0.50   98177      56   98149  5827370  59.36
  1977          18     0.00065  0.00065  0.50   98121      64   98089  5729221  58.39
  1977          19     0.00073  0.00073  0.50   98057      71   98021  5631133  57.43
  1977          20     0.00079  0.00079  0.50   97986      77   97947  5533111  56.47
  1977          21     0.00084  0.00084  0.50   97908      82   97867  5435164  55.51
  1977          22     0.00087  0.00087  0.50   97827      85   97784  5337297  54.56
  1977          23     0.00089  0.00089  0.50   97742      87   97698  5239513  53.61
  1977          24     0.00090  0.00090  0.50   97654      88   97610  5141815  52.65
  1977          25     0.00090  0.00090  0.50   97566      88   97522  5044204  51.70
  1977          26     0.00089  0.00089  0.50   97479      87   97435  4946682  50.75
  1977          27     0.00089  0.00089  0.50   97392      87   97348  4849247  49.79
  1977          28     0.00092  0.00092  0.50   97305      89   97260  4751898  48.84
  1977          29     0.00096  0.00096  0.50   97215      94   97168  4654639  47.88
  1977          30     0.00099  0.00099  0.50   97122      96   97073  4557470  46.93
  1977          31     0.00100  0.00100  0.50   97025      97   96977  4460397  45.97
  1977          32     0.00097  0.00097  0.50   96929      94   96881  4363420  45.02
  1977          33     0.00094  0.00094  0.50   96834      91   96789  4266538  44.06
  1977          34     0.00092  0.00092  0.50   96743      89   96699  4169750  43.10
  1977          35     0.00094  0.00094  0.50   96655      90   96609  4073050  42.14
  1977          36     0.00102  0.00102  0.50   96564      99   96515  3976441  41.18
  1977          37     0.00122  0.00122  0.50   96466     118   96407  3879926  40.22
  1977          38     0.00152  0.00152  0.50   96348     146   96275  3783519  39.27
  1977          39     0.00187  0.00187  0.50   96201     179   96112  3687245  38.33
  1977          40     0.00220  0.00219  0.50   96022     211   95917  3591133  37.40
  1977          41     0.00246  0.00245  0.50   95811     235   95694  3495217  36.48
  1977          42     0.00267  0.00267  0.50   95576     255   95449  3399523  35.57
  1977          43     0.00286  0.00285  0.50   95321     272   95185  3304075  34.66
  1977          44     0.00303  0.00303  0.50   95049     288   94905  3208889  33.76
  1977          45     0.00321  0.00320  0.50   94761     304   94609  3113984  32.86
  1977          46     0.00340  0.00340  0.50   94458     321   94297  3019375  31.97
  1977          47     0.00362  0.00361  0.50   94137     340   93967  2925078  31.07
  1977          48     0.00383  0.00382  0.50   93797     358   93618  2831111  30.18
  1977          49     0.00402  0.00401  0.50   93438     375   93251  2737493  29.30
  1977          50     0.00423  0.00422  0.50   93064     392   92867  2644242  28.41
  1977          51     0.00450  0.00449  0.50   92671     416   92463  2551375  27.53
  1977          52     0.00482  0.00481  0.50   92255     444   92034  2458912  26.65
  1977          53     0.00517  0.00516  0.50   91812     474   91575  2366878  25.78
  1977          54     0.00557  0.00556  0.50   91338     508   91084  2275303  24.91
  1977          55     0.00606  0.00604  0.50   90831     548   90556  2184219  24.05
  1977          56     0.00665  0.00663  0.50   90282     598   89983  2093662  23.19
  1977          57     0.00733  0.00730  0.50   89684     655   89357  2003679  22.34
  1977          58     0.00808  0.00804  0.50   89029     716   88671  1914323  21.50
  1977          59     0.00892  0.00888  0.50   88313     785   87921  1825651  20.67
  1977          60     0.00988  0.00983  0.50   87529     861   87098  1737730  19.85
  1977          61     0.01094  0.01088  0.50   86668     943   86196  1650632  19.05
  1977          62     0.01204  0.01197  0.50   85725    1026   85212  1564436  18.25
  1977          63     0.01316  0.01308  0.50   84699    1108   84145  1479224  17.46
  1977          64     0.01440  0.01430  0.50   83591    1195   82994  1395079  16.69
  1977          65     0.01585  0.01573  0.50   82396    1296   81748  1312085  15.92
  1977          66     0.01755  0.01740  0.50   81100    1411   80395  1230337  15.17
  1977          67     0.01954  0.01935  0.50   79689    1542   78918  1149942  14.43
  1977          68     0.02190  0.02166  0.50   78147    1693   77301  1071024  13.71
  1977          69     0.02468  0.02438  0.50   76454    1864   75522   993723  13.00
  1977          70     0.02795  0.02756  0.50   74591    2056   73563   918201  12.31
  1977          71     0.03168  0.03119  0.50   72535    2262   71404   844638  11.64
  1977          72     0.03572  0.03509  0.50   70272    2466   69040   773234  11.00
  1977          73     0.03990  0.03912  0.50   67807    2653   66480   704195  10.39
  1977          74     0.04437  0.04341  0.50   65154    2828   63740   637715   9.79
  1977          75     0.04941  0.04822  0.50   62326    3005   60823   573975   9.21
  1977          76     0.05537  0.05388  0.50   59321    3196   57723   513152   8.65
  1977          77     0.06228  0.06039  0.50   56125    3390   54430   455429   8.11
  1977          78     0.07000  0.06764  0.50   52735    3567   50952   400999   7.60
  1977          79     0.07830  0.07535  0.50   49168    3705   47316   350048   7.12
  1977          80     0.08703  0.08340  0.50   45463    3792   43567   302732   6.66
  1977          81     0.09657  0.09212  0.50   41672    3839   39752   259165   6.22
  1977          82     0.10739  0.10192  0.50   37833    3856   35905   219413   5.80
  1977          83     0.11966  0.11291  0.50   33977    3836   32059   183508   5.40
  1977          84     0.13343  0.12509  0.50   30140    3770   28255   151449   5.02
  1977          85     0.14872  0.13843  0.50   26370    3650   24545   123194   4.67
  1977          86     0.16553  0.15287  0.50   22720    3473   20983    98649   4.34
  1977          87     0.18386  0.16838  0.50   19247    3241   17626    77665   4.04
  1977          88     0.20373  0.18489  0.50   16006    2959   14526    60039   3.75
  1977          89     0.22513  0.20236  0.50   13047    2640   11727    45513   3.49
  1977          90     0.24808  0.22071  0.50   10407    2297    9258    33786   3.25
  1977          91     0.27253  0.23985  0.50    8110    1945    7137    24528   3.02
  1977          92     0.29843  0.25968  0.50    6165    1601    5364    17391   2.82
  1977          93     0.32569  0.28008  0.50    4564    1278    3925    12027   2.64
  1977          94     0.35418  0.30090  0.50    3286     989    2791     8102   2.47
  1977          95     0.38377  0.32198  0.50    2297     740    1927     5311   2.31
  1977          96     0.41424  0.34316  0.50    1557     534    1290     3384   2.17
  1977          97     0.44541  0.36428  0.50    1023     373     837     2094   2.05
  1977          98     0.47702  0.38516  0.50     650     250     525     1257   1.93
  1977          99     0.50885  0.40564  0.50     400     162     319      732   1.83
  1977         100     0.54061  0.42558  0.50     238     101     187      413   1.74
  1977         101     0.57206  0.44483  0.50     137      61     106      226   1.66
  1977         102     0.60293  0.46327  0.50      76      35      58      120   1.58
  1977         103     0.63299  0.48081  0.50      41      20      31       62   1.52
  1977         104     0.66199  0.49737  0.50      21      11      16       31   1.46
  1977         105     0.68978  0.51289  0.50      11       5       8       15   1.41
  1977         106     0.71625  0.52738  0.50       5       3       4        7   1.36
  1977         107     0.74141  0.54090  0.50       2       1       2        3   1.32
  1977         108     0.76544  0.55358  0.50       1       1       1        1   1.28
  1977         109     0.78864  0.56561  0.50       1       0       0        1   1.25
  1977         110+    0.82122  1.00000  1.22       0       0       0        0   1.22
  1978           0     0.00847  0.00841  0.15  100000     841   99285  7530764  75.31
  1978           1     0.00106  0.00106  0.50   99159     105   99106  7431479  74.95
  1978           2     0.00091  0.00091  0.50   99054      91   99008  7332373  74.02
  1978           3     0.00078  0.00078  0.50   98963      77   98924  7233365  73.09
  1978           4     0.00066  0.00066  0.50   98886      65   98853  7134440  72.15
  1978           5     0.00057  0.00057  0.50   98821      57   98792  7035587  71.20
  1978           6     0.00050  0.00050  0.50   98764      49   98739  6936795  70.24
  1978           7     0.00043  0.00043  0.50   98714      42   98693  6838056  69.27
  1978           8     0.00036  0.00036  0.50   98672      36   98654  6739362  68.30
  1978           9     0.00031  0.00031  0.50   98636      31   98621  6640708  67.33
  1978          10     0.00027  0.00027  0.50   98606      26   98593  6542087  66.35
  1978          11     0.00024  0.00024  0.50   98580      23   98568  6443494  65.36
  1978          12     0.00022  0.00022  0.50   98556      22   98545  6344926  64.38
  1978          13     0.00023  0.00023  0.50   98535      23   98523  6246381  63.39
  1978          14     0.00028  0.00028  0.50   98511      27   98498  6147858  62.41
  1978          15     0.00035  0.00035  0.50   98484      34   98467  6049360  61.42
  1978          16     0.00043  0.00043  0.50   98450      43   98429  5950893  60.45
  1978          17     0.00053  0.00053  0.50   98408      52   98382  5852464  59.47
  1978          18     0.00062  0.00062  0.50   98356      61   98325  5754082  58.50
  1978          19     0.00070  0.00070  0.50   98294      69   98260  5655757  57.54
  1978          20     0.00077  0.00077  0.50   98225      76   98188  5557497  56.58
  1978          21     0.00082  0.00082  0.50   98150      80   98110  5459310  55.62
  1978          22     0.00086  0.00086  0.50   98069      84   98027  5361200  54.67
  1978          23     0.00088  0.00088  0.50   97985      86   97942  5263173  53.71
  1978          24     0.00089  0.00089  0.50   97899      87   97855  5165231  52.76
  1978          25     0.00089  0.00089  0.50   97812      87   97768  5067376  51.81
  1978          26     0.00089  0.00089  0.50   97725      87   97681  4969608  50.85
  1978          27     0.00090  0.00090  0.50   97637      88   97593  4871927  49.90
  1978          28     0.00091  0.00091  0.50   97549      88   97505  4774334  48.94
  1978          29     0.00088  0.00088  0.50   97461      86   97418  4676829  47.99
  1978          30     0.00083  0.00083  0.50   97375      81   97334  4579411  47.03
  1978          31     0.00080  0.00080  0.50   97294      78   97255  4482077  46.07
  1978          32     0.00083  0.00082  0.50   97216      80   97176  4384822  45.10
  1978          33     0.00090  0.00090  0.50   97136      88   97092  4287646  44.14
  1978          34     0.00102  0.00102  0.50   97048      99   96999  4190554  43.18
  1978          35     0.00116  0.00116  0.50   96949     112   96893  4093555  42.22
  1978          36     0.00132  0.00132  0.50   96837     128   96773  3996662  41.27
  1978          37     0.00150  0.00150  0.50   96709     145   96637  3899889  40.33
  1978          38     0.00169  0.00169  0.50   96565     163   96483  3803252  39.39
  1978          39     0.00190  0.00190  0.50   96401     183   96310  3706769  38.45
  1978          40     0.00209  0.00209  0.50   96218     201   96117  3610460  37.52
  1978          41     0.00227  0.00227  0.50   96017     218   95908  3514342  36.60
  1978          42     0.00246  0.00245  0.50   95799     235   95682  3418434  35.68
  1978          43     0.00263  0.00263  0.50   95564     251   95439  3322752  34.77
  1978          44     0.00278  0.00278  0.50   95313     265   95181  3227314  33.86
  1978          45     0.00296  0.00296  0.50   95048     281   94908  3132133  32.95
  1978          46     0.00322  0.00321  0.50   94767     304   94615  3037226  32.05
  1978          47     0.00354  0.00353  0.50   94463     334   94296  2942611  31.15
  1978          48     0.00390  0.00389  0.50   94129     366   93946  2848315  30.26
  1978          49     0.00426  0.00426  0.50   93763     399   93564  2754368  29.38
  1978          50     0.00460  0.00459  0.50   93364     428   93150  2660805  28.50
  1978          51     0.00486  0.00484  0.50   92936     450   92711  2567655  27.63
  1978          52     0.00502  0.00501  0.50   92486     463   92254  2474944  26.76
  1978          53     0.00512  0.00511  0.50   92022     470   91787  2382690  25.89
  1978          54     0.00524  0.00522  0.50   91552     478   91313  2290903  25.02
  1978          55     0.00551  0.00550  0.50   91074     500   90824  2199589  24.15
  1978          56     0.00604  0.00603  0.50   90574     546   90301  2108766  23.28
  1978          57     0.00685  0.00682  0.50   90028     614   89721  2018465  22.42
  1978          58     0.00787  0.00784  0.50   89413     701   89063  1928744  21.57
  1978          59     0.00900  0.00896  0.50   88712     795   88315  1839681  20.74
  1978          60     0.01021  0.01015  0.50   87917     893   87471  1751367  19.92
  1978          61     0.01148  0.01142  0.50   87024     994   86528  1663896  19.12
  1978          62     0.01283  0.01275  0.50   86031    1097   85482  1577368  18.33
  1978          63     0.01423  0.01413  0.50   84934    1200   84333  1491886  17.57
  1978          64     0.01556  0.01544  0.50   83733    1293   83087  1407553  16.81
  1978          65     0.01677  0.01663  0.50   82440    1371   81755  1324466  16.07
  1978          66     0.01806  0.01790  0.50   81069    1451   80344  1242711  15.33
  1978          67     0.01964  0.01944  0.50   79618    1548   78844  1162368  14.60
  1978          68     0.02161  0.02138  0.50   78070    1669   77235  1083523  13.88
  1978          69     0.02399  0.02371  0.50   76401    1811   75495  1006288  13.17
  1978          70     0.02679  0.02643  0.50   74590    1971   73604   930793  12.48
  1978          71     0.03011  0.02966  0.50   72618    2154   71541   857189  11.80
  1978          72     0.03399  0.03342  0.50   70464    2355   69287   785648  11.15
  1978          73     0.03843  0.03771  0.50   68109    2568   66825   716361  10.52
  1978          74     0.04339  0.04247  0.50   65541    2783   64149   649536   9.91
  1978          75     0.04889  0.04772  0.50   62758    2995   61260   585386   9.33
  1978          76     0.05517  0.05369  0.50   59763    3208   58158   524126   8.77
  1978          77     0.06208  0.06021  0.50   56554    3405   54851   465968   8.24
  1978          78     0.06945  0.06712  0.50   53149    3567   51365   411116   7.74
  1978          79     0.07739  0.07451  0.50   49582    3694   47734   359751   7.26
  1978          80     0.08609  0.08254  0.50   45887    3787   43994   312017   6.80
  1978          81     0.09566  0.09129  0.50   42100    3843   40178   268023   6.37
  1978          82     0.10618  0.10083  0.50   38257    3857   36328   227845   5.96
  1978          83     0.11770  0.11116  0.50   34399    3824   32487   191517   5.57
  1978          84     0.13031  0.12234  0.50   30575    3740   28705   159029   5.20
  1978          85     0.14407  0.13439  0.50   26835    3606   25032   130324   4.86
  1978          86     0.15907  0.14735  0.50   23229    3423   21517   105292   4.53
  1978          87     0.17537  0.16123  0.50   19806    3193   18209    83775   4.23
  1978          88     0.19303  0.17604  0.50   16613    2925   15150    65566   3.95
  1978          89     0.21209  0.19176  0.50   13688    2625   12376    50416   3.68
  1978          90     0.23257  0.20834  0.50   11063    2305    9911    38040   3.44
  1978          91     0.25447  0.22574  0.50    8758    1977    7770    28129   3.21
  1978          92     0.27776  0.24389  0.50    6781    1654    5954    20359   3.00
  1978          93     0.30242  0.26269  0.50    5127    1347    4454    14405   2.81
  1978          94     0.32835  0.28204  0.50    3780    1066    3247     9951   2.63
  1978          95     0.35546  0.30182  0.50    2714     819    2305     6704   2.47
  1978          96     0.38363  0.32189  0.50    1895     610    1590     4400   2.32
  1978          97     0.41270  0.34211  0.50    1285     440    1065     2810   2.19
  1978          98     0.44249  0.36233  0.50     845     306     692     1744   2.06
  1978          99     0.47281  0.38240  0.50     539     206     436     1052   1.95
  1978         100     0.50342  0.40219  0.50     333     134     266      616   1.85
  1978         101     0.53411  0.42154  0.50     199      84     157      350   1.76
  1978         102     0.56462  0.44032  0.50     115      51      90      193   1.68
  1978         103     0.59473  0.45842  0.50      64      30      50      103   1.60
  1978         104     0.62421  0.47573  0.50      35      17      27       54   1.54
  1978         105     0.65289  0.49221  0.50      18       9      14       27   1.48
  1978         106     0.68065  0.50783  0.50       9       5       7       13   1.42
  1978         107     0.70747  0.52261  0.50       5       2       3        6   1.37
  1978         108     0.73349  0.53667  0.50       2       1       2        3   1.33
  1978         109     0.75889  0.55014  0.50       1       1       1        1   1.29
  1978         110+    0.79587  1.00000  1.26       0       0       1        1   1.26
  1979           0     0.00754  0.00749  0.15  100000     749   99367  7614914  76.15
  1979           1     0.00108  0.00108  0.50   99251     107   99197  7515547  75.72
  1979           2     0.00096  0.00096  0.50   99144      96   99096  7416349  74.80
  1979           3     0.00082  0.00082  0.50   99048      81   99008  7317253  73.88
  1979           4     0.00065  0.00065  0.50   98967      65   98935  7218246  72.94
  1979           5     0.00048  0.00048  0.50   98902      48   98878  7119311  71.98
  1979           6     0.00036  0.00036  0.50   98855      35   98837  7020433  71.02
  1979           7     0.00032  0.00032  0.50   98819      31   98804  6921596  70.04
  1979           8     0.00029  0.00029  0.50   98788      29   98774  6822792  69.06
  1979           9     0.00026  0.00026  0.50   98759      26   98746  6724018  68.08
  1979          10     0.00022  0.00022  0.50   98733      22   98722  6625272  67.10
  1979          11     0.00020  0.00020  0.50   98711      20   98701  6526549  66.12
  1979          12     0.00022  0.00022  0.50   98691      21   98681  6427848  65.13
  1979          13     0.00026  0.00026  0.50   98670      25   98657  6329167  64.14
  1979          14     0.00031  0.00031  0.50   98645      31   98629  6230510  63.16
  1979          15     0.00036  0.00036  0.50   98614      36   98596  6131880  62.18
  1979          16     0.00044  0.00044  0.50   98579      43   98557  6033284  61.20
  1979          17     0.00055  0.00055  0.50   98536      54   98508  5934727  60.23
  1979          18     0.00065  0.00065  0.50   98481      64   98449  5836219  59.26
  1979          19     0.00067  0.00067  0.50   98418      65   98385  5737769  58.30
  1979          20     0.00066  0.00066  0.50   98352      65   98320  5639384  57.34
  1979          21     0.00066  0.00066  0.50   98287      65   98255  5541065  56.38
  1979          22     0.00065  0.00065  0.50   98222      64   98190  5442810  55.41
  1979          23     0.00069  0.00069  0.50   98158      68   98125  5344619  54.45
  1979          24     0.00078  0.00078  0.50   98091      76   98053  5246495  53.49
  1979          25     0.00081  0.00081  0.50   98015      79   97975  5148442  52.53
  1979          26     0.00077  0.00077  0.50   97936      76   97898  5050467  51.57
  1979          27     0.00070  0.00070  0.50   97860      68   97826  4952569  50.61
  1979          28     0.00065  0.00065  0.50   97792      64   97760  4854744  49.64
  1979          29     0.00069  0.00069  0.50   97728      68   97694  4756984  48.68
  1979          30     0.00077  0.00077  0.50   97660      75   97623  4659290  47.71
  1979          31     0.00084  0.00083  0.50   97585      81   97544  4561668  46.75
  1979          32     0.00089  0.00089  0.50   97504      87   97460  4464123  45.78
  1979          33     0.00097  0.00097  0.50   97417      95   97370  4366663  44.82
  1979          34     0.00112  0.00112  0.50   97322     109   97268  4269293  43.87
  1979          35     0.00132  0.00132  0.50   97214     129   97149  4172025  42.92
  1979          36     0.00155  0.00155  0.50   97085     151   97010  4074876  41.97
  1979          37     0.00171  0.00171  0.50   96934     165   96852  3977866  41.04
  1979          38     0.00178  0.00178  0.50   96769     172   96683  3881014  40.11
  1979          39     0.00179  0.00179  0.50   96597     173   96510  3784331  39.18
  1979          40     0.00175  0.00175  0.50   96424     169   96340  3687821  38.25
  1979          41     0.00171  0.00171  0.50   96255     165   96173  3591481  37.31
  1979          42     0.00179  0.00179  0.50   96090     172   96004  3495308  36.38
  1979          43     0.00201  0.00201  0.50   95918     193   95822  3399304  35.44
  1979          44     0.00235  0.00235  0.50   95725     225   95613  3303483  34.51
  1979          45     0.00275  0.00274  0.50   95500     262   95369  3207870  33.59
  1979          46     0.00317  0.00316  0.50   95238     301   95088  3112500  32.68
  1979          47     0.00360  0.00360  0.50   94937     341   94767  3017413  31.78
  1979          48     0.00393  0.00392  0.50   94596     371   94410  2922646  30.90
  1979          49     0.00404  0.00403  0.50   94225     380   94035  2828236  30.02
  1979          50     0.00407  0.00406  0.50   93845     381   93655  2734201  29.14
  1979          51     0.00420  0.00419  0.50   93464     391   93268  2640546  28.25
  1979          52     0.00454  0.00453  0.50   93073     422   92862  2547278  27.37
  1979          53     0.00515  0.00514  0.50   92651     476   92413  2454416  26.49
  1979          54     0.00578  0.00577  0.50   92175     532   91909  2362003  25.63
  1979          55     0.00624  0.00622  0.50   91643     570   91358  2270094  24.77
  1979          56     0.00642  0.00640  0.50   91073     583   90782  2178736  23.92
  1979          57     0.00662  0.00660  0.50   90490     597   90192  2087955  23.07
  1979          58     0.00712  0.00710  0.50   89893     638   89574  1997763  22.22
  1979          59     0.00794  0.00791  0.50   89255     706   88902  1908189  21.38
  1979          60     0.00895  0.00891  0.50   88549     789   88154  1819287  20.55
  1979          61     0.01001  0.00996  0.50   87760     874   87323  1731133  19.73
  1979          62     0.01119  0.01113  0.50   86886     967   86402  1643810  18.92
  1979          63     0.01253  0.01245  0.50   85919    1070   85384  1557407  18.13
  1979          64     0.01393  0.01383  0.50   84849    1174   84262  1472023  17.35
  1979          65     0.01536  0.01524  0.50   83675    1275   83038  1387761  16.59
  1979          66     0.01699  0.01684  0.50   82400    1388   81706  1304723  15.83
  1979          67     0.01879  0.01862  0.50   81012    1508   80258  1223017  15.10
  1979          68     0.02072  0.02051  0.50   79504    1630   78689  1142758  14.37
  1979          69     0.02288  0.02263  0.50   77874    1762   76993  1064069  13.66
  1979          70     0.02537  0.02505  0.50   76112    1907   75159   987076  12.97
  1979          71     0.02801  0.02762  0.50   74205    2050   73180   911918  12.29
  1979          72     0.03093  0.03046  0.50   72156    2198   71057   838737  11.62
  1979          73     0.03439  0.03381  0.50   69958    2365   68775   767681  10.97
  1979          74     0.03862  0.03788  0.50   67593    2561   66312   698906  10.34
  1979          75     0.04386  0.04292  0.50   65032    2791   63636   632593   9.73
  1979          76     0.05021  0.04898  0.50   62241    3048   60716   568957   9.14
  1979          77     0.05708  0.05550  0.50   59192    3285   57550   508241   8.59
  1979          78     0.06396  0.06198  0.50   55907    3465   54174   450691   8.06
  1979          79     0.07111  0.06867  0.50   52442    3601   50641   396517   7.56
  1979          80     0.07894  0.07595  0.50   48841    3709   46986   345875   7.08
  1979          81     0.08761  0.08394  0.50   45132    3788   43238   298889   6.62
  1979          82     0.09723  0.09272  0.50   41343    3834   39427   255651   6.18
  1979          83     0.10800  0.10247  0.50   37510    3844   35588   216225   5.76
  1979          84     0.12012  0.11332  0.50   33666    3815   31759   180636   5.37
  1979          85     0.13375  0.12537  0.50   29851    3742   27980   148878   4.99
  1979          86     0.14901  0.13868  0.50   26109    3621   24299   120897   4.63
  1979          87     0.16601  0.15328  0.50   22488    3447   20765    96599   4.30
  1979          88     0.18482  0.16919  0.50   19041    3222   17430    75834   3.98
  1979          89     0.20550  0.18635  0.50   15820    2948   14346    58404   3.69
  1979          90     0.22807  0.20473  0.50   12872    2635   11554    44058   3.42
  1979          91     0.25252  0.22421  0.50   10236    2295    9089    32504   3.18
  1979          92     0.27879  0.24468  0.50    7941    1943    6970    23415   2.95
  1979          93     0.30676  0.26597  0.50    5998    1595    5201    16445   2.74
  1979          94     0.33628  0.28788  0.50    4403    1267    3769    11244   2.55
  1979          95     0.36713  0.31019  0.50    3135     973    2649     7475   2.38
  1979          96     0.39903  0.33266  0.50    2163     719    1803     4826   2.23
  1979          97     0.43168  0.35505  0.50    1443     512    1187     3023   2.09
  1979          98     0.46472  0.37710  0.50     931     351     755     1836   1.97
  1979          99     0.49778  0.39858  0.50     580     231     464     1081   1.86
  1979         100     0.53049  0.41928  0.50     349     146     276      616   1.77
  1979         101     0.56247  0.43900  0.50     203      89     158      341   1.68
  1979         102     0.59338  0.45761  0.50     114      52      88      183   1.61
  1979         103     0.62296  0.47500  0.50      62      29      47       95   1.54
  1979         104     0.65094  0.49110  0.50      32      16      24       48   1.48
  1979         105     0.67716  0.50588  0.50      16       8      12       24   1.43
  1979         106     0.70155  0.51937  0.50       8       4       6       11   1.39
  1979         107     0.72410  0.53162  0.50       4       2       3        5   1.35
  1979         108     0.74504  0.54283  0.50       2       1       1        2   1.32
  1979         109     0.76474  0.55321  0.50       1       0       1        1   1.29
  1979         110+    0.79451  1.00000  1.26       0       0       0        0   1.26
  1980           0     0.00685  0.00681  0.16  100000     681   99426  7583916  75.84
  1980           1     0.00139  0.00139  0.50   99319     138   99250  7484490  75.36
  1980           2     0.00112  0.00111  0.50   99180     111   99125  7385240  74.46
  1980           3     0.00086  0.00086  0.50   99070      85   99028  7286115  73.55
  1980           4     0.00063  0.00063  0.50   98985      63   98954  7187087  72.61
  1980           5     0.00047  0.00047  0.50   98922      46   98899  7088133  71.65
  1980           6     0.00035  0.00035  0.50   98876      35   98859  6989234  70.69
  1980           7     0.00028  0.00028  0.50   98842      28   98828  6890375  69.71
  1980           8     0.00025  0.00025  0.50   98814      25   98802  6791547  68.73
  1980           9     0.00024  0.00024  0.50   98789      24   98777  6692746  67.75
  1980          10     0.00021  0.00021  0.50   98765      21   98755  6593969  66.76
  1980          11     0.00019  0.00019  0.50   98744      19   98735  6495214  65.78
  1980          12     0.00019  0.00019  0.50   98726      19   98716  6396479  64.79
  1980          13     0.00020  0.00020  0.50   98707      20   98697  6297763  63.80
  1980          14     0.00023  0.00023  0.50   98687      23   98676  6199066  62.82
  1980          15     0.00029  0.00029  0.50   98664      29   98650  6100390  61.83
  1980          16     0.00038  0.00038  0.50   98636      38   98617  6001740  60.85
  1980          17     0.00049  0.00049  0.50   98598      48   98574  5903124  59.87
  1980          18     0.00059  0.00058  0.50   98550      58   98521  5804550  58.90
  1980          19     0.00065  0.00065  0.50   98492      64   98460  5706029  57.93
  1980          20     0.00067  0.00067  0.50   98428      66   98395  5607569  56.97
  1980          21     0.00068  0.00068  0.50   98362      67   98329  5509174  56.01
  1980          22     0.00067  0.00067  0.50   98295      66   98262  5410845  55.05
  1980          23     0.00066  0.00066  0.50   98229      65   98197  5312583  54.08
  1980          24     0.00064  0.00064  0.50   98165      63   98133  5214386  53.12
  1980          25     0.00065  0.00065  0.50   98102      64   98070  5116253  52.15
  1980          26     0.00071  0.00071  0.50   98038      70   98003  5018183  51.19
  1980          27     0.00084  0.00084  0.50   97968      83   97927  4920180  50.22
  1980          28     0.00096  0.00096  0.50   97886      94   97839  4822253  49.26
  1980          29     0.00097  0.00097  0.50   97792      95   97745  4724414  48.31
  1980          30     0.00095  0.00095  0.50   97697      93   97651  4626669  47.36
  1980          31     0.00095  0.00095  0.50   97605      93   97558  4529018  46.40
  1980          32     0.00102  0.00102  0.50   97512     100   97462  4431460  45.45
  1980          33     0.00111  0.00111  0.50   97412     108   97358  4333998  44.49
  1980          34     0.00118  0.00117  0.50   97304     114   97247  4236641  43.54
  1980          35     0.00126  0.00126  0.50   97189     123   97128  4139394  42.59
  1980          36     0.00140  0.00140  0.50   97067     136   96999  4042266  41.64
  1980          37     0.00151  0.00151  0.50   96931     146   96858  3945267  40.70
  1980          38     0.00158  0.00158  0.50   96785     153   96708  3848409  39.76
  1980          39     0.00165  0.00165  0.50   96631     159   96552  3751701  38.82
  1980          40     0.00175  0.00174  0.50   96472     168   96388  3655150  37.89
  1980          41     0.00189  0.00189  0.50   96304     182   96213  3558762  36.95
  1980          42     0.00207  0.00207  0.50   96121     199   96022  3462549  36.02
  1980          43     0.00225  0.00225  0.50   95923     215   95815  3366527  35.10
  1980          44     0.00243  0.00243  0.50   95707     233   95591  3270712  34.17
  1980          45     0.00264  0.00264  0.50   95475     252   95349  3175121  33.26
  1980          46     0.00289  0.00289  0.50   95223     275   95085  3079772  32.34
  1980          47     0.00317  0.00317  0.50   94948     301   94797  2984687  31.44
  1980          48     0.00349  0.00349  0.50   94647     330   94482  2889890  30.53
  1980          49     0.00388  0.00388  0.50   94317     366   94134  2795408  29.64
  1980          50     0.00434  0.00433  0.50   93951     407   93747  2701275  28.75
  1980          51     0.00484  0.00482  0.50   93544     451   93318  2607527  27.87
  1980          52     0.00523  0.00521  0.50   93093     485   92850  2514209  27.01
  1980          53     0.00543  0.00541  0.50   92607     501   92356  2421359  26.15
  1980          54     0.00561  0.00560  0.50   92106     515   91848  2329003  25.29
  1980          55     0.00593  0.00591  0.50   91590     541   91320  2237154  24.43
  1980          56     0.00646  0.00644  0.50   91049     586   90756  2145835  23.57
  1980          57     0.00711  0.00709  0.50   90463     641   90143  2055078  22.72
  1980          58     0.00783  0.00779  0.50   89822     700   89472  1964936  21.88
  1980          59     0.00868  0.00865  0.50   89122     771   88737  1875464  21.04
  1980          60     0.00964  0.00960  0.50   88351     848   87927  1786727  20.22
  1980          61     0.01063  0.01057  0.50   87503     925   87041  1698800  19.41
  1980          62     0.01166  0.01159  0.50   86578    1004   86076  1611759  18.62
  1980          63     0.01278  0.01269  0.50   85574    1086   85031  1525683  17.83
  1980          64     0.01396  0.01386  0.50   84488    1171   83903  1440651  17.05
  1980          65     0.01527  0.01516  0.50   83317    1263   82686  1356749  16.28
  1980          66     0.01703  0.01689  0.50   82054    1386   81361  1274063  15.53
  1980          67     0.01918  0.01899  0.50   80669    1532   79903  1192702  14.79
  1980          68     0.02156  0.02133  0.50   79136    1688   78292  1112799  14.06
  1980          69     0.02421  0.02392  0.50   77448    1853   76522  1034507  13.36
  1980          70     0.02718  0.02682  0.50   75596    2027   74582   957984  12.67
  1980          71     0.03042  0.02997  0.50   73569    2205   72466   883402  12.01
  1980          72     0.03365  0.03310  0.50   71364    2362   70183   810936  11.36
  1980          73     0.03671  0.03605  0.50   69002    2488   67758   740753  10.74
  1980          74     0.04018  0.03938  0.50   66514    2620   65205   672995  10.12
  1980          75     0.04477  0.04379  0.50   63895    2798   62496   607790   9.51
  1980          76     0.05094  0.04968  0.50   61097    3035   59579   545294   8.93
  1980          77     0.05838  0.05673  0.50   58062    3294   56415   485715   8.37
  1980          78     0.06660  0.06445  0.50   54768    3530   53003   429301   7.84
  1980          79     0.07509  0.07237  0.50   51238    3708   49384   376298   7.34
  1980          80     0.08353  0.08018  0.50   47530    3811   45624   326914   6.88
  1980          81     0.09240  0.08832  0.50   43719    3861   41788   281290   6.43
  1980          82     0.10230  0.09732  0.50   39858    3879   37918   239501   6.01
  1980          83     0.11346  0.10737  0.50   35979    3863   34047   201583   5.60
  1980          84     0.12603  0.11856  0.50   32116    3808   30212   167536   5.22
  1980          85     0.14015  0.13097  0.50   28308    3708   26454   137324   4.85
  1980          86     0.15591  0.14463  0.50   24600    3558   22821   110870   4.51
  1980          87     0.17337  0.15954  0.50   21042    3357   19364    88049   4.18
  1980          88     0.19258  0.17566  0.50   17685    3107   16132    68685   3.88
  1980          89     0.21357  0.19297  0.50   14579    2813   13172    52553   3.60
  1980          90     0.23636  0.21138  0.50   11765    2487   10522    39381   3.35
  1980          91     0.26090  0.23079  0.50    9278    2141    8208    28859   3.11
  1980          92     0.28712  0.25107  0.50    7137    1792    6241    20652   2.89
  1980          93     0.31489  0.27206  0.50    5345    1454    4618    14410   2.70
  1980          94     0.34404  0.29354  0.50    3891    1142    3320     9792   2.52
  1980          95     0.37434  0.31532  0.50    2749     867    2315     6473   2.35
  1980          96     0.40553  0.33717  0.50    1882     635    1565     4157   2.21
  1980          97     0.43729  0.35884  0.50    1247     448    1024     2592   2.08
  1980          98     0.46929  0.38010  0.50     800     304     648     1569   1.96
  1980          99     0.50118  0.40075  0.50     496     199     396      921   1.86
  1980         100     0.53259  0.42059  0.50     297     125     235      525   1.77
  1980         101     0.56319  0.43945  0.50     172      76     134      290   1.68
  1980         102     0.59270  0.45721  0.50      97      44      74      156   1.61
  1980         103     0.62087  0.47379  0.50      52      25      40       81   1.55
  1980         104     0.64753  0.48916  0.50      28      13      21       41   1.49
  1980         105     0.67258  0.50332  0.50      14       7      11       20   1.44
  1980         106     0.69601  0.51633  0.50       7       4       5       10   1.40
  1980         107     0.71790  0.52828  0.50       3       2       2        5   1.36
  1980         108     0.73849  0.53934  0.50       2       1       1        2   1.33
  1980         109     0.75811  0.54973  0.50       1       0       1        1   1.30
  1980         110+    0.78871  1.00000  1.27       0       0       0        0   1.27
  1981           0     0.00804  0.00799  0.15  100000     799   99324  7632154  76.32
  1981           1     0.00139  0.00139  0.50   99201     138   99132  7532830  75.93
  1981           2     0.00097  0.00097  0.50   99064      96   99016  7433698  75.04
  1981           3     0.00064  0.00064  0.50   98968      63   98936  7334682  74.11
  1981           4     0.00044  0.00044  0.50   98904      43   98883  7235746  73.16
  1981           5     0.00035  0.00035  0.50   98861      34   98844  7136863  72.19
  1981           6     0.00032  0.00032  0.50   98827      32   98811  7038019  71.22
  1981           7     0.00031  0.00031  0.50   98795      30   98779  6939209  70.24
  1981           8     0.00025  0.00025  0.50   98764      25   98752  6840429  69.26
  1981           9     0.00019  0.00019  0.50   98740      19   98730  6741678  68.28
  1981          10     0.00017  0.00017  0.50   98721      16   98713  6642947  67.29
  1981          11     0.00017  0.00017  0.50   98704      17   98696  6544235  66.30
  1981          12     0.00018  0.00018  0.50   98688      18   98679  6445539  65.31
  1981          13     0.00021  0.00021  0.50   98670      20   98660  6346860  64.32
  1981          14     0.00027  0.00027  0.50   98650      27   98636  6248200  63.34
  1981          15     0.00038  0.00038  0.50   98623      37   98604  6149564  62.35
  1981          16     0.00050  0.00050  0.50   98585      49   98561  6050960  61.38
  1981          17     0.00059  0.00059  0.50   98536      58   98508  5952399  60.41
  1981          18     0.00066  0.00066  0.50   98479      65   98446  5853891  59.44
  1981          19     0.00071  0.00071  0.50   98414      70   98379  5755445  58.48
  1981          20     0.00070  0.00070  0.50   98345      68   98310  5657066  57.52
  1981          21     0.00065  0.00065  0.50   98276      64   98244  5558755  56.56
  1981          22     0.00062  0.00061  0.50   98212      60   98182  5460511  55.60
  1981          23     0.00063  0.00063  0.50   98152      62   98121  5362329  54.63
  1981          24     0.00071  0.00071  0.50   98090      69   98055  5264208  53.67
  1981          25     0.00077  0.00077  0.50   98021      76   97983  5166152  52.70
  1981          26     0.00083  0.00083  0.50   97945      81   97904  5068169  51.75
  1981          27     0.00088  0.00088  0.50   97864      86   97820  4970265  50.79
  1981          28     0.00088  0.00088  0.50   97777      86   97734  4872445  49.83
  1981          29     0.00081  0.00081  0.50   97691      79   97652  4774710  48.88
  1981          30     0.00074  0.00074  0.50   97612      73   97576  4677058  47.91
  1981          31     0.00070  0.00070  0.50   97540      68   97506  4579482  46.95
  1981          32     0.00067  0.00067  0.50   97471      66   97439  4481977  45.98
  1981          33     0.00070  0.00070  0.50   97406      68   97372  4384538  45.01
  1981          34     0.00081  0.00081  0.50   97338      79   97299  4287166  44.04
  1981          35     0.00102  0.00102  0.50   97259      99   97209  4189867  43.08
  1981          36     0.00129  0.00129  0.50   97160     125   97097  4092658  42.12
  1981          37     0.00151  0.00151  0.50   97035     146   96961  3995561  41.18
  1981          38     0.00164  0.00164  0.50   96888     159   96809  3898599  40.24
  1981          39     0.00170  0.00170  0.50   96729     164   96647  3801791  39.30
  1981          40     0.00171  0.00171  0.50   96565     165   96482  3705144  38.37
  1981          41     0.00175  0.00174  0.50   96400     168   96316  3608661  37.43
  1981          42     0.00197  0.00196  0.50   96232     189   96137  3512345  36.50
  1981          43     0.00231  0.00230  0.50   96043     221   95932  3416208  35.57
  1981          44     0.00264  0.00264  0.50   95822     253   95695  3320276  34.65
  1981          45     0.00290  0.00290  0.50   95569     277   95430  3224580  33.74
  1981          46     0.00306  0.00306  0.50   95292     291   95146  3129150  32.84
  1981          47     0.00324  0.00323  0.50   95000     307   94847  3034004  31.94
  1981          48     0.00353  0.00352  0.50   94693     333   94526  2939157  31.04
  1981          49     0.00396  0.00396  0.50   94360     373   94173  2844631  30.15
  1981          50     0.00445  0.00444  0.50   93986     417   93778  2750458  29.26
  1981          51     0.00486  0.00485  0.50   93569     454   93342  2656681  28.39
  1981          52     0.00515  0.00514  0.50   93115     478   92876  2563339  27.53
  1981          53     0.00529  0.00527  0.50   92637     488   92392  2470463  26.67
  1981          54     0.00537  0.00535  0.50   92148     493   91901  2378071  25.81
  1981          55     0.00557  0.00555  0.50   91655     509   91400  2286169  24.94
  1981          56     0.00603  0.00601  0.50   91146     548   90872  2194769  24.08
  1981          57     0.00673  0.00671  0.50   90598     608   90294  2103896  23.22
  1981          58     0.00753  0.00750  0.50   89991     675   89653  2013602  22.38
  1981          59     0.00814  0.00810  0.50   89316     724   88954  1923949  21.54
  1981          60     0.00870  0.00866  0.50   88592     767   88208  1834995  20.71
  1981          61     0.00943  0.00938  0.50   87825     824   87413  1746787  19.89
  1981          62     0.01039  0.01034  0.50   87001     900   86551  1659374  19.07
  1981          63     0.01160  0.01153  0.50   86101     993   85605  1572823  18.27
  1981          64     0.01294  0.01286  0.50   85108    1094   84561  1487218  17.47
  1981          65     0.01429  0.01419  0.50   84014    1192   83418  1402657  16.70
  1981          66     0.01554  0.01543  0.50   82822    1278   82183  1319239  15.93
  1981          67     0.01700  0.01685  0.50   81544    1374   80857  1237056  15.17
  1981          68     0.01898  0.01880  0.50   80170    1508   79416  1156198  14.42
  1981          69     0.02162  0.02139  0.50   78663    1683   77821  1076782  13.69
  1981          70     0.02498  0.02467  0.50   76980    1899   76030   998961  12.98
  1981          71     0.02899  0.02858  0.50   75081    2146   74008   922931  12.29
  1981          72     0.03284  0.03231  0.50   72935    2356   71757   848923  11.64
  1981          73     0.03584  0.03521  0.50   70578    2485   69336   777166  11.01
  1981          74     0.03867  0.03793  0.50   68093    2583   66802   707830  10.40
  1981          75     0.04230  0.04142  0.50   65510    2714   64154   641029   9.79
  1981          76     0.04747  0.04637  0.50   62797    2912   61341   576875   9.19
  1981          77     0.05411  0.05268  0.50   59885    3155   58307   515534   8.61
  1981          78     0.06189  0.06003  0.50   56730    3406   55027   457227   8.06
  1981          79     0.07037  0.06798  0.50   53324    3625   51512   402200   7.54
  1981          80     0.07917  0.07615  0.50   49700    3785   47807   350688   7.06
  1981          81     0.08832  0.08458  0.50   45915    3884   43973   302881   6.60
  1981          82     0.09803  0.09345  0.50   42031    3928   40067   258908   6.16
  1981          83     0.10872  0.10311  0.50   38103    3929   36139   218840   5.74
  1981          84     0.12071  0.11384  0.50   34175    3890   32229   182701   5.35
  1981          85     0.13427  0.12583  0.50   30284    3811   28379   150472   4.97
  1981          86     0.14956  0.13915  0.50   26474    3684   24632   122093   4.61
  1981          87     0.16667  0.15385  0.50   22790    3506   21037    97462   4.28
  1981          88     0.18567  0.16990  0.50   19284    3276   17646    76425   3.96
  1981          89     0.20662  0.18727  0.50   16007    2998   14508    58779   3.67
  1981          90     0.22952  0.20589  0.50   13010    2679   11670    44271   3.40
  1981          91     0.25434  0.22564  0.50   10331    2331    9165    32601   3.16
  1981          92     0.28099  0.24638  0.50    8000    1971    7014    23435   2.93
  1981          93     0.30935  0.26791  0.50    6029    1615    5221    16421   2.72
  1981          94     0.33920  0.29001  0.50    4414    1280    3774    11200   2.54
  1981          95     0.37029  0.31244  0.50    3134     979    2644     7426   2.37
  1981          96     0.40230  0.33493  0.50    2155     722    1794     4782   2.22
  1981          97     0.43486  0.35720  0.50    1433     512    1177     2988   2.09
  1981          98     0.46758  0.37898  0.50     921     349     747     1811   1.97
  1981          99     0.50005  0.40003  0.50     572     229     458     1064   1.86
  1981         100     0.53185  0.42013  0.50     343     144     271      607   1.77
  1981         101     0.56262  0.43910  0.50     199      87     155      336   1.69
  1981         102     0.59199  0.45679  0.50     112      51      86      180   1.62
  1981         103     0.61973  0.47313  0.50      61      29      46       94   1.55
  1981         104     0.64562  0.48807  0.50      32      16      24       48   1.50
  1981         105     0.66956  0.50163  0.50      16       8      12       24   1.45
  1981         106     0.69157  0.51388  0.50       8       4       6       12   1.41
  1981         107     0.71172  0.52492  0.50       4       2       3        5   1.38
  1981         108     0.73034  0.53498  0.50       2       1       1        3   1.34
  1981         109     0.74783  0.54431  0.50       1       0       1        1   1.32
  1981         110+    0.77489  1.00000  1.29       0       0       1        1   1.29
  1982           0     0.00486  0.00484  0.18  100000     484   99604  7693198  76.93
  1982           1     0.00135  0.00135  0.50   99516     134   99449  7593594  76.31
  1982           2     0.00104  0.00104  0.50   99382     103   99330  7494145  75.41
  1982           3     0.00077  0.00077  0.50   99279      76   99241  7394814  74.49
  1982           4     0.00056  0.00056  0.50   99203      55   99175  7295573  73.54
  1982           5     0.00042  0.00042  0.50   99147      42   99127  7196398  72.58
  1982           6     0.00033  0.00033  0.50   99106      33   99089  7097272  71.61
  1982           7     0.00026  0.00026  0.50   99073      26   99060  6998182  70.64
  1982           8     0.00021  0.00021  0.50   99047      21   99036  6899123  69.66
  1982           9     0.00017  0.00017  0.50   99026      17   99018  6800086  68.67
  1982          10     0.00014  0.00014  0.50   99010      14   99002  6701068  67.68
  1982          11     0.00013  0.00013  0.50   98995      13   98989  6602066  66.69
  1982          12     0.00012  0.00012  0.50   98983      12   98977  6503077  65.70
  1982          13     0.00015  0.00015  0.50   98971      15   98963  6404100  64.71
  1982          14     0.00022  0.00022  0.50   98956      22   98945  6305137  63.72
  1982          15     0.00033  0.00033  0.50   98934      33   98917  6206192  62.73
  1982          16     0.00046  0.00046  0.50   98901      45   98878  6107275  61.75
  1982          17     0.00057  0.00057  0.50   98856      56   98828  6008396  60.78
  1982          18     0.00064  0.00064  0.50   98800      63   98768  5909569  59.81
  1982          19     0.00065  0.00065  0.50   98737      64   98705  5810800  58.85
  1982          20     0.00063  0.00063  0.50   98672      62   98641  5712096  57.89
  1982          21     0.00059  0.00059  0.50   98610      58   98581  5613454  56.93
  1982          22     0.00054  0.00054  0.50   98552      53   98525  5514873  55.96
  1982          23     0.00050  0.00050  0.50   98499      49   98474  5416348  54.99
  1982          24     0.00047  0.00047  0.50   98450      47   98427  5317873  54.02
  1982          25     0.00047  0.00047  0.50   98403      47   98380  5219447  53.04
  1982          26     0.00051  0.00051  0.50   98357      50   98332  5121067  52.07
  1982          27     0.00059  0.00059  0.50   98306      58   98277  5022735  51.09
  1982          28     0.00071  0.00071  0.50   98248      69   98214  4924458  50.12
  1982          29     0.00083  0.00083  0.50   98179      81   98138  4826244  49.16
  1982          30     0.00092  0.00091  0.50   98098      90   98053  4728106  48.20
  1982          31     0.00097  0.00096  0.50   98008      95   97961  4630053  47.24
  1982          32     0.00098  0.00098  0.50   97914      96   97865  4532092  46.29
  1982          33     0.00101  0.00101  0.50   97817      99   97768  4434227  45.33
  1982          34     0.00107  0.00107  0.50   97719     105   97667  4336459  44.38
  1982          35     0.00115  0.00114  0.50   97614     112   97558  4238792  43.42
  1982          36     0.00119  0.00119  0.50   97502     116   97444  4141234  42.47
  1982          37     0.00124  0.00124  0.50   97386     120   97326  4043789  41.52
  1982          38     0.00132  0.00132  0.50   97266     129   97201  3946463  40.57
  1982          39     0.00149  0.00149  0.50   97137     145   97065  3849262  39.63
  1982          40     0.00174  0.00173  0.50   96992     168   96908  3752197  38.69
  1982          41     0.00204  0.00204  0.50   96824     197   96725  3655289  37.75
  1982          42     0.00240  0.00240  0.50   96627     232   96511  3558564  36.83
  1982          43     0.00280  0.00279  0.50   96395     269   96261  3462053  35.92
  1982          44     0.00321  0.00320  0.50   96126     308   95972  3365792  35.01
  1982          45     0.00358  0.00357  0.50   95818     342   95647  3269820  34.13
  1982          46     0.00383  0.00383  0.50   95476     365   95293  3174173  33.25
  1982          47     0.00390  0.00389  0.50   95111     370   94926  3078880  32.37
  1982          48     0.00387  0.00386  0.50   94740     366   94557  2983954  31.50
  1982          49     0.00387  0.00386  0.50   94374     364   94192  2889397  30.62
  1982          50     0.00394  0.00393  0.50   94010     370   93825  2795205  29.73
  1982          51     0.00412  0.00411  0.50   93640     385   93448  2701380  28.85
  1982          52     0.00440  0.00439  0.50   93256     410   93051  2607932  27.97
  1982          53     0.00481  0.00480  0.50   92846     445   92623  2514881  27.09
  1982          54     0.00529  0.00528  0.50   92401     488   92157  2422258  26.21
  1982          55     0.00577  0.00576  0.50   91913     529   91648  2330101  25.35
  1982          56     0.00619  0.00617  0.50   91384     563   91102  2238453  24.50
  1982          57     0.00668  0.00665  0.50   90820     604   90518  2147351  23.64
  1982          58     0.00736  0.00734  0.50   90216     662   89885  2056833  22.80
  1982          59     0.00810  0.00807  0.50   89554     723   89193  1966948  21.96
  1982          60     0.00885  0.00881  0.50   88831     783   88440  1877756  21.14
  1982          61     0.00961  0.00956  0.50   88048     842   87627  1789316  20.32
  1982          62     0.01042  0.01037  0.50   87206     904   86754  1701689  19.51
  1982          63     0.01135  0.01128  0.50   86302     974   85815  1614935  18.71
  1982          64     0.01240  0.01233  0.50   85328    1052   84802  1529120  17.92
  1982          65     0.01365  0.01356  0.50   84276    1143   83705  1444318  17.14
  1982          66     0.01517  0.01505  0.50   83133    1251   82508  1360613  16.37
  1982          67     0.01687  0.01673  0.50   81882    1370   81197  1278106  15.61
  1982          68     0.01867  0.01850  0.50   80512    1489   79768  1196909  14.87
  1982          69     0.02065  0.02044  0.50   79023    1615   78216  1117141  14.14
  1982          70     0.02286  0.02261  0.50   77408    1750   76533  1038925  13.42
  1982          71     0.02521  0.02490  0.50   75658    1884   74717   962392  12.72
  1982          72     0.02791  0.02753  0.50   73775    2031   72759   887676  12.03
  1982          73     0.03127  0.03079  0.50   71744    2209   70639   814916  11.36
  1982          74     0.03540  0.03479  0.50   69535    2419   68326   744277  10.70
  1982          75     0.04035  0.03955  0.50   67116    2655   65789   675951  10.07
  1982          76     0.04603  0.04500  0.50   64462    2901   63011   610162   9.47
  1982          77     0.05261  0.05126  0.50   61561    3156   59983   547151   8.89
  1982          78     0.06020  0.05844  0.50   58405    3413   56699   487168   8.34
  1982          79     0.06841  0.06614  0.50   54992    3637   53173   430469   7.83
  1982          80     0.07682  0.07398  0.50   51354    3799   49455   377296   7.35
  1982          81     0.08547  0.08197  0.50   47556    3898   45606   327841   6.89
  1982          82     0.09456  0.09029  0.50   43657    3942   41687   282234   6.46
  1982          83     0.10438  0.09920  0.50   39716    3940   37746   240548   6.06
  1982          84     0.11515  0.10888  0.50   35776    3895   33828   202802   5.67
  1982          85     0.12705  0.11946  0.50   31881    3808   29976   168974   5.30
  1982          86     0.14018  0.13099  0.50   28072    3677   26233   138997   4.95
  1982          87     0.15462  0.14352  0.50   24395    3501   22644   112764   4.62
  1982          88     0.17044  0.15705  0.50   20894    3281   19253    90120   4.31
  1982          89     0.18768  0.17158  0.50   17612    3022   16101    70867   4.02
  1982          90     0.20638  0.18708  0.50   14590    2730   13226    54765   3.75
  1982          91     0.22656  0.20351  0.50   11861    2414   10654    41540   3.50
  1982          92     0.24822  0.22081  0.50    9447    2086    8404    30886   3.27
  1982          93     0.27133  0.23892  0.50    7361    1759    6482    22482   3.05
  1982          94     0.29585  0.25773  0.50    5602    1444    4880    16000   2.86
  1982          95     0.32169  0.27712  0.50    4158    1152    3582    11120   2.67
  1982          96     0.34875  0.29696  0.50    3006     893    2560     7538   2.51
  1982          97     0.37687  0.31712  0.50    2113     670    1778     4978   2.36
  1982          98     0.40589  0.33742  0.50    1443     487    1200     3200   2.22
  1982          99     0.43562  0.35771  0.50     956     342     785     2000   2.09
  1982         100     0.46582  0.37782  0.50     614     232     498     1215   1.98
  1982         101     0.49625  0.39760  0.50     382     152     306      717   1.88
  1982         102     0.52666  0.41688  0.50     230      96     182      410   1.78
  1982         103     0.55678  0.43554  0.50     134      58     105      228   1.70
  1982         104     0.58637  0.45343  0.50      76      34      59      123   1.63
  1982         105     0.61518  0.47047  0.50      41      19      32       65   1.56
  1982         106     0.64304  0.48659  0.50      22      11      17       33   1.50
  1982         107     0.66986  0.50179  0.50      11       6       8       16   1.45
  1982         108     0.69571  0.51616  0.50       6       3       4        8   1.40
  1982         109     0.72082  0.52985  0.50       3       1       2        4   1.35
  1982         110+    0.75950  1.00000  1.32       1       1       2        2   1.32
  1983           0     0.00490  0.00488  0.18  100000     488   99600  7682790  76.83
  1983           1     0.00105  0.00105  0.50   99512     104   99459  7583189  76.20
  1983           2     0.00079  0.00079  0.50   99407      79   99368  7483730  75.28
  1983           3     0.00060  0.00060  0.50   99328      59   99299  7384362  74.34
  1983           4     0.00047  0.00047  0.50   99269      47   99245  7285064  73.39
  1983           5     0.00041  0.00041  0.50   99222      41   99201  7185818  72.42
  1983           6     0.00039  0.00039  0.50   99181      38   99162  7086617  71.45
  1983           7     0.00037  0.00037  0.50   99143      37   99125  6987455  70.48
  1983           8     0.00031  0.00031  0.50   99106      31   99091  6888330  69.50
  1983           9     0.00022  0.00022  0.50   99076      22   99065  6789239  68.53
  1983          10     0.00013  0.00013  0.50   99054      13   99047  6690175  67.54
  1983          11     0.00008  0.00008  0.50   99040       8   99036  6591128  66.55
  1983          12     0.00011  0.00011  0.50   99032      11   99027  6492091  65.56
  1983          13     0.00020  0.00020  0.50   99021      20   99012  6393065  64.56
  1983          14     0.00031  0.00031  0.50   99002      31   98986  6294053  63.58
  1983          15     0.00038  0.00038  0.50   98971      38   98952  6195067  62.60
  1983          16     0.00040  0.00040  0.50   98933      40   98913  6096116  61.62
  1983          17     0.00038  0.00038  0.50   98893      38   98874  5997203  60.64
  1983          18     0.00040  0.00039  0.50   98855      39   98836  5898328  59.67
  1983          19     0.00048  0.00048  0.50   98816      48   98793  5799492  58.69
  1983          20     0.00057  0.00057  0.50   98769      56   98740  5700700  57.72
  1983          21     0.00064  0.00064  0.50   98712      63   98681  5601959  56.75
  1983          22     0.00071  0.00070  0.50   98649      70   98614  5503279  55.79
  1983          23     0.00076  0.00076  0.50   98580      75   98542  5404664  54.83
  1983          24     0.00080  0.00080  0.50   98505      79   98465  5306122  53.87
  1983          25     0.00087  0.00087  0.50   98426      86   98383  5207657  52.91
  1983          26     0.00093  0.00093  0.50   98340      91   98294  5109274  51.96
  1983          27     0.00093  0.00093  0.50   98248      91   98202  5010981  51.00
  1983          28     0.00093  0.00093  0.50   98157      92   98111  4912778  50.05
  1983          29     0.00097  0.00097  0.50   98065      95   98017  4814667  49.10
  1983          30     0.00096  0.00096  0.50   97970      94   97923  4716650  48.14
  1983          31     0.00091  0.00091  0.50   97876      89   97832  4618727  47.19
  1983          32     0.00088  0.00088  0.50   97787      86   97744  4520895  46.23
  1983          33     0.00086  0.00086  0.50   97701      84   97658  4423151  45.27
  1983          34     0.00084  0.00084  0.50   97616      82   97575  4325493  44.31
  1983          35     0.00091  0.00091  0.50   97534      88   97490  4227918  43.35
  1983          36     0.00111  0.00111  0.50   97446     108   97392  4130428  42.39
  1983          37     0.00133  0.00133  0.50   97338     129   97273  4033036  41.43
  1983          38     0.00149  0.00149  0.50   97209     145   97136  3935763  40.49
  1983          39     0.00157  0.00157  0.50   97064     152   96988  3838626  39.55
  1983          40     0.00163  0.00163  0.50   96912     158   96833  3741639  38.61
  1983          41     0.00176  0.00176  0.50   96753     170   96668  3644806  37.67
  1983          42     0.00196  0.00196  0.50   96583     189   96489  3548138  36.74
  1983          43     0.00220  0.00219  0.50   96394     211   96288  3451649  35.81
  1983          44     0.00242  0.00241  0.50   96183     232   96067  3355361  34.89
  1983          45     0.00269  0.00268  0.50   95950     258   95822  3259294  33.97
  1983          46     0.00308  0.00308  0.50   95693     294   95546  3163473  33.06
  1983          47     0.00355  0.00354  0.50   95399     338   95230  3067927  32.16
  1983          48     0.00395  0.00394  0.50   95061     375   94873  2972697  31.27
  1983          49     0.00417  0.00416  0.50   94686     394   94489  2877824  30.39
  1983          50     0.00429  0.00428  0.50   94292     404   94090  2783335  29.52
  1983          51     0.00445  0.00444  0.50   93888     416   93680  2689245  28.64
  1983          52     0.00479  0.00478  0.50   93472     447   93248  2595565  27.77
  1983          53     0.00543  0.00542  0.50   93025     504   92773  2502317  26.90
  1983          54     0.00620  0.00618  0.50   92521     572   92235  2409544  26.04
  1983          55     0.00680  0.00677  0.50   91949     623   91637  2317309  25.20
  1983          56     0.00701  0.00698  0.50   91326     638   91007  2225672  24.37
  1983          57     0.00707  0.00705  0.50   90688     639   90369  2134665  23.54
  1983          58     0.00731  0.00728  0.50   90049     655   89721  2044297  22.70
  1983          59     0.00786  0.00783  0.50   89394     700   89044  1954575  21.86
  1983          60     0.00855  0.00852  0.50   88694     755   88316  1865532  21.03
  1983          61     0.00920  0.00916  0.50   87938     806   87535  1777216  20.21
  1983          62     0.01004  0.00999  0.50   87132     871   86697  1689681  19.39
  1983          63     0.01128  0.01122  0.50   86262     967   85778  1602983  18.58
  1983          64     0.01269  0.01261  0.50   85294    1076   84757  1517205  17.79
  1983          65     0.01405  0.01395  0.50   84219    1175   83631  1432449  17.01
  1983          66     0.01552  0.01540  0.50   83044    1279   82404  1348817  16.24
  1983          67     0.01733  0.01718  0.50   81765    1405   81062  1266413  15.49
  1983          68     0.01947  0.01928  0.50   80360    1549   79585  1185350  14.75
  1983          69     0.02125  0.02103  0.50   78811    1657   77982  1105765  14.03
  1983          70     0.02233  0.02208  0.50   77153    1704   76301  1027783  13.32
  1983          71     0.02407  0.02379  0.50   75450    1795   74552   951482  12.61
  1983          72     0.02730  0.02693  0.50   73655    1984   72663   876930  11.91
  1983          73     0.03225  0.03174  0.50   71671    2275   70534   804267  11.22
  1983          74     0.03803  0.03732  0.50   69396    2590   68101   733733  10.57
  1983          75     0.04363  0.04270  0.50   66807    2853   65380   665632   9.96
  1983          76     0.04883  0.04767  0.50   63954    3049   62430   600252   9.39
  1983          77     0.05361  0.05221  0.50   60905    3180   59315   537822   8.83
  1983          78     0.05828  0.05663  0.50   57725    3269   56091   478507   8.29
  1983          79     0.06455  0.06253  0.50   54457    3405   52754   422416   7.76
  1983          80     0.07378  0.07115  0.50   51051    3633   49235   369662   7.24
  1983          81     0.08453  0.08110  0.50   47419    3846   45496   320427   6.76
  1983          82     0.09521  0.09089  0.50   43573    3960   41593   274931   6.31
  1983          83     0.10625  0.10089  0.50   39613    3997   37614   233338   5.89
  1983          84     0.11813  0.11154  0.50   35616    3973   33630   195723   5.50
  1983          85     0.13116  0.12309  0.50   31643    3895   29696   162094   5.12
  1983          86     0.14552  0.13565  0.50   27748    3764   25866   132398   4.77
  1983          87     0.16133  0.14929  0.50   23984    3581   22194   106531   4.44
  1983          88     0.17863  0.16399  0.50   20404    3346   18731    84337   4.13
  1983          89     0.19748  0.17973  0.50   17058    3066   15525    65606   3.85
  1983          90     0.21790  0.19649  0.50   13992    2749   12617    50081   3.58
  1983          91     0.23991  0.21421  0.50   11243    2408   10039    37464   3.33
  1983          92     0.26350  0.23283  0.50    8834    2057    7806    27425   3.10
  1983          93     0.28865  0.25225  0.50    6778    1710    5923    19619   2.89
  1983          94     0.31528  0.27235  0.50    5068    1380    4378    13697   2.70
  1983          95     0.34328  0.29299  0.50    3688    1080    3147     9319   2.53
  1983          96     0.37251  0.31402  0.50    2607     819    2198     6171   2.37
  1983          97     0.40279  0.33527  0.50    1789     600    1489     3973   2.22
  1983          98     0.43391  0.35655  0.50    1189     424     977     2485   2.09
  1983          99     0.46563  0.37769  0.50     765     289     621     1508   1.97
  1983         100     0.49769  0.39852  0.50     476     190     381      887   1.86
  1983         101     0.52982  0.41886  0.50     286     120     226      506   1.77
  1983         102     0.56176  0.43857  0.50     166      73     130      280   1.68
  1983         103     0.59322  0.45752  0.50      93      43      72      150   1.60
  1983         104     0.62396  0.47559  0.50      51      24      39       78   1.53
  1983         105     0.65373  0.49269  0.50      27      13      20       39   1.47
  1983         106     0.68230  0.50874  0.50      13       7      10       19   1.42
  1983         107     0.70947  0.52370  0.50       7       3       5        9   1.37
  1983         108     0.73525  0.53761  0.50       3       2       2        4   1.33
  1983         109     0.75977  0.55060  0.50       1       1       1        2   1.29
  1983         110+    0.79728  1.00000  1.25       1       1       1        1   1.25
  1984           0     0.00640  0.00636  0.17  100000     636   99469  7720348  77.20
  1984           1     0.00110  0.00110  0.50   99364     109   99309  7620879  76.70
  1984           2     0.00078  0.00078  0.50   99255      78   99216  7521570  75.78
  1984           3     0.00055  0.00055  0.50   99177      54   99150  7422354  74.84
  1984           4     0.00039  0.00039  0.50   99123      38   99104  7323204  73.88
  1984           5     0.00027  0.00027  0.50   99085      27   99071  7224100  72.91
  1984           6     0.00018  0.00018  0.50   99058      18   99049  7125029  71.93
  1984           7     0.00012  0.00012  0.50   99040      12   99034  7025980  70.94
  1984           8     0.00015  0.00015  0.50   99028      15   99021  6926946  69.95
  1984           9     0.00023  0.00023  0.50   99013      23   99002  6827925  68.96
  1984          10     0.00029  0.00029  0.50   98990      29   98976  6728923  67.98
  1984          11     0.00028  0.00028  0.50   98962      27   98948  6629947  67.00
  1984          12     0.00018  0.00018  0.50   98934      18   98926  6530999  66.01
  1984          13     0.00010  0.00010  0.50   98917      10   98912  6432073  65.03
  1984          14     0.00011  0.00011  0.50   98907      11   98901  6333161  64.03
  1984          15     0.00025  0.00025  0.50   98896      25   98883  6234260  63.04
  1984          16     0.00042  0.00042  0.50   98871      42   98850  6135377  62.05
  1984          17     0.00053  0.00053  0.50   98829      53   98802  6036527  61.08
  1984          18     0.00064  0.00064  0.50   98776      63   98744  5937725  60.11
  1984          19     0.00077  0.00077  0.50   98713      76   98674  5838981  59.15
  1984          20     0.00075  0.00075  0.50   98636      74   98599  5740306  58.20
  1984          21     0.00064  0.00064  0.50   98562      64   98530  5641707  57.24
  1984          22     0.00058  0.00058  0.50   98499      57   98470  5543177  56.28
  1984          23     0.00055  0.00055  0.50   98442      54   98415  5444706  55.31
  1984          24     0.00054  0.00054  0.50   98388      53   98361  5346292  54.34
  1984          25     0.00062  0.00062  0.50   98335      61   98305  5247930  53.37
  1984          26     0.00071  0.00071  0.50   98274      70   98240  5149626  52.40
  1984          27     0.00073  0.00073  0.50   98205      72   98169  5051386  51.44
  1984          28     0.00071  0.00071  0.50   98133      70   98098  4953217  50.47
  1984          29     0.00071  0.00071  0.50   98063      70   98028  4855119  49.51
  1984          30     0.00078  0.00078  0.50   97994      76   97955  4757091  48.54
  1984          31     0.00084  0.00084  0.50   97917      83   97876  4659135  47.58
  1984          32     0.00084  0.00084  0.50   97835      82   97794  4561260  46.62
  1984          33     0.00087  0.00087  0.50   97753      85   97710  4463466  45.66
  1984          34     0.00105  0.00105  0.50   97668     103   97616  4365756  44.70
  1984          35     0.00129  0.00129  0.50   97565     126   97502  4268140  43.75
  1984          36     0.00147  0.00147  0.50   97439     144   97367  4170638  42.80
  1984          37     0.00159  0.00159  0.50   97295     155   97218  4073271  41.87
  1984          38     0.00167  0.00167  0.50   97140     162   97059  3976053  40.93
  1984          39     0.00172  0.00172  0.50   96978     166   96895  3878994  40.00
  1984          40     0.00175  0.00175  0.50   96812     169   96727  3782099  39.07
  1984          41     0.00183  0.00183  0.50   96642     176   96554  3685372  38.13
  1984          42     0.00211  0.00211  0.50   96466     203   96364  3588818  37.20
  1984          43     0.00243  0.00243  0.50   96262     234   96146  3492453  36.28
  1984          44     0.00259  0.00258  0.50   96029     248   95905  3396308  35.37
  1984          45     0.00266  0.00266  0.50   95781     255   95654  3300403  34.46
  1984          46     0.00281  0.00281  0.50   95526     268   95392  3204749  33.55
  1984          47     0.00313  0.00313  0.50   95258     298   95109  3109357  32.64
  1984          48     0.00361  0.00361  0.50   94960     343   94789  3014248  31.74
  1984          49     0.00417  0.00416  0.50   94618     393   94421  2919459  30.86
  1984          50     0.00457  0.00456  0.50   94224     430   94009  2825038  29.98
  1984          51     0.00468  0.00467  0.50   93794     438   93576  2731029  29.12
  1984          52     0.00480  0.00479  0.50   93357     447   93133  2637454  28.25
  1984          53     0.00527  0.00526  0.50   92910     489   92665  2544320  27.38
  1984          54     0.00607  0.00605  0.50   92421     560   92141  2451655  26.53
  1984          55     0.00683  0.00680  0.50   91861     625   91549  2359514  25.69
  1984          56     0.00721  0.00719  0.50   91236     656   90908  2267965  24.86
  1984          57     0.00736  0.00734  0.50   90581     665   90248  2177056  24.03
  1984          58     0.00747  0.00745  0.50   89916     669   89581  2086808  23.21
  1984          59     0.00762  0.00759  0.50   89247     677   88908  1997227  22.38
  1984          60     0.00800  0.00797  0.50   88569     706   88217  1908319  21.55
  1984          61     0.00879  0.00875  0.50   87864     769   87479  1820102  20.72
  1984          62     0.00984  0.00980  0.50   87095     853   86668  1732623  19.89
  1984          63     0.01095  0.01089  0.50   86242     939   85772  1645954  19.09
  1984          64     0.01195  0.01188  0.50   85303    1013   84796  1560182  18.29
  1984          65     0.01282  0.01273  0.50   84289    1073   83753  1475386  17.50
  1984          66     0.01388  0.01379  0.50   83216    1147   82642  1391633  16.72
  1984          67     0.01509  0.01498  0.50   82069    1229   81454  1308991  15.95
  1984          68     0.01632  0.01619  0.50   80839    1309   80185  1227537  15.18
  1984          69     0.01771  0.01755  0.50   79531    1396   78833  1147352  14.43
  1984          70     0.01962  0.01943  0.50   78135    1518   77376  1068519  13.68
  1984          71     0.02276  0.02251  0.50   76616    1724   75754   991144  12.94
  1984          72     0.02689  0.02653  0.50   74892    1987   73899   915389  12.22
  1984          73     0.03143  0.03094  0.50   72905    2256   71777   841491  11.54
  1984          74     0.03568  0.03505  0.50   70649    2476   69411   769713  10.89
  1984          75     0.03899  0.03825  0.50   68173    2608   66869   700302  10.27
  1984          76     0.04155  0.04071  0.50   65566    2669   64231   633433   9.66
  1984          77     0.04512  0.04412  0.50   62897    2775   61509   569202   9.05
  1984          78     0.05141  0.05012  0.50   60122    3013   58615   507693   8.44
  1984          79     0.06048  0.05871  0.50   57108    3353   55432   449078   7.86
  1984          80     0.07166  0.06918  0.50   53756    3719   51896   393646   7.32
  1984          81     0.08312  0.07980  0.50   50037    3993   48040   341750   6.83
  1984          82     0.09350  0.08932  0.50   46044    4113   43987   293710   6.38
  1984          83     0.10417  0.09901  0.50   41931    4152   39855   249722   5.96
  1984          84     0.11581  0.10947  0.50   37779    4136   35711   209867   5.56
  1984          85     0.12873  0.12095  0.50   33644    4069   31609   174156   5.18
  1984          86     0.14303  0.13349  0.50   29574    3948   27600   142547   4.82
  1984          87     0.15877  0.14709  0.50   25627    3769   23742   114946   4.49
  1984          88     0.17598  0.16175  0.50   21857    3535   20089    91204   4.17
  1984          89     0.19472  0.17744  0.50   18322    3251   16696    71115   3.88
  1984          90     0.21503  0.19416  0.50   15071    2926   13608    54419   3.61
  1984          91     0.23694  0.21185  0.50   12145    2573   10858    40811   3.36
  1984          92     0.26046  0.23045  0.50    9572    2206    8469    29953   3.13
  1984          93     0.28555  0.24988  0.50    7366    1841    6446    21484   2.92
  1984          94     0.31215  0.27001  0.50    5525    1492    4779    15038   2.72
  1984          95     0.34017  0.29072  0.50    4034    1173    3447    10259   2.54
  1984          96     0.36945  0.31185  0.50    2861     892    2415     6812   2.38
  1984          97     0.39985  0.33323  0.50    1969     656    1641     4397   2.23
  1984          98     0.43114  0.35468  0.50    1313     466    1080     2756   2.10
  1984          99     0.46309  0.37602  0.50     847     319     688     1676   1.98
  1984         100     0.49543  0.39707  0.50     529     210     424      988   1.87
  1984         101     0.52790  0.41766  0.50     319     133     252      565   1.77
  1984         102     0.56022  0.43764  0.50     186      81     145      313   1.68
  1984         103     0.59211  0.45686  0.50     104      48      81      168   1.61
  1984         104     0.62331  0.47521  0.50      57      27      43       87   1.54
  1984         105     0.65356  0.49259  0.50      30      15      22       44   1.47
  1984         106     0.68263  0.50893  0.50      15       8      11       21   1.42
  1984         107     0.71030  0.52415  0.50       7       4       5       10   1.37
  1984         108     0.73652  0.53829  0.50       4       2       3        5   1.32
  1984         109     0.76137  0.55144  0.50       2       1       1        2   1.29
  1984         110+    0.79948  1.00000  1.25       1       1       1        1   1.25
  1985           0     0.00601  0.00598  0.17  100000     598   99502  7779653  77.80
  1985           1     0.00088  0.00087  0.50   99402      87   99358  7680151  77.26
  1985           2     0.00064  0.00064  0.50   99315      64   99283  7580792  76.33
  1985           3     0.00050  0.00050  0.50   99251      50   99226  7481509  75.38
  1985           4     0.00039  0.00039  0.50   99201      38   99182  7382283  74.42
  1985           5     0.00027  0.00027  0.50   99163      27   99150  7283101  73.45
  1985           6     0.00021  0.00021  0.50   99136      20   99126  7183951  72.47
  1985           7     0.00022  0.00022  0.50   99116      21   99105  7084825  71.48
  1985           8     0.00016  0.00016  0.50   99094      15   99087  6985720  70.50
  1985           9     0.00008  0.00008  0.50   99079       8   99075  6886633  69.51
  1985          10     0.00008  0.00008  0.50   99071       8   99067  6787558  68.51
  1985          11     0.00009  0.00009  0.50   99063       9   99058  6688492  67.52
  1985          12     0.00007  0.00007  0.50   99054       7   99050  6589433  66.52
  1985          13     0.00008  0.00008  0.50   99046       8   99043  6490383  65.53
  1985          14     0.00015  0.00015  0.50   99039      15   99031  6391341  64.53
  1985          15     0.00031  0.00031  0.50   99024      31   99008  6292310  63.54
  1985          16     0.00043  0.00043  0.50   98993      42   98971  6193302  62.56
  1985          17     0.00040  0.00040  0.50   98950      40   98930  6094330  61.59
  1985          18     0.00044  0.00044  0.50   98911      44   98889  5995400  60.61
  1985          19     0.00064  0.00064  0.50   98867      63   98835  5896511  59.64
  1985          20     0.00054  0.00054  0.50   98803      53   98777  5797676  58.68
  1985          21     0.00037  0.00037  0.50   98750      36   98732  5698899  57.71
  1985          22     0.00044  0.00044  0.50   98714      44   98692  5600167  56.73
  1985          23     0.00061  0.00061  0.50   98670      60   98640  5501475  55.76
  1985          24     0.00064  0.00064  0.50   98610      63   98579  5402835  54.79
  1985          25     0.00055  0.00055  0.50   98548      55   98520  5304256  53.82
  1985          26     0.00049  0.00049  0.50   98493      48   98469  5205736  52.85
  1985          27     0.00054  0.00054  0.50   98445      53   98418  5107267  51.88
  1985          28     0.00057  0.00057  0.50   98391      56   98363  5008849  50.91
  1985          29     0.00049  0.00049  0.50   98336      48   98312  4910485  49.94
  1985          30     0.00056  0.00056  0.50   98287      55   98260  4812174  48.96
  1985          31     0.00078  0.00078  0.50   98233      77   98194  4713914  47.99
  1985          32     0.00105  0.00105  0.50   98156     103   98105  4615719  47.02
  1985          33     0.00117  0.00117  0.50   98053     115   97996  4517615  46.07
  1985          34     0.00103  0.00103  0.50   97938     101   97888  4419619  45.13
  1985          35     0.00087  0.00087  0.50   97837      86   97795  4321731  44.17
  1985          36     0.00096  0.00096  0.50   97752      94   97705  4223937  43.21
  1985          37     0.00116  0.00116  0.50   97658     113   97601  4126232  42.25
  1985          38     0.00130  0.00130  0.50   97544     127   97481  4028631  41.30
  1985          39     0.00129  0.00129  0.50   97417     125   97355  3931150  40.35
  1985          40     0.00126  0.00126  0.50   97292     123   97231  3833795  39.40
  1985          41     0.00139  0.00139  0.50   97170     135   97102  3736564  38.45
  1985          42     0.00167  0.00167  0.50   97034     162   96953  3639462  37.51
  1985          43     0.00194  0.00194  0.50   96872     188   96778  3542509  36.57
  1985          44     0.00214  0.00214  0.50   96684     207   96581  3445731  35.64
  1985          45     0.00264  0.00264  0.50   96477     254   96350  3349151  34.71
  1985          46     0.00346  0.00345  0.50   96223     332   96057  3252800  33.80
  1985          47     0.00333  0.00333  0.50   95891     319   95731  3156743  32.92
  1985          48     0.00289  0.00288  0.50   95572     275   95434  3061012  32.03
  1985          49     0.00304  0.00304  0.50   95296     290   95151  2965578  31.12
  1985          50     0.00354  0.00353  0.50   95007     336   94839  2870427  30.21
  1985          51     0.00397  0.00396  0.50   94671     375   94483  2775588  29.32
  1985          52     0.00460  0.00459  0.50   94296     433   94079  2681105  28.43
  1985          53     0.00545  0.00544  0.50   93863     510   93608  2587026  27.56
  1985          54     0.00540  0.00539  0.50   93352     503   93101  2493418  26.71
  1985          55     0.00496  0.00495  0.50   92850     460   92620  2400317  25.85
  1985          56     0.00499  0.00498  0.50   92390     460   92160  2307697  24.98
  1985          57     0.00560  0.00558  0.50   91930     513   91673  2215537  24.10
  1985          58     0.00662  0.00660  0.50   91417     603   91115  2123864  23.23
  1985          59     0.00760  0.00758  0.50   90814     688   90470  2032749  22.38
  1985          60     0.00854  0.00850  0.50   90126     766   89742  1942279  21.55
  1985          61     0.00948  0.00944  0.50   89359     844   88937  1852537  20.73
  1985          62     0.01016  0.01011  0.50   88516     895   88068  1763599  19.92
  1985          63     0.01041  0.01036  0.50   87621     908   87167  1675531  19.12
  1985          64     0.01092  0.01086  0.50   86713     942   86242  1588364  18.32
  1985          65     0.01224  0.01217  0.50   85772    1044   85250  1502121  17.51
  1985          66     0.01385  0.01376  0.50   84728    1166   84145  1416872  16.72
  1985          67     0.01546  0.01534  0.50   83562    1282   82921  1332726  15.95
  1985          68     0.01703  0.01689  0.50   82280    1390   81585  1249805  15.19
  1985          69     0.01901  0.01883  0.50   80891    1523   80129  1168220  14.44
  1985          70     0.02171  0.02148  0.50   79368    1705   78515  1088090  13.71
  1985          71     0.02467  0.02437  0.50   77663    1893   76717  1009575  13.00
  1985          72     0.02791  0.02753  0.50   75771    2086   74728   932858  12.31
  1985          73     0.03139  0.03090  0.50   73685    2277   72546   858130  11.65
  1985          74     0.03404  0.03347  0.50   71408    2390   70213   785584  11.00
  1985          75     0.03640  0.03575  0.50   69018    2467   67784   715371  10.37
  1985          76     0.04352  0.04259  0.50   66551    2835   65133   647587   9.73
  1985          77     0.05092  0.04966  0.50   63716    3164   62134   582454   9.14
  1985          78     0.05384  0.05243  0.50   60552    3175   58965   520319   8.59
  1985          79     0.05789  0.05627  0.50   57377    3228   55763   461355   8.04
  1985          80     0.06860  0.06633  0.50   54149    3592   52353   405592   7.49
  1985          81     0.08085  0.07771  0.50   50557    3929   48593   353239   6.99
  1985          82     0.08965  0.08581  0.50   46628    4001   44628   304646   6.53
  1985          83     0.09956  0.09484  0.50   42627    4043   40606   260018   6.10
  1985          84     0.11124  0.10538  0.50   38585    4066   36552   219412   5.69
  1985          85     0.12393  0.11670  0.50   34519    4028   32504   182860   5.30
  1985          86     0.13782  0.12894  0.50   30490    3931   28525   150356   4.93
  1985          87     0.15324  0.14234  0.50   26559    3780   24669   121831   4.59
  1985          88     0.17012  0.15678  0.50   22779    3571   20993    97162   4.27
  1985          89     0.18851  0.17227  0.50   19207    3309   17553    76169   3.97
  1985          90     0.20851  0.18883  0.50   15898    3002   14397    58616   3.69
  1985          91     0.23015  0.20640  0.50   12896    2662   11565    44219   3.43
  1985          92     0.25342  0.22492  0.50   10235    2302    9084    32654   3.19
  1985          93     0.27830  0.24431  0.50    7933    1938    6964    23570   2.97
  1985          94     0.30474  0.26445  0.50    5995    1585    5202    16606   2.77
  1985          95     0.33265  0.28521  0.50    4409    1258    3781    11404   2.59
  1985          96     0.36188  0.30644  0.50    3152     966    2669     7624   2.42
  1985          97     0.39228  0.32796  0.50    2186     717    1828     4955   2.27
  1985          98     0.42363  0.34959  0.50    1469     514    1212     3127   2.13
  1985          99     0.45571  0.37114  0.50     955     355     778     1915   2.00
  1985         100     0.48824  0.39244  0.50     601     236     483     1137   1.89
  1985         101     0.52094  0.41329  0.50     365     151     290      654   1.79
  1985         102     0.55354  0.43355  0.50     214      93     168      364   1.70
  1985         103     0.58575  0.45306  0.50     121      55      94      197   1.62
  1985         104     0.61730  0.47171  0.50      66      31      51      103   1.55
  1985         105     0.64791  0.48937  0.50      35      17      26       52   1.48
  1985         106     0.67741  0.50602  0.50      18       9      13       26   1.43
  1985         107     0.70562  0.52160  0.50       9       5       7       12   1.38
  1985         108     0.73230  0.53603  0.50       4       2       3        6   1.33
  1985         109     0.75731  0.54931  0.50       2       1       1        3   1.29
  1985         110+    0.79568  1.00000  1.26       1       1       1        1   1.26
  1986           0     0.00620  0.00617  0.17  100000     617   99486  7808979  78.09
  1986           1     0.00110  0.00110  0.50   99383     110   99328  7709493  77.57
  1986           2     0.00089  0.00089  0.50   99273      88   99229  7610165  76.66
  1986           3     0.00068  0.00068  0.50   99185      67   99152  7510936  75.73
  1986           4     0.00049  0.00049  0.50   99118      49   99094  7411784  74.78
  1986           5     0.00036  0.00036  0.50   99069      35   99052  7312691  73.81
  1986           6     0.00026  0.00026  0.50   99034      26   99021  7213639  72.84
  1986           7     0.00019  0.00019  0.50   99008      18   98999  7114618  71.86
  1986           8     0.00014  0.00014  0.50   98990      13   98983  7015619  70.87
  1986           9     0.00012  0.00012  0.50   98976      12   98970  6916636  69.88
  1986          10     0.00014  0.00014  0.50   98964      14   98957  6817666  68.89
  1986          11     0.00018  0.00018  0.50   98951      17   98942  6718709  67.90
  1986          12     0.00021  0.00021  0.50   98933      21   98923  6619767  66.91
  1986          13     0.00024  0.00024  0.50   98912      23   98900  6520844  65.93
  1986          14     0.00026  0.00026  0.50   98889      26   98876  6421944  64.94
  1986          15     0.00030  0.00030  0.50   98863      30   98848  6323068  63.96
  1986          16     0.00036  0.00036  0.50   98833      36   98815  6224220  62.98
  1986          17     0.00043  0.00043  0.50   98797      43   98776  6125405  62.00
  1986          18     0.00048  0.00048  0.50   98755      47   98731  6026629  61.03
  1986          19     0.00048  0.00048  0.50   98708      47   98684  5927898  60.06
  1986          20     0.00043  0.00043  0.50   98661      43   98639  5829214  59.08
  1986          21     0.00040  0.00040  0.50   98618      40   98598  5730575  58.11
  1986          22     0.00044  0.00044  0.50   98578      43   98557  5631977  57.13
  1986          23     0.00056  0.00056  0.50   98535      55   98508  5533420  56.16
  1986          24     0.00077  0.00077  0.50   98480      75   98442  5434913  55.19
  1986          25     0.00093  0.00093  0.50   98405      92   98359  5336470  54.23
  1986          26     0.00100  0.00100  0.50   98313      98   98263  5238112  53.28
  1986          27     0.00095  0.00095  0.50   98214      93   98168  5139848  52.33
  1986          28     0.00083  0.00083  0.50   98121      81   98081  5041681  51.38
  1986          29     0.00069  0.00069  0.50   98040      68   98006  4943600  50.42
  1986          30     0.00054  0.00054  0.50   97972      52   97946  4845594  49.46
  1986          31     0.00040  0.00040  0.50   97920      40   97900  4747648  48.49
  1986          32     0.00036  0.00036  0.50   97880      36   97862  4649748  47.50
  1986          33     0.00043  0.00043  0.50   97845      42   97824  4551885  46.52
  1986          34     0.00060  0.00060  0.50   97802      59   97773  4454062  45.54
  1986          35     0.00082  0.00082  0.50   97743      80   97703  4356289  44.57
  1986          36     0.00103  0.00103  0.50   97663     100   97613  4258586  43.60
  1986          37     0.00123  0.00123  0.50   97562     120   97503  4160973  42.65
  1986          38     0.00141  0.00141  0.50   97443     137   97374  4063471  41.70
  1986          39     0.00155  0.00155  0.50   97306     151   97230  3966097  40.76
  1986          40     0.00169  0.00169  0.50   97154     165   97072  3868867  39.82
  1986          41     0.00185  0.00185  0.50   96990     179   96900  3771794  38.89
  1986          42     0.00200  0.00200  0.50   96811     194   96714  3674894  37.96
  1986          43     0.00219  0.00219  0.50   96617     212   96511  3578180  37.03
  1986          44     0.00245  0.00245  0.50   96405     236   96287  3481669  36.11
  1986          45     0.00269  0.00268  0.50   96169     258   96040  3385382  35.20
  1986          46     0.00280  0.00280  0.50   95911     269   95777  3289342  34.30
  1986          47     0.00286  0.00286  0.50   95642     273   95506  3193565  33.39
  1986          48     0.00301  0.00301  0.50   95369     287   95226  3098059  32.48
  1986          49     0.00337  0.00337  0.50   95083     320   94922  3002833  31.58
  1986          50     0.00380  0.00379  0.50   94762     359   94583  2907911  30.69
  1986          51     0.00410  0.00409  0.50   94403     386   94210  2813328  29.80
  1986          52     0.00432  0.00431  0.50   94017     405   93815  2719118  28.92
  1986          53     0.00456  0.00455  0.50   93612     426   93399  2625303  28.04
  1986          54     0.00501  0.00500  0.50   93186     466   92953  2531904  27.17
  1986          55     0.00554  0.00553  0.50   92720     513   92464  2438950  26.30
  1986          56     0.00598  0.00597  0.50   92208     550   91933  2346486  25.45
  1986          57     0.00637  0.00635  0.50   91658     582   91367  2254553  24.60
  1986          58     0.00682  0.00680  0.50   91076     619   90766  2163187  23.75
  1986          59     0.00758  0.00755  0.50   90457     683   90115  2072420  22.91
  1986          60     0.00850  0.00846  0.50   89774     760   89394  1982305  22.08
  1986          61     0.00941  0.00936  0.50   89014     833   88597  1892912  21.27
  1986          62     0.01028  0.01023  0.50   88180     902   87730  1804315  20.46
  1986          63     0.01116  0.01109  0.50   87279     968   86795  1716585  19.67
  1986          64     0.01210  0.01203  0.50   86310    1038   85791  1629790  18.88
  1986          65     0.01316  0.01308  0.50   85272    1115   84715  1543999  18.11
  1986          66     0.01433  0.01423  0.50   84157    1198   83558  1459285  17.34
  1986          67     0.01566  0.01554  0.50   82959    1289   82315  1375726  16.58
  1986          68     0.01719  0.01705  0.50   81670    1392   80974  1293412  15.84
  1986          69     0.01885  0.01868  0.50   80278    1499   79528  1212437  15.10
  1986          70     0.02058  0.02037  0.50   78779    1605   77976  1132909  14.38
  1986          71     0.02246  0.02221  0.50   77174    1714   76317  1054933  13.67
  1986          72     0.02478  0.02448  0.50   75460    1847   74536   978616  12.97
  1986          73     0.02775  0.02737  0.50   73613    2015   72605   904080  12.28
  1986          74     0.03121  0.03073  0.50   71598    2200   70498   831474  11.61
  1986          75     0.03495  0.03435  0.50   69397    2384   68205   760977  10.97
  1986          76     0.03907  0.03832  0.50   67013    2568   65729   692771  10.34
  1986          77     0.04381  0.04287  0.50   64445    2763   63064   627042   9.73
  1986          78     0.04941  0.04822  0.50   61683    2975   60195   563978   9.14
  1986          79     0.05601  0.05449  0.50   58708    3199   57109   503783   8.58
  1986          80     0.06361  0.06165  0.50   55509    3422   53798   446674   8.05
  1986          81     0.07180  0.06931  0.50   52087    3610   50282   392876   7.54
  1986          82     0.08023  0.07714  0.50   48477    3739   46607   342594   7.07
  1986          83     0.08917  0.08536  0.50   44737    3819   42828   295987   6.62
  1986          84     0.09888  0.09422  0.50   40919    3855   38991   253159   6.19
  1986          85     0.10961  0.10392  0.50   37063    3852   35137   214168   5.78
  1986          86     0.12154  0.11458  0.50   33212    3805   31309   179030   5.39
  1986          87     0.13479  0.12628  0.50   29406    3713   27550   147721   5.02
  1986          88     0.14947  0.13907  0.50   25693    3573   23906   120172   4.68
  1986          89     0.16564  0.15297  0.50   22120    3384   20428    96265   4.35
  1986          90     0.18340  0.16799  0.50   18736    3148   17162    75837   4.05
  1986          91     0.20278  0.18411  0.50   15589    2870   14153    58675   3.76
  1986          92     0.22383  0.20130  0.50   12718    2560   11438    44522   3.50
  1986          93     0.24657  0.21951  0.50   10158    2230    9043    33083   3.26
  1986          94     0.27096  0.23863  0.50    7928    1892    6982    24040   3.03
  1986          95     0.29698  0.25858  0.50    6036    1561    5256    17058   2.83
  1986          96     0.32451  0.27921  0.50    4476    1250    3851    11802   2.64
  1986          97     0.35344  0.30036  0.50    3226     969    2741     7951   2.46
  1986          98     0.38358  0.32185  0.50    2257     726    1894     5209   2.31
  1986          99     0.41474  0.34351  0.50    1531     526    1268     3316   2.17
  1986         100     0.44667  0.36512  0.50    1005     367     821     2048   2.04
  1986         101     0.47910  0.38651  0.50     638     247     515     1227   1.92
  1986         102     0.51175  0.40748  0.50     391     159     312      712   1.82
  1986         103     0.54430  0.42786  0.50     232      99     182      400   1.73
  1986         104     0.57646  0.44748  0.50     133      59     103      218   1.64
  1986         105     0.60792  0.46621  0.50      73      34      56      115   1.57
  1986         106     0.63842  0.48394  0.50      39      19      30       59   1.50
  1986         107     0.66776  0.50061  0.50      20      10      15       29   1.45
  1986         108     0.69596  0.51630  0.50      10       5       7       14   1.39
  1986         109     0.72319  0.53113  0.50       5       3       4        7   1.35
  1986         110+    0.76559  1.00000  1.31       2       2       3        3   1.31
  1987           0     0.00479  0.00477  0.18  100000     477   99611  7854137  78.54
  1987           1     0.00094  0.00094  0.50   99523      93   99477  7754526  77.92
  1987           2     0.00045  0.00045  0.50   99430      44   99408  7655050  76.99
  1987           3     0.00027  0.00027  0.50   99386      27   99372  7555642  76.02
  1987           4     0.00025  0.00025  0.50   99359      25   99346  7456270  75.04
  1987           5     0.00024  0.00024  0.50   99333      24   99322  7356924  74.06
  1987           6     0.00023  0.00023  0.50   99310      23   99298  7257602  73.08
  1987           7     0.00026  0.00026  0.50   99287      26   99274  7158304  72.10
  1987           8     0.00028  0.00028  0.50   99261      28   99247  7059030  71.12
  1987           9     0.00025  0.00025  0.50   99233      25   99220  6959783  70.14
  1987          10     0.00017  0.00017  0.50   99208      17   99199  6860563  69.15
  1987          11     0.00012  0.00012  0.50   99191      12   99185  6761364  68.17
  1987          12     0.00017  0.00017  0.50   99179      16   99171  6662179  67.17
  1987          13     0.00020  0.00020  0.50   99162      20   99153  6563008  66.18
  1987          14     0.00020  0.00020  0.50   99143      20   99133  6463856  65.20
  1987          15     0.00022  0.00022  0.50   99123      21   99112  6364723  64.21
  1987          16     0.00035  0.00035  0.50   99101      35   99084  6265611  63.22
  1987          17     0.00065  0.00065  0.50   99067      64   99035  6166527  62.25
  1987          18     0.00084  0.00084  0.50   99003      83   98961  6067492  61.29
  1987          19     0.00077  0.00077  0.50   98920      76   98882  5968531  60.34
  1987          20     0.00094  0.00094  0.50   98843      93   98797  5869649  59.38
  1987          21     0.00104  0.00104  0.50   98750     103   98699  5770852  58.44
  1987          22     0.00074  0.00074  0.50   98647      73   98611  5672153  57.50
  1987          23     0.00045  0.00045  0.50   98575      45   98552  5573542  56.54
  1987          24     0.00057  0.00057  0.50   98530      57   98502  5474990  55.57
  1987          25     0.00062  0.00062  0.50   98474      61   98443  5376488  54.60
  1987          26     0.00053  0.00053  0.50   98412      52   98386  5278045  53.63
  1987          27     0.00040  0.00040  0.50   98360      40   98340  5179660  52.66
  1987          28     0.00035  0.00035  0.50   98320      34   98303  5081320  51.68
  1987          29     0.00043  0.00043  0.50   98286      42   98265  4983017  50.70
  1987          30     0.00053  0.00053  0.50   98244      52   98218  4884752  49.72
  1987          31     0.00063  0.00063  0.50   98191      62   98160  4786534  48.75
  1987          32     0.00074  0.00074  0.50   98129      73   98093  4688374  47.78
  1987          33     0.00089  0.00089  0.50   98057      87   98013  4590281  46.81
  1987          34     0.00105  0.00105  0.50   97969     103   97918  4492268  45.85
  1987          35     0.00097  0.00097  0.50   97866      95   97819  4394350  44.90
  1987          36     0.00064  0.00064  0.50   97772      63   97740  4296531  43.94
  1987          37     0.00102  0.00102  0.50   97709     100   97659  4198791  42.97
  1987          38     0.00159  0.00159  0.50   97609     155   97531  4101132  42.02
  1987          39     0.00164  0.00164  0.50   97454     160   97374  4003601  41.08
  1987          40     0.00145  0.00145  0.50   97294     141   97223  3906228  40.15
  1987          41     0.00148  0.00148  0.50   97153     144   97081  3809004  39.21
  1987          42     0.00193  0.00192  0.50   97009     187   96916  3711923  38.26
  1987          43     0.00241  0.00241  0.50   96823     233   96706  3615007  37.34
  1987          44     0.00254  0.00253  0.50   96590     245   96467  3518301  36.43
  1987          45     0.00238  0.00237  0.50   96345     229   96231  3421834  35.52
  1987          46     0.00234  0.00234  0.50   96116     225   96004  3325603  34.60
  1987          47     0.00332  0.00331  0.50   95891     318   95732  3229600  33.68
  1987          48     0.00427  0.00426  0.50   95574     408   95370  3133867  32.79
  1987          49     0.00413  0.00412  0.50   95166     392   94970  3038497  31.93
  1987          50     0.00365  0.00364  0.50   94774     345   94601  2943527  31.06
  1987          51     0.00375  0.00374  0.50   94429     353   94252  2848926  30.17
  1987          52     0.00403  0.00402  0.50   94075     378   93886  2754674  29.28
  1987          53     0.00417  0.00416  0.50   93697     390   93502  2660787  28.40
  1987          54     0.00500  0.00499  0.50   93307     465   93074  2567285  27.51
  1987          55     0.00599  0.00597  0.50   92842     555   92564  2474211  26.65
  1987          56     0.00642  0.00640  0.50   92287     591   91992  2381647  25.81
  1987          57     0.00665  0.00662  0.50   91696     607   91393  2289655  24.97
  1987          58     0.00703  0.00700  0.50   91089     638   90770  2198262  24.13
  1987          59     0.00722  0.00720  0.50   90451     651   90126  2107492  23.30
  1987          60     0.00775  0.00772  0.50   89800     693   89454  2017367  22.47
  1987          61     0.00905  0.00901  0.50   89107     803   88706  1927913  21.64
  1987          62     0.01016  0.01011  0.50   88304     892   87858  1839207  20.83
  1987          63     0.01017  0.01012  0.50   87412     885   86970  1751349  20.04
  1987          64     0.00985  0.00980  0.50   86527     848   86103  1664379  19.24
  1987          65     0.01048  0.01042  0.50   85679     893   85232  1578276  18.42
  1987          66     0.01292  0.01284  0.50   84786    1088   84242  1493044  17.61
  1987          67     0.01488  0.01477  0.50   83698    1237   83079  1408802  16.83
  1987          68     0.01464  0.01453  0.50   82461    1198   81862  1325723  16.08
  1987          69     0.01594  0.01581  0.50   81263    1285   80620  1243861  15.31
  1987          70     0.02061  0.02040  0.50   79978    1632   79162  1163241  14.54
  1987          71     0.02110  0.02088  0.50   78346    1636   77528  1084079  13.84
  1987          72     0.02165  0.02142  0.50   76710    1643   75888  1006551  13.12
  1987          73     0.02758  0.02721  0.50   75067    2042   74046   930662  12.40
  1987          74     0.03344  0.03289  0.50   73025    2402   71824   856617  11.73
  1987          75     0.03431  0.03373  0.50   70623    2382   69432   784793  11.11
  1987          76     0.03620  0.03556  0.50   68241    2427   67028   715361  10.48
  1987          77     0.03995  0.03917  0.50   65814    2578   64526   648333   9.85
  1987          78     0.04480  0.04382  0.50   63237    2771   61851   583807   9.23
  1987          79     0.05223  0.05090  0.50   60465    3078   58926   521956   8.63
  1987          80     0.06307  0.06114  0.50   57388    3509   55633   463030   8.07
  1987          81     0.07344  0.07084  0.50   53879    3817   51970   407397   7.56
  1987          82     0.08052  0.07741  0.50   50062    3875   48124   355426   7.10
  1987          83     0.08895  0.08517  0.50   46187    3934   44220   307302   6.65
  1987          84     0.09901  0.09434  0.50   42253    3986   40260   263082   6.23
  1987          85     0.10968  0.10398  0.50   38267    3979   36278   222822   5.82
  1987          86     0.12127  0.11434  0.50   34288    3921   32328   186544   5.44
  1987          87     0.13427  0.12582  0.50   30368    3821   28457   154216   5.08
  1987          88     0.14846  0.13820  0.50   26547    3669   24712   125759   4.74
  1987          89     0.16393  0.15151  0.50   22878    3466   21145   101046   4.42
  1987          90     0.18085  0.16585  0.50   19412    3220   17802    79901   4.12
  1987          91     0.19928  0.18122  0.50   16192    2934   14725    62099   3.84
  1987          92     0.21923  0.19757  0.50   13258    2619   11948    47374   3.57
  1987          93     0.24078  0.21491  0.50   10639    2286    9495    35426   3.33
  1987          94     0.26394  0.23317  0.50    8352    1947    7378    25931   3.10
  1987          95     0.28869  0.25227  0.50    6405    1616    5597    18552   2.90
  1987          96     0.31498  0.27212  0.50    4789    1303    4137    12955   2.71
  1987          97     0.34274  0.29260  0.50    3486    1020    2976     8818   2.53
  1987          98     0.37184  0.31354  0.50    2466     773    2079     5842   2.37
  1987          99     0.40211  0.33480  0.50    1693     567    1409     3763   2.22
  1987         100     0.43337  0.35619  0.50    1126     401     925     2353   2.09
  1987         101     0.46536  0.37752  0.50     725     274     588     1428   1.97
  1987         102     0.49782  0.39861  0.50     451     180     361      840   1.86
  1987         103     0.53050  0.41928  0.50     271     114     214      479   1.76
  1987         104     0.56308  0.43938  0.50     158      69     123      264   1.68
  1987         105     0.59525  0.45872  0.50      88      41      68      141   1.60
  1987         106     0.62678  0.47722  0.50      48      23      36       73   1.53
  1987         107     0.65742  0.49478  0.50      25      12      19       37   1.46
  1987         108     0.68687  0.51128  0.50      13       6       9       18   1.41
  1987         109     0.71489  0.52664  0.50       6       3       5        8   1.36
  1987         110+    0.76006  1.00000  1.32       3       3       4        4   1.32
  1988           0     0.00468  0.00467  0.18  100000     467   99619  7862374  78.62
  1988           1     0.00065  0.00065  0.50   99533      65   99501  7762755  77.99
  1988           2     0.00051  0.00051  0.50   99469      50   99443  7663254  77.04
  1988           3     0.00040  0.00040  0.50   99418      39   99399  7563811  76.08
  1988           4     0.00031  0.00031  0.50   99379      31   99363  7464412  75.11
  1988           5     0.00025  0.00025  0.50   99348      25   99335  7365049  74.13
  1988           6     0.00021  0.00021  0.50   99323      20   99312  7265714  73.15
  1988           7     0.00017  0.00017  0.50   99302      17   99294  7166401  72.17
  1988           8     0.00012  0.00012  0.50   99285      12   99279  7067108  71.18
  1988           9     0.00009  0.00009  0.50   99274       9   99269  6967828  70.19
  1988          10     0.00010  0.00010  0.50   99265       9   99260  6868559  69.19
  1988          11     0.00013  0.00013  0.50   99256      13   99249  6769299  68.20
  1988          12     0.00017  0.00017  0.50   99243      17   99234  6670050  67.21
  1988          13     0.00020  0.00020  0.50   99226      20   99216  6570815  66.22
  1988          14     0.00024  0.00024  0.50   99206      24   99194  6471600  65.23
  1988          15     0.00030  0.00030  0.50   99182      29   99168  6372405  64.25
  1988          16     0.00037  0.00037  0.50   99153      37   99134  6273238  63.27
  1988          17     0.00046  0.00046  0.50   99116      46   99093  6174103  62.29
  1988          18     0.00056  0.00056  0.50   99070      55   99043  6075010  61.32
  1988          19     0.00063  0.00063  0.50   99015      62   98984  5975968  60.35
  1988          20     0.00065  0.00065  0.50   98953      64   98921  5876984  59.39
  1988          21     0.00062  0.00062  0.50   98889      62   98858  5778063  58.43
  1988          22     0.00057  0.00057  0.50   98827      57   98799  5679205  57.47
  1988          23     0.00053  0.00053  0.50   98771      53   98744  5580406  56.50
  1988          24     0.00053  0.00053  0.50   98718      52   98692  5481662  55.53
  1988          25     0.00050  0.00050  0.50   98666      49   98641  5382970  54.56
  1988          26     0.00047  0.00047  0.50   98616      46   98593  5284329  53.58
  1988          27     0.00046  0.00046  0.50   98570      45   98547  5185736  52.61
  1988          28     0.00050  0.00050  0.50   98525      49   98500  5087188  51.63
  1988          29     0.00057  0.00057  0.50   98476      56   98448  4988688  50.66
  1988          30     0.00062  0.00062  0.50   98420      61   98389  4890240  49.69
  1988          31     0.00066  0.00066  0.50   98358      65   98326  4791851  48.72
  1988          32     0.00067  0.00067  0.50   98294      66   98261  4693525  47.75
  1988          33     0.00069  0.00069  0.50   98228      68   98194  4595264  46.78
  1988          34     0.00072  0.00072  0.50   98160      71   98125  4497070  45.81
  1988          35     0.00077  0.00077  0.50   98089      76   98051  4398945  44.85
  1988          36     0.00086  0.00086  0.50   98013      84   97971  4300894  43.88
  1988          37     0.00102  0.00102  0.50   97930     100   97880  4202922  42.92
  1988          38     0.00126  0.00126  0.50   97830     123   97768  4105043  41.96
  1988          39     0.00153  0.00153  0.50   97707     149   97632  4007274  41.01
  1988          40     0.00179  0.00179  0.50   97557     174   97470  3909642  40.08
  1988          41     0.00200  0.00199  0.50   97383     194   97286  3812172  39.15
  1988          42     0.00215  0.00215  0.50   97189     209   97085  3714886  38.22
  1988          43     0.00227  0.00227  0.50   96980     220   96870  3617801  37.30
  1988          44     0.00238  0.00238  0.50   96760     230   96645  3520931  36.39
  1988          45     0.00251  0.00250  0.50   96530     242   96409  3424287  35.47
  1988          46     0.00265  0.00264  0.50   96288     255   96161  3327878  34.56
  1988          47     0.00281  0.00281  0.50   96033     269   95899  3231717  33.65
  1988          48     0.00301  0.00301  0.50   95764     288   95620  3135818  32.75
  1988          49     0.00327  0.00327  0.50   95476     312   95320  3040198  31.84
  1988          50     0.00357  0.00356  0.50   95164     339   94995  2944878  30.95
  1988          51     0.00388  0.00388  0.50   94825     367   94641  2849884  30.05
  1988          52     0.00428  0.00427  0.50   94458     403   94256  2755242  29.17
  1988          53     0.00477  0.00475  0.50   94055     447   93831  2660986  28.29
  1988          54     0.00520  0.00519  0.50   93607     486   93365  2567155  27.42
  1988          55     0.00558  0.00557  0.50   93122     518   92862  2473791  26.57
  1988          56     0.00595  0.00593  0.50   92603     549   92329  2380928  25.71
  1988          57     0.00637  0.00635  0.50   92054     585   91762  2288599  24.86
  1988          58     0.00693  0.00691  0.50   91470     632   91154  2196837  24.02
  1988          59     0.00763  0.00760  0.50   90838     690   90493  2105683  23.18
  1988          60     0.00825  0.00822  0.50   90148     741   89778  2015190  22.35
  1988          61     0.00863  0.00859  0.50   89407     768   89023  1925412  21.54
  1988          62     0.00903  0.00899  0.50   88639     797   88241  1836389  20.72
  1988          63     0.00974  0.00969  0.50   87842     851   87417  1748149  19.90
  1988          64     0.01075  0.01069  0.50   86991     930   86526  1660732  19.09
  1988          65     0.01195  0.01188  0.50   86061    1022   85550  1574206  18.29
  1988          66     0.01323  0.01314  0.50   85039    1118   84480  1488656  17.51
  1988          67     0.01453  0.01443  0.50   83921    1211   83316  1404176  16.73
  1988          68     0.01584  0.01572  0.50   82710    1300   82060  1320861  15.97
  1988          69     0.01722  0.01707  0.50   81410    1390   80715  1238801  15.22
  1988          70     0.01876  0.01859  0.50   80021    1487   79277  1158085  14.47
  1988          71     0.02062  0.02040  0.50   78533    1602   77732  1078808  13.74
  1988          72     0.02273  0.02247  0.50   76931    1729   76067  1001076  13.01
  1988          73     0.02503  0.02472  0.50   75202    1859   74273   925010  12.30
  1988          74     0.02762  0.02725  0.50   73343    1998   72344   850737  11.60
  1988          75     0.03075  0.03029  0.50   71345    2161   70264   778393  10.91
  1988          76     0.03498  0.03438  0.50   69184    2378   67995   708128  10.24
  1988          77     0.04071  0.03989  0.50   66806    2665   65473   640133   9.58
  1988          78     0.04812  0.04699  0.50   64141    3014   62634   574660   8.96
  1988          79     0.05665  0.05509  0.50   61127    3367   59443   512026   8.38
  1988          80     0.06565  0.06356  0.50   57760    3671   55924   452583   7.84
  1988          81     0.07485  0.07215  0.50   54088    3902   52137   396659   7.33
  1988          82     0.08416  0.08076  0.50   50186    4053   48160   344522   6.86
  1988          83     0.09387  0.08966  0.50   46133    4136   44065   296363   6.42
  1988          84     0.10429  0.09912  0.50   41997    4163   39915   252298   6.01
  1988          85     0.11567  0.10935  0.50   37834    4137   35765   212382   5.61
  1988          86     0.12817  0.12045  0.50   33697    4059   31667   176617   5.24
  1988          87     0.14191  0.13251  0.50   29638    3927   27674   144950   4.89
  1988          88     0.15694  0.14552  0.50   25711    3741   23840   117276   4.56
  1988          89     0.17333  0.15951  0.50   21969    3504   20217    93436   4.25
  1988          90     0.19112  0.17445  0.50   18465    3221   16854    73218   3.97
  1988          91     0.21033  0.19032  0.50   15244    2901   13793    56364   3.70
  1988          92     0.23099  0.20708  0.50   12343    2556   11065    42571   3.45
  1988          93     0.25310  0.22467  0.50    9787    2199    8687    31506   3.22
  1988          94     0.27664  0.24302  0.50    7588    1844    6666    22819   3.01
  1988          95     0.30155  0.26204  0.50    5744    1505    4991    16153   2.81
  1988          96     0.32776  0.28161  0.50    4239    1194    3642    11161   2.63
  1988          97     0.35517  0.30161  0.50    3045     918    2586     7520   2.47
  1988          98     0.38364  0.32189  0.50    2127     685    1784     4934   2.32
  1988          99     0.41300  0.34231  0.50    1442     494    1195     3149   2.18
  1988         100     0.44307  0.36271  0.50     948     344     776     1954   2.06
  1988         101     0.47362  0.38294  0.50     604     231     489     1178   1.95
  1988         102     0.50444  0.40283  0.50     373     150     298      689   1.85
  1988         103     0.53526  0.42225  0.50     223      94     176      391   1.76
  1988         104     0.56583  0.44105  0.50     129      57     100      215   1.67
  1988         105     0.59590  0.45911  0.50      72      33      55      115   1.60
  1988         106     0.62526  0.47634  0.50      39      19      30       60   1.53
  1988         107     0.65374  0.49269  0.50      20      10      15       30   1.47
  1988         108     0.68137  0.50822  0.50      10       5       8       15   1.42
  1988         109     0.70826  0.52304  0.50       5       3       4        7   1.37
  1988         110+    0.75134  1.00000  1.33       2       2       3        3   1.33
  1989           0     0.00509  0.00507  0.18  100000     507   99584  7892352  78.92
  1989           1     0.00090  0.00090  0.50   99493      89   99449  7792768  78.32
  1989           2     0.00073  0.00073  0.50   99404      73   99368  7693319  77.39
  1989           3     0.00059  0.00059  0.50   99332      59   99302  7593951  76.45
  1989           4     0.00047  0.00047  0.50   99273      46   99250  7494649  75.50
  1989           5     0.00036  0.00036  0.50   99226      36   99209  7395400  74.53
  1989           6     0.00027  0.00027  0.50   99191      27   99177  7296191  73.56
  1989           7     0.00022  0.00022  0.50   99164      21   99153  7197014  72.58
  1989           8     0.00018  0.00018  0.50   99142      18   99133  7097860  71.59
  1989           9     0.00016  0.00016  0.50   99124      16   99117  6998727  70.61
  1989          10     0.00014  0.00014  0.50   99109      14   99102  6899610  69.62
  1989          11     0.00015  0.00015  0.50   99095      15   99087  6800509  68.63
  1989          12     0.00018  0.00018  0.50   99080      18   99071  6701421  67.64
  1989          13     0.00024  0.00024  0.50   99062      23   99050  6602350  66.65
  1989          14     0.00031  0.00031  0.50   99038      30   99023  6503300  65.66
  1989          15     0.00038  0.00038  0.50   99008      38   98989  6404277  64.68
  1989          16     0.00046  0.00046  0.50   98970      46   98947  6305288  63.71
  1989          17     0.00054  0.00054  0.50   98925      53   98898  6206341  62.74
  1989          18     0.00060  0.00060  0.50   98871      59   98842  6107443  61.77
  1989          19     0.00064  0.00064  0.50   98812      63   98780  6008601  60.81
  1989          20     0.00063  0.00063  0.50   98749      63   98718  5909821  59.85
  1989          21     0.00060  0.00060  0.50   98686      59   98657  5811103  58.88
  1989          22     0.00055  0.00055  0.50   98627      55   98600  5712446  57.92
  1989          23     0.00053  0.00053  0.50   98573      52   98547  5613846  56.95
  1989          24     0.00055  0.00055  0.50   98520      54   98493  5515300  55.98
  1989          25     0.00059  0.00059  0.50   98466      58   98437  5416807  55.01
  1989          26     0.00063  0.00063  0.50   98408      62   98377  5318369  54.04
  1989          27     0.00066  0.00066  0.50   98347      65   98314  5219992  53.08
  1989          28     0.00068  0.00068  0.50   98282      67   98248  5121678  52.11
  1989          29     0.00070  0.00070  0.50   98215      68   98180  5023430  51.15
  1989          30     0.00070  0.00070  0.50   98146      69   98112  4925249  50.18
  1989          31     0.00070  0.00070  0.50   98077      68   98043  4827138  49.22
  1989          32     0.00066  0.00066  0.50   98009      65   97976  4729095  48.25
  1989          33     0.00064  0.00064  0.50   97944      63   97913  4631118  47.28
  1989          34     0.00066  0.00066  0.50   97881      64   97849  4533206  46.31
  1989          35     0.00072  0.00072  0.50   97817      70   97782  4435357  45.34
  1989          36     0.00081  0.00081  0.50   97746      79   97707  4337575  44.38
  1989          37     0.00095  0.00095  0.50   97667      92   97621  4239868  43.41
  1989          38     0.00112  0.00112  0.50   97575     109   97520  4142247  42.45
  1989          39     0.00133  0.00133  0.50   97465     129   97401  4044728  41.50
  1989          40     0.00153  0.00153  0.50   97336     149   97261  3947327  40.55
  1989          41     0.00170  0.00170  0.50   97187     165   97104  3850065  39.62
  1989          42     0.00184  0.00184  0.50   97022     179   96932  3752961  38.68
  1989          43     0.00197  0.00197  0.50   96843     190   96748  3656029  37.75
  1989          44     0.00208  0.00207  0.50   96652     200   96552  3559281  36.83
  1989          45     0.00218  0.00217  0.50   96452     210   96347  3462729  35.90
  1989          46     0.00227  0.00227  0.50   96242     218   96133  3366382  34.98
  1989          47     0.00236  0.00235  0.50   96024     226   95911  3270249  34.06
  1989          48     0.00247  0.00247  0.50   95798     237   95680  3174338  33.14
  1989          49     0.00268  0.00267  0.50   95561     256   95434  3078658  32.22
  1989          50     0.00298  0.00298  0.50   95306     284   95164  2983224  31.30
  1989          51     0.00340  0.00339  0.50   95022     323   94861  2888060  30.39
  1989          52     0.00393  0.00392  0.50   94699     371   94514  2793200  29.50
  1989          53     0.00453  0.00452  0.50   94328     427   94115  2698686  28.61
  1989          54     0.00513  0.00511  0.50   93901     480   93661  2604571  27.74
  1989          55     0.00567  0.00566  0.50   93421     528   93157  2510910  26.88
  1989          56     0.00617  0.00615  0.50   92893     571   92607  2417753  26.03
  1989          57     0.00665  0.00663  0.50   92321     612   92015  2325145  25.19
  1989          58     0.00714  0.00712  0.50   91709     653   91383  2233130  24.35
  1989          59     0.00765  0.00762  0.50   91057     694   90710  2141747  23.52
  1989          60     0.00820  0.00817  0.50   90363     738   89994  2051037  22.70
  1989          61     0.00882  0.00878  0.50   89625     787   89231  1961043  21.88
  1989          62     0.00951  0.00947  0.50   88838     841   88417  1871812  21.07
  1989          63     0.01027  0.01021  0.50   87997     899   87548  1783395  20.27
  1989          64     0.01105  0.01098  0.50   87098     957   86620  1695847  19.47
  1989          65     0.01179  0.01173  0.50   86141    1010   85636  1609228  18.68
  1989          66     0.01250  0.01242  0.50   85131    1057   84603  1523591  17.90
  1989          67     0.01334  0.01325  0.50   84074    1114   83517  1438988  17.12
  1989          68     0.01452  0.01442  0.50   82960    1196   82362  1355471  16.34
  1989          69     0.01613  0.01600  0.50   81764    1308   81110  1273109  15.57
  1989          70     0.01814  0.01798  0.50   80456    1447   79733  1191999  14.82
  1989          71     0.02033  0.02012  0.50   79009    1590   78214  1112266  14.08
  1989          72     0.02265  0.02240  0.50   77419    1734   76552  1034052  13.36
  1989          73     0.02516  0.02484  0.50   75685    1880   74745   957499  12.65
  1989          74     0.02796  0.02758  0.50   73805    2035   72787   882754  11.96
  1989          75     0.03127  0.03079  0.50   71770    2210   70665   809967  11.29
  1989          76     0.03540  0.03478  0.50   69560    2420   68350   739302  10.63
  1989          77     0.04035  0.03955  0.50   67140    2656   65813   670951   9.99
  1989          78     0.04605  0.04502  0.50   64485    2903   63033   605139   9.38
  1989          79     0.05255  0.05121  0.50   61582    3154   60005   542106   8.80
  1989          80     0.05989  0.05815  0.50   58428    3398   56730   482100   8.25
  1989          81     0.06790  0.06567  0.50   55031    3614   53224   425371   7.73
  1989          82     0.07642  0.07361  0.50   51417    3785   49524   372147   7.24
  1989          83     0.08554  0.08203  0.50   47632    3907   45678   322623   6.77
  1989          84     0.09541  0.09106  0.50   43725    3982   41734   276944   6.33
  1989          85     0.10617  0.10082  0.50   39743    4007   37740   235211   5.92
  1989          86     0.11795  0.11138  0.50   35736    3980   33746   197471   5.53
  1989          87     0.13088  0.12284  0.50   31756    3901   29805   163725   5.16
  1989          88     0.14506  0.13525  0.50   27855    3767   25971   133920   4.81
  1989          89     0.16054  0.14861  0.50   24087    3580   22298   107949   4.48
  1989          90     0.17740  0.16295  0.50   20508    3342   18837    85651   4.18
  1989          91     0.19569  0.17825  0.50   17166    3060   15636    66814   3.89
  1989          92     0.21543  0.19448  0.50   14106    2743   12735    51178   3.63
  1989          93     0.23664  0.21160  0.50   11363    2404   10161    38443   3.38
  1989          94     0.25931  0.22954  0.50    8959    2056    7930    28282   3.16
  1989          95     0.28341  0.24824  0.50    6902    1713    6045    20352   2.95
  1989          96     0.30889  0.26757  0.50    5189    1388    4495    14307   2.76
  1989          97     0.33567  0.28743  0.50    3800    1092    3254     9812   2.58
  1989          98     0.36361  0.30767  0.50    2708     833    2291     6558   2.42
  1989          99     0.39258  0.32816  0.50    1875     615    1567     4266   2.28
  1989         100     0.42240  0.34874  0.50    1260     439    1040     2699   2.14
  1989         101     0.45285  0.36924  0.50     820     303     669     1659   2.02
  1989         102     0.48370  0.38950  0.50     517     202     417      990   1.91
  1989         103     0.51471  0.40936  0.50     316     129     251      573   1.82
  1989         104     0.54562  0.42867  0.50     187      80     147      322   1.73
  1989         105     0.57618  0.44732  0.50     107      48      83      176   1.65
  1989         106     0.60621  0.46521  0.50      59      27      45       93   1.58
  1989         107     0.63558  0.48231  0.50      32      15      24       48   1.51
  1989         108     0.66431  0.49867  0.50      16       8      12       24   1.45
  1989         109     0.69253  0.51441  0.50       8       4       6       11   1.40
  1989         110+    0.73768  1.00000  1.36       4       4       5        5   1.36
  1990           0     0.00469  0.00467  0.18  100000     467   99618  7876391  78.76
  1990           1     0.00053  0.00053  0.50   99533      53   99506  7776773  78.13
  1990           2     0.00045  0.00045  0.50   99480      45   99457  7677266  77.17
  1990           3     0.00040  0.00040  0.50   99435      40   99415  7577809  76.21
  1990           4     0.00036  0.00036  0.50   99395      36   99377  7478394  75.24
  1990           5     0.00030  0.00030  0.50   99360      30   99345  7379017  74.27
  1990           6     0.00026  0.00026  0.50   99330      26   99317  7279672  73.29
  1990           7     0.00024  0.00024  0.50   99304      24   99292  7180355  72.31
  1990           8     0.00021  0.00021  0.50   99280      20   99270  7081063  71.32
  1990           9     0.00017  0.00017  0.50   99260      17   99252  6981793  70.34
  1990          10     0.00015  0.00015  0.50   99243      15   99236  6882541  69.35
  1990          11     0.00015  0.00015  0.50   99228      14   99221  6783306  68.36
  1990          12     0.00014  0.00014  0.50   99213      14   99206  6684085  67.37
  1990          13     0.00017  0.00017  0.50   99199      17   99191  6584879  66.38
  1990          14     0.00022  0.00022  0.50   99182      22   99172  6485688  65.39
  1990          15     0.00027  0.00027  0.50   99161      27   99147  6386516  64.41
  1990          16     0.00040  0.00040  0.50   99134      39   99114  6287369  63.42
  1990          17     0.00062  0.00062  0.50   99094      61   99064  6188255  62.45
  1990          18     0.00083  0.00083  0.50   99033      82   98992  6089192  61.49
  1990          19     0.00092  0.00092  0.50   98951      91   98905  5990200  60.54
  1990          20     0.00088  0.00088  0.50   98860      87   98816  5891295  59.59
  1990          21     0.00077  0.00077  0.50   98773      76   98735  5792478  58.64
  1990          22     0.00066  0.00066  0.50   98697      65   98664  5693743  57.69
  1990          23     0.00061  0.00061  0.50   98631      60   98602  5595079  56.73
  1990          24     0.00065  0.00065  0.50   98572      64   98540  5496478  55.76
  1990          25     0.00070  0.00070  0.50   98508      69   98473  5397938  54.80
  1990          26     0.00072  0.00072  0.50   98439      71   98403  5299464  53.84
  1990          27     0.00068  0.00068  0.50   98368      67   98334  5201061  52.87
  1990          28     0.00061  0.00061  0.50   98301      60   98271  5102727  51.91
  1990          29     0.00055  0.00055  0.50   98241      54   98214  5004456  50.94
  1990          30     0.00057  0.00057  0.50   98187      56   98159  4906242  49.97
  1990          31     0.00061  0.00061  0.50   98131      60   98101  4808082  49.00
  1990          32     0.00061  0.00061  0.50   98071      60   98041  4709981  48.03
  1990          33     0.00060  0.00060  0.50   98011      59   97982  4611940  47.06
  1990          34     0.00065  0.00065  0.50   97952      63   97921  4513958  46.08
  1990          35     0.00079  0.00079  0.50   97889      77   97851  4416037  45.11
  1990          36     0.00105  0.00105  0.50   97812     103   97761  4318187  44.15
  1990          37     0.00136  0.00136  0.50   97709     133   97643  4220426  43.19
  1990          38     0.00160  0.00160  0.50   97576     156   97498  4122783  42.25
  1990          39     0.00167  0.00166  0.50   97420     162   97339  4025285  41.32
  1990          40     0.00163  0.00163  0.50   97258     159   97179  3927946  40.39
  1990          41     0.00160  0.00159  0.50   97100     155   97022  3830767  39.45
  1990          42     0.00162  0.00162  0.50   96945     157   96867  3733744  38.51
  1990          43     0.00169  0.00169  0.50   96788     163   96706  3636878  37.58
  1990          44     0.00177  0.00177  0.50   96625     171   96540  3540171  36.64
  1990          45     0.00187  0.00187  0.50   96454     180   96364  3443632  35.70
  1990          46     0.00202  0.00202  0.50   96274     194   96177  3347268  34.77
  1990          47     0.00225  0.00224  0.50   96080     216   95972  3251091  33.84
  1990          48     0.00255  0.00255  0.50   95864     244   95742  3155119  32.91
  1990          49     0.00291  0.00291  0.50   95620     278   95481  3059377  32.00
  1990          50     0.00333  0.00333  0.50   95342     317   95184  2963896  31.09
  1990          51     0.00379  0.00379  0.50   95025     360   94845  2868712  30.19
  1990          52     0.00422  0.00422  0.50   94665     399   94466  2773867  29.30
  1990          53     0.00457  0.00456  0.50   94266     430   94051  2679401  28.42
  1990          54     0.00489  0.00488  0.50   93836     458   93607  2585350  27.55
  1990          55     0.00522  0.00520  0.50   93378     486   93135  2491743  26.68
  1990          56     0.00559  0.00558  0.50   92892     518   92633  2398608  25.82
  1990          57     0.00615  0.00613  0.50   92374     566   92091  2305975  24.96
  1990          58     0.00700  0.00697  0.50   91808     640   91488  2213885  24.11
  1990          59     0.00804  0.00800  0.50   91168     730   90803  2122397  23.28
  1990          60     0.00897  0.00893  0.50   90438     808   90034  2031594  22.46
  1990          61     0.00958  0.00953  0.50   89630     854   89203  1941560  21.66
  1990          62     0.00995  0.00990  0.50   88776     879   88336  1852357  20.87
  1990          63     0.01028  0.01023  0.50   87897     899   87447  1764021  20.07
  1990          64     0.01072  0.01067  0.50   86998     928   86534  1676574  19.27
  1990          65     0.01141  0.01134  0.50   86070     976   85582  1590040  18.47
  1990          66     0.01240  0.01232  0.50   85093    1048   84569  1504458  17.68
  1990          67     0.01356  0.01347  0.50   84045    1132   83479  1419889  16.89
  1990          68     0.01478  0.01467  0.50   82913    1217   82305  1336410  16.12
  1990          69     0.01628  0.01614  0.50   81697    1319   81037  1254105  15.35
  1990          70     0.01824  0.01807  0.50   80378    1453   79651  1173068  14.59
  1990          71     0.02060  0.02039  0.50   78925    1609   78120  1093417  13.85
  1990          72     0.02324  0.02297  0.50   77316    1776   76428  1015296  13.13
  1990          73     0.02610  0.02577  0.50   75540    1946   74566   938869  12.43
  1990          74     0.02924  0.02882  0.50   73593    2121   72533   864302  11.74
  1990          75     0.03275  0.03223  0.50   71472    2303   70321   791770  11.08
  1990          76     0.03690  0.03623  0.50   69169    2506   67916   721449  10.43
  1990          77     0.04217  0.04130  0.50   66663    2753   65286   653533   9.80
  1990          78     0.04880  0.04764  0.50   63910    3045   62388   588246   9.20
  1990          79     0.05569  0.05418  0.50   60865    3298   59216   525859   8.64
  1990          80     0.06190  0.06004  0.50   57567    3457   55839   466642   8.11
  1990          81     0.06838  0.06612  0.50   54111    3578   52322   410803   7.59
  1990          82     0.07624  0.07344  0.50   50533    3711   48678   358481   7.09
  1990          83     0.08546  0.08196  0.50   46822    3837   44903   309804   6.62
  1990          84     0.09596  0.09156  0.50   42985    3936   41017   264900   6.16
  1990          85     0.10771  0.10221  0.50   39049    3991   37053   223883   5.73
  1990          86     0.12077  0.11389  0.50   35058    3993   33061   186830   5.33
  1990          87     0.13518  0.12662  0.50   31065    3933   29098   153769   4.95
  1990          88     0.15104  0.14043  0.50   27132    3810   25226   124671   4.60
  1990          89     0.16844  0.15536  0.50   23321    3623   21510    99444   4.26
  1990          90     0.18746  0.17140  0.50   19698    3376   18010    77934   3.96
  1990          91     0.20815  0.18853  0.50   16322    3077   14783    59924   3.67
  1990          92     0.23054  0.20671  0.50   13245    2738   11876    45141   3.41
  1990          93     0.25463  0.22587  0.50   10507    2373    9320    33265   3.17
  1990          94     0.28038  0.24591  0.50    8134    2000    7134    23944   2.94
  1990          95     0.30773  0.26670  0.50    6134    1636    5316    16811   2.74
  1990          96     0.33657  0.28809  0.50    4498    1296    3850    11495   2.56
  1990          97     0.36676  0.30992  0.50    3202     992    2706     7645   2.39
  1990          98     0.39809  0.33201  0.50    2210     734    1843     4939   2.24
  1990          99     0.43036  0.35415  0.50    1476     523    1215     3096   2.10
  1990         100     0.46330  0.37616  0.50     953     359     774     1882   1.97
  1990         101     0.49664  0.39785  0.50     595     237     476     1108   1.86
  1990         102     0.53007  0.41902  0.50     358     150     283      631   1.76
  1990         103     0.56331  0.43952  0.50     208      91     162      348   1.67
  1990         104     0.59603  0.45918  0.50     117      54      90      186   1.59
  1990         105     0.62794  0.47789  0.50      63      30      48       96   1.52
  1990         106     0.65875  0.49554  0.50      33      16      25       48   1.46
  1990         107     0.68824  0.51204  0.50      17       9      12       23   1.41
  1990         108     0.71637  0.52745  0.50       8       4       6       11   1.36
  1990         109     0.74329  0.54189  0.50       4       2       3        5   1.31
  1990         110+    0.78466  1.00000  1.27       2       2       2        2   1.27
  1991           0     0.00496  0.00494  0.18  100000     494   99596  7900914  79.01
  1991           1     0.00084  0.00084  0.50   99506      83   99465  7801318  78.40
  1991           2     0.00060  0.00060  0.50   99423      60   99394  7701853  77.47
  1991           3     0.00038  0.00038  0.50   99364      38   99345  7602460  76.51
  1991           4     0.00021  0.00021  0.50   99326      21   99316  7503115  75.54
  1991           5     0.00011  0.00011  0.50   99305      11   99300  7403799  74.56
  1991           6     0.00007  0.00007  0.50   99295       7   99291  7304499  73.56
  1991           7     0.00008  0.00008  0.50   99287       8   99284  7205208  72.57
  1991           8     0.00011  0.00011  0.50   99280      11   99274  7105925  71.57
  1991           9     0.00013  0.00013  0.50   99269      13   99263  7006650  70.58
  1991          10     0.00011  0.00011  0.50   99256      11   99251  6907387  69.59
  1991          11     0.00010  0.00010  0.50   99245      10   99241  6808137  68.60
  1991          12     0.00012  0.00012  0.50   99236      12   99230  6708896  67.61
  1991          13     0.00014  0.00014  0.50   99224      14   99217  6609666  66.61
  1991          14     0.00019  0.00019  0.50   99210      19   99201  6510449  65.62
  1991          15     0.00028  0.00028  0.50   99191      27   99177  6411248  64.64
  1991          16     0.00037  0.00037  0.50   99164      37   99145  6312071  63.65
  1991          17     0.00043  0.00043  0.50   99127      43   99106  6212926  62.68
  1991          18     0.00041  0.00041  0.50   99085      41   99064  6113820  61.70
  1991          19     0.00032  0.00032  0.50   99044      32   99028  6014756  60.73
  1991          20     0.00031  0.00031  0.50   99012      31   98996  5915728  59.75
  1991          21     0.00035  0.00035  0.50   98981      34   98964  5816732  58.77
  1991          22     0.00036  0.00036  0.50   98947      36   98929  5717768  57.79
  1991          23     0.00034  0.00034  0.50   98911      34   98894  5618839  56.81
  1991          24     0.00030  0.00030  0.50   98877      30   98862  5519946  55.83
  1991          25     0.00029  0.00029  0.50   98847      28   98833  5421084  54.84
  1991          26     0.00032  0.00032  0.50   98818      32   98802  5322251  53.86
  1991          27     0.00040  0.00040  0.50   98786      40   98766  5223449  52.88
  1991          28     0.00051  0.00051  0.50   98747      51   98721  5124683  51.90
  1991          29     0.00063  0.00063  0.50   98696      63   98665  5025961  50.92
  1991          30     0.00070  0.00070  0.50   98633      69   98599  4927297  49.96
  1991          31     0.00071  0.00071  0.50   98564      70   98529  4828698  48.99
  1991          32     0.00065  0.00065  0.50   98494      64   98462  4730169  48.02
  1991          33     0.00065  0.00065  0.50   98430      64   98398  4631707  47.06
  1991          34     0.00079  0.00079  0.50   98366      78   98327  4533309  46.09
  1991          35     0.00101  0.00101  0.50   98288      99   98238  4434982  45.12
  1991          36     0.00121  0.00121  0.50   98189     119   98129  4336744  44.17
  1991          37     0.00129  0.00129  0.50   98070     126   98007  4238615  43.22
  1991          38     0.00128  0.00128  0.50   97944     126   97881  4140608  42.28
  1991          39     0.00125  0.00125  0.50   97818     122   97757  4042727  41.33
  1991          40     0.00121  0.00121  0.50   97696     118   97637  3944970  40.38
  1991          41     0.00122  0.00122  0.50   97578     119   97518  3847333  39.43
  1991          42     0.00146  0.00146  0.50   97458     142   97387  3749815  38.48
  1991          43     0.00179  0.00179  0.50   97316     174   97229  3652428  37.53
  1991          44     0.00204  0.00204  0.50   97142     198   97043  3555199  36.60
  1991          45     0.00231  0.00230  0.50   96944     223   96832  3458157  35.67
  1991          46     0.00264  0.00263  0.50   96720     255   96593  3361325  34.75
  1991          47     0.00284  0.00283  0.50   96465     273   96329  3264732  33.84
  1991          48     0.00294  0.00293  0.50   96192     282   96051  3168403  32.94
  1991          49     0.00303  0.00302  0.50   95910     290   95765  3072352  32.03
  1991          50     0.00309  0.00308  0.50   95620     295   95473  2976587  31.13
  1991          51     0.00315  0.00314  0.50   95325     299   95175  2881115  30.22
  1991          52     0.00346  0.00345  0.50   95026     328   94862  2785939  29.32
  1991          53     0.00423  0.00422  0.50   94698     399   94498  2691078  28.42
  1991          54     0.00520  0.00519  0.50   94298     489   94054  2596580  27.54
  1991          55     0.00600  0.00598  0.50   93809     561   93529  2502526  26.68
  1991          56     0.00637  0.00635  0.50   93248     592   92952  2408997  25.83
  1991          57     0.00660  0.00658  0.50   92657     610   92352  2316044  25.00
  1991          58     0.00703  0.00701  0.50   92047     645   91724  2223693  24.16
  1991          59     0.00763  0.00760  0.50   91401     695   91054  2131969  23.33
  1991          60     0.00841  0.00837  0.50   90707     759   90327  2040915  22.50
  1991          61     0.00939  0.00935  0.50   89948     841   89527  1950587  21.69
  1991          62     0.01047  0.01042  0.50   89107     928   88643  1861060  20.89
  1991          63     0.01150  0.01143  0.50   88178    1008   87674  1772417  20.10
  1991          64     0.01224  0.01216  0.50   87170    1060   86640  1684743  19.33
  1991          65     0.01255  0.01247  0.50   86110    1074   85573  1598103  18.56
  1991          66     0.01277  0.01268  0.50   85036    1079   84497  1512530  17.79
  1991          67     0.01342  0.01333  0.50   83957    1119   83398  1428034  17.01
  1991          68     0.01483  0.01472  0.50   82838    1219   82229  1344636  16.23
  1991          69     0.01635  0.01622  0.50   81619    1324   80957  1262407  15.47
  1991          70     0.01760  0.01745  0.50   80295    1401   79595  1181450  14.71
  1991          71     0.01971  0.01952  0.50   78894    1540   78124  1101855  13.97
  1991          72     0.02291  0.02265  0.50   77354    1752   76478  1023731  13.23
  1991          73     0.02701  0.02665  0.50   75602    2015   74594   947254  12.53
  1991          74     0.03152  0.03104  0.50   73587    2284   72445   872659  11.86
  1991          75     0.03569  0.03506  0.50   71303    2500   70053   800214  11.22
  1991          76     0.03841  0.03769  0.50   68803    2593   67507   730161  10.61
  1991          77     0.04072  0.03991  0.50   66210    2642   64889   662654  10.01
  1991          78     0.04413  0.04318  0.50   63568    2745   62195   597766   9.40
  1991          79     0.04989  0.04868  0.50   60823    2961   59342   535570   8.81
  1991          80     0.05851  0.05685  0.50   57862    3289   56217   476228   8.23
  1991          81     0.06789  0.06566  0.50   54572    3583   52781   420011   7.70
  1991          82     0.07619  0.07340  0.50   50989    3742   49118   367230   7.20
  1991          83     0.08487  0.08142  0.50   47247    3847   45323   318112   6.73
  1991          84     0.09456  0.09029  0.50   43400    3919   41441   272788   6.29
  1991          85     0.10543  0.10015  0.50   39481    3954   37504   231348   5.86
  1991          86     0.11758  0.11105  0.50   35527    3945   33555   193843   5.46
  1991          87     0.13110  0.12303  0.50   31582    3886   29639   160289   5.08
  1991          88     0.14605  0.13611  0.50   27696    3770   25811   130649   4.72
  1991          89     0.16254  0.15033  0.50   23926    3597   22128   104838   4.38
  1991          90     0.18065  0.16568  0.50   20330    3368   18646    82710   4.07
  1991          91     0.20043  0.18217  0.50   16961    3090   15417    64064   3.78
  1991          92     0.22194  0.19977  0.50   13872    2771   12486    48648   3.51
  1991          93     0.24519  0.21841  0.50   11100    2424    9888    36162   3.26
  1991          94     0.27017  0.23802  0.50    8676    2065    7643    26273   3.03
  1991          95     0.29683  0.25847  0.50    6611    1709    5757    18630   2.82
  1991          96     0.32507  0.27962  0.50    4902    1371    4217    12873   2.63
  1991          97     0.35475  0.30131  0.50    3531    1064    2999     8656   2.45
  1991          98     0.38571  0.32335  0.50    2467     798    2069     5657   2.29
  1991          99     0.41771  0.34554  0.50    1670     577    1381     3588   2.15
  1991         100     0.45050  0.36768  0.50    1093     402     892     2207   2.02
  1991         101     0.48379  0.38956  0.50     691     269     556     1315   1.90
  1991         102     0.51729  0.41099  0.50     422     173     335      759   1.80
  1991         103     0.55068  0.43179  0.50     248     107     195      424   1.71
  1991         104     0.58365  0.45180  0.50     141      64     109      229   1.62
  1991         105     0.61591  0.47089  0.50      77      36      59      120   1.55
  1991         106     0.64715  0.48894  0.50      41      20      31       61   1.48
  1991         107     0.67711  0.50585  0.50      21      11      16       30   1.43
  1991         108     0.70563  0.52160  0.50      10       5       8       14   1.38
  1991         109     0.73270  0.53625  0.50       5       3       4        7   1.33
  1991         110+    0.77530  1.00000  1.29       2       2       3        3   1.29
  1992           0     0.00497  0.00495  0.18  100000     495   99593  7918754  79.19
  1992           1     0.00068  0.00068  0.50   99505      67   99472  7819161  78.58
  1992           2     0.00054  0.00054  0.50   99438      54   99411  7719689  77.63
  1992           3     0.00044  0.00044  0.50   99384      44   99362  7620278  76.67
  1992           4     0.00037  0.00037  0.50   99341      37   99322  7520916  75.71
  1992           5     0.00031  0.00031  0.50   99304      31   99288  7421594  74.74
  1992           6     0.00025  0.00025  0.50   99273      25   99261  7322305  73.76
  1992           7     0.00018  0.00018  0.50   99248      18   99239  7223045  72.78
  1992           8     0.00013  0.00013  0.50   99230      13   99224  7123806  71.79
  1992           9     0.00009  0.00009  0.50   99217       9   99213  7024582  70.80
  1992          10     0.00007  0.00007  0.50   99209       7   99205  6925369  69.81
  1992          11     0.00006  0.00006  0.50   99202       6   99199  6826164  68.81
  1992          12     0.00005  0.00005  0.50   99196       5   99194  6726965  67.81
  1992          13     0.00007  0.00007  0.50   99191       6   99188  6627771  66.82
  1992          14     0.00012  0.00012  0.50   99185      12   99179  6528583  65.82
  1992          15     0.00022  0.00022  0.50   99173      22   99162  6429404  64.83
  1992          16     0.00036  0.00036  0.50   99151      35   99133  6330243  63.84
  1992          17     0.00049  0.00049  0.50   99115      49   99091  6231110  62.87
  1992          18     0.00059  0.00059  0.50   99066      58   99037  6132019  61.90
  1992          19     0.00062  0.00062  0.50   99008      61   98977  6032982  60.93
  1992          20     0.00058  0.00058  0.50   98947      58   98918  5934005  59.97
  1992          21     0.00052  0.00052  0.50   98889      52   98863  5835087  59.01
  1992          22     0.00046  0.00046  0.50   98837      45   98815  5736224  58.04
  1992          23     0.00041  0.00041  0.50   98792      40   98772  5637409  57.06
  1992          24     0.00039  0.00039  0.50   98752      39   98733  5538637  56.09
  1992          25     0.00042  0.00042  0.50   98713      41   98693  5439905  55.11
  1992          26     0.00049  0.00049  0.50   98672      48   98648  5341212  54.13
  1992          27     0.00061  0.00061  0.50   98624      60   98594  5242564  53.16
  1992          28     0.00075  0.00075  0.50   98564      74   98527  5143970  52.19
  1992          29     0.00086  0.00086  0.50   98490      84   98447  5045444  51.23
  1992          30     0.00088  0.00087  0.50   98405      86   98362  4946996  50.27
  1992          31     0.00083  0.00083  0.50   98319      82   98278  4848634  49.32
  1992          32     0.00078  0.00078  0.50   98237      77   98199  4750356  48.36
  1992          33     0.00077  0.00077  0.50   98160      76   98122  4652157  47.39
  1992          34     0.00082  0.00082  0.50   98085      81   98044  4554035  46.43
  1992          35     0.00090  0.00090  0.50   98004      88   97960  4455991  45.47
  1992          36     0.00097  0.00097  0.50   97916      95   97868  4358031  44.51
  1992          37     0.00103  0.00103  0.50   97821     100   97771  4260162  43.55
  1992          38     0.00107  0.00107  0.50   97720     105   97668  4162392  42.59
  1992          39     0.00111  0.00111  0.50   97616     108   97562  4064724  41.64
  1992          40     0.00115  0.00115  0.50   97508     112   97451  3967162  40.69
  1992          41     0.00123  0.00123  0.50   97395     120   97335  3869711  39.73
  1992          42     0.00136  0.00136  0.50   97276     132   97210  3772375  38.78
  1992          43     0.00155  0.00155  0.50   97144     151   97068  3675166  37.83
  1992          44     0.00180  0.00180  0.50   96993     175   96905  3578098  36.89
  1992          45     0.00207  0.00207  0.50   96818     200   96718  3481192  35.96
  1992          46     0.00231  0.00231  0.50   96618     223   96507  3384474  35.03
  1992          47     0.00251  0.00250  0.50   96395     241   96274  3287968  34.11
  1992          48     0.00272  0.00272  0.50   96154     261   96023  3191693  33.19
  1992          49     0.00301  0.00301  0.50   95892     288   95748  3095671  32.28
  1992          50     0.00335  0.00335  0.50   95604     320   95444  2999923  31.38
  1992          51     0.00370  0.00369  0.50   95284     351   95108  2904479  30.48
  1992          52     0.00401  0.00400  0.50   94932     380   94742  2809371  29.59
  1992          53     0.00430  0.00429  0.50   94552     405   94350  2714628  28.71
  1992          54     0.00464  0.00463  0.50   94147     436   93929  2620279  27.83
  1992          55     0.00508  0.00506  0.50   93711     474   93474  2526350  26.96
  1992          56     0.00562  0.00560  0.50   93237     522   92976  2432876  26.09
  1992          57     0.00619  0.00617  0.50   92714     572   92428  2339900  25.24
  1992          58     0.00671  0.00668  0.50   92143     616   91835  2247472  24.39
  1992          59     0.00724  0.00721  0.50   91527     660   91196  2155637  23.55
  1992          60     0.00789  0.00786  0.50   90866     714   90509  2064441  22.72
  1992          61     0.00871  0.00868  0.50   90152     782   89761  1973931  21.90
  1992          62     0.00962  0.00957  0.50   89370     855   88942  1884170  21.08
  1992          63     0.01050  0.01045  0.50   88515     925   88052  1795228  20.28
  1992          64     0.01145  0.01139  0.50   87590     998   87091  1707175  19.49
  1992          65     0.01257  0.01249  0.50   86593    1082   86052  1620084  18.71
  1992          66     0.01377  0.01368  0.50   85511    1170   84926  1534032  17.94
  1992          67     0.01500  0.01489  0.50   84341    1256   83713  1449106  17.18
  1992          68     0.01618  0.01605  0.50   83085    1334   82418  1365393  16.43
  1992          69     0.01718  0.01704  0.50   81751    1393   81055  1282975  15.69
  1992          70     0.01803  0.01787  0.50   80359    1436   79641  1201920  14.96
  1992          71     0.01926  0.01908  0.50   78923    1505   78170  1122279  14.22
  1992          72     0.02118  0.02095  0.50   77417    1622   76606  1044109  13.49
  1992          73     0.02391  0.02362  0.50   75795    1791   74900   967503  12.76
  1992          74     0.02729  0.02692  0.50   74005    1992   73009   892603  12.06
  1992          75     0.03111  0.03063  0.50   72012    2206   70910   819594  11.38
  1992          76     0.03527  0.03466  0.50   69807    2420   68597   748685  10.73
  1992          77     0.04000  0.03921  0.50   67387    2643   66066   680088  10.09
  1992          78     0.04551  0.04449  0.50   64745    2881   63304   614022   9.48
  1992          79     0.05179  0.05049  0.50   61864    3123   60302   550718   8.90
  1992          80     0.05878  0.05710  0.50   58741    3354   57063   490416   8.35
  1992          81     0.06632  0.06419  0.50   55386    3556   53609   433352   7.82
  1992          82     0.07432  0.07166  0.50   51831    3714   49974   379744   7.33
  1992          83     0.08292  0.07962  0.50   48117    3831   46201   329770   6.85
  1992          84     0.09235  0.08827  0.50   44286    3909   42331   283569   6.40
  1992          85     0.10279  0.09777  0.50   40376    3947   38403   241238   5.97
  1992          86     0.11442  0.10822  0.50   36429    3942   34458   202835   5.57
  1992          87     0.12736  0.11974  0.50   32486    3890   30541   168378   5.18
  1992          88     0.14175  0.13237  0.50   28597    3785   26704   137836   4.82
  1992          89     0.15767  0.14615  0.50   24811    3626   22998   111132   4.48
  1992          90     0.17520  0.16109  0.50   21185    3413   19479    88134   4.16
  1992          91     0.19441  0.17719  0.50   17772    3149   16198    68655   3.86
  1992          92     0.21534  0.19441  0.50   14623    2843   13202    52457   3.59
  1992          93     0.23802  0.21271  0.50   11780    2506   10528    39255   3.33
  1992          94     0.26243  0.23199  0.50    9275    2152    8199    28728   3.10
  1992          95     0.28852  0.25214  0.50    7123    1796    6225    20529   2.88
  1992          96     0.31620  0.27303  0.50    5327    1454    4600    14304   2.69
  1992          97     0.34535  0.29450  0.50    3873    1140    3302     9704   2.51
  1992          98     0.37578  0.31634  0.50    2732     864    2300     6402   2.34
  1992          99     0.40728  0.33837  0.50    1868     632    1552     4102   2.20
  1992         100     0.43959  0.36038  0.50    1236     445    1013     2550   2.06
  1992         101     0.47243  0.38216  0.50     790     302     639     1537   1.94
  1992         102     0.50548  0.40350  0.50     488     197     390      897   1.84
  1992         103     0.53842  0.42422  0.50     291     124     230      507   1.74
  1992         104     0.57092  0.44414  0.50     168      74     130      278   1.66
  1992         105     0.60267  0.46312  0.50      93      43      72      147   1.58
  1992         106     0.63342  0.48106  0.50      50      24      38       76   1.51
  1992         107     0.66302  0.49795  0.50      26      13      20       38   1.45
  1992         108     0.69154  0.51386  0.50      13       7      10       18   1.40
  1992         109     0.71918  0.52897  0.50       6       3       5        9   1.35
  1992         110+    0.76151  1.00000  1.31       3       3       4        4   1.31
  1993           0     0.00320  0.00319  0.20  100000     319   99746  7938280  79.38
  1993           1     0.00056  0.00056  0.50   99681      56   99653  7838535  78.64
  1993           2     0.00051  0.00051  0.50   99626      50   99600  7738881  77.68
  1993           3     0.00044  0.00044  0.50   99575      44   99553  7639281  76.72
  1993           4     0.00038  0.00038  0.50   99531      38   99512  7539728  75.75
  1993           5     0.00033  0.00033  0.50   99493      33   99476  7440216  74.78
  1993           6     0.00028  0.00028  0.50   99460      28   99446  7340739  73.81
  1993           7     0.00022  0.00022  0.50   99432      22   99421  7241294  72.83
  1993           8     0.00018  0.00018  0.50   99410      18   99401  7141873  71.84
  1993           9     0.00015  0.00015  0.50   99392      15   99384  7042472  70.86
  1993          10     0.00012  0.00012  0.50   99377      12   99371  6943087  69.87
  1993          11     0.00012  0.00012  0.50   99365      12   99359  6843716  68.87
  1993          12     0.00015  0.00015  0.50   99354      15   99346  6744357  67.88
  1993          13     0.00019  0.00019  0.50   99339      19   99329  6645010  66.89
  1993          14     0.00025  0.00025  0.50   99320      25   99307  6545681  65.91
  1993          15     0.00031  0.00031  0.50   99295      31   99280  6446374  64.92
  1993          16     0.00039  0.00039  0.50   99264      39   99245  6347094  63.94
  1993          17     0.00051  0.00051  0.50   99225      50   99200  6247849  62.97
  1993          18     0.00062  0.00062  0.50   99175      62   99144  6148649  62.00
  1993          19     0.00068  0.00068  0.50   99113      68   99080  6049505  61.04
  1993          20     0.00066  0.00066  0.50   99046      65   99013  5950425  60.08
  1993          21     0.00061  0.00061  0.50   98980      60   98950  5851412  59.12
  1993          22     0.00059  0.00059  0.50   98920      59   98890  5752462  58.15
  1993          23     0.00060  0.00060  0.50   98861      59   98832  5653572  57.19
  1993          24     0.00059  0.00059  0.50   98802      59   98773  5554740  56.22
  1993          25     0.00056  0.00056  0.50   98744      55   98716  5455967  55.25
  1993          26     0.00052  0.00052  0.50   98689      52   98663  5357251  54.28
  1993          27     0.00053  0.00053  0.50   98637      52   98611  5258588  53.31
  1993          28     0.00056  0.00056  0.50   98585      55   98557  5159978  52.34
  1993          29     0.00061  0.00061  0.50   98529      60   98499  5061421  51.37
  1993          30     0.00067  0.00066  0.50   98470      65   98437  4962921  50.40
  1993          31     0.00074  0.00074  0.50   98404      73   98368  4864484  49.43
  1993          32     0.00084  0.00084  0.50   98331      82   98290  4766117  48.47
  1993          33     0.00093  0.00093  0.50   98249      91   98203  4667827  47.51
  1993          34     0.00100  0.00100  0.50   98158      98   98109  4569624  46.55
  1993          35     0.00102  0.00102  0.50   98060     100   98010  4471515  45.60
  1993          36     0.00100  0.00100  0.50   97960      98   97911  4373505  44.65
  1993          37     0.00097  0.00097  0.50   97862      95   97814  4275594  43.69
  1993          38     0.00098  0.00098  0.50   97767      95   97719  4177780  42.73
  1993          39     0.00104  0.00104  0.50   97671     101   97621  4080061  41.77
  1993          40     0.00115  0.00115  0.50   97570     112   97514  3982440  40.82
  1993          41     0.00132  0.00131  0.50   97458     128   97394  3884926  39.86
  1993          42     0.00153  0.00152  0.50   97330     148   97255  3787533  38.91
  1993          43     0.00179  0.00179  0.50   97181     174   97094  3690277  37.97
  1993          44     0.00213  0.00213  0.50   97007     206   96904  3593183  37.04
  1993          45     0.00249  0.00249  0.50   96801     241   96680  3496280  36.12
  1993          46     0.00282  0.00281  0.50   96560     272   96424  3399599  35.21
  1993          47     0.00300  0.00299  0.50   96288     288   96144  3303175  34.31
  1993          48     0.00311  0.00310  0.50   96000     298   95851  3207031  33.41
  1993          49     0.00325  0.00324  0.50   95702     310   95547  3111180  32.51
  1993          50     0.00343  0.00343  0.50   95392     327   95228  3015633  31.61
  1993          51     0.00367  0.00366  0.50   95065     348   94891  2920404  30.72
  1993          52     0.00393  0.00392  0.50   94717     371   94531  2825514  29.83
  1993          53     0.00417  0.00416  0.50   94345     392   94149  2730983  28.95
  1993          54     0.00439  0.00438  0.50   93953     412   93747  2636833  28.07
  1993          55     0.00468  0.00467  0.50   93541     437   93323  2543086  27.19
  1993          56     0.00512  0.00511  0.50   93104     476   92866  2449764  26.31
  1993          57     0.00578  0.00576  0.50   92628     534   92361  2356897  25.44
  1993          58     0.00661  0.00659  0.50   92095     607   91791  2264536  24.59
  1993          59     0.00729  0.00726  0.50   91488     665   91156  2172744  23.75
  1993          60     0.00781  0.00777  0.50   90823     706   90470  2081589  22.92
  1993          61     0.00824  0.00821  0.50   90117     740   89747  1991118  22.09
  1993          62     0.00877  0.00874  0.50   89378     781   88987  1901371  21.27
  1993          63     0.00955  0.00950  0.50   88597     842   88176  1812384  20.46
  1993          64     0.01049  0.01044  0.50   87755     916   87297  1724208  19.65
  1993          65     0.01157  0.01151  0.50   86839     999   86339  1636911  18.85
  1993          66     0.01292  0.01284  0.50   85840    1102   85289  1550572  18.06
  1993          67     0.01436  0.01426  0.50   84738    1209   84134  1465283  17.29
  1993          68     0.01571  0.01559  0.50   83529    1302   82878  1381149  16.53
  1993          69     0.01703  0.01688  0.50   82227    1388   81533  1298271  15.79
  1993          70     0.01845  0.01828  0.50   80839    1478   80100  1216738  15.05
  1993          71     0.02005  0.01985  0.50   79361    1575   78574  1136638  14.32
  1993          72     0.02205  0.02181  0.50   77786    1697   76938  1058064  13.60
  1993          73     0.02463  0.02433  0.50   76089    1851   75164   981126  12.89
  1993          74     0.02767  0.02729  0.50   74238    2026   73225   905963  12.20
  1993          75     0.03100  0.03052  0.50   72212    2204   71110   832738  11.53
  1993          76     0.03459  0.03400  0.50   70008    2380   68818   761628  10.88
  1993          77     0.03861  0.03788  0.50   67627    2562   66346   692811  10.24
  1993          78     0.04328  0.04236  0.50   65066    2756   63687   626464   9.63
  1993          79     0.04882  0.04766  0.50   62309    2970   60824   562777   9.03
  1993          80     0.05540  0.05391  0.50   59340    3199   57740   501953   8.46
  1993          81     0.06287  0.06095  0.50   56141    3422   54430   444212   7.91
  1993          82     0.07107  0.06863  0.50   52719    3618   50910   389783   7.39
  1993          83     0.08006  0.07697  0.50   49101    3780   47211   338873   6.90
  1993          84     0.08996  0.08608  0.50   45321    3901   43371   291662   6.44
  1993          85     0.10090  0.09606  0.50   41420    3979   39430   248291   5.99
  1993          86     0.11302  0.10697  0.50   37441    4005   35439   208861   5.58
  1993          87     0.12642  0.11890  0.50   33436    3976   31448   173422   5.19
  1993          88     0.14120  0.13189  0.50   29460    3886   27518   141974   4.82
  1993          89     0.15746  0.14597  0.50   25575    3733   23708   114456   4.48
  1993          90     0.17527  0.16115  0.50   21842    3520   20082    90748   4.15
  1993          91     0.19469  0.17742  0.50   18322    3251   16697    70666   3.86
  1993          92     0.21578  0.19477  0.50   15071    2935   13604    53969   3.58
  1993          93     0.23856  0.21314  0.50   12136    2587   10843    40366   3.33
  1993          94     0.26302  0.23245  0.50    9549    2220    8439    29523   3.09
  1993          95     0.28915  0.25262  0.50    7330    1852    6404    21084   2.88
  1993          96     0.31685  0.27352  0.50    5478    1498    4729    14680   2.68
  1993          97     0.34604  0.29500  0.50    3980    1174    3393     9951   2.50
  1993          98     0.37654  0.31688  0.50    2806     889    2361     6558   2.34
  1993          99     0.40818  0.33899  0.50    1917     650    1592     4197   2.19
  1993         100     0.44072  0.36114  0.50    1267     458    1038     2606   2.06
  1993         101     0.47390  0.38312  0.50     809     310     654     1567   1.94
  1993         102     0.50742  0.40473  0.50     499     202     398      913   1.83
  1993         103     0.54096  0.42579  0.50     297     127     234      515   1.73
  1993         104     0.57420  0.44612  0.50     171      76     133      281   1.65
  1993         105     0.60682  0.46556  0.50      95      44      73      148   1.57
  1993         106     0.63852  0.48400  0.50      51      24      38       76   1.50
  1993         107     0.66910  0.50137  0.50      26      13      20       38   1.44
  1993         108     0.69856  0.51773  0.50      13       7      10       18   1.39
  1993         109     0.72707  0.53322  0.50       6       3       5        8   1.34
  1993         110+    0.77110  1.00000  1.30       3       3       4        4   1.30
  1994           0     0.00464  0.00462  0.18  100000     462   99623  7999557  80.00
  1994           1     0.00081  0.00081  0.50   99538      81   99497  7899935  79.37
  1994           2     0.00058  0.00058  0.50   99457      58   99428  7800438  78.43
  1994           3     0.00039  0.00039  0.50   99398      39   99379  7701010  77.48
  1994           4     0.00026  0.00026  0.50   99360      26   99347  7601631  76.51
  1994           5     0.00023  0.00023  0.50   99333      23   99322  7502284  75.53
  1994           6     0.00024  0.00024  0.50   99311      24   99298  7402962  74.54
  1994           7     0.00025  0.00025  0.50   99286      25   99274  7303664  73.56
  1994           8     0.00023  0.00023  0.50   99261      23   99250  7204390  72.58
  1994           9     0.00021  0.00021  0.50   99238      21   99228  7105140  71.60
  1994          10     0.00019  0.00019  0.50   99218      18   99208  7005913  70.61
  1994          11     0.00017  0.00017  0.50   99199      17   99191  6906704  69.62
  1994          12     0.00015  0.00015  0.50   99182      15   99175  6807514  68.64
  1994          13     0.00012  0.00012  0.50   99167      12   99161  6708339  67.65
  1994          14     0.00010  0.00010  0.50   99155      10   99150  6609178  66.65
  1994          15     0.00013  0.00013  0.50   99145      13   99139  6510027  65.66
  1994          16     0.00020  0.00020  0.50   99132      20   99122  6410889  64.67
  1994          17     0.00031  0.00031  0.50   99112      31   99096  6311767  63.68
  1994          18     0.00042  0.00042  0.50   99081      42   99060  6212671  62.70
  1994          19     0.00049  0.00049  0.50   99039      49   99015  6113611  61.73
  1994          20     0.00056  0.00056  0.50   98990      55   98963  6014596  60.76
  1994          21     0.00060  0.00060  0.50   98935      60   98905  5915634  59.79
  1994          22     0.00060  0.00060  0.50   98875      60   98845  5816728  58.83
  1994          23     0.00059  0.00059  0.50   98816      58   98787  5717883  57.86
  1994          24     0.00058  0.00058  0.50   98757      58   98729  5619096  56.90
  1994          25     0.00058  0.00058  0.50   98700      57   98671  5520368  55.93
  1994          26     0.00058  0.00058  0.50   98642      57   98614  5421697  54.96
  1994          27     0.00056  0.00056  0.50   98586      56   98558  5323083  53.99
  1994          28     0.00057  0.00057  0.50   98530      56   98502  5224525  53.02
  1994          29     0.00060  0.00060  0.50   98474      59   98444  5126023  52.05
  1994          30     0.00061  0.00061  0.50   98415      60   98385  5027578  51.09
  1994          31     0.00058  0.00058  0.50   98355      57   98326  4929194  50.12
  1994          32     0.00053  0.00053  0.50   98298      52   98272  4830867  49.15
  1994          33     0.00048  0.00048  0.50   98246      47   98223  4732595  48.17
  1994          34     0.00047  0.00047  0.50   98199      46   98176  4634372  47.19
  1994          35     0.00049  0.00049  0.50   98153      48   98129  4536197  46.22
  1994          36     0.00053  0.00053  0.50   98105      52   98079  4438068  45.24
  1994          37     0.00060  0.00060  0.50   98052      59   98023  4339989  44.26
  1994          38     0.00071  0.00071  0.50   97993      70   97959  4241966  43.29
  1994          39     0.00085  0.00085  0.50   97924      84   97882  4144008  42.32
  1994          40     0.00103  0.00103  0.50   97840     101   97790  4046126  41.35
  1994          41     0.00122  0.00122  0.50   97739     120   97679  3948336  40.40
  1994          42     0.00138  0.00138  0.50   97620     134   97553  3850657  39.45
  1994          43     0.00152  0.00152  0.50   97485     149   97411  3753104  38.50
  1994          44     0.00171  0.00171  0.50   97337     167   97254  3655693  37.56
  1994          45     0.00191  0.00190  0.50   97170     185   97078  3558439  36.62
  1994          46     0.00208  0.00207  0.50   96985     201   96885  3461361  35.69
  1994          47     0.00225  0.00225  0.50   96784     218   96675  3364477  34.76
  1994          48     0.00239  0.00239  0.50   96567     231   96451  3267801  33.84
  1994          49     0.00248  0.00248  0.50   96336     239   96216  3171350  32.92
  1994          50     0.00266  0.00266  0.50   96097     255   95969  3075134  32.00
  1994          51     0.00306  0.00305  0.50   95841     293   95695  2979164  31.08
  1994          52     0.00361  0.00360  0.50   95549     344   95377  2883469  30.18
  1994          53     0.00419  0.00418  0.50   95205     398   95006  2788093  29.29
  1994          54     0.00466  0.00465  0.50   94807     441   94586  2693087  28.41
  1994          55     0.00513  0.00512  0.50   94365     483   94124  2598501  27.54
  1994          56     0.00570  0.00569  0.50   93882     534   93615  2504377  26.68
  1994          57     0.00625  0.00623  0.50   93348     581   93058  2410762  25.83
  1994          58     0.00665  0.00663  0.50   92767     615   92460  2317704  24.98
  1994          59     0.00713  0.00710  0.50   92152     654   91825  2225244  24.15
  1994          60     0.00773  0.00770  0.50   91498     704   91146  2133419  23.32
  1994          61     0.00845  0.00841  0.50   90793     764   90412  2042274  22.49
  1994          62     0.00920  0.00915  0.50   90030     824   89618  1951862  21.68
  1994          63     0.00992  0.00987  0.50   89206     881   88765  1862244  20.88
  1994          64     0.01074  0.01069  0.50   88325     944   87853  1773479  20.08
  1994          65     0.01175  0.01168  0.50   87381    1021   86870  1685626  19.29
  1994          66     0.01278  0.01270  0.50   86360    1097   85812  1598756  18.51
  1994          67     0.01385  0.01376  0.50   85264    1173   84677  1512944  17.74
  1994          68     0.01500  0.01489  0.50   84091    1252   83465  1428267  16.98
  1994          69     0.01601  0.01588  0.50   82839    1316   82181  1344802  16.23
  1994          70     0.01680  0.01666  0.50   81523    1358   80844  1262621  15.49
  1994          71     0.01790  0.01774  0.50   80165    1422   79454  1181777  14.74
  1994          72     0.01962  0.01943  0.50   78743    1530   77977  1102324  14.00
  1994          73     0.02215  0.02191  0.50   77212    1691   76367  1024346  13.27
  1994          74     0.02553  0.02521  0.50   75521    1904   74569   947979  12.55
  1994          75     0.02959  0.02916  0.50   73617    2147   72544   873411  11.86
  1994          76     0.03356  0.03301  0.50   71470    2359   70291   800867  11.21
  1994          77     0.03751  0.03682  0.50   69111    2545   67839   730576  10.57
  1994          78     0.04174  0.04089  0.50   66566    2722   65205   662738   9.96
  1994          79     0.04645  0.04540  0.50   63844    2898   62395   597532   9.36
  1994          80     0.05182  0.05051  0.50   60946    3079   59407   535137   8.78
  1994          81     0.05806  0.05642  0.50   57867    3265   56235   475731   8.22
  1994          82     0.06533  0.06327  0.50   54603    3455   52875   419496   7.68
  1994          83     0.07370  0.07108  0.50   51148    3636   49330   366620   7.17
  1994          84     0.08317  0.07985  0.50   47512    3794   45615   317290   6.68
  1994          85     0.09377  0.08957  0.50   43718    3916   41761   271675   6.21
  1994          86     0.10556  0.10027  0.50   39803    3991   37807   229914   5.78
  1994          87     0.11864  0.11199  0.50   35812    4011   33806   192107   5.36
  1994          88     0.13310  0.12479  0.50   31801    3969   29817   158301   4.98
  1994          89     0.14905  0.13871  0.50   27832    3861   25902   128484   4.62
  1994          90     0.16657  0.15377  0.50   23972    3686   22129   102582   4.28
  1994          91     0.18577  0.16998  0.50   20286    3448   18562    80453   3.97
  1994          92     0.20669  0.18733  0.50   16838    3154   15261    61892   3.68
  1994          93     0.22939  0.20579  0.50   13683    2816   12275    46631   3.41
  1994          94     0.25388  0.22528  0.50   10868    2448    9643    34356   3.16
  1994          95     0.28015  0.24573  0.50    8419    2069    7385    24712   2.94
  1994          96     0.30813  0.26700  0.50    6350    1696    5503    17327   2.73
  1994          97     0.33774  0.28895  0.50    4655    1345    3982    11825   2.54
  1994          98     0.36882  0.31139  0.50    3310    1031    2795     7842   2.37
  1994          99     0.40118  0.33415  0.50    2279     762    1898     5048   2.21
  1994         100     0.43459  0.35701  0.50    1518     542    1247     3149   2.08
  1994         101     0.46875  0.37975  0.50     976     371     791     1903   1.95
  1994         102     0.50337  0.40215  0.50     605     243     484     1112   1.84
  1994         103     0.53809  0.42401  0.50     362     153     285      629   1.74
  1994         104     0.57254  0.44512  0.50     208      93     162      343   1.65
  1994         105     0.60638  0.46530  0.50     116      54      89      181   1.57
  1994         106     0.63925  0.48442  0.50      62      30      47       93   1.50
  1994         107     0.67090  0.50238  0.50      32      16      24       46   1.44
  1994         108     0.70132  0.51924  0.50      16       8      12       22   1.38
  1994         109     0.73064  0.53514  0.50       8       4       6       10   1.33
  1994         110+    0.77570  1.00000  1.29       4       4       5        5   1.29
  1995           0     0.00357  0.00356  0.20  100000     356   99714  7945747  79.46
  1995           1     0.00131  0.00131  0.50   99644     130   99579  7846033  78.74
  1995           2     0.00075  0.00075  0.50   99514      75   99476  7746454  77.84
  1995           3     0.00045  0.00045  0.50   99439      45   99416  7646978  76.90
  1995           4     0.00033  0.00033  0.50   99394      33   99378  7547562  75.94
  1995           5     0.00028  0.00028  0.50   99361      28   99347  7448184  74.96
  1995           6     0.00028  0.00028  0.50   99333      27   99319  7348837  73.98
  1995           7     0.00028  0.00028  0.50   99306      28   99292  7249518  73.00
  1995           8     0.00026  0.00026  0.50   99278      26   99265  7150226  72.02
  1995           9     0.00025  0.00025  0.50   99252      25   99239  7050962  71.04
  1995          10     0.00031  0.00031  0.50   99227      30   99212  6951722  70.06
  1995          11     0.00031  0.00031  0.50   99197      31   99181  6852511  69.08
  1995          12     0.00019  0.00019  0.50   99166      18   99157  6753329  68.10
  1995          13     0.00011  0.00011  0.50   99148      11   99142  6654173  67.11
  1995          14     0.00010  0.00010  0.50   99137      10   99132  6555030  66.12
  1995          15     0.00014  0.00014  0.50   99127      13   99120  6455899  65.13
  1995          16     0.00020  0.00020  0.50   99113      19   99104  6356779  64.14
  1995          17     0.00028  0.00028  0.50   99094      27   99080  6257675  63.15
  1995          18     0.00041  0.00041  0.50   99067      40   99046  6158595  62.17
  1995          19     0.00058  0.00058  0.50   99026      57   98998  6059548  61.19
  1995          20     0.00062  0.00061  0.50   98969      61   98939  5960551  60.23
  1995          21     0.00055  0.00055  0.50   98908      55   98881  5861612  59.26
  1995          22     0.00048  0.00048  0.50   98854      47   98830  5762731  58.30
  1995          23     0.00049  0.00049  0.50   98806      49   98782  5663901  57.32
  1995          24     0.00062  0.00062  0.50   98757      61   98727  5565119  56.35
  1995          25     0.00065  0.00065  0.50   98696      65   98664  5466393  55.39
  1995          26     0.00055  0.00055  0.50   98632      54   98605  5367729  54.42
  1995          27     0.00035  0.00035  0.50   98578      35   98560  5269124  53.45
  1995          28     0.00026  0.00026  0.50   98543      26   98530  5170564  52.47
  1995          29     0.00043  0.00043  0.50   98517      43   98495  5072034  51.48
  1995          30     0.00070  0.00070  0.50   98474      69   98439  4973538  50.51
  1995          31     0.00089  0.00089  0.50   98405      87   98361  4875099  49.54
  1995          32     0.00087  0.00087  0.50   98317      85   98275  4776738  48.58
  1995          33     0.00077  0.00077  0.50   98232      76   98194  4678464  47.63
  1995          34     0.00073  0.00073  0.50   98156      72   98120  4580270  46.66
  1995          35     0.00070  0.00070  0.50   98085      69   98050  4482149  45.70
  1995          36     0.00065  0.00065  0.50   98016      64   97984  4384099  44.73
  1995          37     0.00075  0.00075  0.50   97952      73   97915  4286115  43.76
  1995          38     0.00094  0.00094  0.50   97879      92   97833  4188200  42.79
  1995          39     0.00115  0.00115  0.50   97787     113   97730  4090367  41.83
  1995          40     0.00130  0.00129  0.50   97674     126   97611  3992637  40.88
  1995          41     0.00135  0.00135  0.50   97547     132   97481  3895026  39.93
  1995          42     0.00152  0.00152  0.50   97415     148   97342  3797545  38.98
  1995          43     0.00169  0.00169  0.50   97268     165   97185  3700203  38.04
  1995          44     0.00175  0.00175  0.50   97103     170   97018  3603018  37.11
  1995          45     0.00177  0.00177  0.50   96933     172   96847  3506000  36.17
  1995          46     0.00187  0.00187  0.50   96762     181   96671  3409152  35.23
  1995          47     0.00216  0.00216  0.50   96581     208   96476  3312481  34.30
  1995          48     0.00260  0.00260  0.50   96372     250   96247  3216005  33.37
  1995          49     0.00310  0.00310  0.50   96122     298   95973  3119758  32.46
  1995          50     0.00351  0.00350  0.50   95824     336   95656  3023785  31.56
  1995          51     0.00370  0.00369  0.50   95488     352   95312  2928128  30.66
  1995          52     0.00382  0.00382  0.50   95136     363   94954  2832816  29.78
  1995          53     0.00408  0.00407  0.50   94773     386   94580  2737862  28.89
  1995          54     0.00449  0.00448  0.50   94387     423   94176  2643282  28.00
  1995          55     0.00496  0.00494  0.50   93964     465   93732  2549106  27.13
  1995          56     0.00537  0.00535  0.50   93500     500   93249  2455374  26.26
  1995          57     0.00578  0.00576  0.50   92999     536   92731  2362124  25.40
  1995          58     0.00631  0.00629  0.50   92463     582   92173  2269393  24.54
  1995          59     0.00707  0.00704  0.50   91882     647   91558  2177220  23.70
  1995          60     0.00792  0.00789  0.50   91235     720   90875  2085662  22.86
  1995          61     0.00872  0.00868  0.50   90515     786   90122  1994787  22.04
  1995          62     0.00942  0.00938  0.50   89729     841   89308  1904666  21.23
  1995          63     0.01007  0.01002  0.50   88887     891   88442  1815358  20.42
  1995          64     0.01092  0.01086  0.50   87997     956   87519  1726916  19.62
  1995          65     0.01218  0.01211  0.50   87041    1054   86514  1639397  18.83
  1995          66     0.01365  0.01356  0.50   85987    1166   85404  1552883  18.06
  1995          67     0.01492  0.01481  0.50   84821    1256   84193  1467479  17.30
  1995          68     0.01576  0.01564  0.50   83565    1307   82911  1383286  16.55
  1995          69     0.01677  0.01663  0.50   82258    1368   81574  1300374  15.81
  1995          70     0.01837  0.01820  0.50   80890    1472   80154  1218801  15.07
  1995          71     0.01981  0.01962  0.50   79418    1558   78639  1138647  14.34
  1995          72     0.02142  0.02119  0.50   77860    1650   77035  1060008  13.61
  1995          73     0.02380  0.02352  0.50   76210    1792   75314   982974  12.90
  1995          74     0.02738  0.02701  0.50   74418    2010   73413   907660  12.20
  1995          75     0.03200  0.03149  0.50   72408    2280   71267   834247  11.52
  1995          76     0.03590  0.03527  0.50   70127    2473   68891   762980  10.88
  1995          77     0.03926  0.03850  0.50   67654    2605   66351   694089  10.26
  1995          78     0.04292  0.04202  0.50   65049    2733   63683   627738   9.65
  1995          79     0.04822  0.04709  0.50   62316    2934   60849   564055   9.05
  1995          80     0.05599  0.05447  0.50   59382    3234   57765   503206   8.47
  1995          81     0.06469  0.06266  0.50   56147    3518   54388   445442   7.93
  1995          82     0.07289  0.07032  0.50   52629    3701   50779   391054   7.43
  1995          83     0.08167  0.07847  0.50   48928    3839   47009   340275   6.95
  1995          84     0.09140  0.08741  0.50   45089    3941   43118   293266   6.50
  1995          85     0.10210  0.09714  0.50   41148    3997   39149   250148   6.08
  1995          86     0.11379  0.10766  0.50   37151    4000   35151   210999   5.68
  1995          87     0.12652  0.11900  0.50   33151    3945   31179   175848   5.30
  1995          88     0.14033  0.13113  0.50   29206    3830   27291   144669   4.95
  1995          89     0.15526  0.14407  0.50   25376    3656   23548   117378   4.63
  1995          90     0.17132  0.15781  0.50   21720    3428   20007    93829   4.32
  1995          91     0.18856  0.17231  0.50   18293    3152   16717    73823   4.04
  1995          92     0.20699  0.18757  0.50   15141    2840   13721    57106   3.77
  1995          93     0.22661  0.20354  0.50   12301    2504   11049    43385   3.53
  1995          94     0.24743  0.22019  0.50    9797    2157    8718    32337   3.30
  1995          95     0.26944  0.23745  0.50    7640    1814    6733    23618   3.09
  1995          96     0.29262  0.25527  0.50    5826    1487    5082    16885   2.90
  1995          97     0.31694  0.27359  0.50    4339    1187    3745    11803   2.72
  1995          98     0.34235  0.29232  0.50    3152     921    2691     8058   2.56
  1995          99     0.36879  0.31137  0.50    2230     694    1883     5367   2.41
  1995         100     0.39616  0.33066  0.50    1536     508    1282     3484   2.27
  1995         101     0.42434  0.35007  0.50    1028     360     848     2202   2.14
  1995         102     0.45321  0.36948  0.50     668     247     545     1354   2.03
  1995         103     0.48259  0.38878  0.50     421     164     339      809   1.92
  1995         104     0.51230  0.40783  0.50     257     105     205      470   1.83
  1995         105     0.54213  0.42652  0.50     152      65     120      265   1.74
  1995         106     0.57185  0.44470  0.50      87      39      68      145   1.66
  1995         107     0.60123  0.46226  0.50      49      22      37       77   1.59
  1995         108     0.63001  0.47910  0.50      26      13      20       40   1.52
  1995         109     0.65805  0.49514  0.50      14       7      10       20   1.47
  1995         110+    0.70699  1.00000  1.41       7       7      10       10   1.41
  1996           0     0.00505  0.00503  0.17  100000     503   99584  8022759  80.23
  1996           1     0.00114  0.00114  0.50   99497     113   99441  7923176  79.63
  1996           2     0.00067  0.00067  0.50   99384      67   99351  7823735  78.72
  1996           3     0.00036  0.00036  0.50   99317      35   99299  7724384  77.77
  1996           4     0.00019  0.00019  0.50   99282      18   99272  7625085  76.80
  1996           5     0.00012  0.00012  0.50   99263      12   99257  7525812  75.82
  1996           6     0.00010  0.00010  0.50   99252      10   99247  7426555  74.83
  1996           7     0.00008  0.00008  0.50   99242       8   99238  7327308  73.83
  1996           8     0.00009  0.00009  0.50   99234       9   99230  7228070  72.84
  1996           9     0.00011  0.00011  0.50   99225      11   99220  7128841  71.85
  1996          10     0.00013  0.00013  0.50   99215      13   99208  7029621  70.85
  1996          11     0.00015  0.00015  0.50   99202      15   99194  6930412  69.86
  1996          12     0.00017  0.00017  0.50   99186      17   99178  6831218  68.87
  1996          13     0.00017  0.00017  0.50   99169      17   99161  6732041  67.88
  1996          14     0.00017  0.00017  0.50   99153      17   99144  6632879  66.90
  1996          15     0.00019  0.00019  0.50   99136      19   99127  6533735  65.91
  1996          16     0.00025  0.00025  0.50   99117      25   99105  6434608  64.92
  1996          17     0.00035  0.00035  0.50   99092      35   99075  6335504  63.94
  1996          18     0.00043  0.00043  0.50   99058      43   99036  6236429  62.96
  1996          19     0.00046  0.00046  0.50   99015      46   98992  6137393  61.98
  1996          20     0.00045  0.00045  0.50   98969      45   98947  6038401  61.01
  1996          21     0.00045  0.00045  0.50   98924      44   98902  5939454  60.04
  1996          22     0.00048  0.00048  0.50   98880      48   98856  5840552  59.07
  1996          23     0.00054  0.00054  0.50   98832      53   98805  5741696  58.10
  1996          24     0.00059  0.00059  0.50   98779      58   98750  5642890  57.13
  1996          25     0.00059  0.00059  0.50   98721      59   98691  5544141  56.16
  1996          26     0.00057  0.00057  0.50   98662      56   98634  5445449  55.19
  1996          27     0.00055  0.00055  0.50   98605      54   98578  5346816  54.22
  1996          28     0.00054  0.00054  0.50   98551      53   98524  5248237  53.25
  1996          29     0.00054  0.00054  0.50   98498      54   98471  5149713  52.28
  1996          30     0.00057  0.00057  0.50   98444      57   98416  5051242  51.31
  1996          31     0.00064  0.00064  0.50   98387      63   98356  4952827  50.34
  1996          32     0.00075  0.00075  0.50   98324      73   98287  4854471  49.37
  1996          33     0.00081  0.00081  0.50   98251      80   98211  4756184  48.41
  1996          34     0.00078  0.00078  0.50   98171      77   98133  4657973  47.45
  1996          35     0.00071  0.00071  0.50   98094      69   98060  4559841  46.48
  1996          36     0.00067  0.00067  0.50   98025      65   97992  4461781  45.52
  1996          37     0.00072  0.00072  0.50   97960      70   97925  4363789  44.55
  1996          38     0.00084  0.00084  0.50   97889      82   97848  4265864  43.58
  1996          39     0.00099  0.00099  0.50   97807      97   97758  4168016  42.61
  1996          40     0.00113  0.00113  0.50   97710     110   97655  4070258  41.66
  1996          41     0.00124  0.00124  0.50   97600     121   97539  3972603  40.70
  1996          42     0.00134  0.00134  0.50   97479     131   97413  3875063  39.75
  1996          43     0.00146  0.00146  0.50   97348     142   97276  3777650  38.81
  1996          44     0.00162  0.00162  0.50   97205     157   97127  3680374  37.86
  1996          45     0.00184  0.00184  0.50   97048     178   96959  3583247  36.92
  1996          46     0.00212  0.00211  0.50   96870     205   96768  3486288  35.99
  1996          47     0.00240  0.00239  0.50   96665     231   96549  3389520  35.06
  1996          48     0.00265  0.00265  0.50   96434     255   96306  3292971  34.15
  1996          49     0.00287  0.00287  0.50   96179     276   96041  3196665  33.24
  1996          50     0.00308  0.00308  0.50   95903     295   95755  3100624  32.33
  1996          51     0.00332  0.00331  0.50   95608     317   95449  3004869  31.43
  1996          52     0.00364  0.00363  0.50   95291     346   95118  2909419  30.53
  1996          53     0.00407  0.00407  0.50   94945     386   94752  2814301  29.64
  1996          54     0.00455  0.00454  0.50   94559     429   94345  2719549  28.76
  1996          55     0.00499  0.00498  0.50   94130     469   93896  2625204  27.89
  1996          56     0.00540  0.00538  0.50   93661     504   93409  2531309  27.03
  1996          57     0.00579  0.00577  0.50   93157     537   92889  2437899  26.17
  1996          58     0.00620  0.00618  0.50   92620     572   92334  2345011  25.32
  1996          59     0.00663  0.00661  0.50   92047     608   91743  2252677  24.47
  1996          60     0.00712  0.00709  0.50   91439     648   91115  2160934  23.63
  1996          61     0.00770  0.00767  0.50   90791     697   90443  2069819  22.80
  1996          62     0.00839  0.00835  0.50   90094     753   89718  1979376  21.97
  1996          63     0.00916  0.00912  0.50   89342     815   88934  1889658  21.15
  1996          64     0.00999  0.00994  0.50   88527     880   88087  1800724  20.34
  1996          65     0.01086  0.01080  0.50   87647     947   87174  1712637  19.54
  1996          66     0.01190  0.01183  0.50   86700    1025   86188  1625463  18.75
  1996          67     0.01309  0.01300  0.50   85675    1114   85118  1539275  17.97
  1996          68     0.01440  0.01429  0.50   84561    1209   83957  1454157  17.20
  1996          69     0.01575  0.01563  0.50   83352    1303   82701  1370200  16.44
  1996          70     0.01712  0.01698  0.50   82050    1393   81353  1287500  15.69
  1996          71     0.01867  0.01849  0.50   80657    1492   79911  1206146  14.95
  1996          72     0.02056  0.02035  0.50   79165    1611   78360  1126236  14.23
  1996          73     0.02293  0.02267  0.50   77554    1758   76675  1047876  13.51
  1996          74     0.02569  0.02537  0.50   75796    1923   74835   971201  12.81
  1996          75     0.02875  0.02834  0.50   73873    2094   72826   896367  12.13
  1996          76     0.03216  0.03165  0.50   71779    2272   70643   823540  11.47
  1996          77     0.03593  0.03529  0.50   69508    2453   68281   752897  10.83
  1996          78     0.04013  0.03934  0.50   67054    2638   65736   684616  10.21
  1996          79     0.04512  0.04413  0.50   64417    2843   62995   618880   9.61
  1996          80     0.05120  0.04992  0.50   61574    3074   60037   555885   9.03
  1996          81     0.05804  0.05640  0.50   58500    3299   56851   495848   8.48
  1996          82     0.06527  0.06321  0.50   55201    3489   53456   438997   7.95
  1996          83     0.07301  0.07044  0.50   51712    3643   49890   385541   7.46
  1996          84     0.08141  0.07822  0.50   48069    3760   46189   335650   6.98
  1996          85     0.09061  0.08668  0.50   44309    3841   42389   289461   6.53
  1996          86     0.10075  0.09592  0.50   40468    3882   38527   247073   6.11
  1996          87     0.11196  0.10602  0.50   36587    3879   34647   208545   5.70
  1996          88     0.12433  0.11705  0.50   32708    3829   30793   173898   5.32
  1996          89     0.13796  0.12906  0.50   28879    3727   27015   143105   4.96
  1996          90     0.15293  0.14207  0.50   25152    3573   23365   116089   4.62
  1996          91     0.16932  0.15610  0.50   21579    3368   19894    92724   4.30
  1996          92     0.18720  0.17118  0.50   18210    3117   16652    72830   4.00
  1996          93     0.20664  0.18729  0.50   15093    2827   13680    56178   3.72
  1996          94     0.22767  0.20440  0.50   12266    2507   11013    42498   3.46
  1996          95     0.25032  0.22247  0.50    9759    2171    8674    31486   3.23
  1996          96     0.27458  0.24144  0.50    7588    1832    6672    22812   3.01
  1996          97     0.30043  0.26119  0.50    5756    1503    5004    16140   2.80
  1996          98     0.32778  0.28162  0.50    4253    1198    3654    11136   2.62
  1996          99     0.35652  0.30258  0.50    3055     924    2593     7482   2.45
  1996         100     0.38650  0.32391  0.50    2131     690    1786     4889   2.29
  1996         101     0.41753  0.34542  0.50    1440     498    1192     3104   2.15
  1996         102     0.44938  0.36693  0.50     943     346     770     1912   2.03
  1996         103     0.48177  0.38825  0.50     597     232     481     1142   1.91
  1996         104     0.51442  0.40918  0.50     365     149     290      661   1.81
  1996         105     0.54701  0.42953  0.50     216      93     169      371   1.72
  1996         106     0.57927  0.44917  0.50     123      55      95      201   1.64
  1996         107     0.61094  0.46798  0.50      68      32      52      106   1.56
  1996         108     0.64197  0.48598  0.50      36      18      27       54   1.50
  1996         109     0.67240  0.50322  0.50      19       9      14       27   1.44
  1996         110+    0.72276  1.00000  1.38       9       9      13       13   1.38
  1997           0     0.00461  0.00460  0.19  100000     460   99625  8017133  80.17
  1997           1     0.00051  0.00051  0.50   99540      50   99515  7917507  79.54
  1997           2     0.00040  0.00040  0.50   99490      40   99470  7817992  78.58
  1997           3     0.00033  0.00033  0.50   99450      33   99434  7718522  77.61
  1997           4     0.00031  0.00031  0.50   99417      31   99402  7619088  76.64
  1997           5     0.00032  0.00032  0.50   99386      32   99370  7519686  75.66
  1997           6     0.00030  0.00030  0.50   99354      30   99339  7420316  74.69
  1997           7     0.00021  0.00021  0.50   99324      21   99314  7320977  73.71
  1997           8     0.00015  0.00015  0.50   99303      15   99296  7221664  72.72
  1997           9     0.00012  0.00012  0.50   99289      12   99283  7122368  71.73
  1997          10     0.00010  0.00010  0.50   99277      10   99272  7023085  70.74
  1997          11     0.00010  0.00010  0.50   99267      10   99262  6923814  69.75
  1997          12     0.00012  0.00012  0.50   99257      12   99251  6824552  68.76
  1997          13     0.00018  0.00018  0.50   99245      17   99237  6725300  67.76
  1997          14     0.00026  0.00026  0.50   99228      26   99215  6626064  66.78
  1997          15     0.00034  0.00034  0.50   99202      34   99186  6526848  65.79
  1997          16     0.00041  0.00041  0.50   99169      41   99148  6427663  64.82
  1997          17     0.00046  0.00046  0.50   99128      45   99105  6328515  63.84
  1997          18     0.00049  0.00049  0.50   99083      48   99059  6229409  62.87
  1997          19     0.00053  0.00053  0.50   99034      52   99008  6130350  61.90
  1997          20     0.00059  0.00059  0.50   98982      58   98953  6031342  60.93
  1997          21     0.00064  0.00064  0.50   98924      63   98892  5932389  59.97
  1997          22     0.00062  0.00062  0.50   98861      61   98830  5833497  59.01
  1997          23     0.00053  0.00053  0.50   98799      53   98773  5734667  58.04
  1997          24     0.00040  0.00040  0.50   98747      40   98727  5635894  57.07
  1997          25     0.00035  0.00034  0.50   98707      34   98690  5537167  56.10
  1997          26     0.00035  0.00035  0.50   98673      35   98655  5438477  55.12
  1997          27     0.00039  0.00039  0.50   98638      39   98619  5339822  54.14
  1997          28     0.00043  0.00043  0.50   98599      42   98578  5241203  53.16
  1997          29     0.00043  0.00043  0.50   98557      42   98536  5142625  52.18
  1997          30     0.00044  0.00044  0.50   98515      44   98493  5044089  51.20
  1997          31     0.00054  0.00054  0.50   98471      53   98445  4945596  50.22
  1997          32     0.00075  0.00075  0.50   98418      74   98381  4847152  49.25
  1997          33     0.00091  0.00091  0.50   98344      90   98299  4748771  48.29
  1997          34     0.00089  0.00089  0.50   98254      88   98210  4650472  47.33
  1997          35     0.00084  0.00084  0.50   98167      82   98126  4552261  46.37
  1997          36     0.00091  0.00091  0.50   98085      89   98040  4454136  45.41
  1997          37     0.00103  0.00103  0.50   97996     101   97945  4356095  44.45
  1997          38     0.00112  0.00112  0.50   97895     109   97840  4258150  43.50
  1997          39     0.00113  0.00113  0.50   97786     111   97730  4160310  42.55
  1997          40     0.00110  0.00110  0.50   97675     108   97621  4062580  41.59
  1997          41     0.00110  0.00110  0.50   97567     107   97513  3964959  40.64
  1997          42     0.00122  0.00122  0.50   97460     119   97400  3867446  39.68
  1997          43     0.00138  0.00138  0.50   97341     134   97274  3770045  38.73
  1997          44     0.00152  0.00151  0.50   97207     147   97133  3672771  37.78
  1997          45     0.00170  0.00170  0.50   97059     165   96977  3575638  36.84
  1997          46     0.00202  0.00202  0.50   96895     195   96797  3478661  35.90
  1997          47     0.00242  0.00242  0.50   96699     234   96583  3381864  34.97
  1997          48     0.00283  0.00283  0.50   96466     273   96329  3285281  34.06
  1997          49     0.00319  0.00319  0.50   96193     307   96040  3188952  33.15
  1997          50     0.00348  0.00348  0.50   95886     334   95720  3092912  32.26
  1997          51     0.00370  0.00369  0.50   95553     353   95376  2997193  31.37
  1997          52     0.00389  0.00388  0.50   95200     370   95015  2901816  30.48
  1997          53     0.00413  0.00412  0.50   94831     390   94635  2806801  29.60
  1997          54     0.00438  0.00437  0.50   94440     413   94234  2712166  28.72
  1997          55     0.00461  0.00460  0.50   94027     433   93811  2617932  27.84
  1997          56     0.00478  0.00477  0.50   93595     446   93372  2524121  26.97
  1997          57     0.00495  0.00494  0.50   93149     460   92919  2430749  26.10
  1997          58     0.00526  0.00525  0.50   92689     486   92446  2337831  25.22
  1997          59     0.00590  0.00588  0.50   92202     542   91931  2245385  24.35
  1997          60     0.00688  0.00686  0.50   91660     628   91346  2153454  23.49
  1997          61     0.00812  0.00809  0.50   91032     736   90664  2062108  22.65
  1997          62     0.00936  0.00932  0.50   90296     841   89875  1971444  21.83
  1997          63     0.01036  0.01031  0.50   89454     922   88993  1881569  21.03
  1997          64     0.01110  0.01104  0.50   88532     977   88044  1792575  20.25
  1997          65     0.01169  0.01163  0.50   87555    1018   87046  1704531  19.47
  1997          66     0.01247  0.01239  0.50   86537    1072   86001  1617485  18.69
  1997          67     0.01356  0.01347  0.50   85465    1151   84889  1531484  17.92
  1997          68     0.01496  0.01484  0.50   84314    1252   83688  1446595  17.16
  1997          69     0.01640  0.01626  0.50   83062    1351   82387  1362907  16.41
  1997          70     0.01758  0.01743  0.50   81711    1424   80999  1280520  15.67
  1997          71     0.01848  0.01831  0.50   80287    1470   79552  1199521  14.94
  1997          72     0.01970  0.01951  0.50   78817    1538   78048  1119969  14.21
  1997          73     0.02179  0.02156  0.50   77279    1666   76446  1041921  13.48
  1997          74     0.02440  0.02410  0.50   75613    1822   74702   965475  12.77
  1997          75     0.02708  0.02672  0.50   73791    1972   72805   890773  12.07
  1997          76     0.03004  0.02960  0.50   71819    2126   70756   817968  11.39
  1997          77     0.03390  0.03334  0.50   69694    2323   68532   747212  10.72
  1997          78     0.03910  0.03835  0.50   67370    2584   66078   678680  10.07
  1997          79     0.04511  0.04412  0.50   64786    2858   63357   612602   9.46
  1997          80     0.05132  0.05004  0.50   61928    3099   60379   549244   8.87
  1997          81     0.05784  0.05621  0.50   58829    3307   57176   488866   8.31
  1997          82     0.06496  0.06292  0.50   55522    3493   53776   431690   7.78
  1997          83     0.07294  0.07037  0.50   52029    3661   50198   377914   7.26
  1997          84     0.08191  0.07869  0.50   48368    3806   46465   327716   6.78
  1997          85     0.09197  0.08792  0.50   44562    3918   42603   281251   6.31
  1997          86     0.10320  0.09814  0.50   40644    3989   38649   238648   5.87
  1997          87     0.11571  0.10939  0.50   36655    4010   34650   199999   5.46
  1997          88     0.12961  0.12173  0.50   32646    3974   30659   165349   5.06
  1997          89     0.14502  0.13521  0.50   28672    3877   26733   134690   4.70
  1997          90     0.16204  0.14989  0.50   24795    3717   22937   107957   4.35
  1997          91     0.18078  0.16579  0.50   21078    3495   19331    85020   4.03
  1997          92     0.20133  0.18291  0.50   17584    3216   15976    65689   3.74
  1997          93     0.22376  0.20125  0.50   14367    2891   12922    49713   3.46
  1997          94     0.24811  0.22073  0.50   11476    2533   10209    36792   3.21
  1997          95     0.27439  0.24129  0.50    8943    2158    7864    26582   2.97
  1997          96     0.30256  0.26280  0.50    6785    1783    5894    18718   2.76
  1997          97     0.33251  0.28511  0.50    5002    1426    4289    12825   2.56
  1997          98     0.36411  0.30803  0.50    3576    1101    3025     8536   2.39
  1997          99     0.39715  0.33135  0.50    2474     820    2064     5511   2.23
  1997         100     0.43137  0.35484  0.50    1654     587    1361     3446   2.08
  1997         101     0.46647  0.37825  0.50    1067     404     866     2085   1.95
  1997         102     0.50211  0.40135  0.50     664     266     530     1220   1.84
  1997         103     0.53790  0.42389  0.50     397     168     313      689   1.73
  1997         104     0.57345  0.44567  0.50     229     102     178      376   1.64
  1997         105     0.60837  0.46648  0.50     127      59      97      198   1.56
  1997         106     0.64227  0.48615  0.50      68      33      51      101   1.49
  1997         107     0.67480  0.50456  0.50      35      18      26       50   1.43
  1997         108     0.70589  0.52174  0.50      17       9      13       24   1.37
  1997         109     0.73563  0.53781  0.50       8       4       6       11   1.32
  1997         110+    0.78124  1.00000  1.28       4       4       5        5   1.28
  1998           0     0.00376  0.00375  0.19  100000     375   99698  8027655  80.28
  1998           1     0.00058  0.00058  0.50   99625      57   99596  7927957  79.58
  1998           2     0.00043  0.00043  0.50   99568      43   99546  7828361  78.62
  1998           3     0.00035  0.00035  0.50   99525      35   99507  7728814  77.66
  1998           4     0.00032  0.00032  0.50   99490      32   99474  7629307  76.68
  1998           5     0.00032  0.00032  0.50   99458      32   99442  7529833  75.71
  1998           6     0.00031  0.00031  0.50   99427      31   99411  7430391  74.73
  1998           7     0.00026  0.00026  0.50   99396      26   99383  7330979  73.76
  1998           8     0.00020  0.00020  0.50   99370      20   99360  7231596  72.77
  1998           9     0.00015  0.00015  0.50   99350      14   99343  7132236  71.79
  1998          10     0.00012  0.00012  0.50   99336      12   99330  7032893  70.80
  1998          11     0.00011  0.00011  0.50   99324      11   99318  6933564  69.81
  1998          12     0.00012  0.00012  0.50   99313      11   99307  6834245  68.82
  1998          13     0.00014  0.00014  0.50   99301      14   99295  6734938  67.82
  1998          14     0.00018  0.00018  0.50   99288      18   99279  6635643  66.83
  1998          15     0.00025  0.00025  0.50   99270      25   99257  6536365  65.84
  1998          16     0.00035  0.00035  0.50   99244      35   99227  6437108  64.86
  1998          17     0.00046  0.00046  0.50   99210      46   99187  6337881  63.88
  1998          18     0.00059  0.00059  0.50   99164      58   99135  6238694  62.91
  1998          19     0.00070  0.00070  0.50   99106      70   99071  6139560  61.95
  1998          20     0.00082  0.00082  0.50   99036      81   98996  6040489  60.99
  1998          21     0.00088  0.00088  0.50   98955      87   98912  5941493  60.04
  1998          22     0.00083  0.00083  0.50   98868      82   98827  5842582  59.09
  1998          23     0.00072  0.00072  0.50   98786      71   98751  5743754  58.14
  1998          24     0.00060  0.00060  0.50   98715      59   98686  5645003  57.18
  1998          25     0.00054  0.00054  0.50   98656      53   98629  5546318  56.22
  1998          26     0.00054  0.00054  0.50   98603      53   98576  5447688  55.25
  1998          27     0.00056  0.00056  0.50   98550      55   98522  5349112  54.28
  1998          28     0.00059  0.00059  0.50   98494      58   98465  5250590  53.31
  1998          29     0.00062  0.00062  0.50   98436      61   98406  5152125  52.34
  1998          30     0.00065  0.00065  0.50   98375      64   98343  5053720  51.37
  1998          31     0.00069  0.00069  0.50   98311      68   98277  4955376  50.41
  1998          32     0.00072  0.00072  0.50   98243      70   98208  4857099  49.44
  1998          33     0.00075  0.00075  0.50   98173      74   98136  4758892  48.47
  1998          34     0.00081  0.00081  0.50   98099      79   98059  4660756  47.51
  1998          35     0.00087  0.00087  0.50   98020      85   97977  4562697  46.55
  1998          36     0.00091  0.00091  0.50   97934      89   97890  4464720  45.59
  1998          37     0.00097  0.00097  0.50   97845      95   97797  4366830  44.63
  1998          38     0.00108  0.00108  0.50   97750     105   97697  4269032  43.67
  1998          39     0.00124  0.00124  0.50   97645     121   97584  4171335  42.72
  1998          40     0.00145  0.00145  0.50   97523     141   97453  4073751  41.77
  1998          41     0.00166  0.00166  0.50   97382     161   97301  3976299  40.83
  1998          42     0.00182  0.00182  0.50   97221     177   97132  3878998  39.90
  1998          43     0.00192  0.00192  0.50   97044     186   96951  3781865  38.97
  1998          44     0.00197  0.00197  0.50   96858     191   96763  3684914  38.04
  1998          45     0.00203  0.00203  0.50   96668     196   96570  3588151  37.12
  1998          46     0.00215  0.00215  0.50   96472     207   96368  3491581  36.19
  1998          47     0.00232  0.00232  0.50   96264     223   96153  3395214  35.27
  1998          48     0.00253  0.00253  0.50   96041     243   95920  3299061  34.35
  1998          49     0.00279  0.00278  0.50   95799     267   95665  3203141  33.44
  1998          50     0.00306  0.00305  0.50   95532     292   95386  3107476  32.53
  1998          51     0.00332  0.00332  0.50   95240     316   95082  3012090  31.63
  1998          52     0.00359  0.00358  0.50   94924     340   94754  2917007  30.73
  1998          53     0.00389  0.00388  0.50   94584     367   94401  2822253  29.84
  1998          54     0.00426  0.00425  0.50   94217     400   94017  2727853  28.95
  1998          55     0.00466  0.00465  0.50   93817     436   93599  2633836  28.07
  1998          56     0.00507  0.00505  0.50   93381     472   93145  2540237  27.20
  1998          57     0.00546  0.00545  0.50   92909     506   92656  2447092  26.34
  1998          58     0.00589  0.00587  0.50   92403     543   92131  2354436  25.48
  1998          59     0.00650  0.00648  0.50   91860     595   91562  2262304  24.63
  1998          60     0.00727  0.00725  0.50   91265     661   90934  2170742  23.79
  1998          61     0.00812  0.00808  0.50   90603     732   90237  2079808  22.96
  1998          62     0.00892  0.00888  0.50   89871     798   89472  1989571  22.14
  1998          63     0.00958  0.00954  0.50   89073     849   88649  1900099  21.33
  1998          64     0.01023  0.01017  0.50   88224     898   87775  1811450  20.53
  1998          65     0.01100  0.01094  0.50   87326     955   86849  1723675  19.74
  1998          66     0.01201  0.01194  0.50   86371    1031   85855  1636827  18.95
  1998          67     0.01332  0.01324  0.50   85340    1130   84775  1550971  18.17
  1998          68     0.01494  0.01483  0.50   84210    1249   83586  1466196  17.41
  1998          69     0.01674  0.01661  0.50   82961    1378   82272  1382611  16.67
  1998          70     0.01852  0.01835  0.50   81583    1497   80835  1300339  15.94
  1998          71     0.01996  0.01976  0.50   80087    1583   79295  1219504  15.23
  1998          72     0.02120  0.02097  0.50   78504    1647   77681  1140208  14.52
  1998          73     0.02249  0.02224  0.50   76857    1710   76003  1062528  13.82
  1998          74     0.02418  0.02389  0.50   75148    1796   74250   986525  13.13
  1998          75     0.02654  0.02620  0.50   73352    1922   72391   912275  12.44
  1998          76     0.02956  0.02913  0.50   71431    2081   70390   839884  11.76
  1998          77     0.03319  0.03265  0.50   69350    2264   68218   769494  11.10
  1998          78     0.03748  0.03679  0.50   67086    2468   65852   701276  10.45
  1998          79     0.04264  0.04175  0.50   64618    2698   63269   635424   9.83
  1998          80     0.04882  0.04766  0.50   61920    2951   60444   572155   9.24
  1998          81     0.05568  0.05417  0.50   58969    3194   57372   511711   8.68
  1998          82     0.06286  0.06095  0.50   55775    3399   54075   454339   8.15
  1998          83     0.07044  0.06804  0.50   52375    3564   50593   400264   7.64
  1998          84     0.07858  0.07561  0.50   48812    3691   46966   349671   7.16
  1998          85     0.08744  0.08377  0.50   45121    3780   43231   302705   6.71
  1998          86     0.09716  0.09265  0.50   41341    3830   39426   259474   6.28
  1998          87     0.10787  0.10235  0.50   37511    3839   35591   220048   5.87
  1998          88     0.11967  0.11291  0.50   33671    3802   31770   184457   5.48
  1998          89     0.13265  0.12440  0.50   29869    3716   28012   152687   5.11
  1998          90     0.14687  0.13683  0.50   26154    3579   24365   124675   4.77
  1998          91     0.16243  0.15023  0.50   22575    3391   20880   100310   4.44
  1998          92     0.17938  0.16462  0.50   19184    3158   17605    79431   4.14
  1998          93     0.19779  0.17999  0.50   16026    2884   14584    61826   3.86
  1998          94     0.21769  0.19632  0.50   13141    2580   11851    47242   3.59
  1998          95     0.23913  0.21359  0.50   10561    2256    9434    35391   3.35
  1998          96     0.26210  0.23174  0.50    8306    1925    7343    25957   3.13
  1998          97     0.28660  0.25068  0.50    6381    1600    5581    18614   2.92
  1998          98     0.31257  0.27032  0.50    4781    1293    4135    13033   2.73
  1998          99     0.33993  0.29054  0.50    3489    1014    2982     8898   2.55
  1998         100     0.36855  0.31120  0.50    2475     770    2090     5916   2.39
  1998         101     0.39828  0.33214  0.50    1705     566    1422     3826   2.24
  1998         102     0.42892  0.35318  0.50    1139     402     938     2404   2.11
  1998         103     0.46024  0.37415  0.50     736     276     599     1467   1.99
  1998         104     0.49198  0.39485  0.50     461     182     370      868   1.88
  1998         105     0.52386  0.41513  0.50     279     116     221      498   1.78
  1998         106     0.55562  0.43482  0.50     163      71     128      277   1.70
  1998         107     0.58702  0.45382  0.50      92      42      71      149   1.62
  1998         108     0.61800  0.47211  0.50      50      24      38       78   1.55
  1998         109     0.64854  0.48974  0.50      27      13      20       39   1.48
  1998         110+    0.70088  1.00000  1.43      14      14      19       19   1.43
  1999           0     0.00395  0.00393  0.19  100000     393   99680  8058290  80.58
  1999           1     0.00077  0.00077  0.50   99607      76   99568  7958610  79.90
  1999           2     0.00062  0.00062  0.50   99530      62   99499  7859042  78.96
  1999           3     0.00044  0.00044  0.50   99468      44   99446  7759543  78.01
  1999           4     0.00027  0.00027  0.50   99424      26   99411  7660097  77.04
  1999           5     0.00015  0.00015  0.50   99398      15   99390  7560686  76.06
  1999           6     0.00008  0.00008  0.50   99383       8   99379  7461295  75.08
  1999           7     0.00006  0.00006  0.50   99375       6   99372  7361916  74.08
  1999           8     0.00009  0.00009  0.50   99369       9   99364  7262544  73.09
  1999           9     0.00014  0.00014  0.50   99360      14   99353  7163180  72.09
  1999          10     0.00019  0.00019  0.50   99346      19   99337  7063827  71.10
  1999          11     0.00020  0.00020  0.50   99328      20   99318  6964490  70.12
  1999          12     0.00017  0.00017  0.50   99308      17   99299  6865173  69.13
  1999          13     0.00018  0.00018  0.50   99290      18   99281  6765874  68.14
  1999          14     0.00023  0.00023  0.50   99272      23   99261  6666592  67.15
  1999          15     0.00032  0.00032  0.50   99250      32   99234  6567331  66.17
  1999          16     0.00042  0.00042  0.50   99218      42   99197  6468097  65.19
  1999          17     0.00051  0.00051  0.50   99176      51   99151  6368900  64.22
  1999          18     0.00060  0.00060  0.50   99126      60   99096  6269749  63.25
  1999          19     0.00069  0.00069  0.50   99066      68   99032  6170653  62.29
  1999          20     0.00070  0.00070  0.50   98997      70   98963  6071622  61.33
  1999          21     0.00064  0.00064  0.50   98928      63   98896  5972659  60.37
  1999          22     0.00052  0.00052  0.50   98865      51   98839  5873763  59.41
  1999          23     0.00041  0.00041  0.50   98814      41   98794  5774923  58.44
  1999          24     0.00038  0.00038  0.50   98773      37   98755  5676130  57.47
  1999          25     0.00040  0.00040  0.50   98736      40   98716  5577375  56.49
  1999          26     0.00044  0.00044  0.50   98696      44   98674  5478659  55.51
  1999          27     0.00044  0.00044  0.50   98652      44   98631  5379985  54.53
  1999          28     0.00039  0.00039  0.50   98609      39   98589  5281354  53.56
  1999          29     0.00032  0.00032  0.50   98570      32   98554  5182765  52.58
  1999          30     0.00031  0.00031  0.50   98538      30   98523  5084211  51.60
  1999          31     0.00035  0.00035  0.50   98508      35   98491  4985688  50.61
  1999          32     0.00043  0.00043  0.50   98473      43   98452  4887197  49.63
  1999          33     0.00053  0.00053  0.50   98430      52   98404  4788745  48.65
  1999          34     0.00065  0.00065  0.50   98378      64   98346  4690341  47.68
  1999          35     0.00084  0.00084  0.50   98315      83   98273  4591994  46.71
  1999          36     0.00111  0.00111  0.50   98232     109   98177  4493721  45.75
  1999          37     0.00127  0.00127  0.50   98123     125   98060  4395544  44.80
  1999          38     0.00126  0.00126  0.50   97998     123   97936  4297483  43.85
  1999          39     0.00109  0.00109  0.50   97874     107   97821  4199547  42.91
  1999          40     0.00094  0.00094  0.50   97768      92   97722  4101726  41.95
  1999          41     0.00096  0.00096  0.50   97676      94   97629  4004004  40.99
  1999          42     0.00112  0.00112  0.50   97582     109   97528  3906375  40.03
  1999          43     0.00136  0.00136  0.50   97473     132   97407  3808847  39.08
  1999          44     0.00165  0.00164  0.50   97341     160   97261  3711440  38.13
  1999          45     0.00198  0.00198  0.50   97181     192   97085  3614179  37.19
  1999          46     0.00233  0.00232  0.50   96989     225   96876  3517094  36.26
  1999          47     0.00259  0.00259  0.50   96763     250   96638  3420217  35.35
  1999          48     0.00282  0.00281  0.50   96513     271   96378  3323579  34.44
  1999          49     0.00309  0.00309  0.50   96242     297   96093  3227201  33.53
  1999          50     0.00343  0.00342  0.50   95945     328   95781  3131108  32.63
  1999          51     0.00380  0.00380  0.50   95616     363   95435  3035328  31.74
  1999          52     0.00416  0.00415  0.50   95253     395   95056  2939893  30.86
  1999          53     0.00443  0.00442  0.50   94858     420   94648  2844837  29.99
  1999          54     0.00466  0.00465  0.50   94439     440   94219  2750188  29.12
  1999          55     0.00494  0.00492  0.50   93999     463   93768  2655969  28.26
  1999          56     0.00531  0.00530  0.50   93536     496   93288  2562202  27.39
  1999          57     0.00577  0.00575  0.50   93041     535   92773  2468913  26.54
  1999          58     0.00627  0.00625  0.50   92505     578   92216  2376140  25.69
  1999          59     0.00687  0.00685  0.50   91927     630   91612  2283924  24.84
  1999          60     0.00746  0.00743  0.50   91297     678   90958  2192312  24.01
  1999          61     0.00792  0.00789  0.50   90619     715   90261  2101354  23.19
  1999          62     0.00838  0.00835  0.50   89904     750   89529  2011092  22.37
  1999          63     0.00897  0.00893  0.50   89154     796   88755  1921563  21.55
  1999          64     0.00973  0.00968  0.50   88357     856   87929  1832808  20.74
  1999          65     0.01068  0.01063  0.50   87502     930   87037  1744878  19.94
  1999          66     0.01193  0.01186  0.50   86572    1026   86059  1657842  19.15
  1999          67     0.01335  0.01326  0.50   85545    1134   84978  1571783  18.37
  1999          68     0.01480  0.01470  0.50   84411    1240   83791  1486805  17.61
  1999          69     0.01621  0.01608  0.50   83171    1337   82502  1403014  16.87
  1999          70     0.01755  0.01739  0.50   81833    1423   81122  1320512  16.14
  1999          71     0.01892  0.01874  0.50   80410    1507   79656  1239391  15.41
  1999          72     0.02027  0.02007  0.50   78903    1583   78111  1159734  14.70
  1999          73     0.02157  0.02134  0.50   77319    1650   76494  1081623  13.99
  1999          74     0.02317  0.02290  0.50   75669    1733   74803  1005129  13.28
  1999          75     0.02552  0.02520  0.50   73937    1863   73005   930326  12.58
  1999          76     0.02897  0.02855  0.50   72074    2058   71045   857321  11.90
  1999          77     0.03316  0.03262  0.50   70016    2284   68874   786276  11.23
  1999          78     0.03766  0.03697  0.50   67732    2504   66480   717402  10.59
  1999          79     0.04248  0.04160  0.50   65228    2713   63871   650922   9.98
  1999          80     0.04772  0.04661  0.50   62515    2914   61058   587051   9.39
  1999          81     0.05354  0.05214  0.50   59601    3108   58047   525993   8.83
  1999          82     0.06006  0.05831  0.50   56493    3294   54846   467946   8.28
  1999          83     0.06730  0.06511  0.50   53199    3464   51467   413100   7.77
  1999          84     0.07533  0.07259  0.50   49735    3611   47930   361633   7.27
  1999          85     0.08422  0.08082  0.50   46125    3728   44261   313703   6.80
  1999          86     0.09405  0.08983  0.50   42397    3808   40493   269442   6.36
  1999          87     0.10490  0.09967  0.50   38589    3846   36666   228949   5.93
  1999          88     0.11684  0.11039  0.50   34743    3835   32825   192283   5.53
  1999          89     0.12996  0.12203  0.50   30907    3772   29022   159458   5.16
  1999          90     0.14433  0.13462  0.50   27136    3653   25309   130436   4.81
  1999          91     0.16003  0.14817  0.50   23483    3480   21743   105127   4.48
  1999          92     0.17712  0.16271  0.50   20003    3255   18376    83384   4.17
  1999          93     0.19566  0.17822  0.50   16748    2985   15256    65008   3.88
  1999          94     0.21568  0.19469  0.50   13764    2680   12424    49752   3.61
  1999          95     0.23723  0.21207  0.50   11084    2351    9909    37329   3.37
  1999          96     0.26029  0.23032  0.50    8733    2011    7728    27420   3.14
  1999          97     0.28486  0.24934  0.50    6722    1676    5884    19692   2.93
  1999          98     0.31087  0.26905  0.50    5046    1358    4367    13808   2.74
  1999          99     0.33825  0.28932  0.50    3688    1067    3155     9441   2.56
  1999         100     0.36688  0.31001  0.50    2621     813    2215     6287   2.40
  1999         101     0.39661  0.33098  0.50    1809     599    1509     4072   2.25
  1999         102     0.42727  0.35206  0.50    1210     426     997     2562   2.12
  1999         103     0.45862  0.37307  0.50     784     292     638     1565   2.00
  1999         104     0.49043  0.39385  0.50     492     194     395      928   1.89
  1999         105     0.52241  0.41422  0.50     298     123     236      533   1.79
  1999         106     0.55428  0.43400  0.50     175      76     137      297   1.70
  1999         107     0.58576  0.45307  0.50      99      45      76      160   1.62
  1999         108     0.61672  0.47137  0.50      54      25      41       84   1.55
  1999         109     0.64709  0.48891  0.50      29      14      22       42   1.49
  1999         110+    0.69981  1.00000  1.43      15      15      21       21   1.43
  2000           0     0.00294  0.00293  0.20  100000     293   99766  8101682  81.02
  2000           1     0.00038  0.00038  0.50   99707      38   99688  8001916  80.25
  2000           2     0.00040  0.00040  0.50   99669      39   99649  7902228  79.28
  2000           3     0.00036  0.00036  0.50   99630      36   99612  7802579  78.32
  2000           4     0.00029  0.00029  0.50   99594      28   99580  7702967  77.34
  2000           5     0.00021  0.00021  0.50   99565      20   99555  7603388  76.37
  2000           6     0.00014  0.00014  0.50   99545      13   99538  7503833  75.38
  2000           7     0.00008  0.00008  0.50   99531       8   99527  7404294  74.39
  2000           8     0.00005  0.00005  0.50   99523       5   99521  7304767  73.40
  2000           9     0.00003  0.00003  0.50   99519       3   99517  7205246  72.40
  2000          10     0.00003  0.00003  0.50   99516       3   99514  7105729  71.40
  2000          11     0.00004  0.00004  0.50   99512       4   99510  7006215  70.41
  2000          12     0.00005  0.00005  0.50   99508       5   99506  6906705  69.41
  2000          13     0.00007  0.00007  0.50   99503       7   99500  6807199  68.41
  2000          14     0.00011  0.00011  0.50   99496      11   99491  6707699  67.42
  2000          15     0.00016  0.00016  0.50   99485      16   99477  6608209  66.42
  2000          16     0.00022  0.00022  0.50   99469      22   99458  6508732  65.43
  2000          17     0.00031  0.00031  0.50   99447      31   99432  6409273  64.45
  2000          18     0.00040  0.00040  0.50   99417      40   99397  6309841  63.47
  2000          19     0.00048  0.00048  0.50   99377      48   99353  6210445  62.49
  2000          20     0.00051  0.00051  0.50   99329      51   99304  6111092  61.52
  2000          21     0.00051  0.00051  0.50   99278      50   99253  6011788  60.55
  2000          22     0.00050  0.00050  0.50   99228      50   99203  5912535  59.59
  2000          23     0.00050  0.00050  0.50   99178      50   99153  5813332  58.62
  2000          24     0.00050  0.00050  0.50   99128      50   99104  5714179  57.64
  2000          25     0.00051  0.00051  0.50   99079      51   99053  5615075  56.67
  2000          26     0.00054  0.00054  0.50   99028      53   99001  5516022  55.70
  2000          27     0.00058  0.00058  0.50   98974      57   98946  5417021  54.73
  2000          28     0.00063  0.00063  0.50   98917      63   98886  5318075  53.76
  2000          29     0.00070  0.00070  0.50   98855      69   98820  5219189  52.80
  2000          30     0.00073  0.00073  0.50   98786      72   98750  5120369  51.83
  2000          31     0.00074  0.00074  0.50   98713      73   98677  5021619  50.87
  2000          32     0.00071  0.00071  0.50   98641      70   98606  4922942  49.91
  2000          33     0.00070  0.00070  0.50   98570      69   98536  4824337  48.94
  2000          34     0.00076  0.00076  0.50   98501      75   98464  4725801  47.98
  2000          35     0.00087  0.00087  0.50   98426      86   98383  4627337  47.01
  2000          36     0.00101  0.00101  0.50   98341      99   98291  4528954  46.05
  2000          37     0.00113  0.00113  0.50   98242     111   98186  4430663  45.10
  2000          38     0.00122  0.00122  0.50   98130     120   98070  4332477  44.15
  2000          39     0.00128  0.00128  0.50   98010     125   97948  4234407  43.20
  2000          40     0.00131  0.00131  0.50   97885     128   97821  4136459  42.26
  2000          41     0.00135  0.00135  0.50   97757     132   97691  4038638  41.31
  2000          42     0.00143  0.00143  0.50   97625     139   97555  3940947  40.37
  2000          43     0.00157  0.00157  0.50   97486     153   97409  3843392  39.43
  2000          44     0.00179  0.00179  0.50   97333     174   97246  3745983  38.49
  2000          45     0.00200  0.00199  0.50   97158     194   97061  3648737  37.55
  2000          46     0.00209  0.00209  0.50   96965     202   96863  3551676  36.63
  2000          47     0.00218  0.00218  0.50   96762     211   96657  3454812  35.70
  2000          48     0.00238  0.00237  0.50   96551     229   96437  3358156  34.78
  2000          49     0.00273  0.00273  0.50   96322     263   96191  3261719  33.86
  2000          50     0.00322  0.00321  0.50   96060     308   95905  3165528  32.95
  2000          51     0.00378  0.00377  0.50   95751     361   95571  3069623  32.06
  2000          52     0.00434  0.00433  0.50   95390     413   95184  2974052  31.18
  2000          53     0.00482  0.00481  0.50   94977     456   94749  2878869  30.31
  2000          54     0.00504  0.00503  0.50   94520     475   94283  2784120  29.46
  2000          55     0.00511  0.00510  0.50   94045     479   93805  2689837  28.60
  2000          56     0.00518  0.00517  0.50   93566     483   93324  2596032  27.75
  2000          57     0.00538  0.00536  0.50   93082     499   92833  2502708  26.89
  2000          58     0.00574  0.00573  0.50   92583     530   92318  2409875  26.03
  2000          59     0.00610  0.00608  0.50   92053     560   91773  2317557  25.18
  2000          60     0.00648  0.00646  0.50   91493     591   91198  2225784  24.33
  2000          61     0.00700  0.00698  0.50   90902     634   90585  2134587  23.48
  2000          62     0.00766  0.00763  0.50   90268     689   89923  2044002  22.64
  2000          63     0.00844  0.00841  0.50   89579     753   89202  1954078  21.81
  2000          64     0.00931  0.00926  0.50   88826     823   88415  1864876  20.99
  2000          65     0.01023  0.01018  0.50   88003     896   87555  1776461  20.19
  2000          66     0.01134  0.01128  0.50   87107     983   86616  1688906  19.39
  2000          67     0.01275  0.01267  0.50   86124    1091   85579  1602290  18.60
  2000          68     0.01447  0.01437  0.50   85033    1222   84423  1516711  17.84
  2000          69     0.01617  0.01604  0.50   83812    1344   83140  1432289  17.09
  2000          70     0.01753  0.01738  0.50   82467    1433   81751  1349149  16.36
  2000          71     0.01866  0.01849  0.50   81034    1498   80285  1267398  15.64
  2000          72     0.01981  0.01962  0.50   79536    1560   78756  1187113  14.93
  2000          73     0.02125  0.02102  0.50   77976    1639   77156  1108358  14.21
  2000          74     0.02319  0.02292  0.50   76336    1750   75461  1031202  13.51
  2000          75     0.02571  0.02538  0.50   74587    1893   73640   955740  12.81
  2000          76     0.02849  0.02809  0.50   72693    2042   71672   882100  12.13
  2000          77     0.03168  0.03119  0.50   70651    2203   69549   810428  11.47
  2000          78     0.03555  0.03493  0.50   68448    2391   67252   740879  10.82
  2000          79     0.04022  0.03943  0.50   66057    2604   64754   673627  10.20
  2000          80     0.04569  0.04467  0.50   63452    2834   62035   608872   9.60
  2000          81     0.05170  0.05040  0.50   60618    3055   59091   546837   9.02
  2000          82     0.05804  0.05641  0.50   57563    3247   55940   487747   8.47
  2000          83     0.06486  0.06282  0.50   54316    3412   52610   431807   7.95
  2000          84     0.07233  0.06980  0.50   50904    3553   49127   379197   7.45
  2000          85     0.08061  0.07749  0.50   47350    3669   45516   330070   6.97
  2000          86     0.08983  0.08597  0.50   43681    3755   41804   284554   6.51
  2000          87     0.10012  0.09535  0.50   39926    3807   38023   242751   6.08
  2000          88     0.11156  0.10567  0.50   36119    3817   34211   204728   5.67
  2000          89     0.12425  0.11699  0.50   32303    3779   30413   170517   5.28
  2000          90     0.13830  0.12935  0.50   28524    3690   26679   140104   4.91
  2000          91     0.15377  0.14279  0.50   24834    3546   23061   113425   4.57
  2000          92     0.17077  0.15734  0.50   21288    3349   19613    90364   4.24
  2000          93     0.18938  0.17300  0.50   17938    3103   16387    70751   3.94
  2000          94     0.20963  0.18974  0.50   14835    2815   13428    54364   3.66
  2000          95     0.23158  0.20755  0.50   12020    2495   10773    40936   3.41
  2000          96     0.25524  0.22635  0.50    9525    2156    8447    30163   3.17
  2000          97     0.28057  0.24606  0.50    7369    1813    6463    21716   2.95
  2000          98     0.30753  0.26654  0.50    5556    1481    4816    15253   2.75
  2000          99     0.33601  0.28768  0.50    4075    1172    3489    10438   2.56
  2000         100     0.36587  0.30929  0.50    2903     898    2454     6949   2.39
  2000         101     0.39693  0.33120  0.50    2005     664    1673     4495   2.24
  2000         102     0.42897  0.35321  0.50    1341     474    1104     2822   2.10
  2000         103     0.46171  0.37511  0.50     867     325     705     1718   1.98
  2000         104     0.49487  0.39671  0.50     542     215     434     1013   1.87
  2000         105     0.52812  0.41780  0.50     327     137     259      578   1.77
  2000         106     0.56114  0.43820  0.50     190      83     149      320   1.68
  2000         107     0.59365  0.45777  0.50     107      49      82      171   1.60
  2000         108     0.62554  0.47650  0.50      58      28      44       89   1.53
  2000         109     0.65680  0.49443  0.50      30      15      23       44   1.47
  2000         110+    0.70970  1.00000  1.41      15      15      22       22   1.41
  2001           0     0.00351  0.00350  0.19  100000     350   99717  8143107  81.43
  2001           1     0.00073  0.00073  0.50   99650      72   99614  8043390  80.72
  2001           2     0.00051  0.00051  0.50   99578      51   99552  7943775  79.77
  2001           3     0.00038  0.00038  0.50   99527      38   99508  7844223  78.82
  2001           4     0.00031  0.00031  0.50   99489      31   99473  7744715  77.85
  2001           5     0.00024  0.00024  0.50   99458      24   99446  7645242  76.87
  2001           6     0.00017  0.00017  0.50   99434      17   99425  7545796  75.89
  2001           7     0.00011  0.00011  0.50   99417      11   99411  7446371  74.90
  2001           8     0.00005  0.00005  0.50   99406       5   99404  7346959  73.91
  2001           9     0.00001  0.00001  0.50   99401       1   99401  7247556  72.91
  2001          10     0.00000  0.00000  0.50   99400       0   99400  7148155  71.91
  2001          11     0.00000  0.00000  0.50   99400       0   99400  7048755  70.91
  2001          12     0.00002  0.00002  0.50   99400       2   99399  6949355  69.91
  2001          13     0.00007  0.00007  0.50   99399       7   99395  6849955  68.91
  2001          14     0.00014  0.00014  0.50   99392      14   99385  6750560  67.92
  2001          15     0.00022  0.00022  0.50   99378      22   99367  6651176  66.93
  2001          16     0.00030  0.00030  0.50   99356      30   99341  6551809  65.94
  2001          17     0.00039  0.00039  0.50   99326      39   99306  6452468  64.96
  2001          18     0.00049  0.00049  0.50   99287      48   99263  6353161  63.99
  2001          19     0.00056  0.00056  0.50   99239      56   99210  6253899  63.02
  2001          20     0.00060  0.00060  0.50   99182      59   99153  6154688  62.05
  2001          21     0.00058  0.00058  0.50   99123      57   99095  6055535  61.09
  2001          22     0.00051  0.00051  0.50   99066      50   99041  5956441  60.13
  2001          23     0.00044  0.00044  0.50   99016      44   98994  5857400  59.16
  2001          24     0.00043  0.00043  0.50   98972      42   98951  5758406  58.18
  2001          25     0.00046  0.00046  0.50   98930      45   98907  5659455  57.21
  2001          26     0.00052  0.00052  0.50   98884      52   98858  5560548  56.23
  2001          27     0.00061  0.00061  0.50   98832      60   98802  5461690  55.26
  2001          28     0.00069  0.00069  0.50   98772      68   98738  5362887  54.30
  2001          29     0.00073  0.00073  0.50   98704      72   98668  5264150  53.33
  2001          30     0.00070  0.00070  0.50   98631      69   98597  5165482  52.37
  2001          31     0.00064  0.00064  0.50   98562      63   98531  5066885  51.41
  2001          32     0.00059  0.00059  0.50   98499      58   98470  4968354  50.44
  2001          33     0.00060  0.00060  0.50   98441      59   98412  4869884  49.47
  2001          34     0.00067  0.00067  0.50   98382      66   98349  4771473  48.50
  2001          35     0.00078  0.00078  0.50   98316      77   98278  4673123  47.53
  2001          36     0.00089  0.00089  0.50   98239      87   98196  4574846  46.57
  2001          37     0.00098  0.00098  0.50   98152      96   98104  4476650  45.61
  2001          38     0.00104  0.00104  0.50   98056     102   98005  4378546  44.65
  2001          39     0.00108  0.00107  0.50   97954     105   97901  4280541  43.70
  2001          40     0.00112  0.00112  0.50   97848     110   97793  4182640  42.75
  2001          41     0.00123  0.00122  0.50   97739     120   97679  4084847  41.79
  2001          42     0.00136  0.00136  0.50   97619     133   97552  3987168  40.84
  2001          43     0.00153  0.00152  0.50   97486     149   97412  3889616  39.90
  2001          44     0.00172  0.00171  0.50   97337     167   97254  3792204  38.96
  2001          45     0.00194  0.00194  0.50   97170     188   97076  3694950  38.03
  2001          46     0.00219  0.00219  0.50   96982     212   96876  3597874  37.10
  2001          47     0.00240  0.00240  0.50   96770     232   96654  3500998  36.18
  2001          48     0.00257  0.00256  0.50   96538     247   96414  3404344  35.26
  2001          49     0.00271  0.00271  0.50   96291     261   96160  3307930  34.35
  2001          50     0.00292  0.00292  0.50   96030     280   95890  3211770  33.45
  2001          51     0.00325  0.00324  0.50   95750     310   95594  3115880  32.54
  2001          52     0.00368  0.00368  0.50   95439     351   95264  3020286  31.65
  2001          53     0.00418  0.00418  0.50   95088     397   94890  2925022  30.76
  2001          54     0.00466  0.00465  0.50   94691     441   94471  2830132  29.89
  2001          55     0.00507  0.00505  0.50   94251     476   94013  2735661  29.03
  2001          56     0.00535  0.00534  0.50   93774     500   93524  2641648  28.17
  2001          57     0.00548  0.00546  0.50   93274     510   93019  2548124  27.32
  2001          58     0.00546  0.00545  0.50   92765     505   92512  2455105  26.47
  2001          59     0.00548  0.00546  0.50   92259     504   92007  2362593  25.61
  2001          60     0.00568  0.00567  0.50   91755     520   91495  2270585  24.75
  2001          61     0.00619  0.00618  0.50   91235     563   90954  2179090  23.88
  2001          62     0.00695  0.00692  0.50   90672     628   90358  2088136  23.03
  2001          63     0.00785  0.00782  0.50   90044     704   89692  1997778  22.19
  2001          64     0.00881  0.00877  0.50   89340     784   88948  1908086  21.36
  2001          65     0.00979  0.00974  0.50   88556     862   88125  1819138  20.54
  2001          66     0.01079  0.01073  0.50   87694     941   87223  1731013  19.74
  2001          67     0.01187  0.01180  0.50   86753    1023   86241  1643789  18.95
  2001          68     0.01305  0.01297  0.50   85729    1112   85174  1557548  18.17
  2001          69     0.01436  0.01425  0.50   84618    1206   84015  1472374  17.40
  2001          70     0.01579  0.01567  0.50   83412    1307   82758  1388360  16.64
  2001          71     0.01741  0.01726  0.50   82105    1417   81396  1305602  15.90
  2001          72     0.01923  0.01905  0.50   80687    1537   79919  1224205  15.17
  2001          73     0.02123  0.02101  0.50   79151    1663   78319  1144286  14.46
  2001          74     0.02334  0.02307  0.50   77488    1788   76594  1065967  13.76
  2001          75     0.02549  0.02517  0.50   75700    1905   74747   989373  13.07
  2001          76     0.02769  0.02731  0.50   73795    2015   72787   914626  12.39
  2001          77     0.03033  0.02988  0.50   71780    2144   70707   841839  11.73
  2001          78     0.03380  0.03324  0.50   69635    2314   68478   771131  11.07
  2001          79     0.03802  0.03731  0.50   67321    2512   66065   702653  10.44
  2001          80     0.04285  0.04195  0.50   64809    2719   63449   636589   9.82
  2001          81     0.04824  0.04710  0.50   62090    2925   60628   573139   9.23
  2001          82     0.05420  0.05277  0.50   59165    3122   57604   512512   8.66
  2001          83     0.06085  0.05905  0.50   56043    3309   54388   454908   8.12
  2001          84     0.06829  0.06603  0.50   52734    3482   50993   400519   7.60
  2001          85     0.07660  0.07378  0.50   49252    3634   47435   349526   7.10
  2001          86     0.08589  0.08235  0.50   45618    3757   43740   302092   6.62
  2001          87     0.09625  0.09183  0.50   41861    3844   39939   258352   6.17
  2001          88     0.10778  0.10227  0.50   38017    3888   36073   218413   5.75
  2001          89     0.12058  0.11372  0.50   34129    3881   32189   182340   5.34
  2001          90     0.13475  0.12624  0.50   30248    3819   28339   150151   4.96
  2001          91     0.15039  0.13988  0.50   26429    3697   24581   121813   4.61
  2001          92     0.16761  0.15465  0.50   22733    3516   20975    97232   4.28
  2001          93     0.18647  0.17057  0.50   19217    3278   17578    76257   3.97
  2001          94     0.20704  0.18762  0.50   15939    2991   14444    58679   3.68
  2001          95     0.22937  0.20577  0.50   12949    2665   11616    44235   3.42
  2001          96     0.25348  0.22496  0.50   10284    2314    9127    32618   3.17
  2001          97     0.27933  0.24510  0.50    7971    1954    6994    23491   2.95
  2001          98     0.30688  0.26606  0.50    6017    1601    5217    16497   2.74
  2001          99     0.33603  0.28769  0.50    4416    1270    3781    11281   2.55
  2001         100     0.36663  0.30983  0.50    3146     975    2658     7500   2.38
  2001         101     0.39847  0.33227  0.50    2171     721    1810     4841   2.23
  2001         102     0.43133  0.35481  0.50    1450     514    1192     3031   2.09
  2001         103     0.46491  0.37722  0.50     935     353     759     1839   1.97
  2001         104     0.49888  0.39928  0.50     582     233     466     1080   1.85
  2001         105     0.53292  0.42079  0.50     350     147     276      613   1.75
  2001         106     0.56669  0.44157  0.50     203      89     158      337   1.66
  2001         107     0.59993  0.46150  0.50     113      52      87      179   1.58
  2001         108     0.63255  0.48056  0.50      61      29      46       92   1.51
  2001         109     0.66456  0.49882  0.50      32      16      24       46   1.45
  2001         110+    0.71773  1.00000  1.39      16      16      22       22   1.39
  2002           0     0.00323  0.00322  0.20  100000     322   99743  8179032  81.79
  2002           1     0.00069  0.00069  0.50   99678      68   99644  8079289  81.05
  2002           2     0.00041  0.00041  0.50   99610      41   99590  7979645  80.11
  2002           3     0.00024  0.00024  0.50   99569      24   99557  7880055  79.14
  2002           4     0.00017  0.00017  0.50   99545      17   99537  7780498  78.16
  2002           5     0.00015  0.00015  0.50   99529      15   99521  7680961  77.17
  2002           6     0.00015  0.00015  0.50   99514      15   99507  7581439  76.18
  2002           7     0.00016  0.00016  0.50   99499      16   99491  7481933  75.20
  2002           8     0.00014  0.00014  0.50   99483      14   99476  7382442  74.21
  2002           9     0.00012  0.00012  0.50   99469      12   99463  7282966  73.22
  2002          10     0.00012  0.00012  0.50   99457      12   99451  7183503  72.23
  2002          11     0.00014  0.00014  0.50   99445      14   99438  7084052  71.24
  2002          12     0.00014  0.00014  0.50   99431      14   99424  6984614  70.25
  2002          13     0.00010  0.00010  0.50   99417      10   99412  6885190  69.26
  2002          14     0.00007  0.00007  0.50   99407       7   99403  6785779  68.26
  2002          15     0.00010  0.00010  0.50   99399      10   99395  6686376  67.27
  2002          16     0.00015  0.00015  0.50   99390      15   99382  6586981  66.27
  2002          17     0.00019  0.00019  0.50   99375      19   99365  6487599  65.28
  2002          18     0.00028  0.00028  0.50   99356      28   99342  6388233  64.30
  2002          19     0.00044  0.00044  0.50   99328      44   99306  6288891  63.31
  2002          20     0.00059  0.00059  0.50   99284      59   99255  6189586  62.34
  2002          21     0.00066  0.00066  0.50   99225      65   99192  6090331  61.38
  2002          22     0.00062  0.00062  0.50   99160      62   99129  5991139  60.42
  2002          23     0.00058  0.00058  0.50   99098      58   99069  5892010  59.46
  2002          24     0.00062  0.00062  0.50   99040      61   99009  5792941  58.49
  2002          25     0.00062  0.00062  0.50   98979      62   98948  5693931  57.53
  2002          26     0.00059  0.00059  0.50   98917      58   98888  5594983  56.56
  2002          27     0.00053  0.00053  0.50   98859      52   98833  5496095  55.60
  2002          28     0.00047  0.00047  0.50   98807      46   98784  5397262  54.62
  2002          29     0.00044  0.00044  0.50   98761      44   98739  5298479  53.65
  2002          30     0.00044  0.00044  0.50   98717      44   98695  5199740  52.67
  2002          31     0.00050  0.00050  0.50   98673      50   98648  5101045  51.70
  2002          32     0.00065  0.00065  0.50   98624      64   98592  5002396  50.72
  2002          33     0.00079  0.00079  0.50   98560      78   98521  4903805  49.75
  2002          34     0.00084  0.00084  0.50   98482      82   98441  4805284  48.79
  2002          35     0.00085  0.00085  0.50   98400      83   98358  4706843  47.83
  2002          36     0.00089  0.00089  0.50   98316      88   98272  4608485  46.87
  2002          37     0.00103  0.00103  0.50   98228     101   98178  4510213  45.92
  2002          38     0.00116  0.00116  0.50   98127     114   98071  4412035  44.96
  2002          39     0.00119  0.00119  0.50   98014     117   97955  4313964  44.01
  2002          40     0.00116  0.00116  0.50   97897     113   97841  4216009  43.07
  2002          41     0.00111  0.00111  0.50   97784     109   97730  4118169  42.11
  2002          42     0.00108  0.00108  0.50   97675     105   97623  4020439  41.16
  2002          43     0.00112  0.00112  0.50   97570     109   97516  3922816  40.21
  2002          44     0.00132  0.00132  0.50   97461     128   97397  3825300  39.25
  2002          45     0.00169  0.00168  0.50   97332     164   97250  3727904  38.30
  2002          46     0.00215  0.00214  0.50   97168     208   97064  3630653  37.36
  2002          47     0.00240  0.00240  0.50   96960     232   96844  3533589  36.44
  2002          48     0.00254  0.00254  0.50   96728     245   96605  3436745  35.53
  2002          49     0.00275  0.00274  0.50   96482     265   96350  3340140  34.62
  2002          50     0.00301  0.00300  0.50   96218     289   96073  3243790  33.71
  2002          51     0.00327  0.00326  0.50   95929     313   95772  3147717  32.81
  2002          52     0.00346  0.00346  0.50   95616     330   95451  3051944  31.92
  2002          53     0.00356  0.00356  0.50   95285     339   95116  2956493  31.03
  2002          54     0.00372  0.00372  0.50   94946     353   94770  2861378  30.14
  2002          55     0.00408  0.00407  0.50   94594     385   94401  2766607  29.25
  2002          56     0.00469  0.00468  0.50   94209     441   93988  2672206  28.36
  2002          57     0.00535  0.00534  0.50   93768     500   93518  2578218  27.50
  2002          58     0.00585  0.00584  0.50   93268     544   92996  2484700  26.64
  2002          59     0.00625  0.00623  0.50   92723     578   92434  2391704  25.79
  2002          60     0.00662  0.00659  0.50   92146     608   91842  2299270  24.95
  2002          61     0.00702  0.00700  0.50   91538     640   91218  2207428  24.11
  2002          62     0.00759  0.00756  0.50   90898     687   90554  2116210  23.28
  2002          63     0.00841  0.00837  0.50   90210     755   89833  2025656  22.45
  2002          64     0.00934  0.00930  0.50   89455     832   89039  1935823  21.64
  2002          65     0.01015  0.01010  0.50   88624     895   88176  1846784  20.84
  2002          66     0.01064  0.01058  0.50   87728     929   87264  1758608  20.05
  2002          67     0.01122  0.01115  0.50   86800     968   86316  1671344  19.26
  2002          68     0.01231  0.01224  0.50   85832    1051   85306  1585028  18.47
  2002          69     0.01376  0.01366  0.50   84781    1158   84202  1499722  17.69
  2002          70     0.01524  0.01513  0.50   83623    1265   82990  1415520  16.93
  2002          71     0.01669  0.01655  0.50   82358    1363   81676  1332530  16.18
  2002          72     0.01830  0.01813  0.50   80995    1469   80261  1250853  15.44
  2002          73     0.02034  0.02013  0.50   79526    1601   78726  1170593  14.72
  2002          74     0.02299  0.02273  0.50   77925    1771   77040  1091867  14.01
  2002          75     0.02606  0.02573  0.50   76154    1959   75174  1014827  13.33
  2002          76     0.02850  0.02810  0.50   74195    2085   73152   939653  12.66
  2002          77     0.03064  0.03017  0.50   72110    2176   71022   866501  12.02
  2002          78     0.03315  0.03261  0.50   69934    2280   68794   795479  11.37
  2002          79     0.03628  0.03563  0.50   67654    2411   66449   726685  10.74
  2002          80     0.04016  0.03937  0.50   65243    2569   63959   660236  10.12
  2002          81     0.04485  0.04387  0.50   62674    2749   61300   596277   9.51
  2002          82     0.05036  0.04912  0.50   59925    2944   58453   534978   8.93
  2002          83     0.05661  0.05505  0.50   56981    3137   55413   476524   8.36
  2002          84     0.06365  0.06169  0.50   53845    3322   52184   421111   7.82
  2002          85     0.07158  0.06911  0.50   50523    3491   48777   368927   7.30
  2002          86     0.08050  0.07738  0.50   47032    3639   45212   320150   6.81
  2002          87     0.09053  0.08661  0.50   43392    3758   41513   274938   6.34
  2002          88     0.10178  0.09685  0.50   39634    3839   37715   233425   5.89
  2002          89     0.11438  0.10820  0.50   35795    3873   33859   195711   5.47
  2002          90     0.12845  0.12070  0.50   31922    3853   29996   161852   5.07
  2002          91     0.14409  0.13441  0.50   28070    3773   26183   131856   4.70
  2002          92     0.16142  0.14937  0.50   24297    3629   22482   105673   4.35
  2002          93     0.18054  0.16559  0.50   20668    3422   18956    83191   4.03
  2002          94     0.20151  0.18306  0.50   17245    3157   15667    64234   3.72
  2002          95     0.22439  0.20175  0.50   14088    2842   12667    48567   3.45
  2002          96     0.24919  0.22158  0.50   11246    2492   10000    35900   3.19
  2002          97     0.27589  0.24244  0.50    8754    2122    7693    25900   2.96
  2002          98     0.30441  0.26420  0.50    6632    1752    5756    18207   2.75
  2002          99     0.33465  0.28668  0.50    4880    1399    4180    12452   2.55
  2002         100     0.36643  0.30969  0.50    3481    1078    2942     8272   2.38
  2002         101     0.39951  0.33299  0.50    2403     800    2003     5330   2.22
  2002         102     0.43364  0.35637  0.50    1603     571    1317     3327   2.08
  2002         103     0.46850  0.37958  0.50    1032     392     836     2010   1.95
  2002         104     0.50374  0.40239  0.50     640     258     511     1174   1.83
  2002         105     0.53899  0.42457  0.50     382     162     301      663   1.73
  2002         106     0.57386  0.44591  0.50     220      98     171      362   1.64
  2002         107     0.60797  0.46624  0.50     122      57      94      191   1.56
  2002         108     0.64108  0.48547  0.50      65      32      49       97   1.49
  2002         109     0.67311  0.50362  0.50      33      17      25       48   1.43
  2002         110+    0.72629  1.00000  1.38      17      17      23       23   1.38
  2003           0     0.00225  0.00224  0.21  100000     224   99824  8173120  81.73
  2003           1     0.00048  0.00048  0.50   99776      48   99752  8073297  80.91
  2003           2     0.00038  0.00038  0.50   99727      38   99708  7973545  79.95
  2003           3     0.00031  0.00031  0.50   99689      31   99674  7873837  78.98
  2003           4     0.00026  0.00026  0.50   99658      26   99645  7774163  78.01
  2003           5     0.00021  0.00021  0.50   99632      21   99622  7674518  77.03
  2003           6     0.00016  0.00016  0.50   99612      16   99604  7574896  76.04
  2003           7     0.00013  0.00013  0.50   99596      13   99589  7475292  75.06
  2003           8     0.00012  0.00012  0.50   99583      12   99577  7375703  74.07
  2003           9     0.00011  0.00011  0.50   99571      11   99566  7276126  73.07
  2003          10     0.00009  0.00009  0.50   99560       9   99556  7176560  72.08
  2003          11     0.00007  0.00007  0.50   99551       7   99548  7077005  71.09
  2003          12     0.00008  0.00008  0.50   99544       8   99540  6977457  70.09
  2003          13     0.00010  0.00010  0.50   99536      10   99531  6877917  69.10
  2003          14     0.00015  0.00015  0.50   99526      15   99519  6778386  68.11
  2003          15     0.00022  0.00022  0.50   99511      22   99500  6678867  67.12
  2003          16     0.00031  0.00031  0.50   99490      30   99474  6579366  66.13
  2003          17     0.00038  0.00038  0.50   99459      37   99440  6479892  65.15
  2003          18     0.00040  0.00040  0.50   99422      39   99402  6380452  64.18
  2003          19     0.00036  0.00036  0.50   99382      36   99364  6281050  63.20
  2003          20     0.00034  0.00034  0.50   99347      33   99330  6181685  62.22
  2003          21     0.00035  0.00035  0.50   99313      34   99296  6082355  61.24
  2003          22     0.00038  0.00038  0.50   99279      38   99260  5983059  60.27
  2003          23     0.00042  0.00042  0.50   99241      42   99220  5883800  59.29
  2003          24     0.00046  0.00046  0.50   99199      46   99176  5784580  58.31
  2003          25     0.00051  0.00051  0.50   99153      51   99127  5685404  57.34
  2003          26     0.00057  0.00057  0.50   99102      56   99074  5586277  56.37
  2003          27     0.00061  0.00061  0.50   99046      60   99016  5487203  55.40
  2003          28     0.00061  0.00061  0.50   98986      61   98955  5388188  54.43
  2003          29     0.00060  0.00060  0.50   98925      59   98895  5289233  53.47
  2003          30     0.00060  0.00060  0.50   98865      60   98835  5190338  52.50
  2003          31     0.00063  0.00063  0.50   98806      62   98774  5091502  51.53
  2003          32     0.00068  0.00068  0.50   98743      67   98710  4992728  50.56
  2003          33     0.00073  0.00073  0.50   98676      72   98640  4894018  49.60
  2003          34     0.00079  0.00079  0.50   98604      78   98565  4795378  48.63
  2003          35     0.00084  0.00084  0.50   98526      82   98485  4696813  47.67
  2003          36     0.00088  0.00088  0.50   98444      86   98400  4598328  46.71
  2003          37     0.00096  0.00096  0.50   98357      94   98310  4499927  45.75
  2003          38     0.00108  0.00108  0.50   98263     106   98210  4401617  44.79
  2003          39     0.00120  0.00120  0.50   98157     118   98098  4303407  43.84
  2003          40     0.00131  0.00131  0.50   98039     129   97975  4205309  42.89
  2003          41     0.00140  0.00140  0.50   97911     137   97842  4107334  41.95
  2003          42     0.00150  0.00149  0.50   97773     146   97700  4009492  41.01
  2003          43     0.00161  0.00161  0.50   97627     157   97549  3911792  40.07
  2003          44     0.00177  0.00177  0.50   97470     172   97384  3814243  39.13
  2003          45     0.00198  0.00198  0.50   97298     193   97201  3716859  38.20
  2003          46     0.00225  0.00225  0.50   97105     218   96996  3619657  37.28
  2003          47     0.00254  0.00254  0.50   96887     246   96764  3522661  36.36
  2003          48     0.00282  0.00282  0.50   96641     272   96505  3425897  35.45
  2003          49     0.00306  0.00306  0.50   96369     295   96222  3329392  34.55
  2003          50     0.00326  0.00325  0.50   96075     313   95918  3233170  33.65
  2003          51     0.00341  0.00341  0.50   95762     326   95599  3137252  32.76
  2003          52     0.00358  0.00357  0.50   95436     341   95265  3041653  31.87
  2003          53     0.00382  0.00381  0.50   95095     363   94914  2946388  30.98
  2003          54     0.00425  0.00424  0.50   94733     402   94532  2851474  30.10
  2003          55     0.00482  0.00481  0.50   94331     454   94104  2756942  29.23
  2003          56     0.00543  0.00541  0.50   93877     508   93623  2662839  28.37
  2003          57     0.00592  0.00591  0.50   93369     551   93093  2569216  27.52
  2003          58     0.00621  0.00619  0.50   92817     574   92530  2476123  26.68
  2003          59     0.00640  0.00638  0.50   92243     588   91949  2383593  25.84
  2003          60     0.00664  0.00662  0.50   91655     606   91352  2291644  25.00
  2003          61     0.00702  0.00699  0.50   91048     637   90730  2200293  24.17
  2003          62     0.00744  0.00742  0.50   90412     671   90076  2109563  23.33
  2003          63     0.00782  0.00779  0.50   89741     699   89391  2019486  22.50
  2003          64     0.00824  0.00821  0.50   89042     731   88676  1930095  21.68
  2003          65     0.00882  0.00878  0.50   88311     775   87923  1841419  20.85
  2003          66     0.00968  0.00963  0.50   87536     843   87114  1753495  20.03
  2003          67     0.01084  0.01079  0.50   86692     935   86225  1666381  19.22
  2003          68     0.01228  0.01220  0.50   85757    1047   85234  1580156  18.43
  2003          69     0.01383  0.01373  0.50   84711    1163   84129  1494922  17.65
  2003          70     0.01534  0.01522  0.50   83547    1272   82912  1410793  16.89
  2003          71     0.01678  0.01664  0.50   82276    1369   81591  1327882  16.14
  2003          72     0.01828  0.01811  0.50   80907    1465   80174  1246291  15.40
  2003          73     0.01999  0.01979  0.50   79442    1572   78655  1166116  14.68
  2003          74     0.02203  0.02179  0.50   77869    1697   77021  1087461  13.97
  2003          75     0.02446  0.02417  0.50   76172    1841   75252  1010440  13.27
  2003          76     0.02724  0.02687  0.50   74331    1997   73332   935189  12.58
  2003          77     0.03043  0.02997  0.50   72334    2168   71250   861856  11.92
  2003          78     0.03412  0.03354  0.50   70166    2354   68989   790606  11.27
  2003          79     0.03830  0.03758  0.50   67812    2549   66538   721617  10.64
  2003          80     0.04297  0.04206  0.50   65263    2745   63891   655080  10.04
  2003          81     0.04810  0.04697  0.50   62518    2936   61050   591189   9.46
  2003          82     0.05371  0.05231  0.50   59582    3116   58023   530139   8.90
  2003          83     0.05990  0.05816  0.50   56465    3284   54823   472115   8.36
  2003          84     0.06677  0.06462  0.50   53181    3436   51463   417292   7.85
  2003          85     0.07441  0.07174  0.50   49745    3569   47960   365829   7.35
  2003          86     0.08290  0.07960  0.50   46176    3675   44338   317869   6.88
  2003          87     0.09232  0.08825  0.50   42501    3751   40625   273531   6.44
  2003          88     0.10277  0.09775  0.50   38750    3788   36856   232905   6.01
  2003          89     0.11434  0.10816  0.50   34962    3781   33071   196049   5.61
  2003          90     0.12711  0.11951  0.50   31181    3727   29317   162978   5.23
  2003          91     0.14117  0.13186  0.50   27454    3620   25644   133661   4.87
  2003          92     0.15661  0.14524  0.50   23834    3462   22103   108017   4.53
  2003          93     0.17351  0.15966  0.50   20372    3253   18746    85914   4.22
  2003          94     0.19193  0.17513  0.50   17120    2998   15621    67168   3.92
  2003          95     0.21193  0.19163  0.50   14122    2706   12769    51547   3.65
  2003          96     0.23355  0.20913  0.50   11415    2387   10222    38779   3.40
  2003          97     0.25678  0.22756  0.50    9028    2054    8001    28557   3.16
  2003          98     0.28161  0.24685  0.50    6974    1721    6113    20556   2.95
  2003          99     0.30799  0.26689  0.50    5252    1402    4551    14443   2.75
  2003         100     0.33582  0.28754  0.50    3850    1107    3297     9891   2.57
  2003         101     0.36498  0.30865  0.50    2743     847    2320     6595   2.40
  2003         102     0.39529  0.33005  0.50    1897     626    1584     4275   2.25
  2003         103     0.42653  0.35156  0.50    1271     447    1047     2691   2.12
  2003         104     0.45847  0.37297  0.50     824     307     670     1644   2.00
  2003         105     0.49082  0.39410  0.50     517     204     415      973   1.88
  2003         106     0.52329  0.41477  0.50     313     130     248      559   1.78
  2003         107     0.55565  0.43484  0.50     183      80     143      311   1.70
  2003         108     0.58773  0.45425  0.50     104      47      80      167   1.61
  2003         109     0.61949  0.47299  0.50      57      27      43       87   1.54
  2003         110+    0.67606  1.00000  1.48      30      30      44       44   1.48
  2004           0     0.00319  0.00318  0.20  100000     318   99747  8209122  82.09
  2004           1     0.00036  0.00036  0.50   99682      36   99664  8109376  81.35
  2004           2     0.00026  0.00026  0.50   99646      26   99633  8009712  80.38
  2004           3     0.00019  0.00018  0.50   99620      18   99611  7910078  79.40
  2004           4     0.00013  0.00013  0.50   99602      12   99595  7810467  78.42
  2004           5     0.00008  0.00008  0.50   99589       8   99585  7710872  77.43
  2004           6     0.00004  0.00004  0.50   99582       4   99579  7611287  76.43
  2004           7     0.00002  0.00002  0.50   99577       2   99576  7511707  75.44
  2004           8     0.00001  0.00001  0.50   99575       1   99574  7412131  74.44
  2004           9     0.00002  0.00002  0.50   99574       2   99573  7312556  73.44
  2004          10     0.00004  0.00004  0.50   99572       4   99569  7212984  72.44
  2004          11     0.00006  0.00006  0.50   99567       6   99564  7113414  71.44
  2004          12     0.00007  0.00007  0.50   99561       7   99558  7013850  70.45
  2004          13     0.00008  0.00008  0.50   99555       8   99551  6914292  69.45
  2004          14     0.00012  0.00012  0.50   99547      12   99541  6814741  68.46
  2004          15     0.00019  0.00019  0.50   99535      19   99525  6715200  67.47
  2004          16     0.00027  0.00027  0.50   99516      27   99502  6615675  66.48
  2004          17     0.00033  0.00033  0.50   99488      33   99472  6516173  65.50
  2004          18     0.00037  0.00037  0.50   99455      37   99437  6416702  64.52
  2004          19     0.00037  0.00037  0.50   99418      37   99400  6317265  63.54
  2004          20     0.00035  0.00035  0.50   99381      35   99364  6217865  62.57
  2004          21     0.00033  0.00033  0.50   99346      32   99330  6118501  61.59
  2004          22     0.00032  0.00032  0.50   99314      32   99298  6019171  60.61
  2004          23     0.00034  0.00034  0.50   99282      34   99266  5919873  59.63
  2004          24     0.00039  0.00039  0.50   99249      39   99229  5820608  58.65
  2004          25     0.00046  0.00046  0.50   99210      45   99187  5721378  57.67
  2004          26     0.00052  0.00052  0.50   99165      52   99139  5622191  56.70
  2004          27     0.00057  0.00057  0.50   99113      56   99085  5523052  55.72
  2004          28     0.00059  0.00059  0.50   99057      58   99028  5423967  54.76
  2004          29     0.00060  0.00060  0.50   98999      59   98969  5324939  53.79
  2004          30     0.00063  0.00063  0.50   98939      62   98908  5225970  52.82
  2004          31     0.00068  0.00068  0.50   98878      67   98844  5127062  51.85
  2004          32     0.00077  0.00077  0.50   98810      76   98772  5028218  50.89
  2004          33     0.00084  0.00084  0.50   98734      83   98693  4929446  49.93
  2004          34     0.00088  0.00088  0.50   98651      87   98607  4830753  48.97
  2004          35     0.00092  0.00092  0.50   98564      91   98518  4732146  48.01
  2004          36     0.00100  0.00100  0.50   98473      99   98424  4633628  47.05
  2004          37     0.00112  0.00112  0.50   98374     111   98319  4535204  46.10
  2004          38     0.00126  0.00126  0.50   98264     124   98202  4436885  45.15
  2004          39     0.00139  0.00139  0.50   98140     136   98071  4338684  44.21
  2004          40     0.00144  0.00144  0.50   98003     141   97933  4240612  43.27
  2004          41     0.00138  0.00138  0.50   97862     135   97795  4142679  42.33
  2004          42     0.00133  0.00133  0.50   97728     130   97662  4044884  41.39
  2004          43     0.00135  0.00135  0.50   97597     132   97531  3947222  40.44
  2004          44     0.00146  0.00146  0.50   97465     142   97394  3849691  39.50
  2004          45     0.00164  0.00164  0.50   97323     160   97243  3752297  38.56
  2004          46     0.00186  0.00186  0.50   97163     180   97073  3655054  37.62
  2004          47     0.00208  0.00208  0.50   96983     201   96882  3557981  36.69
  2004          48     0.00231  0.00231  0.50   96781     223   96670  3461099  35.76
  2004          49     0.00257  0.00257  0.50   96558     248   96434  3364429  34.84
  2004          50     0.00283  0.00283  0.50   96310     272   96174  3267995  33.93
  2004          51     0.00306  0.00305  0.50   96038     293   95892  3171821  33.03
  2004          52     0.00327  0.00327  0.50   95745     313   95589  3075929  32.13
  2004          53     0.00353  0.00352  0.50   95432     336   95264  2980341  31.23
  2004          54     0.00389  0.00389  0.50   95096     370   94912  2885076  30.34
  2004          55     0.00435  0.00434  0.50   94727     411   94521  2790165  29.45
  2004          56     0.00485  0.00484  0.50   94315     456   94087  2695644  28.58
  2004          57     0.00531  0.00530  0.50   93859     497   93610  2601557  27.72
  2004          58     0.00568  0.00567  0.50   93362     529   93097  2507946  26.86
  2004          59     0.00601  0.00599  0.50   92833     556   92555  2414849  26.01
  2004          60     0.00635  0.00633  0.50   92277     585   91985  2322294  25.17
  2004          61     0.00678  0.00676  0.50   91692     620   91383  2230310  24.32
  2004          62     0.00727  0.00724  0.50   91073     660   90743  2138927  23.49
  2004          63     0.00779  0.00776  0.50   90413     702   90062  2048184  22.65
  2004          64     0.00827  0.00823  0.50   89711     739   89342  1958122  21.83
  2004          65     0.00870  0.00866  0.50   88973     771   88587  1868780  21.00
  2004          66     0.00932  0.00927  0.50   88202     818   87793  1780193  20.18
  2004          67     0.01021  0.01016  0.50   87384     888   86940  1692400  19.37
  2004          68     0.01141  0.01134  0.50   86496     981   86006  1605460  18.56
  2004          69     0.01285  0.01277  0.50   85515    1092   84969  1519454  17.77
  2004          70     0.01451  0.01441  0.50   84423    1216   83815  1434485  16.99
  2004          71     0.01641  0.01628  0.50   83207    1354   82529  1350671  16.23
  2004          72     0.01844  0.01827  0.50   81852    1495   81105  1268141  15.49
  2004          73     0.02049  0.02029  0.50   80357    1630   79542  1187036  14.77
  2004          74     0.02271  0.02245  0.50   78727    1768   77843  1107494  14.07
  2004          75     0.02521  0.02489  0.50   76959    1916   76001  1029652  13.38
  2004          76     0.02790  0.02752  0.50   75043    2065   74011   953650  12.71
  2004          77     0.03075  0.03028  0.50   72978    2210   71873   879640  12.05
  2004          78     0.03376  0.03320  0.50   70768    2350   69594   807766  11.41
  2004          79     0.03702  0.03635  0.50   68419    2487   67175   738173  10.79
  2004          80     0.04067  0.03986  0.50   65932    2628   64618   670997  10.18
  2004          81     0.04500  0.04401  0.50   63304    2786   61911   606379   9.58
  2004          82     0.05027  0.04904  0.50   60518    2968   59034   544468   9.00
  2004          83     0.05646  0.05491  0.50   57551    3160   55970   485434   8.43
  2004          84     0.06355  0.06159  0.50   54390    3350   52715   429463   7.90
  2004          85     0.07154  0.06907  0.50   51040    3525   49277   376748   7.38
  2004          86     0.08046  0.07735  0.50   47515    3675   45677   327471   6.89
  2004          87     0.09038  0.08647  0.50   43840    3791   41944   281793   6.43
  2004          88     0.10136  0.09647  0.50   40049    3864   38117   239849   5.99
  2004          89     0.11352  0.10742  0.50   36185    3887   34242   201732   5.58
  2004          90     0.12693  0.11935  0.50   32298    3855   30371   167491   5.19
  2004          91     0.14168  0.13231  0.50   28443    3763   26562   137120   4.82
  2004          92     0.15786  0.14631  0.50   24680    3611   22875   110558   4.48
  2004          93     0.17554  0.16137  0.50   21069    3400   19369    87684   4.16
  2004          94     0.19477  0.17749  0.50   17669    3136   16101    68315   3.87
  2004          95     0.21560  0.19462  0.50   14533    2828   13119    52213   3.59
  2004          96     0.23805  0.21273  0.50   11705    2490   10460    39095   3.34
  2004          97     0.26212  0.23175  0.50    9215    2135    8147    28635   3.11
  2004          98     0.28776  0.25157  0.50    7079    1781    6189    20488   2.89
  2004          99     0.31491  0.27207  0.50    5298    1442    4578    14299   2.70
  2004         100     0.34348  0.29313  0.50    3857    1131    3291     9722   2.52
  2004         101     0.37330  0.31458  0.50    2726     858    2297     6430   2.36
  2004         102     0.40420  0.33624  0.50    1869     628    1554     4133   2.21
  2004         103     0.43595  0.35793  0.50    1240     444    1018     2579   2.08
  2004         104     0.46829  0.37944  0.50     796     302     645     1560   1.96
  2004         105     0.50095  0.40061  0.50     494     198     395      915   1.85
  2004         106     0.53364  0.42125  0.50     296     125     234      520   1.75
  2004         107     0.56613  0.44123  0.50     171      76     134      286   1.67
  2004         108     0.59830  0.46053  0.50      96      44      74      152   1.59
  2004         109     0.63012  0.47916  0.50      52      25      39       79   1.52
  2004         110+    0.68579  1.00000  1.46      27      27      39       39   1.46
  2005           0     0.00170  0.00170  0.22  100000     170   99867  8214583  82.15
  2005           1     0.00018  0.00018  0.50   99830      18   99821  8114716  81.29
  2005           2     0.00012  0.00012  0.50   99812      12   99806  8014895  80.30
  2005           3     0.00011  0.00011  0.50   99800      11   99795  7915088  79.31
  2005           4     0.00014  0.00014  0.50   99789      14   99782  7815294  78.32
  2005           5     0.00016  0.00016  0.50   99775      16   99767  7715512  77.33
  2005           6     0.00015  0.00015  0.50   99760      15   99752  7615744  76.34
  2005           7     0.00013  0.00013  0.50   99744      13   99738  7515992  75.35
  2005           8     0.00013  0.00013  0.50   99731      13   99725  7416255  74.36
  2005           9     0.00014  0.00014  0.50   99719      14   99712  7316530  73.37
  2005          10     0.00013  0.00013  0.50   99705      13   99698  7216818  72.38
  2005          11     0.00010  0.00010  0.50   99692      10   99687  7117120  71.39
  2005          12     0.00008  0.00008  0.50   99682       8   99678  7017433  70.40
  2005          13     0.00006  0.00006  0.50   99674       6   99671  6917756  69.40
  2005          14     0.00008  0.00008  0.50   99668       8   99664  6818085  68.41
  2005          15     0.00012  0.00012  0.50   99660      12   99654  6718421  67.41
  2005          16     0.00016  0.00016  0.50   99648      16   99640  6618767  66.42
  2005          17     0.00017  0.00017  0.50   99632      17   99623  6519127  65.43
  2005          18     0.00019  0.00019  0.50   99614      19   99605  6419504  64.44
  2005          19     0.00025  0.00025  0.50   99595      25   99583  6319899  63.46
  2005          20     0.00029  0.00029  0.50   99570      29   99556  6220316  62.47
  2005          21     0.00032  0.00032  0.50   99542      32   99526  6120760  61.49
  2005          22     0.00038  0.00038  0.50   99510      38   99491  6021235  60.51
  2005          23     0.00047  0.00047  0.50   99472      47   99448  5921744  59.53
  2005          24     0.00056  0.00056  0.50   99425      56   99397  5822296  58.56
  2005          25     0.00056  0.00056  0.50   99369      56   99341  5722899  57.59
  2005          26     0.00053  0.00053  0.50   99313      53   99287  5623558  56.62
  2005          27     0.00056  0.00056  0.50   99261      56   99233  5524271  55.65
  2005          28     0.00062  0.00062  0.50   99205      62   99174  5425038  54.69
  2005          29     0.00065  0.00065  0.50   99143      64   99111  5325864  53.72
  2005          30     0.00060  0.00060  0.50   99079      60   99049  5226753  52.75
  2005          31     0.00056  0.00056  0.50   99019      56   98991  5127704  51.78
  2005          32     0.00060  0.00060  0.50   98964      59   98934  5028713  50.81
  2005          33     0.00069  0.00069  0.50   98905      69   98870  4929779  49.84
  2005          34     0.00081  0.00081  0.50   98836      80   98796  4830909  48.88
  2005          35     0.00087  0.00087  0.50   98756      86   98713  4732113  47.92
  2005          36     0.00085  0.00085  0.50   98670      84   98628  4633399  46.96
  2005          37     0.00080  0.00080  0.50   98586      79   98547  4534771  46.00
  2005          38     0.00084  0.00084  0.50   98508      83   98466  4436224  45.03
  2005          39     0.00106  0.00106  0.50   98425     105   98372  4337758  44.07
  2005          40     0.00134  0.00134  0.50   98320     132   98254  4239386  43.12
  2005          41     0.00151  0.00151  0.50   98188     148   98114  4141132  42.18
  2005          42     0.00143  0.00143  0.50   98040     140   97970  4043018  41.24
  2005          43     0.00136  0.00136  0.50   97900     133   97833  3945048  40.30
  2005          44     0.00151  0.00151  0.50   97767     148   97693  3847214  39.35
  2005          45     0.00178  0.00178  0.50   97619     174   97532  3749521  38.41
  2005          46     0.00198  0.00198  0.50   97446     193   97349  3651989  37.48
  2005          47     0.00212  0.00211  0.50   97253     206   97150  3554640  36.55
  2005          48     0.00229  0.00229  0.50   97047     222   96936  3457490  35.63
  2005          49     0.00260  0.00259  0.50   96825     251   96699  3360554  34.71
  2005          50     0.00291  0.00291  0.50   96574     281   96433  3263855  33.80
  2005          51     0.00312  0.00311  0.50   96293     299   96143  3167421  32.89
  2005          52     0.00330  0.00329  0.50   95993     316   95835  3071278  31.99
  2005          53     0.00360  0.00360  0.50   95677     344   95505  2975443  31.10
  2005          54     0.00407  0.00406  0.50   95333     387   95139  2879938  30.21
  2005          55     0.00457  0.00456  0.50   94946     433   94729  2784799  29.33
  2005          56     0.00500  0.00499  0.50   94513     472   94277  2690070  28.46
  2005          57     0.00541  0.00540  0.50   94041     508   93787  2595793  27.60
  2005          58     0.00582  0.00580  0.50   93533     543   93262  2502006  26.75
  2005          59     0.00604  0.00602  0.50   92991     560   92711  2408744  25.90
  2005          60     0.00625  0.00623  0.50   92431     576   92143  2316034  25.06
  2005          61     0.00665  0.00663  0.50   91855     609   91551  2223891  24.21
  2005          62     0.00721  0.00719  0.50   91247     656   90919  2132340  23.37
  2005          63     0.00785  0.00782  0.50   90591     708   90236  2041421  22.53
  2005          64     0.00849  0.00846  0.50   89882     760   89502  1951185  21.71
  2005          65     0.00914  0.00910  0.50   89122     811   88716  1861683  20.89
  2005          66     0.01004  0.00999  0.50   88311     882   87870  1772966  20.08
  2005          67     0.01126  0.01120  0.50   87429     979   86939  1685096  19.27
  2005          68     0.01279  0.01271  0.50   86449    1099   85900  1598157  18.49
  2005          69     0.01432  0.01422  0.50   85351    1214   84744  1512257  17.72
  2005          70     0.01561  0.01549  0.50   84137    1303   83485  1427513  16.97
  2005          71     0.01681  0.01667  0.50   82834    1381   82143  1344028  16.23
  2005          72     0.01817  0.01800  0.50   81453    1466   80720  1261885  15.49
  2005          73     0.01988  0.01969  0.50   79987    1575   79199  1181165  14.77
  2005          74     0.02193  0.02169  0.50   78412    1701   77561  1101965  14.05
  2005          75     0.02436  0.02407  0.50   76711    1846   75788  1024404  13.35
  2005          76     0.02753  0.02716  0.50   74865    2033   73848   948616  12.67
  2005          77     0.03109  0.03061  0.50   72831    2230   71716   874768  12.01
  2005          78     0.03456  0.03397  0.50   70602    2399   69402   803052  11.37
  2005          79     0.03793  0.03723  0.50   68203    2539   66934   733649  10.76
  2005          80     0.04138  0.04054  0.50   65664    2662   64333   666716  10.15
  2005          81     0.04548  0.04446  0.50   63002    2801   61601   602383   9.56
  2005          82     0.05069  0.04944  0.50   60201    2976   58712   540781   8.98
  2005          83     0.05686  0.05529  0.50   57224    3164   55642   482069   8.42
  2005          84     0.06389  0.06191  0.50   54060    3347   52387   426427   7.89
  2005          85     0.07175  0.06927  0.50   50713    3513   48957   374040   7.38
  2005          86     0.08051  0.07740  0.50   47201    3653   45374   325083   6.89
  2005          87     0.09027  0.08637  0.50   43547    3761   41667   279709   6.42
  2005          88     0.10112  0.09625  0.50   39786    3829   37872   238042   5.98
  2005          89     0.11317  0.10711  0.50   35957    3851   34031   200171   5.57
  2005          90     0.12654  0.11901  0.50   32106    3821   30195   166140   5.17
  2005          91     0.14133  0.13201  0.50   28285    3734   26418   135944   4.81
  2005          92     0.15764  0.14613  0.50   24551    3587   22757   109527   4.46
  2005          93     0.17556  0.16140  0.50   20963    3383   19272    86770   4.14
  2005          94     0.19517  0.17782  0.50   17580    3126   16017    67498   3.84
  2005          95     0.21653  0.19538  0.50   14454    2824   13042    51481   3.56
  2005          96     0.23967  0.21403  0.50   11630    2489   10385    38439   3.31
  2005          97     0.26461  0.23369  0.50    9141    2136    8073    28054   3.07
  2005          98     0.29130  0.25426  0.50    7005    1781    6114    19981   2.85
  2005          99     0.31967  0.27562  0.50    5224    1440    4504    13867   2.65
  2005         100     0.34960  0.29758  0.50    3784    1126    3221     9363   2.47
  2005         101     0.38092  0.31998  0.50    2658     850    2233     6142   2.31
  2005         102     0.41343  0.34261  0.50    1807     619    1498     3910   2.16
  2005         103     0.44685  0.36525  0.50    1188     434     971     2412   2.03
  2005         104     0.48089  0.38768  0.50     754     292     608     1441   1.91
  2005         105     0.51522  0.40968  0.50     462     189     367      833   1.80
  2005         106     0.54946  0.43104  0.50     273     118     214      466   1.71
  2005         107     0.58327  0.45158  0.50     155      70     120      252   1.62
  2005         108     0.61644  0.47120  0.50      85      40      65      132   1.55
  2005         109     0.64886  0.48992  0.50      45      22      34       67   1.48
  2005         110+    0.70450  1.00000  1.42      23      23      33       33   1.42
  2006           0     0.00200  0.00200  0.22  100000     200   99843  8238092  82.38
  2006           1     0.00059  0.00059  0.50   99800      59   99771  8138248  81.55
  2006           2     0.00039  0.00039  0.50   99741      39   99722  8038478  80.59
  2006           3     0.00027  0.00027  0.50   99703      27   99689  7938756  79.62
  2006           4     0.00020  0.00020  0.50   99676      20   99666  7839067  78.65
  2006           5     0.00013  0.00013  0.50   99656      13   99650  7739400  77.66
  2006           6     0.00009  0.00009  0.50   99643       9   99639  7639751  76.67
  2006           7     0.00009  0.00009  0.50   99635       9   99630  7540112  75.68
  2006           8     0.00013  0.00013  0.50   99625      13   99619  7440482  74.68
  2006           9     0.00016  0.00016  0.50   99612      16   99604  7340863  73.69
  2006          10     0.00015  0.00015  0.50   99596      15   99589  7241259  72.71
  2006          11     0.00011  0.00011  0.50   99582      11   99576  7141670  71.72
  2006          12     0.00006  0.00006  0.50   99571       6   99568  7042093  70.72
  2006          13     0.00004  0.00004  0.50   99565       4   99563  6942526  69.73
  2006          14     0.00006  0.00006  0.50   99561       5   99558  6842963  68.73
  2006          15     0.00013  0.00013  0.50   99555      13   99549  6743405  67.74
  2006          16     0.00024  0.00024  0.50   99542      24   99530  6643856  66.74
  2006          17     0.00036  0.00036  0.50   99518      36   99500  6544326  65.76
  2006          18     0.00042  0.00042  0.50   99483      42   99462  6444825  64.78
  2006          19     0.00043  0.00043  0.50   99441      42   99420  6345364  63.81
  2006          20     0.00051  0.00051  0.50   99398      51   99373  6245944  62.84
  2006          21     0.00064  0.00064  0.50   99347      63   99316  6146571  61.87
  2006          22     0.00070  0.00070  0.50   99284      70   99249  6047256  60.91
  2006          23     0.00064  0.00064  0.50   99214      64   99183  5948006  59.95
  2006          24     0.00049  0.00049  0.50   99151      48   99127  5848824  58.99
  2006          25     0.00050  0.00050  0.50   99103      49   99078  5749697  58.02
  2006          26     0.00057  0.00057  0.50   99053      57   99025  5650619  57.05
  2006          27     0.00056  0.00056  0.50   98996      55   98969  5551594  56.08
  2006          28     0.00049  0.00049  0.50   98941      48   98917  5452625  55.11
  2006          29     0.00045  0.00045  0.50   98893      45   98871  5353708  54.14
  2006          30     0.00055  0.00055  0.50   98848      54   98821  5254838  53.16
  2006          31     0.00065  0.00065  0.50   98794      64   98762  5156017  52.19
  2006          32     0.00064  0.00064  0.50   98730      63   98698  5057255  51.22
  2006          33     0.00061  0.00061  0.50   98667      60   98637  4958557  50.26
  2006          34     0.00067  0.00067  0.50   98606      66   98574  4859920  49.29
  2006          35     0.00081  0.00081  0.50   98541      80   98501  4761346  48.32
  2006          36     0.00101  0.00101  0.50   98461      99   98411  4662845  47.36
  2006          37     0.00118  0.00118  0.50   98362     116   98304  4564434  46.40
  2006          38     0.00122  0.00122  0.50   98246     120   98186  4466130  45.46
  2006          39     0.00109  0.00109  0.50   98126     107   98073  4367944  44.51
  2006          40     0.00095  0.00095  0.50   98019      93   97973  4269871  43.56
  2006          41     0.00098  0.00098  0.50   97926      96   97878  4171898  42.60
  2006          42     0.00127  0.00127  0.50   97830     124   97768  4074020  41.64
  2006          43     0.00159  0.00159  0.50   97706     155   97628  3976252  40.70
  2006          44     0.00173  0.00172  0.50   97550     168   97466  3878623  39.76
  2006          45     0.00183  0.00183  0.50   97382     178   97293  3781157  38.83
  2006          46     0.00206  0.00206  0.50   97204     201   97104  3683864  37.90
  2006          47     0.00233  0.00233  0.50   97004     226   96891  3586760  36.98
  2006          48     0.00253  0.00253  0.50   96778     245   96656  3489869  36.06
  2006          49     0.00265  0.00265  0.50   96533     256   96406  3393213  35.15
  2006          50     0.00279  0.00278  0.50   96278     268   96144  3296807  34.24
  2006          51     0.00306  0.00306  0.50   96010     293   95863  3200663  33.34
  2006          52     0.00347  0.00347  0.50   95716     332   95550  3104800  32.44
  2006          53     0.00396  0.00395  0.50   95384     377   95196  3009250  31.55
  2006          54     0.00433  0.00432  0.50   95007     410   94802  2914054  30.67
  2006          55     0.00453  0.00452  0.50   94597     427   94384  2819252  29.80
  2006          56     0.00460  0.00459  0.50   94170     432   93954  2724868  28.94
  2006          57     0.00470  0.00469  0.50   93738     439   93518  2630914  28.07
  2006          58     0.00510  0.00509  0.50   93299     474   93061  2537396  27.20
  2006          59     0.00607  0.00605  0.50   92824     562   92543  2444334  26.33
  2006          60     0.00686  0.00684  0.50   92262     631   91947  2351791  25.49
  2006          61     0.00680  0.00677  0.50   91631     621   91321  2259844  24.66
  2006          62     0.00656  0.00653  0.50   91011     595   90713  2168523  23.83
  2006          63     0.00697  0.00695  0.50   90416     628   90102  2077810  22.98
  2006          64     0.00812  0.00809  0.50   89787     726   89424  1987709  22.14
  2006          65     0.00967  0.00962  0.50   89061     857   88633  1898284  21.31
  2006          66     0.01066  0.01061  0.50   88204     935   87736  1809652  20.52
  2006          67     0.01091  0.01085  0.50   87269     947   86795  1721915  19.73
  2006          68     0.01067  0.01061  0.50   86322     916   85864  1635120  18.94
  2006          69     0.01101  0.01095  0.50   85406     935   84938  1549256  18.14
  2006          70     0.01279  0.01271  0.50   84470    1074   83933  1464319  17.34
  2006          71     0.01527  0.01515  0.50   83397    1264   82765  1380385  16.55
  2006          72     0.01761  0.01745  0.50   82133    1434   81416  1297620  15.80
  2006          73     0.01930  0.01912  0.50   80699    1543   79928  1216204  15.07
  2006          74     0.02083  0.02062  0.50   79157    1632   78341  1136276  14.35
  2006          75     0.02287  0.02262  0.50   77525    1753   76648  1057935  13.65
  2006          76     0.02566  0.02534  0.50   75771    1920   74812   981287  12.95
  2006          77     0.02867  0.02827  0.50   73852    2088   72808   906476  12.27
  2006          78     0.03146  0.03097  0.50   71764    2223   70653   833668  11.62
  2006          79     0.03456  0.03398  0.50   69541    2363   68360   763015  10.97
  2006          80     0.03858  0.03785  0.50   67178    2543   65907   694655  10.34
  2006          81     0.04339  0.04247  0.50   64636    2745   63263   628748   9.73
  2006          82     0.04875  0.04759  0.50   61891    2946   60418   565485   9.14
  2006          83     0.05477  0.05331  0.50   58945    3142   57374   505067   8.57
  2006          84     0.06153  0.05969  0.50   55803    3331   54137   447694   8.02
  2006          85     0.06911  0.06680  0.50   52472    3505   50719   393556   7.50
  2006          86     0.07761  0.07471  0.50   48967    3658   47137   342837   7.00
  2006          87     0.08714  0.08350  0.50   45308    3783   43416   295700   6.53
  2006          88     0.09780  0.09324  0.50   41525    3872   39589   252283   6.08
  2006          89     0.10970  0.10399  0.50   37653    3916   35695   212695   5.65
  2006          90     0.12294  0.11582  0.50   33737    3908   31784   176999   5.25
  2006          91     0.13765  0.12879  0.50   29830    3842   27909   145216   4.87
  2006          92     0.15393  0.14293  0.50   25988    3714   24131   117307   4.51
  2006          93     0.17187  0.15827  0.50   22274    3525   20511    93176   4.18
  2006          94     0.19157  0.17482  0.50   18748    3278   17110    72665   3.88
  2006          95     0.21308  0.19256  0.50   15471    2979   13981    55555   3.59
  2006          96     0.23644  0.21145  0.50   12492    2641   11171    41574   3.33
  2006          97     0.26167  0.23139  0.50    9850    2279    8711    30403   3.09
  2006          98     0.28871  0.25229  0.50    7571    1910    6616    21692   2.87
  2006          99     0.31749  0.27400  0.50    5661    1551    4885    15076   2.66
  2006         100     0.34789  0.29634  0.50    4110    1218    3501    10191   2.48
  2006         101     0.37971  0.31912  0.50    2892     923    2430     6690   2.31
  2006         102     0.41274  0.34214  0.50    1969     674    1632     4259   2.16
  2006         103     0.44670  0.36515  0.50    1295     473    1059     2627   2.03
  2006         104     0.48129  0.38793  0.50     822     319     663     1568   1.91
  2006         105     0.51616  0.41028  0.50     503     207     400      905   1.80
  2006         106     0.55096  0.43197  0.50     297     128     233      505   1.70
  2006         107     0.58532  0.45280  0.50     169      76     130      273   1.62
  2006         108     0.61888  0.47263  0.50      92      44      70      142   1.54
  2006         109     0.65143  0.49138  0.50      49      24      37       72   1.47
  2006         110+    0.70734  1.00000  1.41      25      25      35       35   1.41
  2007           0     0.00222  0.00222  0.21  100000     222   99826  8237299  82.37
  2007           1     0.00047  0.00047  0.50   99778      47   99755  8137473  81.56
  2007           2     0.00036  0.00036  0.50   99731      36   99713  8037719  80.59
  2007           3     0.00027  0.00027  0.50   99695      27   99681  7938006  79.62
  2007           4     0.00020  0.00020  0.50   99668      20   99657  7838325  78.64
  2007           5     0.00016  0.00016  0.50   99647      16   99639  7738668  77.66
  2007           6     0.00014  0.00014  0.50   99631      14   99624  7639028  76.67
  2007           7     0.00013  0.00013  0.50   99617      13   99611  7539404  75.68
  2007           8     0.00014  0.00014  0.50   99604      14   99597  7439793  74.69
  2007           9     0.00016  0.00016  0.50   99590      16   99582  7340196  73.70
  2007          10     0.00015  0.00015  0.50   99574      15   99566  7240614  72.72
  2007          11     0.00013  0.00013  0.50   99559      13   99552  7141047  71.73
  2007          12     0.00010  0.00010  0.50   99546      10   99541  7041495  70.74
  2007          13     0.00010  0.00010  0.50   99535      10   99530  6941955  69.74
  2007          14     0.00012  0.00012  0.50   99525      12   99520  6842424  68.75
  2007          15     0.00013  0.00013  0.50   99514      13   99507  6742905  67.76
  2007          16     0.00015  0.00015  0.50   99500      15   99493  6643398  66.77
  2007          17     0.00019  0.00019  0.50   99485      19   99476  6543905  65.78
  2007          18     0.00023  0.00023  0.50   99467      23   99455  6444429  64.79
  2007          19     0.00029  0.00029  0.50   99443      29   99429  6344974  63.81
  2007          20     0.00036  0.00036  0.50   99414      36   99397  6245545  62.82
  2007          21     0.00043  0.00043  0.50   99379      43   99357  6146149  61.85
  2007          22     0.00048  0.00048  0.50   99336      47   99312  6046791  60.87
  2007          23     0.00051  0.00051  0.50   99289      50   99263  5947479  59.90
  2007          24     0.00052  0.00052  0.50   99238      52   99212  5848216  58.93
  2007          25     0.00050  0.00050  0.50   99186      50   99162  5749004  57.96
  2007          26     0.00047  0.00047  0.50   99137      47   99113  5649842  56.99
  2007          27     0.00047  0.00047  0.50   99090      46   99066  5550729  56.02
  2007          28     0.00052  0.00052  0.50   99043      52   99017  5451662  55.04
  2007          29     0.00064  0.00064  0.50   98991      64   98959  5352645  54.07
  2007          30     0.00071  0.00071  0.50   98928      70   98892  5253686  53.11
  2007          31     0.00072  0.00072  0.50   98857      71   98822  5154793  52.14
  2007          32     0.00069  0.00069  0.50   98786      68   98753  5055971  51.18
  2007          33     0.00065  0.00065  0.50   98719      64   98687  4957219  50.22
  2007          34     0.00063  0.00063  0.50   98655      62   98624  4858532  49.25
  2007          35     0.00065  0.00065  0.50   98593      64   98561  4759908  48.28
  2007          36     0.00073  0.00073  0.50   98528      72   98492  4661348  47.31
  2007          37     0.00085  0.00085  0.50   98457      84   98415  4562855  46.34
  2007          38     0.00098  0.00098  0.50   98373      96   98325  4464441  45.38
  2007          39     0.00107  0.00107  0.50   98277     105   98224  4366116  44.43
  2007          40     0.00111  0.00111  0.50   98172     109   98117  4267892  43.47
  2007          41     0.00116  0.00116  0.50   98063     114   98006  4169774  42.52
  2007          42     0.00136  0.00136  0.50   97949     134   97882  4071769  41.57
  2007          43     0.00165  0.00165  0.50   97816     161   97735  3973886  40.63
  2007          44     0.00188  0.00188  0.50   97654     183   97563  3876151  39.69
  2007          45     0.00199  0.00199  0.50   97471     194   97374  3778589  38.77
  2007          46     0.00201  0.00200  0.50   97277     195   97179  3681215  37.84
  2007          47     0.00215  0.00215  0.50   97082     208   96978  3584035  36.92
  2007          48     0.00240  0.00240  0.50   96873     232   96757  3487058  36.00
  2007          49     0.00267  0.00267  0.50   96641     258   96512  3390300  35.08
  2007          50     0.00289  0.00288  0.50   96383     278   96244  3293788  34.17
  2007          51     0.00301  0.00301  0.50   96105     289   95961  3197544  33.27
  2007          52     0.00318  0.00317  0.50   95816     304   95664  3101583  32.37
  2007          53     0.00350  0.00349  0.50   95512     334   95345  3005919  31.47
  2007          54     0.00394  0.00393  0.50   95178     374   94991  2910574  30.58
  2007          55     0.00437  0.00436  0.50   94805     413   94598  2815583  29.70
  2007          56     0.00471  0.00470  0.50   94391     443   94170  2720985  28.83
  2007          57     0.00502  0.00501  0.50   93948     470   93713  2626815  27.96
  2007          58     0.00540  0.00539  0.50   93478     504   93226  2533102  27.10
  2007          59     0.00595  0.00593  0.50   92974     551   92699  2439876  26.24
  2007          60     0.00646  0.00644  0.50   92423     595   92125  2347178  25.40
  2007          61     0.00678  0.00676  0.50   91828     621   91517  2255052  24.56
  2007          62     0.00704  0.00702  0.50   91207     640   90887  2163535  23.72
  2007          63     0.00743  0.00740  0.50   90567     671   90232  2072648  22.89
  2007          64     0.00803  0.00799  0.50   89896     719   89537  1982417  22.05
  2007          65     0.00879  0.00875  0.50   89178     780   88788  1892879  21.23
  2007          66     0.00946  0.00941  0.50   88398     832   87982  1804092  20.41
  2007          67     0.01021  0.01016  0.50   87566     889   87121  1716110  19.60
  2007          68     0.01125  0.01119  0.50   86676     970   86191  1628989  18.79
  2007          69     0.01249  0.01241  0.50   85707    1064   85175  1542798  18.00
  2007          70     0.01384  0.01375  0.50   84643    1164   84061  1457623  17.22
  2007          71     0.01550  0.01538  0.50   83479    1284   82837  1373562  16.45
  2007          72     0.01740  0.01725  0.50   82195    1418   81487  1290724  15.70
  2007          73     0.01942  0.01924  0.50   80778    1554   80001  1209238  14.97
  2007          74     0.02164  0.02141  0.50   79224    1696   78376  1129237  14.25
  2007          75     0.02408  0.02379  0.50   77528    1845   76605  1050861  13.55
  2007          76     0.02652  0.02617  0.50   75683    1981   74693   974255  12.87
  2007          77     0.02917  0.02875  0.50   73702    2119   72642   899563  12.21
  2007          78     0.03230  0.03179  0.50   71583    2275   70445   826920  11.55
  2007          79     0.03593  0.03530  0.50   69307    2446   68084   756475  10.91
  2007          80     0.04004  0.03926  0.50   66861    2625   65549   688391  10.30
  2007          81     0.04462  0.04365  0.50   64236    2804   62834   622842   9.70
  2007          82     0.04971  0.04850  0.50   61432    2980   59943   560008   9.12
  2007          83     0.05539  0.05390  0.50   58453    3151   56877   500065   8.56
  2007          84     0.06181  0.05996  0.50   55302    3316   53644   443188   8.01
  2007          85     0.06908  0.06677  0.50   51986    3471   50251   389544   7.49
  2007          86     0.07731  0.07444  0.50   48515    3611   46710   339293   6.99
  2007          87     0.08664  0.08304  0.50   44904    3729   43039   292583   6.52
  2007          88     0.09719  0.09268  0.50   41175    3816   39267   249544   6.06
  2007          89     0.10908  0.10344  0.50   37359    3864   35427   210277   5.63
  2007          90     0.12244  0.11538  0.50   33494    3865   31562   174850   5.22
  2007          91     0.13741  0.12857  0.50   29630    3810   27725   143288   4.84
  2007          92     0.15410  0.14307  0.50   25820    3694   23973   115563   4.48
  2007          93     0.17262  0.15891  0.50   22126    3516   20368    91590   4.14
  2007          94     0.19307  0.17608  0.50   18610    3277   16972    71222   3.83
  2007          95     0.21552  0.19456  0.50   15333    2983   13842    54250   3.54
  2007          96     0.23999  0.21428  0.50   12350    2646   11027    40409   3.27
  2007          97     0.26648  0.23515  0.50    9704    2282    8563    29382   3.03
  2007          98     0.29493  0.25703  0.50    7422    1908    6468    20819   2.81
  2007          99     0.32523  0.27974  0.50    5514    1543    4743    14351   2.60
  2007         100     0.35723  0.30309  0.50    3972    1204    3370     9608   2.42
  2007         101     0.39067  0.32683  0.50    2768     905    2316     6238   2.25
  2007         102     0.42531  0.35073  0.50    1863     653    1537     3923   2.11
  2007         103     0.46079  0.37451  0.50    1210     453     983     2386   1.97
  2007         104     0.49675  0.39792  0.50     757     301     606     1403   1.85
  2007         105     0.53277  0.42070  0.50     456     192     360      797   1.75
  2007         106     0.56844  0.44264  0.50     264     117     206      437   1.66
  2007         107     0.60340  0.46355  0.50     147      68     113      231   1.57
  2007         108     0.63750  0.48341  0.50      79      38      60      118   1.50
  2007         109     0.67071  0.50227  0.50      41      20      31       59   1.44
  2007         110+    0.72527  1.00000  1.38      20      20      28       28   1.38
  2008           0     0.00285  0.00284  0.21  100000     284   99775  8250257  82.50
  2008           1     0.00041  0.00041  0.50   99716      41   99695  8150483  81.74
  2008           2     0.00026  0.00026  0.50   99675      26   99662  8050788  80.77
  2008           3     0.00015  0.00015  0.50   99649      15   99641  7951126  79.79
  2008           4     0.00007  0.00007  0.50   99634       7   99630  7851485  78.80
  2008           5     0.00002  0.00002  0.50   99627       2   99626  7751854  77.81
  2008           6     0.00001  0.00001  0.50   99625       1   99624  7652229  76.81
  2008           7     0.00007  0.00007  0.50   99623       7   99620  7552605  75.81
  2008           8     0.00016  0.00016  0.50   99616      16   99608  7452985  74.82
  2008           9     0.00022  0.00022  0.50   99600      22   99589  7353377  73.83
  2008          10     0.00020  0.00020  0.50   99579      20   99569  7253787  72.84
  2008          11     0.00014  0.00014  0.50   99559      14   99552  7154218  71.86
  2008          12     0.00011  0.00011  0.50   99545      11   99539  7054666  70.87
  2008          13     0.00012  0.00012  0.50   99534      12   99528  6955127  69.88
  2008          14     0.00015  0.00015  0.50   99522      15   99515  6855599  68.89
  2008          15     0.00020  0.00020  0.50   99508      19   99498  6756084  67.90
  2008          16     0.00026  0.00026  0.50   99488      26   99475  6656586  66.91
  2008          17     0.00034  0.00034  0.50   99462      34   99445  6557111  65.93
  2008          18     0.00042  0.00042  0.50   99428      42   99407  6457665  64.95
  2008          19     0.00047  0.00047  0.50   99386      47   99363  6358258  63.98
  2008          20     0.00044  0.00044  0.50   99339      43   99318  6258895  63.01
  2008          21     0.00039  0.00039  0.50   99296      38   99277  6159578  62.03
  2008          22     0.00040  0.00040  0.50   99258      39   99238  6060301  61.06
  2008          23     0.00045  0.00045  0.50   99218      45   99196  5961063  60.08
  2008          24     0.00049  0.00049  0.50   99173      49   99149  5861867  59.11
  2008          25     0.00047  0.00047  0.50   99125      46   99102  5762718  58.14
  2008          26     0.00043  0.00043  0.50   99078      43   99057  5663617  57.16
  2008          27     0.00046  0.00046  0.50   99035      46   99012  5564560  56.19
  2008          28     0.00053  0.00053  0.50   98990      53   98963  5465547  55.21
  2008          29     0.00059  0.00058  0.50   98937      58   98908  5366584  54.24
  2008          30     0.00055  0.00055  0.50   98879      54   98852  5267676  53.27
  2008          31     0.00051  0.00051  0.50   98825      50   98800  5168824  52.30
  2008          32     0.00056  0.00056  0.50   98775      56   98747  5070024  51.33
  2008          33     0.00067  0.00067  0.50   98719      66   98686  4971277  50.36
  2008          34     0.00075  0.00075  0.50   98653      74   98617  4872591  49.39
  2008          35     0.00081  0.00081  0.50   98580      80   98540  4773974  48.43
  2008          36     0.00088  0.00088  0.50   98500      87   98457  4675434  47.47
  2008          37     0.00099  0.00099  0.50   98413      97   98365  4576978  46.51
  2008          38     0.00110  0.00110  0.50   98316     108   98262  4478613  45.55
  2008          39     0.00116  0.00116  0.50   98208     114   98151  4380351  44.60
  2008          40     0.00117  0.00117  0.50   98094     114   98036  4282201  43.65
  2008          41     0.00114  0.00114  0.50   97979     111   97923  4184164  42.70
  2008          42     0.00113  0.00113  0.50   97868     111   97812  4086241  41.75
  2008          43     0.00121  0.00120  0.50   97757     118   97698  3988428  40.80
  2008          44     0.00138  0.00137  0.50   97639     134   97572  3890730  39.85
  2008          45     0.00159  0.00159  0.50   97505     155   97427  3793158  38.90
  2008          46     0.00182  0.00182  0.50   97350     177   97261  3695731  37.96
  2008          47     0.00209  0.00209  0.50   97173     203   97071  3598469  37.03
  2008          48     0.00232  0.00232  0.50   96970     225   96857  3501398  36.11
  2008          49     0.00245  0.00245  0.50   96745     237   96626  3404540  35.19
  2008          50     0.00256  0.00255  0.50   96508     246   96385  3307914  34.28
  2008          51     0.00273  0.00273  0.50   96262     263   96130  3211529  33.36
  2008          52     0.00307  0.00307  0.50   95999     294   95852  3115399  32.45
  2008          53     0.00357  0.00356  0.50   95705     341   95534  3019547  31.55
  2008          54     0.00392  0.00391  0.50   95364     373   95178  2924013  30.66
  2008          55     0.00418  0.00417  0.50   94991     396   94793  2828835  29.78
  2008          56     0.00450  0.00449  0.50   94595     425   94383  2734042  28.90
  2008          57     0.00496  0.00495  0.50   94170     466   93937  2639659  28.03
  2008          58     0.00553  0.00552  0.50   93704     517   93445  2545722  27.17
  2008          59     0.00593  0.00591  0.50   93187     551   92911  2452277  26.32
  2008          60     0.00628  0.00626  0.50   92636     580   92346  2359365  25.47
  2008          61     0.00677  0.00675  0.50   92055     621   91745  2267020  24.63
  2008          62     0.00729  0.00726  0.50   91434     664   91102  2175275  23.79
  2008          63     0.00769  0.00766  0.50   90770     695   90423  2084172  22.96
  2008          64     0.00788  0.00785  0.50   90075     707   89721  1993749  22.13
  2008          65     0.00791  0.00788  0.50   89368     704   89016  1904028  21.31
  2008          66     0.00826  0.00823  0.50   88664     729   88299  1815012  20.47
  2008          67     0.00915  0.00911  0.50   87934     801   87534  1726713  19.64
  2008          68     0.01064  0.01058  0.50   87133     922   86672  1639180  18.81
  2008          69     0.01243  0.01236  0.50   86211    1065   85678  1552508  18.01
  2008          70     0.01411  0.01401  0.50   85146    1193   84549  1466829  17.23
  2008          71     0.01526  0.01515  0.50   83953    1272   83317  1382280  16.46
  2008          72     0.01644  0.01630  0.50   82681    1348   82007  1298963  15.71
  2008          73     0.01829  0.01812  0.50   81333    1474   80596  1216955  14.96
  2008          74     0.02082  0.02061  0.50   79859    1646   79036  1136359  14.23
  2008          75     0.02375  0.02347  0.50   78214    1836   77296  1057323  13.52
  2008          76     0.02652  0.02617  0.50   76378    1999   75378   980027  12.83
  2008          77     0.02932  0.02889  0.50   74379    2149   73304   904649  12.16
  2008          78     0.03254  0.03202  0.50   72230    2313   71073   831344  11.51
  2008          79     0.03645  0.03580  0.50   69917    2503   68666   760271  10.87
  2008          80     0.04117  0.04034  0.50   67414    2719   66054   691605  10.26
  2008          81     0.04634  0.04529  0.50   64695    2930   63230   625551   9.67
  2008          82     0.05164  0.05034  0.50   61765    3109   60210   562321   9.10
  2008          83     0.05733  0.05573  0.50   58656    3269   57021   502110   8.56
  2008          84     0.06362  0.06166  0.50   55387    3415   53679   445089   8.04
  2008          85     0.07069  0.06828  0.50   51972    3549   50197   391410   7.53
  2008          86     0.07866  0.07568  0.50   48423    3665   46591   341212   7.05
  2008          87     0.08763  0.08395  0.50   44758    3757   42880   294622   6.58
  2008          88     0.09769  0.09314  0.50   41001    3819   39092   251742   6.14
  2008          89     0.10897  0.10334  0.50   37182    3842   35261   212650   5.72
  2008          90     0.12156  0.11459  0.50   33340    3821   31430   177389   5.32
  2008          91     0.13558  0.12697  0.50   29519    3748   27645   145960   4.94
  2008          92     0.15114  0.14052  0.50   25771    3621   23960   118315   4.59
  2008          93     0.16834  0.15527  0.50   22150    3439   20430    94354   4.26
  2008          94     0.18726  0.17123  0.50   18711    3204   17109    73924   3.95
  2008          95     0.20798  0.18839  0.50   15507    2921   14046    56815   3.66
  2008          96     0.23052  0.20670  0.50   12586    2601   11285    42769   3.40
  2008          97     0.25492  0.22610  0.50    9984    2257    8855    31484   3.15
  2008          98     0.28112  0.24648  0.50    7727    1904    6774    22629   2.93
  2008          99     0.30907  0.26770  0.50    5822    1559    5043    15854   2.72
  2008         100     0.33866  0.28962  0.50    4264    1235    3646    10811   2.54
  2008         101     0.36971  0.31203  0.50    3029     945    2556     7165   2.37
  2008         102     0.40202  0.33474  0.50    2084     698    1735     4609   2.21
  2008         103     0.43534  0.35752  0.50    1386     496    1138     2874   2.07
  2008         104     0.46936  0.38015  0.50     891     339     721     1736   1.95
  2008         105     0.50377  0.40241  0.50     552     222     441     1014   1.84
  2008         106     0.53819  0.42408  0.50     330     140     260      573   1.74
  2008         107     0.57227  0.44495  0.50     190      85     148      313   1.65
  2008         108     0.60575  0.46493  0.50     105      49      81      166   1.57
  2008         109     0.63851  0.48399  0.50      56      27      43       85   1.50
  2008         110+    0.69546  1.00000  1.44      29      29      42       42   1.44
  2009           0     0.00145  0.00145  0.22  100000     145   99888  8309352  83.09
  2009           1     0.00034  0.00034  0.50   99855      34   99839  8209464  82.21
  2009           2     0.00025  0.00025  0.50   99822      25   99809  8109626  81.24
  2009           3     0.00021  0.00021  0.50   99797      20   99787  8009816  80.26
  2009           4     0.00019  0.00019  0.50   99777      19   99767  7910030  79.28
  2009           5     0.00017  0.00017  0.50   99757      17   99749  7810263  78.29
  2009           6     0.00013  0.00013  0.50   99740      13   99733  7710514  77.31
  2009           7     0.00009  0.00009  0.50   99727       9   99722  7610781  76.32
  2009           8     0.00006  0.00006  0.50   99718       6   99715  7511058  75.32
  2009           9     0.00007  0.00007  0.50   99712       7   99709  7411344  74.33
  2009          10     0.00009  0.00009  0.50   99705       9   99701  7311635  73.33
  2009          11     0.00013  0.00013  0.50   99696      13   99690  7211934  72.34
  2009          12     0.00015  0.00015  0.50   99683      15   99676  7112244  71.35
  2009          13     0.00013  0.00013  0.50   99669      13   99662  7012568  70.36
  2009          14     0.00011  0.00011  0.50   99656      11   99650  6912906  69.37
  2009          15     0.00012  0.00012  0.50   99644      12   99638  6813256  68.38
  2009          16     0.00014  0.00014  0.50   99632      14   99625  6713618  67.38
  2009          17     0.00017  0.00017  0.50   99618      17   99610  6613992  66.39
  2009          18     0.00024  0.00024  0.50   99601      24   99590  6514382  65.40
  2009          19     0.00036  0.00036  0.50   99578      36   99560  6414793  64.42
  2009          20     0.00050  0.00050  0.50   99542      49   99517  6315233  63.44
  2009          21     0.00056  0.00056  0.50   99492      56   99465  6215716  62.47
  2009          22     0.00051  0.00051  0.50   99437      51   99411  6116252  61.51
  2009          23     0.00046  0.00046  0.50   99386      45   99363  6016840  60.54
  2009          24     0.00048  0.00048  0.50   99340      48   99316  5917477  59.57
  2009          25     0.00051  0.00051  0.50   99292      51   99267  5818161  58.60
  2009          26     0.00053  0.00053  0.50   99242      52   99216  5718894  57.63
  2009          27     0.00056  0.00056  0.50   99189      55   99162  5619679  56.66
  2009          28     0.00060  0.00060  0.50   99134      59   99105  5520517  55.69
  2009          29     0.00065  0.00065  0.50   99075      64   99043  5421412  54.72
  2009          30     0.00070  0.00070  0.50   99011      69   98976  5322369  53.76
  2009          31     0.00068  0.00068  0.50   98942      68   98908  5223393  52.79
  2009          32     0.00058  0.00058  0.50   98874      58   98845  5124485  51.83
  2009          33     0.00048  0.00048  0.50   98817      48   98793  5025640  50.86
  2009          34     0.00048  0.00048  0.50   98769      48   98745  4926847  49.88
  2009          35     0.00058  0.00058  0.50   98721      57   98692  4828102  48.91
  2009          36     0.00077  0.00077  0.50   98664      76   98626  4729410  47.93
  2009          37     0.00105  0.00105  0.50   98588     103   98536  4630784  46.97
  2009          38     0.00128  0.00128  0.50   98485     126   98422  4532248  46.02
  2009          39     0.00132  0.00132  0.50   98359     129   98294  4433826  45.08
  2009          40     0.00120  0.00120  0.50   98230     117   98171  4335532  44.14
  2009          41     0.00100  0.00100  0.50   98112      98   98063  4237361  43.19
  2009          42     0.00087  0.00087  0.50   98014      85   97972  4139297  42.23
  2009          43     0.00090  0.00090  0.50   97929      89   97885  4041326  41.27
  2009          44     0.00116  0.00116  0.50   97841     114   97784  3943441  40.30
  2009          45     0.00148  0.00148  0.50   97727     145   97655  3845656  39.35
  2009          46     0.00173  0.00172  0.50   97582     168   97498  3748002  38.41
  2009          47     0.00195  0.00195  0.50   97414     190   97319  3650503  37.47
  2009          48     0.00216  0.00216  0.50   97224     210   97119  3553184  36.55
  2009          49     0.00235  0.00235  0.50   97014     228   96900  3456064  35.62
  2009          50     0.00252  0.00251  0.50   96786     243   96665  3359164  34.71
  2009          51     0.00266  0.00265  0.50   96543     256   96415  3262499  33.79
  2009          52     0.00277  0.00277  0.50   96287     267   96154  3166084  32.88
  2009          53     0.00288  0.00288  0.50   96020     277   95882  3069930  31.97
  2009          54     0.00304  0.00304  0.50   95744     291   95598  2974048  31.06
  2009          55     0.00332  0.00332  0.50   95453     316   95295  2878450  30.16
  2009          56     0.00378  0.00378  0.50   95137     359   94957  2783155  29.25
  2009          57     0.00436  0.00436  0.50   94778     413   94571  2688198  28.36
  2009          58     0.00498  0.00497  0.50   94365     469   94130  2593626  27.49
  2009          59     0.00558  0.00557  0.50   93896     523   93634  2499496  26.62
  2009          60     0.00610  0.00609  0.50   93373     568   93089  2405862  25.77
  2009          61     0.00650  0.00648  0.50   92804     602   92504  2312774  24.92
  2009          62     0.00684  0.00682  0.50   92203     629   91888  2220270  24.08
  2009          63     0.00724  0.00722  0.50   91574     661   91244  2128381  23.24
  2009          64     0.00789  0.00786  0.50   90913     715   90556  2037138  22.41
  2009          65     0.00889  0.00885  0.50   90199     798   89800  1946582  21.58
  2009          66     0.00991  0.00987  0.50   89401     882   88960  1856782  20.77
  2009          67     0.01083  0.01077  0.50   88519     953   88042  1767823  19.97
  2009          68     0.01158  0.01152  0.50   87565    1008   87061  1679781  19.18
  2009          69     0.01233  0.01225  0.50   86557    1061   86027  1592720  18.40
  2009          70     0.01315  0.01307  0.50   85496    1117   84938  1506693  17.62
  2009          71     0.01387  0.01377  0.50   84379    1162   83798  1421755  16.85
  2009          72     0.01492  0.01481  0.50   83217    1233   82601  1337957  16.08
  2009          73     0.01678  0.01664  0.50   81984    1364   81302  1255356  15.31
  2009          74     0.01929  0.01911  0.50   80620    1540   79850  1174054  14.56
  2009          75     0.02213  0.02189  0.50   79080    1731   78215  1094204  13.84
  2009          76     0.02491  0.02460  0.50   77349    1903   76398  1015989  13.14
  2009          77     0.02787  0.02748  0.50   75446    2074   74409   939591  12.45
  2009          78     0.03125  0.03077  0.50   73373    2258   72244   865182  11.79
  2009          79     0.03474  0.03415  0.50   71115    2428   69900   792938  11.15
  2009          80     0.03806  0.03735  0.50   68686    2565   67404   723038  10.53
  2009          81     0.04179  0.04094  0.50   66121    2707   64768   655634   9.92
  2009          82     0.04656  0.04550  0.50   63414    2885   61972   590866   9.32
  2009          83     0.05224  0.05091  0.50   60529    3081   58988   528895   8.74
  2009          84     0.05876  0.05708  0.50   57448    3279   55808   469907   8.18
  2009          85     0.06613  0.06401  0.50   54168    3468   52435   414099   7.64
  2009          86     0.07442  0.07175  0.50   50701    3638   48882   361664   7.13
  2009          87     0.08370  0.08034  0.50   47063    3781   45173   312782   6.65
  2009          88     0.09411  0.08988  0.50   43282    3890   41337   267609   6.18
  2009          89     0.10577  0.10046  0.50   39392    3957   37413   226272   5.74
  2009          90     0.11881  0.11215  0.50   35435    3974   33448   188859   5.33
  2009          91     0.13336  0.12502  0.50   31461    3933   29494   155411   4.94
  2009          92     0.14954  0.13914  0.50   27528    3830   25613   125916   4.57
  2009          93     0.16747  0.15453  0.50   23698    3662   21867   100304   4.23
  2009          94     0.18726  0.17123  0.50   20036    3431   18320    78437   3.91
  2009          95     0.20899  0.18922  0.50   16605    3142   15034    60117   3.62
  2009          96     0.23272  0.20846  0.50   13463    2807   12060    45083   3.35
  2009          97     0.25847  0.22889  0.50   10656    2439    9437    33024   3.10
  2009          98     0.28620  0.25037  0.50    8217    2057    7189    23587   2.87
  2009          99     0.31584  0.27276  0.50    6160    1680    5320    16398   2.66
  2009         100     0.34726  0.29589  0.50    4480    1325    3817    11078   2.47
  2009         101     0.38026  0.31951  0.50    3154    1008    2650     7261   2.30
  2009         102     0.41458  0.34340  0.50    2146     737    1778     4611   2.15
  2009         103     0.44992  0.36729  0.50    1409     518    1151     2833   2.01
  2009         104     0.48591  0.39093  0.50     892     349     717     1683   1.89
  2009         105     0.52216  0.41406  0.50     543     225     431      965   1.78
  2009         106     0.55822  0.43641  0.50     318     139     249      535   1.68
  2009         107     0.59369  0.45780  0.50     179      82     138      286   1.59
  2009         108     0.62836  0.47814  0.50      97      46      74      148   1.52
  2009         109     0.66215  0.49745  0.50      51      25      38       74   1.45
  2009         110+    0.71857  1.00000  1.39      26      26      35       35   1.39
  2010           0     0.00243  0.00242  0.21  100000     242   99809  8301406  83.01
  2010           1     0.00055  0.00055  0.50   99758      55   99730  8201597  82.22
  2010           2     0.00025  0.00025  0.50   99703      25   99690  8101867  81.26
  2010           3     0.00011  0.00011  0.50   99677      11   99672  8002177  80.28
  2010           4     0.00009  0.00009  0.50   99666       9   99662  7902505  79.29
  2010           5     0.00010  0.00010  0.50   99657      10   99652  7802844  78.30
  2010           6     0.00013  0.00013  0.50   99648      13   99641  7703191  77.30
  2010           7     0.00015  0.00015  0.50   99635      15   99627  7603550  76.31
  2010           8     0.00012  0.00012  0.50   99620      12   99614  7503923  75.33
  2010           9     0.00008  0.00008  0.50   99607       8   99604  7404309  74.33
  2010          10     0.00006  0.00006  0.50   99600       6   99597  7304705  73.34
  2010          11     0.00008  0.00008  0.50   99593       8   99589  7205109  72.35
  2010          12     0.00010  0.00010  0.50   99585      10   99581  7105519  71.35
  2010          13     0.00008  0.00008  0.50   99576       8   99572  7005939  70.36
  2010          14     0.00006  0.00006  0.50   99568       6   99565  6906367  69.36
  2010          15     0.00004  0.00004  0.50   99562       4   99560  6806802  68.37
  2010          16     0.00006  0.00006  0.50   99558       6   99555  6707242  67.37
  2010          17     0.00012  0.00012  0.50   99552      12   99546  6607687  66.37
  2010          18     0.00027  0.00027  0.50   99540      27   99526  6508142  65.38
  2010          19     0.00047  0.00047  0.50   99513      47   99489  6408615  64.40
  2010          20     0.00051  0.00051  0.50   99466      51   99440  6309126  63.43
  2010          21     0.00046  0.00046  0.50   99415      46   99392  6209686  62.46
  2010          22     0.00045  0.00045  0.50   99369      45   99346  6110294  61.49
  2010          23     0.00044  0.00044  0.50   99324      44   99302  6010948  60.52
  2010          24     0.00040  0.00040  0.50   99280      40   99260  5911646  59.55
  2010          25     0.00041  0.00041  0.50   99239      40   99219  5812387  58.57
  2010          26     0.00050  0.00050  0.50   99199      50   99174  5713167  57.59
  2010          27     0.00066  0.00066  0.50   99149      65   99117  5613993  56.62
  2010          28     0.00069  0.00069  0.50   99084      68   99050  5514876  55.66
  2010          29     0.00046  0.00046  0.50   99016      46   98993  5415826  54.70
  2010          30     0.00033  0.00033  0.50   98970      33   98954  5316833  53.72
  2010          31     0.00037  0.00037  0.50   98937      37   98919  5217879  52.74
  2010          32     0.00054  0.00054  0.50   98900      53   98874  5118961  51.76
  2010          33     0.00066  0.00066  0.50   98847      65   98815  5020087  50.79
  2010          34     0.00061  0.00061  0.50   98782      61   98752  4921272  49.82
  2010          35     0.00062  0.00062  0.50   98722      61   98691  4822520  48.85
  2010          36     0.00083  0.00083  0.50   98661      82   98620  4723829  47.88
  2010          37     0.00100  0.00100  0.50   98579      99   98529  4625209  46.92
  2010          38     0.00103  0.00103  0.50   98480     101   98429  4526680  45.97
  2010          39     0.00094  0.00094  0.50   98379      93   98332  4428251  45.01
  2010          40     0.00092  0.00092  0.50   98286      91   98241  4329918  44.05
  2010          41     0.00110  0.00110  0.50   98195     108   98141  4231678  43.09
  2010          42     0.00128  0.00128  0.50   98087     126   98024  4133537  42.14
  2010          43     0.00143  0.00143  0.50   97962     140   97891  4035512  41.19
  2010          44     0.00158  0.00158  0.50   97821     155   97744  3937621  40.25
  2010          45     0.00175  0.00175  0.50   97666     171   97581  3839877  39.32
  2010          46     0.00192  0.00192  0.50   97495     187   97401  3742296  38.38
  2010          47     0.00196  0.00196  0.50   97308     190   97213  3644895  37.46
  2010          48     0.00199  0.00199  0.50   97117     193   97021  3547682  36.53
  2010          49     0.00218  0.00218  0.50   96924     211   96818  3450662  35.60
  2010          50     0.00246  0.00245  0.50   96712     237   96594  3353844  34.68
  2010          51     0.00272  0.00271  0.50   96475     262   96344  3257250  33.76
  2010          52     0.00301  0.00300  0.50   96213     289   96069  3160905  32.85
  2010          53     0.00336  0.00335  0.50   95924     322   95763  3064837  31.95
  2010          54     0.00365  0.00364  0.50   95603     348   95429  2969073  31.06
  2010          55     0.00378  0.00377  0.50   95255     359   95075  2873644  30.17
  2010          56     0.00374  0.00373  0.50   94895     354   94718  2778569  29.28
  2010          57     0.00379  0.00378  0.50   94541     357   94363  2683851  28.39
  2010          58     0.00425  0.00424  0.50   94184     399   93985  2589488  27.49
  2010          59     0.00526  0.00524  0.50   93785     492   93539  2495503  26.61
  2010          60     0.00627  0.00625  0.50   93293     583   93002  2401964  25.75
  2010          61     0.00673  0.00671  0.50   92711     622   92400  2308962  24.91
  2010          62     0.00684  0.00681  0.50   92089     627   91775  2216562  24.07
  2010          63     0.00693  0.00691  0.50   91461     632   91146  2124787  23.23
  2010          64     0.00729  0.00727  0.50   90830     660   90500  2033642  22.39
  2010          65     0.00805  0.00802  0.50   90170     723   89808  1943142  21.55
  2010          66     0.00887  0.00883  0.50   89447     790   89052  1853334  20.72
  2010          67     0.00963  0.00959  0.50   88657     850   88232  1764282  19.90
  2010          68     0.01038  0.01032  0.50   87807     906   87354  1676050  19.09
  2010          69     0.01144  0.01137  0.50   86900     988   86406  1588696  18.28
  2010          70     0.01301  0.01292  0.50   85912    1110   85357  1502290  17.49
  2010          71     0.01458  0.01447  0.50   84802    1227   84189  1416933  16.71
  2010          72     0.01604  0.01591  0.50   83575    1330   82910  1332744  15.95
  2010          73     0.01750  0.01735  0.50   82245    1427   81532  1249834  15.20
  2010          74     0.01933  0.01914  0.50   80818    1547   80045  1168302  14.46
  2010          75     0.02183  0.02160  0.50   79271    1712   78415  1088257  13.73
  2010          76     0.02470  0.02440  0.50   77559    1892   76613  1009842  13.02
  2010          77     0.02733  0.02696  0.50   75667    2040   74647   933229  12.33
  2010          78     0.02945  0.02902  0.50   73627    2137   72559   858582  11.66
  2010          79     0.03234  0.03182  0.50   71490    2275   70353   786023  10.99
  2010          80     0.03714  0.03646  0.50   69215    2524   67953   715670  10.34
  2010          81     0.04291  0.04201  0.50   66691    2802   65291   647717   9.71
  2010          82     0.04860  0.04745  0.50   63890    3032   62374   582427   9.12
  2010          83     0.05459  0.05314  0.50   60858    3234   59241   520053   8.55
  2010          84     0.06121  0.05939  0.50   57624    3423   55913   460812   8.00
  2010          85     0.06868  0.06640  0.50   54202    3599   52402   404899   7.47
  2010          86     0.07713  0.07426  0.50   50603    3758   48724   352497   6.97
  2010          87     0.08667  0.08307  0.50   46845    3891   44899   303773   6.48
  2010          88     0.09743  0.09290  0.50   42953    3990   40958   258874   6.03
  2010          89     0.10952  0.10384  0.50   38963    4046   36940   217916   5.59
  2010          90     0.12310  0.11597  0.50   34917    4049   32893   180976   5.18
  2010          91     0.13831  0.12936  0.50   30868    3993   28871   148083   4.80
  2010          92     0.15528  0.14409  0.50   26875    3872   24939   119212   4.44
  2010          93     0.17415  0.16020  0.50   23002    3685   21160    94273   4.10
  2010          94     0.19503  0.17770  0.50   19317    3433   17601    73113   3.78
  2010          95     0.21802  0.19659  0.50   15885    3123   14323    55512   3.49
  2010          96     0.24316  0.21680  0.50   12762    2767   11379    41189   3.23
  2010          97     0.27047  0.23825  0.50    9995    2381    8804    29811   2.98
  2010          98     0.29988  0.26078  0.50    7614    1986    6621    21006   2.76
  2010          99     0.33131  0.28423  0.50    5628    1600    4828    14385   2.56
  2010         100     0.36457  0.30836  0.50    4029    1242    3407     9557   2.37
  2010         101     0.39939  0.33291  0.50    2786     928    2323     6149   2.21
  2010         102     0.43548  0.35762  0.50    1859     665    1526     3827   2.06
  2010         103     0.47247  0.38218  0.50    1194     456     966     2300   1.93
  2010         104     0.50994  0.40633  0.50     738     300     588     1334   1.81
  2010         105     0.54745  0.42980  0.50     438     188     344      747   1.70
  2010         106     0.58451  0.45232  0.50     250     113     193      403   1.61
  2010         107     0.62067  0.47367  0.50     137      65     104      210   1.53
  2010         108     0.65559  0.49374  0.50      72      36      54      105   1.46
  2010         109     0.68914  0.51253  0.50      36      19      27       51   1.40
  2010         110+    0.74343  1.00000  1.35      18      18      24       24   1.35
  2011           0     0.00160  0.00160  0.22  100000     160   99876  8304822  83.05
  2011           1     0.00023  0.00023  0.50   99840      23   99829  8204946  82.18
  2011           2     0.00023  0.00023  0.50   99817      23   99806  8105117  81.20
  2011           3     0.00024  0.00024  0.50   99794      24   99782  8005312  80.22
  2011           4     0.00025  0.00025  0.50   99770      25   99757  7905530  79.24
  2011           5     0.00023  0.00023  0.50   99745      23   99734  7805773  78.26
  2011           6     0.00019  0.00019  0.50   99722      19   99713  7706039  77.27
  2011           7     0.00015  0.00015  0.50   99703      15   99696  7606326  76.29
  2011           8     0.00012  0.00012  0.50   99688      12   99682  7506631  75.30
  2011           9     0.00009  0.00009  0.50   99677       9   99672  7406948  74.31
  2011          10     0.00008  0.00008  0.50   99668       8   99664  7307276  73.32
  2011          11     0.00009  0.00009  0.50   99660       9   99655  7207613  72.32
  2011          12     0.00011  0.00011  0.50   99651      11   99646  7107957  71.33
  2011          13     0.00014  0.00014  0.50   99640      14   99633  7008312  70.34
  2011          14     0.00020  0.00020  0.50   99626      20   99617  6908678  69.35
  2011          15     0.00028  0.00028  0.50   99607      28   99593  6809062  68.36
  2011          16     0.00035  0.00035  0.50   99579      34   99562  6709469  67.38
  2011          17     0.00038  0.00038  0.50   99545      37   99526  6609907  66.40
  2011          18     0.00039  0.00039  0.50   99507      39   99488  6510381  65.43
  2011          19     0.00042  0.00042  0.50   99468      42   99447  6410893  64.45
  2011          20     0.00044  0.00044  0.50   99426      43   99404  6311446  63.48
  2011          21     0.00042  0.00042  0.50   99382      42   99362  6212042  62.51
  2011          22     0.00037  0.00037  0.50   99341      37   99322  6112681  61.53
  2011          23     0.00032  0.00032  0.50   99304      32   99288  6013359  60.56
  2011          24     0.00029  0.00029  0.50   99272      29   99258  5914071  59.57
  2011          25     0.00030  0.00030  0.50   99243      30   99228  5814813  58.59
  2011          26     0.00033  0.00033  0.50   99213      33   99197  5715585  57.61
  2011          27     0.00038  0.00038  0.50   99180      38   99161  5616388  56.63
  2011          28     0.00042  0.00042  0.50   99142      42   99122  5517227  55.65
  2011          29     0.00043  0.00043  0.50   99101      42   99080  5418105  54.67
  2011          30     0.00042  0.00042  0.50   99059      42   99038  5319025  53.70
  2011          31     0.00044  0.00044  0.50   99017      43   98995  5219988  52.72
  2011          32     0.00048  0.00048  0.50   98974      47   98950  5120993  51.74
  2011          33     0.00055  0.00055  0.50   98926      54   98899  5022043  50.77
  2011          34     0.00064  0.00064  0.50   98872      63   98841  4923143  49.79
  2011          35     0.00073  0.00073  0.50   98809      72   98773  4824302  48.82
  2011          36     0.00080  0.00080  0.50   98737      79   98698  4725529  47.86
  2011          37     0.00086  0.00086  0.50   98658      85   98616  4626831  46.90
  2011          38     0.00088  0.00088  0.50   98573      87   98530  4528216  45.94
  2011          39     0.00088  0.00087  0.50   98487      86   98443  4429686  44.98
  2011          40     0.00092  0.00092  0.50   98400      91   98355  4331242  44.02
  2011          41     0.00108  0.00108  0.50   98310     106   98257  4232887  43.06
  2011          42     0.00126  0.00126  0.50   98204     124   98142  4134631  42.10
  2011          43     0.00142  0.00142  0.50   98080     139   98010  4036489  41.16
  2011          44     0.00152  0.00152  0.50   97941     149   97866  3938479  40.21
  2011          45     0.00159  0.00159  0.50   97791     155   97714  3840613  39.27
  2011          46     0.00164  0.00164  0.50   97636     160   97556  3742899  38.34
  2011          47     0.00173  0.00172  0.50   97476     168   97392  3645343  37.40
  2011          48     0.00186  0.00186  0.50   97308     181   97217  3547951  36.46
  2011          49     0.00206  0.00206  0.50   97127     200   97027  3450734  35.53
  2011          50     0.00231  0.00230  0.50   96927     223   96815  3353707  34.60
  2011          51     0.00255  0.00255  0.50   96703     246   96580  3256892  33.68
  2011          52     0.00275  0.00275  0.50   96457     265   96324  3160312  32.76
  2011          53     0.00291  0.00291  0.50   96192     280   96052  3063987  31.85
  2011          54     0.00312  0.00311  0.50   95912     298   95763  2967935  30.94
  2011          55     0.00342  0.00342  0.50   95614     327   95450  2872172  30.04
  2011          56     0.00386  0.00385  0.50   95287     367   95103  2776722  29.14
  2011          57     0.00437  0.00436  0.50   94920     414   94713  2681619  28.25
  2011          58     0.00493  0.00492  0.50   94506     465   94274  2586906  27.37
  2011          59     0.00553  0.00552  0.50   94041     519   93782  2492632  26.51
  2011          60     0.00620  0.00618  0.50   93523     578   93234  2398850  25.65
  2011          61     0.00691  0.00689  0.50   92945     640   92625  2305617  24.81
  2011          62     0.00754  0.00751  0.50   92305     694   91958  2212992  23.97
  2011          63     0.00798  0.00795  0.50   91611     729   91247  2121034  23.15
  2011          64     0.00831  0.00828  0.50   90882     752   90506  2029787  22.33
  2011          65     0.00865  0.00861  0.50   90130     776   89742  1939281  21.52
  2011          66     0.00910  0.00906  0.50   89354     809   88949  1849539  20.70
  2011          67     0.00966  0.00961  0.50   88545     851   88119  1760590  19.88
  2011          68     0.01030  0.01025  0.50   87694     899   87244  1672471  19.07
  2011          69     0.01107  0.01101  0.50   86795     955   86317  1585226  18.26
  2011          70     0.01209  0.01202  0.50   85840    1031   85324  1498909  17.46
  2011          71     0.01368  0.01359  0.50   84808    1153   84232  1413585  16.67
  2011          72     0.01568  0.01556  0.50   83656    1302   83005  1329353  15.89
  2011          73     0.01782  0.01767  0.50   82354    1455   81627  1246348  15.13
  2011          74     0.02008  0.01988  0.50   80899    1609   80095  1164722  14.40
  2011          75     0.02256  0.02230  0.50   79291    1769   78406  1084627  13.68
  2011          76     0.02546  0.02514  0.50   77522    1949   76547  1006220  12.98
  2011          77     0.02863  0.02822  0.50   75573    2133   74506   929673  12.30
  2011          78     0.03183  0.03134  0.50   73440    2301   72289   855167  11.64
  2011          79     0.03519  0.03458  0.50   71138    2460   69908   782878  11.00
  2011          80     0.03889  0.03814  0.50   68678    2620   67368   712969  10.38
  2011          81     0.04312  0.04221  0.50   66059    2788   64665   645601   9.77
  2011          82     0.04805  0.04692  0.50   63271    2969   61786   580936   9.18
  2011          83     0.05378  0.05237  0.50   60302    3158   58723   519150   8.61
  2011          84     0.06033  0.05857  0.50   57144    3347   55471   460427   8.06
  2011          85     0.06777  0.06555  0.50   53797    3526   52034   404956   7.53
  2011          86     0.07617  0.07338  0.50   50271    3689   48426   352922   7.02
  2011          87     0.08563  0.08211  0.50   46582    3825   44670   304496   6.54
  2011          88     0.09626  0.09184  0.50   42757    3927   40794   259826   6.08
  2011          89     0.10821  0.10266  0.50   38830    3986   36837   219033   5.64
  2011          90     0.12161  0.11464  0.50   34844    3995   32847   182195   5.23
  2011          91     0.13661  0.12788  0.50   30850    3945   28877   149349   4.84
  2011          92     0.15335  0.14243  0.50   26905    3832   24989   120471   4.48
  2011          93     0.17195  0.15834  0.50   23073    3653   21246    95483   4.14
  2011          94     0.19253  0.17563  0.50   19419    3411   17714    74237   3.82
  2011          95     0.21519  0.19429  0.50   16009    3110   14454    56523   3.53
  2011          96     0.23997  0.21427  0.50   12899    2764   11517    42069   3.26
  2011          97     0.26690  0.23548  0.50   10135    2387    8942    30552   3.01
  2011          98     0.29592  0.25778  0.50    7748    1997    6750    21611   2.79
  2011          99     0.32693  0.28100  0.50    5751    1616    4943    14861   2.58
  2011         100     0.35978  0.30493  0.50    4135    1261    3505     9918   2.40
  2011         101     0.39421  0.32930  0.50    2874     946    2401     6414   2.23
  2011         102     0.42993  0.35386  0.50    1928     682    1587     4013   2.08
  2011         103     0.46655  0.37830  0.50    1246     471    1010     2426   1.95
  2011         104     0.50365  0.40233  0.50     774     312     619     1416   1.83
  2011         105     0.54080  0.42569  0.50     463     197     364      798   1.72
  2011         106     0.57754  0.44813  0.50     266     119     206      433   1.63
  2011         107     0.61351  0.46949  0.50     147      69     112      227   1.55
  2011         108     0.64859  0.48976  0.50      78      38      59      115   1.48
  2011         109     0.68281  0.50903  0.50      40      20      30       56   1.41
  2011         110+    0.73758  1.00000  1.36      19      19      26       26   1.36
  2012           0     0.00160  0.00160  0.22  100000     160   99875  8313660  83.14
  2012           1     0.00015  0.00015  0.50   99840      15   99832  8213785  82.27
  2012           2     0.00017  0.00017  0.50   99825      17   99817  8113953  81.28
  2012           3     0.00016  0.00016  0.50   99808      16   99801  8014136  80.30
  2012           4     0.00012  0.00012  0.50   99793      11   99787  7914335  79.31
  2012           5     0.00007  0.00007  0.50   99781       7   99778  7814548  78.32
  2012           6     0.00008  0.00008  0.50   99774       8   99770  7714770  77.32
  2012           7     0.00016  0.00016  0.50   99766      16   99759  7615000  76.33
  2012           8     0.00022  0.00022  0.50   99751      22   99740  7515241  75.34
  2012           9     0.00022  0.00022  0.50   99729      22   99718  7415502  74.36
  2012          10     0.00015  0.00015  0.50   99707      15   99699  7315784  73.37
  2012          11     0.00008  0.00008  0.50   99692       8   99688  7216085  72.38
  2012          12     0.00005  0.00005  0.50   99684       5   99681  7116397  71.39
  2012          13     0.00006  0.00006  0.50   99678       6   99676  7016716  70.39
  2012          14     0.00006  0.00006  0.50   99673       6   99670  6917041  69.40
  2012          15     0.00006  0.00006  0.50   99667       6   99664  6817371  68.40
  2012          16     0.00009  0.00009  0.50   99660       9   99656  6717707  67.41
  2012          17     0.00017  0.00017  0.50   99651      17   99643  6618051  66.41
  2012          18     0.00027  0.00027  0.50   99634      27   99621  6518409  65.42
  2012          19     0.00036  0.00036  0.50   99608      36   99590  6418787  64.44
  2012          20     0.00049  0.00049  0.50   99572      49   99548  6319198  63.46
  2012          21     0.00061  0.00061  0.50   99523      61   99493  6219650  62.49
  2012          22     0.00067  0.00067  0.50   99463      66   99430  6120157  61.53
  2012          23     0.00067  0.00067  0.50   99396      66   99363  6020728  60.57
  2012          24     0.00062  0.00062  0.50   99330      62   99299  5921364  59.61
  2012          25     0.00053  0.00053  0.50   99269      53   99242  5822065  58.65
  2012          26     0.00044  0.00044  0.50   99216      44   99194  5722822  57.68
  2012          27     0.00040  0.00040  0.50   99172      39   99153  5623628  56.71
  2012          28     0.00045  0.00045  0.50   99133      44   99111  5524475  55.73
  2012          29     0.00060  0.00060  0.50   99089      60   99059  5425365  54.75
  2012          30     0.00078  0.00078  0.50   99029      77   98990  5326306  53.79
  2012          31     0.00088  0.00088  0.50   98951      87   98908  5227316  52.83
  2012          32     0.00084  0.00084  0.50   98864      83   98823  5128408  51.87
  2012          33     0.00072  0.00072  0.50   98781      71   98745  5029586  50.92
  2012          34     0.00062  0.00062  0.50   98710      62   98679  4930840  49.95
  2012          35     0.00062  0.00062  0.50   98648      61   98617  4832161  48.98
  2012          36     0.00073  0.00073  0.50   98587      72   98551  4733544  48.01
  2012          37     0.00084  0.00084  0.50   98515      82   98473  4634993  47.05
  2012          38     0.00090  0.00090  0.50   98432      89   98388  4536520  46.09
  2012          39     0.00093  0.00093  0.50   98344      92   98298  4438132  45.13
  2012          40     0.00098  0.00098  0.50   98252      96   98204  4339834  44.17
  2012          41     0.00108  0.00108  0.50   98156     106   98103  4241630  43.21
  2012          42     0.00127  0.00127  0.50   98050     125   97988  4143527  42.26
  2012          43     0.00140  0.00140  0.50   97925     137   97857  4045540  41.31
  2012          44     0.00136  0.00135  0.50   97788     132   97722  3947683  40.37
  2012          45     0.00132  0.00132  0.50   97656     129   97591  3849961  39.42
  2012          46     0.00148  0.00148  0.50   97527     144   97454  3752370  38.48
  2012          47     0.00172  0.00172  0.50   97382     167   97298  3654915  37.53
  2012          48     0.00203  0.00202  0.50   97215     197   97116  3557617  36.60
  2012          49     0.00239  0.00238  0.50   97018     231   96902  3460500  35.67
  2012          50     0.00259  0.00259  0.50   96787     251   96661  3363598  34.75
  2012          51     0.00251  0.00251  0.50   96536     242   96415  3266937  33.84
  2012          52     0.00254  0.00254  0.50   96294     244   96172  3170522  32.93
  2012          53     0.00299  0.00299  0.50   96050     287   95906  3074350  32.01
  2012          54     0.00349  0.00348  0.50   95763     334   95596  2978444  31.10
  2012          55     0.00386  0.00386  0.50   95429     368   95245  2882848  30.21
  2012          56     0.00408  0.00407  0.50   95061     387   94867  2787603  29.32
  2012          57     0.00427  0.00426  0.50   94674     403   94472  2692736  28.44
  2012          58     0.00455  0.00454  0.50   94270     428   94056  2598263  27.56
  2012          59     0.00492  0.00491  0.50   93843     461   93612  2504207  26.69
  2012          60     0.00533  0.00532  0.50   93381     497   93133  2410595  25.81
  2012          61     0.00574  0.00572  0.50   92885     532   92619  2317462  24.95
  2012          62     0.00626  0.00624  0.50   92353     577   92065  2224843  24.09
  2012          63     0.00701  0.00699  0.50   91776     642   91456  2132778  23.24
  2012          64     0.00797  0.00794  0.50   91135     723   90773  2041322  22.40
  2012          65     0.00892  0.00888  0.50   90412     803   90010  1950549  21.57
  2012          66     0.00936  0.00931  0.50   89609     834   89191  1860539  20.76
  2012          67     0.00967  0.00963  0.50   88774     855   88347  1771348  19.95
  2012          68     0.01040  0.01035  0.50   87920     910   87465  1683001  19.14
  2012          69     0.01153  0.01147  0.50   87010     998   86511  1595536  18.34
  2012          70     0.01287  0.01278  0.50   86012    1100   85462  1509025  17.54
  2012          71     0.01403  0.01393  0.50   84913    1183   84321  1423563  16.77
  2012          72     0.01503  0.01491  0.50   83730    1249   83105  1339241  15.99
  2012          73     0.01603  0.01590  0.50   82481    1312   81825  1256136  15.23
  2012          74     0.01740  0.01725  0.50   81169    1400   80469  1174311  14.47
  2012          75     0.01951  0.01932  0.50   79769    1541   78999  1093842  13.71
  2012          76     0.02247  0.02222  0.50   78228    1738   77359  1014843  12.97
  2012          77     0.02608  0.02574  0.50   76490    1969   75505   937484  12.26
  2012          78     0.03007  0.02963  0.50   74521    2208   73417   861979  11.57
  2012          79     0.03418  0.03361  0.50   72313    2430   71098   788562  10.90
  2012          80     0.03829  0.03757  0.50   69883    2625   68570   717464  10.27
  2012          81     0.04283  0.04193  0.50   67258    2820   65847   648893   9.65
  2012          82     0.04823  0.04710  0.50   64437    3035   62920   583046   9.05
  2012          83     0.05447  0.05303  0.50   61403    3256   59775   520126   8.47
  2012          84     0.06155  0.05971  0.50   58146    3472   56411   460351   7.92
  2012          85     0.06949  0.06716  0.50   54675    3672   52839   403941   7.39
  2012          86     0.07840  0.07544  0.50   51003    3848   49079   351102   6.88
  2012          87     0.08837  0.08463  0.50   47155    3991   45160   302023   6.40
  2012          88     0.09952  0.09481  0.50   43165    4092   41118   256863   5.95
  2012          89     0.11200  0.10606  0.50   39072    4144   37000   215744   5.52
  2012          90     0.12591  0.11846  0.50   34928    4137   32860   178744   5.12
  2012          91     0.14141  0.13207  0.50   30791    4067   28758   145885   4.74
  2012          92     0.15861  0.14696  0.50   26724    3927   24761   117127   4.38
  2012          93     0.17766  0.16316  0.50   22797    3720   20937    92366   4.05
  2012          94     0.19865  0.18070  0.50   19077    3447   17354    71429   3.74
  2012          95     0.22169  0.19957  0.50   15630    3119   14070    54075   3.46
  2012          96     0.24682  0.21971  0.50   12511    2749   11136    40005   3.20
  2012          97     0.27408  0.24105  0.50    9762    2353    8585    28869   2.96
  2012          98     0.30340  0.26344  0.50    7409    1952    6433    20283   2.74
  2012          99     0.33471  0.28672  0.50    5457    1565    4675    13850   2.54
  2012         100     0.36783  0.31069  0.50    3892    1209    3288     9175   2.36
  2012         101     0.40251  0.33508  0.50    2683     899    2234     5887   2.19
  2012         102     0.43847  0.35963  0.50    1784     642    1463     3654   2.05
  2012         103     0.47532  0.38405  0.50    1142     439     923     2191   1.92
  2012         104     0.51267  0.40807  0.50     704     287     560     1267   1.80
  2012         105     0.55006  0.43141  0.50     417     180     327      707   1.70
  2012         106     0.58700  0.45381  0.50     237     107     183      381   1.61
  2012         107     0.62302  0.47504  0.50     129      61      99      198   1.53
  2012         108     0.65786  0.49503  0.50      68      34      51       99   1.46
  2012         109     0.69142  0.51379  0.50      34      18      25       48   1.40
  2012         110+    0.74555  1.00000  1.34      17      17      22       22   1.34
  2013           0     0.00315  0.00314  0.20  100000     314   99750  8350003  83.50
  2013           1     0.00017  0.00017  0.50   99686      16   99678  8250253  82.76
  2013           2     0.00022  0.00022  0.50   99670      21   99659  8150575  81.78
  2013           3     0.00020  0.00020  0.50   99648      20   99638  8050916  80.79
  2013           4     0.00017  0.00017  0.50   99628      17   99620  7951278  79.81
  2013           5     0.00015  0.00015  0.50   99611      15   99604  7851658  78.82
  2013           6     0.00013  0.00013  0.50   99596      13   99590  7752054  77.83
  2013           7     0.00010  0.00010  0.50   99583      10   99578  7652465  76.85
  2013           8     0.00007  0.00007  0.50   99573       7   99569  7552887  75.85
  2013           9     0.00005  0.00005  0.50   99565       5   99563  7453318  74.86
  2013          10     0.00003  0.00003  0.50   99560       3   99559  7353756  73.86
  2013          11     0.00002  0.00002  0.50   99557       2   99556  7254197  72.86
  2013          12     0.00003  0.00003  0.50   99555       3   99554  7154640  71.87
  2013          13     0.00005  0.00005  0.50   99552       5   99550  7055087  70.87
  2013          14     0.00007  0.00007  0.50   99547       7   99543  6955537  69.87
  2013          15     0.00009  0.00009  0.50   99540       9   99535  6855994  68.88
  2013          16     0.00012  0.00012  0.50   99531      12   99525  6756458  67.88
  2013          17     0.00016  0.00016  0.50   99518      16   99511  6656934  66.89
  2013          18     0.00020  0.00020  0.50   99503      20   99493  6557423  65.90
  2013          19     0.00025  0.00025  0.50   99483      25   99470  6457931  64.92
  2013          20     0.00034  0.00034  0.50   99458      34   99441  6358461  63.93
  2013          21     0.00041  0.00041  0.50   99424      41   99403  6259020  62.95
  2013          22     0.00043  0.00043  0.50   99383      43   99361  6159617  61.98
  2013          23     0.00040  0.00040  0.50   99340      40   99320  6060255  61.01
  2013          24     0.00036  0.00036  0.50   99301      36   99283  5960935  60.03
  2013          25     0.00035  0.00035  0.50   99265      35   99247  5861652  59.05
  2013          26     0.00037  0.00037  0.50   99230      37   99212  5762405  58.07
  2013          27     0.00042  0.00042  0.50   99194      42   99173  5663193  57.09
  2013          28     0.00046  0.00046  0.50   99152      46   99129  5564020  56.12
  2013          29     0.00045  0.00045  0.50   99106      45   99083  5464892  55.14
  2013          30     0.00045  0.00045  0.50   99061      44   99039  5365808  54.17
  2013          31     0.00046  0.00046  0.50   99017      46   98994  5266769  53.19
  2013          32     0.00049  0.00049  0.50   98971      49   98946  5167775  52.22
  2013          33     0.00053  0.00053  0.50   98922      52   98896  5068829  51.24
  2013          34     0.00055  0.00055  0.50   98870      55   98843  4969933  50.27
  2013          35     0.00061  0.00061  0.50   98815      60   98785  4871090  49.29
  2013          36     0.00070  0.00070  0.50   98755      69   98720  4772305  48.32
  2013          37     0.00071  0.00071  0.50   98686      70   98651  4673585  47.36
  2013          38     0.00070  0.00070  0.50   98615      69   98581  4574934  46.39
  2013          39     0.00073  0.00073  0.50   98546      72   98510  4476353  45.42
  2013          40     0.00082  0.00082  0.50   98475      81   98434  4377843  44.46
  2013          41     0.00096  0.00096  0.50   98394      94   98347  4279408  43.49
  2013          42     0.00110  0.00110  0.50   98300     108   98246  4181061  42.53
  2013          43     0.00123  0.00123  0.50   98192     121   98131  4082816  41.58
  2013          44     0.00133  0.00133  0.50   98071     130   98006  3984684  40.63
  2013          45     0.00137  0.00137  0.50   97941     134   97874  3886678  39.68
  2013          46     0.00136  0.00136  0.50   97807     133   97740  3788805  38.74
  2013          47     0.00147  0.00147  0.50   97673     144   97601  3691065  37.79
  2013          48     0.00165  0.00165  0.50   97530     161   97449  3593463  36.84
  2013          49     0.00183  0.00182  0.50   97369     178   97280  3496014  35.90
  2013          50     0.00198  0.00198  0.50   97191     192   97095  3398734  34.97
  2013          51     0.00214  0.00214  0.50   96999     208   96895  3301639  34.04
  2013          52     0.00241  0.00241  0.50   96791     233   96674  3204744  33.11
  2013          53     0.00283  0.00283  0.50   96558     273   96421  3108070  32.19
  2013          54     0.00328  0.00328  0.50   96285     315   96127  3011649  31.28
  2013          55     0.00373  0.00372  0.50   95969     357   95791  2915522  30.38
  2013          56     0.00417  0.00416  0.50   95612     398   95413  2819731  29.49
  2013          57     0.00453  0.00452  0.50   95214     430   94999  2724318  28.61
  2013          58     0.00474  0.00472  0.50   94784     448   94560  2629319  27.74
  2013          59     0.00490  0.00488  0.50   94336     461   94106  2534759  26.87
  2013          60     0.00513  0.00511  0.50   93875     480   93635  2440654  26.00
  2013          61     0.00551  0.00549  0.50   93395     513   93139  2347018  25.13
  2013          62     0.00598  0.00596  0.50   92882     554   92605  2253880  24.27
  2013          63     0.00648  0.00646  0.50   92328     596   92030  2161274  23.41
  2013          64     0.00703  0.00701  0.50   91732     643   91410  2069244  22.56
  2013          65     0.00768  0.00765  0.50   91089     697   90740  1977834  21.71
  2013          66     0.00846  0.00843  0.50   90392     762   90011  1887094  20.88
  2013          67     0.00936  0.00931  0.50   89630     835   89213  1797082  20.05
  2013          68     0.01036  0.01031  0.50   88796     916   88338  1707869  19.23
  2013          69     0.01153  0.01147  0.50   87880    1008   87376  1619532  18.43
  2013          70     0.01287  0.01279  0.50   86873    1111   86317  1532155  17.64
  2013          71     0.01422  0.01412  0.50   85762    1211   85156  1445838  16.86
  2013          72     0.01564  0.01552  0.50   84551    1312   83895  1360682  16.09
  2013          73     0.01717  0.01702  0.50   83239    1417   82530  1276787  15.34
  2013          74     0.01867  0.01850  0.50   81822    1513   81065  1194256  14.60
  2013          75     0.02005  0.01985  0.50   80309    1594   79511  1113191  13.86
  2013          76     0.02176  0.02152  0.50   78714    1694   77867  1033680  13.13
  2013          77     0.02425  0.02396  0.50   77020    1845   76097   955813  12.41
  2013          78     0.02784  0.02746  0.50   75175    2064   74143   879716  11.70
  2013          79     0.03237  0.03185  0.50   73111    2329   71946   805573  11.02
  2013          80     0.03752  0.03683  0.50   70782    2607   69479   733627  10.36
  2013          81     0.04299  0.04209  0.50   68175    2869   66741   664148   9.74
  2013          82     0.04859  0.04744  0.50   65306    3098   63757   597407   9.15
  2013          83     0.05456  0.05311  0.50   62208    3304   60556   533650   8.58
  2013          84     0.06114  0.05933  0.50   58904    3495   57157   473094   8.03
  2013          85     0.06852  0.06625  0.50   55410    3671   53574   415937   7.51
  2013          86     0.07685  0.07401  0.50   51739    3829   49824   362363   7.00
  2013          87     0.08625  0.08268  0.50   47910    3961   45929   312538   6.52
  2013          88     0.09683  0.09236  0.50   43948    4059   41919   266609   6.07
  2013          89     0.10874  0.10313  0.50   39889    4114   37832   224690   5.63
  2013          90     0.12209  0.11506  0.50   35775    4116   33717   186858   5.22
  2013          91     0.13703  0.12824  0.50   31659    4060   29629   153141   4.84
  2013          92     0.15370  0.14273  0.50   27599    3939   25629   123512   4.48
  2013          93     0.17223  0.15857  0.50   23660    3752   21784    97882   4.14
  2013          94     0.19273  0.17579  0.50   19908    3500   18158    76099   3.82
  2013          95     0.21531  0.19438  0.50   16408    3189   14813    57940   3.53
  2013          96     0.24001  0.21429  0.50   13219    2833   11802    43127   3.26
  2013          97     0.26685  0.23544  0.50   10386    2445    9163    31325   3.02
  2013          98     0.29578  0.25767  0.50    7941    2046    6918    22161   2.79
  2013          99     0.32671  0.28084  0.50    5895    1655    5067    15243   2.59
  2013         100     0.35948  0.30471  0.50    4239    1292    3593    10176   2.40
  2013         101     0.39383  0.32904  0.50    2948     970    2463     6583   2.23
  2013         102     0.42948  0.35356  0.50    1978     699    1628     4120   2.08
  2013         103     0.46606  0.37798  0.50    1278     483    1037     2492   1.95
  2013         104     0.50315  0.40201  0.50     795     320     635     1456   1.83
  2013         105     0.54031  0.42539  0.50     476     202     374      820   1.72
  2013         106     0.57707  0.44785  0.50     273     122     212      446   1.63
  2013         107     0.61302  0.46920  0.50     151      71     115      234   1.55
  2013         108     0.64796  0.48940  0.50      80      39      60      118   1.48
  2013         109     0.68189  0.50851  0.50      41      21      30       58   1.41
  2013         110+    0.73682  1.00000  1.36      20      20      27       27   1.36
  2014           0     0.00126  0.00126  0.22  100000     126   99902  8381825  83.82
  2014           1     0.00014  0.00014  0.50   99874      14   99867  8281923  82.92
  2014           2     0.00010  0.00010  0.50   99860      10   99855  8182056  81.94
  2014           3     0.00008  0.00008  0.50   99850       7   99846  8082201  80.94
  2014           4     0.00006  0.00006  0.50   99843       6   99840  7982355  79.95
  2014           5     0.00004  0.00004  0.50   99837       4   99835  7882515  78.95
  2014           6     0.00004  0.00004  0.50   99833       4   99831  7782680  77.96
  2014           7     0.00004  0.00004  0.50   99829       4   99827  7682849  76.96
  2014           8     0.00003  0.00003  0.50   99825       3   99824  7583022  75.96
  2014           9     0.00002  0.00002  0.50   99822       2   99821  7483198  74.97
  2014          10     0.00003  0.00003  0.50   99820       3   99819  7383377  73.97
  2014          11     0.00004  0.00004  0.50   99817       4   99815  7283558  72.97
  2014          12     0.00005  0.00005  0.50   99813       5   99811  7183743  71.97
  2014          13     0.00007  0.00007  0.50   99809       7   99805  7083932  70.98
  2014          14     0.00013  0.00013  0.50   99801      13   99795  6984127  69.98
  2014          15     0.00021  0.00021  0.50   99789      21   99778  6884332  68.99
  2014          16     0.00028  0.00028  0.50   99768      28   99754  6784554  68.00
  2014          17     0.00028  0.00028  0.50   99740      28   99726  6684800  67.02
  2014          18     0.00026  0.00026  0.50   99712      26   99699  6585074  66.04
  2014          19     0.00026  0.00026  0.50   99686      26   99673  6485375  65.06
  2014          20     0.00025  0.00025  0.50   99660      24   99648  6385702  64.07
  2014          21     0.00023  0.00023  0.50   99636      23   99624  6286054  63.09
  2014          22     0.00024  0.00024  0.50   99613      24   99601  6186429  62.10
  2014          23     0.00026  0.00026  0.50   99589      26   99576  6086828  61.12
  2014          24     0.00030  0.00030  0.50   99563      30   99549  5987252  60.14
  2014          25     0.00031  0.00031  0.50   99534      31   99518  5887703  59.15
  2014          26     0.00031  0.00031  0.50   99502      31   99487  5788185  58.17
  2014          27     0.00031  0.00031  0.50   99471      30   99456  5688698  57.19
  2014          28     0.00033  0.00033  0.50   99441      33   99425  5589242  56.21
  2014          29     0.00041  0.00041  0.50   99408      41   99388  5489818  55.23
  2014          30     0.00051  0.00051  0.50   99367      51   99342  5390430  54.25
  2014          31     0.00057  0.00057  0.50   99316      57   99288  5291088  53.28
  2014          32     0.00055  0.00055  0.50   99259      54   99232  5191801  52.31
  2014          33     0.00050  0.00050  0.50   99205      50   99180  5092568  51.33
  2014          34     0.00050  0.00050  0.50   99156      50   99131  4993388  50.36
  2014          35     0.00053  0.00053  0.50   99106      53   99079  4894257  49.38
  2014          36     0.00059  0.00059  0.50   99053      58   99024  4795178  48.41
  2014          37     0.00068  0.00068  0.50   98995      67   98961  4696154  47.44
  2014          38     0.00081  0.00081  0.50   98928      80   98888  4597192  46.47
  2014          39     0.00094  0.00094  0.50   98848      93   98801  4498304  45.51
  2014          40     0.00106  0.00106  0.50   98755     105   98703  4399503  44.55
  2014          41     0.00112  0.00111  0.50   98650     110   98595  4300800  43.60
  2014          42     0.00105  0.00105  0.50   98540     104   98488  4202205  42.64
  2014          43     0.00101  0.00101  0.50   98436      99   98387  4103717  41.69
  2014          44     0.00111  0.00111  0.50   98337     109   98283  4005330  40.73
  2014          45     0.00137  0.00137  0.50   98228     135   98161  3907047  39.78
  2014          46     0.00171  0.00171  0.50   98093     168   98010  3808886  38.83
  2014          47     0.00200  0.00200  0.50   97926     196   97828  3710877  37.89
  2014          48     0.00219  0.00219  0.50   97730     214   97623  3613049  36.97
  2014          49     0.00229  0.00229  0.50   97516     223   97404  3515426  36.05
  2014          50     0.00236  0.00236  0.50   97293     230   97178  3418021  35.13
  2014          51     0.00246  0.00246  0.50   97063     239   96944  3320843  34.21
  2014          52     0.00258  0.00257  0.50   96825     249   96700  3223899  33.30
  2014          53     0.00271  0.00271  0.50   96575     262   96444  3127199  32.38
  2014          54     0.00298  0.00297  0.50   96314     286   96170  3030755  31.47
  2014          55     0.00325  0.00325  0.50   96027     312   95871  2934585  30.56
  2014          56     0.00340  0.00340  0.50   95715     325   95553  2838713  29.66
  2014          57     0.00353  0.00352  0.50   95390     336   95222  2743161  28.76
  2014          58     0.00377  0.00376  0.50   95054     357   94875  2647938  27.86
  2014          59     0.00419  0.00418  0.50   94697     396   94499  2553063  26.96
  2014          60     0.00481  0.00480  0.50   94301     452   94075  2458564  26.07
  2014          61     0.00557  0.00555  0.50   93848     521   93588  2364490  25.19
  2014          62     0.00630  0.00628  0.50   93327     586   93034  2270902  24.33
  2014          63     0.00685  0.00683  0.50   92741     633   92425  2177868  23.48
  2014          64     0.00741  0.00738  0.50   92108     680   91768  2085443  22.64
  2014          65     0.00817  0.00814  0.50   91428     744   91056  1993675  21.81
  2014          66     0.00912  0.00908  0.50   90684     823   90272  1902619  20.98
  2014          67     0.01005  0.01000  0.50   89861     899   89411  1812347  20.17
  2014          68     0.01082  0.01077  0.50   88962     958   88483  1722935  19.37
  2014          69     0.01162  0.01155  0.50   88004    1016   87496  1634452  18.57
  2014          70     0.01266  0.01258  0.50   86988    1094   86441  1546956  17.78
  2014          71     0.01397  0.01387  0.50   85894    1191   85298  1460516  17.00
  2014          72     0.01528  0.01516  0.50   84702    1284   84060  1375218  16.24
  2014          73     0.01636  0.01623  0.50   83418    1354   82741  1291157  15.48
  2014          74     0.01742  0.01727  0.50   82064    1417   81356  1208416  14.73
  2014          75     0.01883  0.01865  0.50   80647    1504   79895  1127060  13.98
  2014          76     0.02105  0.02083  0.50   79143    1649   78319  1047165  13.23
  2014          77     0.02414  0.02385  0.50   77494    1848   76570   968847  12.50
  2014          78     0.02796  0.02758  0.50   75646    2086   74603   892277  11.80
  2014          79     0.03216  0.03165  0.50   73560    2328   72396   817674  11.12
  2014          80     0.03643  0.03578  0.50   71232    2548   69957   745278  10.46
  2014          81     0.04103  0.04020  0.50   68683    2761   67303   675321   9.83
  2014          82     0.04628  0.04523  0.50   65922    2982   64431   608018   9.22
  2014          83     0.05222  0.05089  0.50   62940    3203   61339   543587   8.64
  2014          84     0.05893  0.05725  0.50   59737    3420   58027   482249   8.07
  2014          85     0.06651  0.06437  0.50   56317    3625   54505   424221   7.53
  2014          86     0.07507  0.07235  0.50   52692    3812   50786   369717   7.02
  2014          87     0.08470  0.08126  0.50   48880    3972   46894   318931   6.52
  2014          88     0.09556  0.09120  0.50   44908    4096   42860   272037   6.06
  2014          89     0.10777  0.10226  0.50   40812    4173   38725   229178   5.62
  2014          90     0.12149  0.11453  0.50   36639    4196   34540   190452   5.20
  2014          91     0.13686  0.12809  0.50   32442    4156   30365   155912   4.81
  2014          92     0.15405  0.14303  0.50   28287    4046   26264   125547   4.44
  2014          93     0.17319  0.15939  0.50   24241    3864   22309    99284   4.10
  2014          94     0.19441  0.17719  0.50   20377    3611   18572    76975   3.78
  2014          95     0.21782  0.19643  0.50   16767    3293   15120    58403   3.48
  2014          96     0.24349  0.21706  0.50   13473    2925   12011    43283   3.21
  2014          97     0.27143  0.23900  0.50   10549    2521    9288    31272   2.96
  2014          98     0.30159  0.26207  0.50    8028    2104    6976    21984   2.74
  2014          99     0.33386  0.28610  0.50    5924    1695    5076    15008   2.53
  2014         100     0.36805  0.31085  0.50    4229    1315    3572     9932   2.35
  2014         101     0.40388  0.33603  0.50    2914     979    2425     6360   2.18
  2014         102     0.44103  0.36135  0.50    1935     699    1585     3935   2.03
  2014         103     0.47906  0.38649  0.50    1236     478     997     2350   1.90
  2014         104     0.51753  0.41114  0.50     758     312     602     1353   1.78
  2014         105     0.55594  0.43502  0.50     446     194     349      750   1.68
  2014         106     0.59375  0.45783  0.50     252     115     195      401   1.59
  2014         107     0.63049  0.47937  0.50     137      66     104      207   1.51
  2014         108     0.66593  0.49958  0.50      71      36      53      103   1.44
  2014         109     0.70003  0.51854  0.50      36      18      26       49   1.38
  2014         110+    0.75399  1.00000  1.33      17      17      23       23   1.33
  2015           0     0.00101  0.00101  0.23  100000     101   99922  8403269  84.03
  2015           1     0.00009  0.00009  0.50   99899       9   99895  8303347  83.12
  2015           2     0.00019  0.00019  0.50   99890      19   99881  8203452  82.12
  2015           3     0.00024  0.00024  0.50   99871      23   99859  8103571  81.14
  2015           4     0.00021  0.00021  0.50   99848      21   99837  8003712  80.16
  2015           5     0.00014  0.00014  0.50   99826      14   99819  7903875  79.18
  2015           6     0.00008  0.00008  0.50   99812       8   99808  7804056  78.19
  2015           7     0.00007  0.00007  0.50   99804       7   99801  7704247  77.19
  2015           8     0.00011  0.00011  0.50   99797      11   99792  7604447  76.20
  2015           9     0.00014  0.00014  0.50   99786      14   99779  7504655  75.21
  2015          10     0.00012  0.00012  0.50   99772      12   99766  7404876  74.22
  2015          11     0.00009  0.00009  0.50   99760       9   99756  7305110  73.23
  2015          12     0.00007  0.00007  0.50   99751       7   99748  7205354  72.23
  2015          13     0.00007  0.00007  0.50   99745       7   99741  7105606  71.24
  2015          14     0.00008  0.00008  0.50   99738       8   99734  7005865  70.24
  2015          15     0.00009  0.00009  0.50   99731       9   99726  6906130  69.25
  2015          16     0.00010  0.00010  0.50   99722      10   99717  6806404  68.25
  2015          17     0.00013  0.00013  0.50   99712      13   99705  6706687  67.26
  2015          18     0.00019  0.00019  0.50   99699      18   99689  6606982  66.27
  2015          19     0.00026  0.00026  0.50   99680      26   99667  6507293  65.28
  2015          20     0.00029  0.00029  0.50   99654      29   99640  6407626  64.30
  2015          21     0.00028  0.00028  0.50   99625      28   99611  6307986  63.32
  2015          22     0.00028  0.00028  0.50   99597      28   99583  6208375  62.33
  2015          23     0.00031  0.00031  0.50   99569      31   99553  6108792  61.35
  2015          24     0.00038  0.00038  0.50   99538      38   99519  6009238  60.37
  2015          25     0.00044  0.00044  0.50   99500      44   99478  5909720  59.39
  2015          26     0.00046  0.00046  0.50   99456      46   99433  5810242  58.42
  2015          27     0.00045  0.00045  0.50   99410      45   99387  5710809  57.45
  2015          28     0.00042  0.00042  0.50   99365      41   99344  5611422  56.47
  2015          29     0.00037  0.00037  0.50   99323      37   99305  5512078  55.50
  2015          30     0.00039  0.00039  0.50   99286      38   99267  5412773  54.52
  2015          31     0.00043  0.00043  0.50   99248      43   99226  5313506  53.54
  2015          32     0.00048  0.00048  0.50   99205      47   99181  5214280  52.56
  2015          33     0.00051  0.00051  0.50   99157      50   99132  5115099  51.59
  2015          34     0.00052  0.00052  0.50   99107      52   99081  5015967  50.61
  2015          35     0.00053  0.00053  0.50   99055      53   99028  4916887  49.64
  2015          36     0.00054  0.00054  0.50   99002      54   98975  4817858  48.66
  2015          37     0.00055  0.00055  0.50   98948      54   98921  4718883  47.69
  2015          38     0.00061  0.00061  0.50   98894      60   98864  4619962  46.72
  2015          39     0.00077  0.00077  0.50   98834      76   98796  4521099  45.74
  2015          40     0.00090  0.00090  0.50   98758      89   98713  4422303  44.78
  2015          41     0.00092  0.00092  0.50   98669      90   98624  4323590  43.82
  2015          42     0.00092  0.00092  0.50   98578      91   98533  4224966  42.86
  2015          43     0.00100  0.00100  0.50   98487      98   98438  4126433  41.90
  2015          44     0.00117  0.00117  0.50   98389     115   98332  4027995  40.94
  2015          45     0.00142  0.00142  0.50   98274     140   98204  3929663  39.99
  2015          46     0.00169  0.00169  0.50   98134     166   98052  3831459  39.04
  2015          47     0.00189  0.00189  0.50   97969     185   97876  3733407  38.11
  2015          48     0.00203  0.00203  0.50   97783     198   97684  3635531  37.18
  2015          49     0.00212  0.00211  0.50   97585     206   97482  3537847  36.25
  2015          50     0.00223  0.00223  0.50   97379     217   97271  3440365  35.33
  2015          51     0.00244  0.00243  0.50   97162     236   97044  3343094  34.41
  2015          52     0.00271  0.00271  0.50   96926     262   96795  3246050  33.49
  2015          53     0.00304  0.00303  0.50   96663     293   96517  3149255  32.58
  2015          54     0.00343  0.00343  0.50   96370     330   96205  3052738  31.68
  2015          55     0.00375  0.00374  0.50   96040     359   95860  2956533  30.78
  2015          56     0.00383  0.00383  0.50   95681     366   95498  2860673  29.90
  2015          57     0.00377  0.00376  0.50   95315     359   95135  2765175  29.01
  2015          58     0.00374  0.00374  0.50   94956     355   94779  2670040  28.12
  2015          59     0.00401  0.00400  0.50   94601     378   94412  2575262  27.22
  2015          60     0.00449  0.00448  0.50   94223     422   94012  2480850  26.33
  2015          61     0.00506  0.00504  0.50   93801     473   93564  2386838  25.45
  2015          62     0.00576  0.00574  0.50   93328     536   93060  2293274  24.57
  2015          63     0.00664  0.00662  0.50   92792     614   92485  2200214  23.71
  2015          64     0.00755  0.00752  0.50   92178     693   91831  2107729  22.87
  2015          65     0.00832  0.00829  0.50   91485     758   91106  2015898  22.04
  2015          66     0.00897  0.00893  0.50   90727     810   90322  1924792  21.22
  2015          67     0.00951  0.00946  0.50   89917     851   89492  1834470  20.40
  2015          68     0.00998  0.00993  0.50   89066     884   88624  1744978  19.59
  2015          69     0.01041  0.01036  0.50   88182     914   87725  1656354  18.78
  2015          70     0.01103  0.01097  0.50   87268     957   86790  1568629  17.97
  2015          71     0.01239  0.01231  0.50   86311    1063   85780  1481839  17.17
  2015          72     0.01427  0.01417  0.50   85249    1208   84645  1396059  16.38
  2015          73     0.01627  0.01613  0.50   84040    1356   83362  1311415  15.60
  2015          74     0.01806  0.01790  0.50   82684    1480   81944  1228052  14.85
  2015          75     0.01956  0.01937  0.50   81205    1573   80418  1146108  14.11
  2015          76     0.02127  0.02105  0.50   79632    1676   78794  1065690  13.38
  2015          77     0.02357  0.02329  0.50   77956    1816   77048   986896  12.66
  2015          78     0.02668  0.02633  0.50   76140    2005   75138   909848  11.95
  2015          79     0.03058  0.03012  0.50   74135    2233   73019   834710  11.26
  2015          80     0.03516  0.03455  0.50   71902    2485   70660   761691  10.59
  2015          81     0.04028  0.03948  0.50   69418    2741   68047   691031   9.95
  2015          82     0.04582  0.04480  0.50   66677    2987   65183   622984   9.34
  2015          83     0.05190  0.05058  0.50   63690    3222   62079   557800   8.76
  2015          84     0.05862  0.05695  0.50   60468    3444   58746   495721   8.20
  2015          85     0.06612  0.06400  0.50   57025    3650   55200   436975   7.66
  2015          86     0.07448  0.07181  0.50   53375    3833   51459   381775   7.15
  2015          87     0.08382  0.08045  0.50   49542    3986   47549   330317   6.67
  2015          88     0.09422  0.08998  0.50   45557    4099   43507   282767   6.21
  2015          89     0.10579  0.10048  0.50   41457    4166   39375   239260   5.77
  2015          90     0.11865  0.11201  0.50   37292    4177   35203   199885   5.36
  2015          91     0.13292  0.12464  0.50   33115    4127   31051   164682   4.97
  2015          92     0.14872  0.13843  0.50   28987    4013   26981   133631   4.61
  2015          93     0.16618  0.15343  0.50   24975    3832   23059   106650   4.27
  2015          94     0.18542  0.16969  0.50   21143    3588   19349    83591   3.95
  2015          95     0.20654  0.18721  0.50   17555    3286   15912    64242   3.66
  2015          96     0.22963  0.20598  0.50   14269    2939   12799    48331   3.39
  2015          97     0.25473  0.22596  0.50   11330    2560   10050    35532   3.14
  2015          98     0.28185  0.24704  0.50    8770    2166    7686    25482   2.91
  2015          99     0.31095  0.26911  0.50    6603    1777    5715    17796   2.70
  2015         100     0.34191  0.29200  0.50    4826    1409    4122    12081   2.50
  2015         101     0.37456  0.31548  0.50    3417    1078    2878     7960   2.33
  2015         102     0.40867  0.33934  0.50    2339     794    1942     5082   2.17
  2015         103     0.44393  0.36329  0.50    1545     561    1265     3140   2.03
  2015         104     0.47996  0.38707  0.50     984     381     793     1875   1.91
  2015         105     0.51637  0.41041  0.50     603     247     479     1082   1.79
  2015         106     0.55270  0.43303  0.50     356     154     279      602   1.69
  2015         107     0.58852  0.45472  0.50     202      92     156      324   1.61
  2015         108     0.62357  0.47536  0.50     110      52      84      168   1.53
  2015         109     0.65774  0.49496  0.50      58      29      43       84   1.46
  2015         110+    0.71514  1.00000  1.40      29      29      41       41   1.40
  2016           0     0.00192  0.00191  0.22  100000     191   99850  8419268  84.19
  2016           1     0.00023  0.00023  0.50   99809      23   99797  8319418  83.35
  2016           2     0.00024  0.00024  0.50   99786      24   99774  8219621  82.37
  2016           3     0.00025  0.00025  0.50   99762      25   99749  8119847  81.39
  2016           4     0.00024  0.00024  0.50   99737      24   99724  8020098  80.41
  2016           5     0.00019  0.00019  0.50   99712      19   99703  7920374  79.43
  2016           6     0.00012  0.00012  0.50   99694      12   99687  7820671  78.45
  2016           7     0.00009  0.00009  0.50   99681       9   99677  7720983  77.46
  2016           8     0.00007  0.00007  0.50   99673       7   99669  7621306  76.46
  2016           9     0.00007  0.00007  0.50   99665       7   99662  7521637  75.47
  2016          10     0.00007  0.00007  0.50   99658       7   99654  7421976  74.47
  2016          11     0.00007  0.00007  0.50   99651       7   99647  7322321  73.48
  2016          12     0.00006  0.00006  0.50   99644       6   99641  7222674  72.48
  2016          13     0.00006  0.00006  0.50   99638       6   99635  7123033  71.49
  2016          14     0.00006  0.00006  0.50   99632       6   99630  7023398  70.49
  2016          15     0.00007  0.00007  0.50   99627       7   99623  6923768  69.50
  2016          16     0.00008  0.00008  0.50   99620       8   99616  6824145  68.50
  2016          17     0.00011  0.00011  0.50   99612      11   99606  6724529  67.51
  2016          18     0.00016  0.00016  0.50   99601      16   99593  6624923  66.51
  2016          19     0.00025  0.00025  0.50   99585      25   99572  6525330  65.53
  2016          20     0.00036  0.00036  0.50   99559      36   99542  6425758  64.54
  2016          21     0.00043  0.00043  0.50   99524      43   99502  6326216  63.56
  2016          22     0.00044  0.00044  0.50   99481      44   99459  6226714  62.59
  2016          23     0.00040  0.00040  0.50   99437      39   99417  6127255  61.62
  2016          24     0.00035  0.00035  0.50   99398      34   99380  6027838  60.64
  2016          25     0.00032  0.00032  0.50   99363      32   99347  5928458  59.66
  2016          26     0.00033  0.00033  0.50   99331      32   99315  5829111  58.68
  2016          27     0.00036  0.00036  0.50   99299      36   99281  5729796  57.70
  2016          28     0.00040  0.00040  0.50   99263      40   99243  5630515  56.72
  2016          29     0.00042  0.00042  0.50   99223      42   99202  5531272  55.75
  2016          30     0.00042  0.00042  0.50   99182      42   99161  5432069  54.77
  2016          31     0.00042  0.00042  0.50   99140      42   99119  5332908  53.79
  2016          32     0.00045  0.00045  0.50   99098      45   99075  5233789  52.81
  2016          33     0.00051  0.00051  0.50   99053      50   99028  5134714  51.84
  2016          34     0.00056  0.00056  0.50   99003      56   98975  5035686  50.86
  2016          35     0.00062  0.00062  0.50   98947      61   98917  4936711  49.89
  2016          36     0.00065  0.00065  0.50   98886      64   98854  4837794  48.92
  2016          37     0.00066  0.00066  0.50   98822      66   98789  4738940  47.95
  2016          38     0.00067  0.00067  0.50   98757      66   98724  4640151  46.99
  2016          39     0.00066  0.00066  0.50   98691      65   98658  4541427  46.02
  2016          40     0.00069  0.00069  0.50   98625      68   98591  4442769  45.05
  2016          41     0.00078  0.00078  0.50   98557      77   98519  4344178  44.08
  2016          42     0.00089  0.00089  0.50   98480      88   98436  4245659  43.11
  2016          43     0.00101  0.00101  0.50   98392     100   98343  4147222  42.15
  2016          44     0.00115  0.00115  0.50   98293     113   98236  4048880  41.19
  2016          45     0.00138  0.00138  0.50   98179     135   98112  3950644  40.24
  2016          46     0.00172  0.00172  0.50   98044     169   97960  3852532  39.29
  2016          47     0.00206  0.00206  0.50   97875     202   97775  3754572  38.36
  2016          48     0.00230  0.00230  0.50   97674     224   97562  3656797  37.44
  2016          49     0.00239  0.00239  0.50   97449     233   97333  3559236  36.52
  2016          50     0.00239  0.00239  0.50   97216     232   97100  3461903  35.61
  2016          51     0.00237  0.00237  0.50   96984     230   96869  3364803  34.69
  2016          52     0.00239  0.00239  0.50   96754     231   96639  3267934  33.78
  2016          53     0.00249  0.00248  0.50   96523     240   96403  3171295  32.86
  2016          54     0.00260  0.00260  0.50   96283     250   96158  3074892  31.94
  2016          55     0.00283  0.00283  0.50   96033     272   95897  2978734  31.02
  2016          56     0.00326  0.00326  0.50   95761     312   95605  2882836  30.10
  2016          57     0.00377  0.00376  0.50   95449     359   95270  2787231  29.20
  2016          58     0.00423  0.00422  0.50   95090     401   94890  2691961  28.31
  2016          59     0.00462  0.00461  0.50   94689     437   94471  2597072  27.43
  2016          60     0.00500  0.00499  0.50   94252     470   94017  2502601  26.55
  2016          61     0.00540  0.00539  0.50   93782     505   93530  2408584  25.68
  2016          62     0.00583  0.00581  0.50   93277     542   93006  2315054  24.82
  2016          63     0.00629  0.00627  0.50   92735     581   92444  2222048  23.96
  2016          64     0.00684  0.00682  0.50   92154     628   91839  2129604  23.11
  2016          65     0.00753  0.00750  0.50   91525     687   91182  2037764  22.26
  2016          66     0.00829  0.00826  0.50   90838     750   90463  1946582  21.43
  2016          67     0.00900  0.00896  0.50   90088     807   89685  1856119  20.60
  2016          68     0.00957  0.00953  0.50   89281     851   88856  1766435  19.79
  2016          69     0.01021  0.01015  0.50   88430     898   87981  1677579  18.97
  2016          70     0.01113  0.01107  0.50   87532     969   87048  1589597  18.16
  2016          71     0.01242  0.01235  0.50   86563    1069   86029  1502549  17.36
  2016          72     0.01390  0.01381  0.50   85495    1180   84904  1416520  16.57
  2016          73     0.01539  0.01528  0.50   84314    1288   83670  1331616  15.79
  2016          74     0.01700  0.01686  0.50   83026    1400   82326  1247946  15.03
  2016          75     0.01888  0.01870  0.50   81627    1527   80863  1165619  14.28
  2016          76     0.02107  0.02085  0.50   80100    1670   79265  1084756  13.54
  2016          77     0.02352  0.02325  0.50   78429    1823   77518  1005492  12.82
  2016          78     0.02618  0.02584  0.50   76606    1980   75616   927974  12.11
  2016          79     0.02915  0.02873  0.50   74626    2144   73554   852358  11.42
  2016          80     0.03259  0.03206  0.50   72482    2324   71320   778804  10.74
  2016          81     0.03678  0.03611  0.50   70158    2534   68891   707484  10.08
  2016          82     0.04194  0.04108  0.50   67625    2778   66236   638592   9.44
  2016          83     0.04805  0.04692  0.50   64846    3043   63325   572357   8.83
  2016          84     0.05506  0.05359  0.50   61804    3312   60148   509031   8.24
  2016          85     0.06299  0.06107  0.50   58492    3572   56706   448884   7.67
  2016          86     0.07189  0.06939  0.50   54920    3811   53014   392178   7.14
  2016          87     0.08183  0.07861  0.50   51109    4018   49100   339163   6.64
  2016          88     0.09291  0.08879  0.50   47091    4181   45000   290063   6.16
  2016          89     0.10525  0.09999  0.50   42910    4290   40765   245063   5.71
  2016          90     0.11895  0.11227  0.50   38619    4336   36451   204298   5.29
  2016          91     0.13413  0.12570  0.50   34284    4309   32129   167847   4.90
  2016          92     0.15091  0.14032  0.50   29974    4206   27871   135718   4.53
  2016          93     0.16941  0.15618  0.50   25768    4024   23756   107847   4.19
  2016          94     0.18974  0.17330  0.50   21744    3768   19860    84091   3.87
  2016          95     0.21201  0.19169  0.50   17976    3446   16253    64231   3.57
  2016          96     0.23630  0.21133  0.50   14530    3071   12995    47978   3.30
  2016          97     0.26268  0.23218  0.50   11459    2661   10129    34983   3.05
  2016          98     0.29113  0.25414  0.50    8799    2236    7681    24855   2.82
  2016          99     0.32162  0.27707  0.50    6563    1818    5653    17174   2.62
  2016         100     0.35404  0.30079  0.50    4744    1427    4031    11521   2.43
  2016         101     0.38817  0.32508  0.50    3317    1078    2778     7490   2.26
  2016         102     0.42377  0.34968  0.50    2239     783    1847     4712   2.10
  2016         103     0.46046  0.37428  0.50    1456     545    1184     2864   1.97
  2016         104     0.49782  0.39860  0.50     911     363     729     1681   1.85
  2016         105     0.53538  0.42233  0.50     548     231     432      951   1.74
  2016         106     0.57268  0.44520  0.50     317     141     246      519   1.64
  2016         107     0.60929  0.46701  0.50     176      82     135      273   1.56
  2016         108     0.64504  0.48774  0.50      94      46      71      139   1.48
  2016         109     0.67993  0.50742  0.50      48      24      36       68   1.42
  2016         110+    0.73599  1.00000  1.36      24      24      32       32   1.36
  2017           0     0.00163  0.00163  0.22  100000     163   99873  8426106  84.26
  2017           1     0.00013  0.00013  0.50   99837      13   99830  8326233  83.40
  2017           2     0.00011  0.00011  0.50   99824      11   99818  8226403  82.41
  2017           3     0.00010  0.00010  0.50   99812      10   99807  8126585  81.42
  2017           4     0.00010  0.00010  0.50   99802      10   99797  8026777  80.43
  2017           5     0.00010  0.00010  0.50   99792      10   99787  7926980  79.43
  2017           6     0.00009  0.00009  0.50   99783       9   99778  7827193  78.44
  2017           7     0.00008  0.00008  0.50   99773       8   99769  7727415  77.45
  2017           8     0.00009  0.00009  0.50   99765       9   99761  7627646  76.46
  2017           9     0.00009  0.00009  0.50   99756       9   99752  7527885  75.46
  2017          10     0.00010  0.00010  0.50   99747      10   99742  7428133  74.47
  2017          11     0.00010  0.00010  0.50   99737      10   99732  7328391  73.48
  2017          12     0.00010  0.00010  0.50   99727      10   99722  7228658  72.48
  2017          13     0.00009  0.00009  0.50   99718       9   99713  7128936  71.49
  2017          14     0.00008  0.00008  0.50   99708       8   99704  7029223  70.50
  2017          15     0.00007  0.00007  0.50   99700       7   99696  6929519  69.50
  2017          16     0.00007  0.00007  0.50   99693       7   99690  6829823  68.51
  2017          17     0.00008  0.00008  0.50   99686       8   99682  6730133  67.51
  2017          18     0.00013  0.00013  0.50   99678      13   99672  6630451  66.52
  2017          19     0.00021  0.00021  0.50   99665      21   99654  6530779  65.53
  2017          20     0.00031  0.00031  0.50   99644      31   99628  6431125  64.54
  2017          21     0.00038  0.00038  0.50   99613      38   99594  6331496  63.56
  2017          22     0.00041  0.00041  0.50   99575      41   99555  6231902  62.58
  2017          23     0.00041  0.00041  0.50   99534      41   99514  6132348  61.61
  2017          24     0.00039  0.00039  0.50   99494      39   99474  6032834  60.64
  2017          25     0.00036  0.00036  0.50   99455      35   99437  5933360  59.66
  2017          26     0.00032  0.00032  0.50   99419      32   99404  5833922  58.68
  2017          27     0.00029  0.00029  0.50   99388      29   99373  5734519  57.70
  2017          28     0.00028  0.00028  0.50   99359      28   99345  5635145  56.72
  2017          29     0.00032  0.00032  0.50   99331      31   99315  5535801  55.73
  2017          30     0.00038  0.00038  0.50   99299      37   99281  5436486  54.75
  2017          31     0.00044  0.00044  0.50   99262      44   99240  5337205  53.77
  2017          32     0.00050  0.00050  0.50   99218      49   99193  5237965  52.79
  2017          33     0.00053  0.00053  0.50   99169      53   99142  5138772  51.82
  2017          34     0.00055  0.00055  0.50   99116      55   99089  5039629  50.85
  2017          35     0.00055  0.00055  0.50   99061      54   99034  4940541  49.87
  2017          36     0.00054  0.00054  0.50   99007      54   98980  4841507  48.90
  2017          37     0.00059  0.00059  0.50   98953      58   98924  4742526  47.93
  2017          38     0.00070  0.00070  0.50   98895      69   98860  4643602  46.95
  2017          39     0.00086  0.00086  0.50   98826      85   98783  4544742  45.99
  2017          40     0.00102  0.00102  0.50   98741     100   98691  4445959  45.03
  2017          41     0.00114  0.00114  0.50   98640     112   98584  4347268  44.07
  2017          42     0.00123  0.00123  0.50   98528     121   98468  4248684  43.12
  2017          43     0.00131  0.00131  0.50   98407     129   98343  4150216  42.17
  2017          44     0.00139  0.00139  0.50   98279     136   98211  4051873  41.23
  2017          45     0.00147  0.00146  0.50   98143     144   98071  3953662  40.28
  2017          46     0.00155  0.00155  0.50   97999     152   97923  3855592  39.34
  2017          47     0.00166  0.00166  0.50   97847     162   97766  3757669  38.40
  2017          48     0.00179  0.00179  0.50   97685     175   97598  3659902  37.47
  2017          49     0.00194  0.00194  0.50   97510     189   97416  3562305  36.53
  2017          50     0.00213  0.00212  0.50   97321     207   97218  3464889  35.60
  2017          51     0.00235  0.00235  0.50   97115     228   97001  3367671  34.68
  2017          52     0.00260  0.00259  0.50   96887     251   96761  3270670  33.76
  2017          53     0.00282  0.00282  0.50   96635     272   96499  3173909  32.84
  2017          54     0.00297  0.00297  0.50   96363     286   96220  3077410  31.94
  2017          55     0.00304  0.00304  0.50   96077     292   95931  2981189  31.03
  2017          56     0.00308  0.00308  0.50   95785     295   95638  2885258  30.12
  2017          57     0.00327  0.00326  0.50   95491     312   95335  2789620  29.21
  2017          58     0.00373  0.00372  0.50   95179     354   95002  2694285  28.31
  2017          59     0.00430  0.00429  0.50   94825     407   94621  2599283  27.41
  2017          60     0.00488  0.00487  0.50   94418     460   94188  2504662  26.53
  2017          61     0.00542  0.00541  0.50   93958     508   93704  2410474  25.65
  2017          62     0.00597  0.00595  0.50   93450     556   93172  2316770  24.79
  2017          63     0.00658  0.00656  0.50   92894     609   92589  2223598  23.94
  2017          64     0.00719  0.00716  0.50   92285     661   91954  2131009  23.09
  2017          65     0.00775  0.00772  0.50   91624     708   91270  2039054  22.25
  2017          66     0.00834  0.00830  0.50   90916     755   90539  1947784  21.42
  2017          67     0.00899  0.00895  0.50   90162     807   89758  1857245  20.60
  2017          68     0.00975  0.00970  0.50   89355     867   88921  1767487  19.78
  2017          69     0.01056  0.01050  0.50   88488     929   88023  1678566  18.97
  2017          70     0.01136  0.01130  0.50   87559     989   87064  1590542  18.17
  2017          71     0.01216  0.01209  0.50   86570    1046   86047  1503478  17.37
  2017          72     0.01303  0.01295  0.50   85523    1107   84970  1417432  16.57
  2017          73     0.01407  0.01397  0.50   84416    1180   83826  1332462  15.78
  2017          74     0.01536  0.01524  0.50   83237    1269   82602  1248636  15.00
  2017          75     0.01705  0.01690  0.50   81968    1386   81275  1166033  14.23
  2017          76     0.01947  0.01929  0.50   80582    1554   79805  1084758  13.46
  2017          77     0.02256  0.02231  0.50   79028    1763   78147  1004953  12.72
  2017          78     0.02613  0.02579  0.50   77265    1993   76269   926806  12.00
  2017          79     0.03015  0.02970  0.50   75272    2235   74155   850537  11.30
  2017          80     0.03460  0.03401  0.50   73037    2484   71795   776382  10.63
  2017          81     0.03954  0.03877  0.50   70553    2735   69185   704588   9.99
  2017          82     0.04501  0.04402  0.50   67817    2985   66325   635403   9.37
  2017          83     0.05106  0.04979  0.50   64832    3228   63218   569078   8.78
  2017          84     0.05779  0.05617  0.50   61604    3460   59874   505860   8.21
  2017          85     0.06530  0.06324  0.50   58144    3677   56305   445986   7.67
  2017          86     0.07370  0.07108  0.50   54467    3871   52531   389681   7.15
  2017          87     0.08308  0.07977  0.50   50595    4036   48577   337150   6.66
  2017          88     0.09356  0.08938  0.50   46559    4162   44479   288573   6.20
  2017          89     0.10526  0.10000  0.50   42398    4240   40278   244094   5.76
  2017          90     0.11830  0.11169  0.50   38158    4262   36027   203816   5.34
  2017          91     0.13280  0.12453  0.50   33896    4221   31786   167789   4.95
  2017          92     0.14891  0.13859  0.50   29675    4113   27619   136003   4.58
  2017          93     0.16676  0.15393  0.50   25562    3935   23595   108385   4.24
  2017          94     0.18648  0.17057  0.50   21628    3689   19783    84790   3.92
  2017          95     0.20817  0.18855  0.50   17938    3382   16247    65007   3.62
  2017          96     0.23193  0.20783  0.50   14556    3025   13044    48760   3.35
  2017          97     0.25782  0.22838  0.50   11531    2633   10214    35716   3.10
  2017          98     0.28581  0.25007  0.50    8898    2225    7785    25502   2.87
  2017          99     0.31586  0.27278  0.50    6673    1820    5762    17717   2.66
  2017         100     0.34785  0.29631  0.50    4852    1438    4133    11954   2.46
  2017         101     0.38156  0.32043  0.50    3415    1094    2868     7821   2.29
  2017         102     0.41674  0.34487  0.50    2320     800    1920     4953   2.13
  2017         103     0.45301  0.36935  0.50    1520     561    1239     3033   2.00
  2017         104     0.48998  0.39356  0.50     959     377     770     1793   1.87
  2017         105     0.52719  0.41721  0.50     581     243     460     1023   1.76
  2017         106     0.56418  0.44005  0.50     339     149     264      563   1.66
  2017         107     0.60056  0.46187  0.50     190      88     146      299   1.58
  2017         108     0.63616  0.48264  0.50     102      49      77      153   1.50
  2017         109     0.67098  0.50242  0.50      53      27      40       76   1.43
  2017         110+    0.72762  1.00000  1.37      26      26      36       36   1.37
  2018           0     0.00091  0.00091  0.23  100000      91   99930  8426873  84.27
  2018           1     0.00000  0.00000  0.50   99909       0   99909  8326943  83.34
  2018           2     0.00014  0.00014  0.50   99909      14   99903  8227033  82.34
  2018           3     0.00023  0.00023  0.50   99896      23   99884  8127131  81.36
  2018           4     0.00020  0.00020  0.50   99872      20   99862  8027247  80.38
  2018           5     0.00005  0.00005  0.50   99853       5   99850  7927384  79.39
  2018           6     0.00000  0.00000  0.50   99848       0   99848  7827534  78.39
  2018           7     0.00007  0.00007  0.50   99848       7   99844  7727686  77.39
  2018           8     0.00016  0.00016  0.50   99841      16   99833  7627842  76.40
  2018           9     0.00014  0.00014  0.50   99825      14   99818  7528010  75.41
  2018          10     0.00003  0.00003  0.50   99810       3   99809  7428192  74.42
  2018          11     0.00001  0.00001  0.50   99808       1   99807  7328383  73.43
  2018          12     0.00019  0.00019  0.50   99807      19   99797  7228576  72.43
  2018          13     0.00024  0.00024  0.50   99788      24   99776  7128779  71.44
  2018          14     0.00016  0.00016  0.50   99765      16   99757  7029002  70.46
  2018          15     0.00008  0.00008  0.50   99748       8   99745  6929246  69.47
  2018          16     0.00006  0.00006  0.50   99741       6   99738  6829501  68.47
  2018          17     0.00016  0.00016  0.50   99735      16   99727  6729763  67.48
  2018          18     0.00021  0.00021  0.50   99719      21   99708  6630036  66.49
  2018          19     0.00020  0.00020  0.50   99698      20   99688  6530328  65.50
  2018          20     0.00059  0.00059  0.50   99678      59   99649  6430640  64.51
  2018          21     0.00086  0.00086  0.50   99620      86   99577  6330991  63.55
  2018          22     0.00050  0.00050  0.50   99534      50   99509  6231414  62.61
  2018          23     0.00017  0.00017  0.50   99484      16   99475  6131905  61.64
  2018          24     0.00039  0.00039  0.50   99467      39   99448  6032430  60.65
  2018          25     0.00043  0.00043  0.50   99428      42   99407  5932982  59.67
  2018          26     0.00031  0.00031  0.50   99386      31   99370  5833575  58.70
  2018          27     0.00034  0.00034  0.50   99355      34   99338  5734205  57.71
  2018          28     0.00049  0.00049  0.50   99321      49   99297  5634867  56.73
  2018          29     0.00064  0.00064  0.50   99272      64   99240  5535571  55.76
  2018          30     0.00062  0.00062  0.50   99209      62   99178  5436330  54.80
  2018          31     0.00050  0.00050  0.50   99147      49   99122  5337153  53.83
  2018          32     0.00039  0.00039  0.50   99098      39   99078  5238030  52.86
  2018          33     0.00038  0.00038  0.50   99059      38   99039  5138952  51.88
  2018          34     0.00048  0.00047  0.50   99020      47   98997  5039913  50.90
  2018          35     0.00050  0.00050  0.50   98973      49   98949  4940916  49.92
  2018          36     0.00038  0.00038  0.50   98924      38   98905  4841967  48.95
  2018          37     0.00046  0.00046  0.50   98886      46   98864  4743062  47.96
  2018          38     0.00066  0.00066  0.50   98841      65   98808  4644198  46.99
  2018          39     0.00082  0.00082  0.50   98775      81   98735  4545390  46.02
  2018          40     0.00100  0.00100  0.50   98694      98   98645  4446656  45.05
  2018          41     0.00117  0.00117  0.50   98596     115   98539  4348010  44.10
  2018          42     0.00098  0.00098  0.50   98481      97   98433  4249472  43.15
  2018          43     0.00091  0.00091  0.50   98384      89   98340  4151039  42.19
  2018          44     0.00140  0.00140  0.50   98295     137   98226  4052700  41.23
  2018          45     0.00191  0.00191  0.50   98158     187   98064  3954473  40.29
  2018          46     0.00194  0.00194  0.50   97971     190   97876  3856409  39.36
  2018          47     0.00198  0.00198  0.50   97781     194   97684  3758533  38.44
  2018          48     0.00205  0.00205  0.50   97587     200   97487  3660850  37.51
  2018          49     0.00202  0.00202  0.50   97387     196   97289  3563363  36.59
  2018          50     0.00202  0.00202  0.50   97191     196   97093  3466074  35.66
  2018          51     0.00217  0.00217  0.50   96995     210   96889  3368981  34.73
  2018          52     0.00233  0.00233  0.50   96784     225   96672  3272091  33.81
  2018          53     0.00240  0.00240  0.50   96559     232   96443  3175420  32.89
  2018          54     0.00270  0.00270  0.50   96327     260   96198  3078977  31.96
  2018          55     0.00316  0.00316  0.50   96068     304   95916  2982779  31.05
  2018          56     0.00363  0.00363  0.50   95764     347   95591  2886863  30.15
  2018          57     0.00396  0.00395  0.50   95417     377   95228  2791272  29.25
  2018          58     0.00412  0.00411  0.50   95040     391   94844  2696044  28.37
  2018          59     0.00436  0.00435  0.50   94649     412   94443  2601200  27.48
  2018          60     0.00457  0.00456  0.50   94237     430   94022  2506757  26.60
  2018          61     0.00464  0.00463  0.50   93807     434   93589  2412735  25.72
  2018          62     0.00486  0.00485  0.50   93372     453   93146  2319146  24.84
  2018          63     0.00548  0.00547  0.50   92920     508   92666  2226000  23.96
  2018          64     0.00619  0.00617  0.50   92412     571   92126  2133335  23.09
  2018          65     0.00684  0.00682  0.50   91841     626   91528  2041208  22.23
  2018          66     0.00812  0.00809  0.50   91215     737   90846  1949680  21.37
  2018          67     0.00957  0.00953  0.50   90478     862   90046  1858834  20.54
  2018          68     0.01063  0.01057  0.50   89615     947   89142  1768788  19.74
  2018          69     0.01164  0.01157  0.50   88668    1026   88155  1679646  18.94
  2018          70     0.01279  0.01271  0.50   87642    1114   87085  1591491  18.16
  2018          71     0.01305  0.01297  0.50   86528    1122   85967  1504406  17.39
  2018          72     0.01311  0.01302  0.50   85406    1112   84850  1418439  16.61
  2018          73     0.01409  0.01399  0.50   84294    1179   83704  1333589  15.82
  2018          74     0.01688  0.01674  0.50   83114    1392   82419  1249885  15.04
  2018          75     0.02085  0.02064  0.50   81723    1687   80880  1167467  14.29
  2018          76     0.02160  0.02137  0.50   80036    1711   79181  1086587  13.58
  2018          77     0.02180  0.02157  0.50   78326    1689   77481  1007406  12.86
  2018          78     0.02501  0.02470  0.50   76636    1893   75690   929925  12.13
  2018          79     0.02986  0.02942  0.50   74743    2199   73644   854236  11.43
  2018          80     0.03431  0.03373  0.50   72544    2447   71321   780592  10.76
  2018          81     0.03863  0.03790  0.50   70097    2656   68769   709271  10.12
  2018          82     0.04353  0.04260  0.50   67441    2873   66004   640502   9.50
  2018          83     0.04921  0.04803  0.50   64568    3101   63017   574498   8.90
  2018          84     0.05568  0.05417  0.50   61467    3330   59802   511481   8.32
  2018          85     0.06294  0.06102  0.50   58137    3547   56363   451679   7.77
  2018          86     0.07111  0.06866  0.50   54590    3748   52716   395316   7.24
  2018          87     0.08032  0.07722  0.50   50841    3926   48878   342600   6.74
  2018          88     0.09069  0.08676  0.50   46915    4070   44880   293722   6.26
  2018          89     0.10235  0.09736  0.50   42845    4172   40759   248842   5.81
  2018          90     0.11543  0.10913  0.50   38674    4220   36563   208082   5.38
  2018          91     0.13007  0.12213  0.50   34453    4208   32349   171519   4.98
  2018          92     0.14643  0.13644  0.50   30245    4127   28182   139170   4.60
  2018          93     0.16464  0.15212  0.50   26119    3973   24132   110988   4.25
  2018          94     0.18483  0.16919  0.50   22145    3747   20272    86856   3.92
  2018          95     0.20710  0.18767  0.50   18398    3453   16672    66584   3.62
  2018          96     0.23153  0.20751  0.50   14946    3101   13395    49912   3.34
  2018          97     0.25816  0.22865  0.50   11844    2708   10490    36517   3.08
  2018          98     0.28696  0.25095  0.50    9136    2293    7990    26027   2.85
  2018          99     0.31785  0.27427  0.50    6843    1877    5905    18037   2.64
  2018         100     0.35070  0.29838  0.50    4966    1482    4226    12132   2.44
  2018         101     0.38525  0.32302  0.50    3485    1126    2922     7906   2.27
  2018         102     0.42122  0.34794  0.50    2359     821    1949     4985   2.11
  2018         103     0.45826  0.37284  0.50    1538     573    1251     3036   1.97
  2018         104     0.49596  0.39741  0.50     965     383     773     1785   1.85
  2018         105     0.53385  0.42137  0.50     581     245     459     1012   1.74
  2018         106     0.57150  0.44449  0.50     336     150     262      553   1.64
  2018         107     0.60850  0.46655  0.50     187      87     143      291   1.56
  2018         108     0.64429  0.48731  0.50     100      49      75      148   1.48
  2018         109     0.67851  0.50663  0.50      51      26      38       72   1.42
  2018         110+    0.73480  1.00000  1.36      25      25      34       34   1.36
  2019           0     0.00236  0.00236  0.21  100000     236   99813  8457747  84.58
  2019           1     0.00011  0.00011  0.50   99764      11   99758  8357934  83.78
  2019           2     0.00009  0.00009  0.50   99753       9   99749  8258176  82.79
  2019           3     0.00011  0.00011  0.50   99744      10   99739  8158427  81.79
  2019           4     0.00013  0.00013  0.50   99734      13   99727  8058688  80.80
  2019           5     0.00013  0.00013  0.50   99721      13   99714  7958961  79.81
  2019           6     0.00011  0.00011  0.50   99707      11   99702  7859247  78.82
  2019           7     0.00007  0.00007  0.50   99697       7   99693  7759545  77.83
  2019           8     0.00006  0.00006  0.50   99690       6   99687  7659852  76.84
  2019           9     0.00007  0.00007  0.50   99684       7   99681  7560165  75.84
  2019          10     0.00009  0.00009  0.50   99677       9   99673  7460484  74.85
  2019          11     0.00013  0.00013  0.50   99668      13   99662  7360811  73.85
  2019          12     0.00017  0.00017  0.50   99656      17   99647  7261149  72.86
  2019          13     0.00021  0.00021  0.50   99639      21   99628  7161502  71.87
  2019          14     0.00023  0.00023  0.50   99618      23   99607  7061874  70.89
  2019          15     0.00022  0.00022  0.50   99596      22   99585  6962267  69.91
  2019          16     0.00017  0.00017  0.50   99574      17   99565  6862682  68.92
  2019          17     0.00009  0.00009  0.50   99557       9   99552  6763117  67.93
  2019          18     0.00010  0.00010  0.50   99548      10   99543  6663564  66.94
  2019          19     0.00029  0.00029  0.50   99538      28   99524  6564022  65.95
  2019          20     0.00045  0.00045  0.50   99509      45   99487  6464498  64.96
  2019          21     0.00052  0.00052  0.50   99464      52   99439  6365011  63.99
  2019          22     0.00048  0.00048  0.50   99413      48   99389  6265573  63.03
  2019          23     0.00040  0.00040  0.50   99365      40   99345  6166184  62.06
  2019          24     0.00038  0.00038  0.50   99325      38   99306  6066839  61.08
  2019          25     0.00047  0.00047  0.50   99287      47   99264  5967532  60.10
  2019          26     0.00056  0.00056  0.50   99241      55   99213  5868268  59.13
  2019          27     0.00054  0.00054  0.50   99186      53   99159  5769055  58.16
  2019          28     0.00051  0.00051  0.50   99132      50   99107  5669897  57.20
  2019          29     0.00057  0.00057  0.50   99082      56   99053  5570790  56.22
  2019          30     0.00066  0.00066  0.50   99025      65   98993  5471736  55.26
  2019          31     0.00068  0.00068  0.50   98960      67   98926  5372744  54.29
  2019          32     0.00057  0.00057  0.50   98893      56   98865  5273817  53.33
  2019          33     0.00043  0.00043  0.50   98837      42   98816  5174952  52.36
  2019          34     0.00038  0.00038  0.50   98795      38   98776  5076137  51.38
  2019          35     0.00038  0.00038  0.50   98757      38   98738  4977361  50.40
  2019          36     0.00036  0.00036  0.50   98719      36   98701  4878623  49.42
  2019          37     0.00030  0.00030  0.50   98683      30   98668  4779921  48.44
  2019          38     0.00032  0.00032  0.50   98654      31   98638  4681253  47.45
  2019          39     0.00050  0.00050  0.50   98622      49   98597  4582615  46.47
  2019          40     0.00070  0.00070  0.50   98573      69   98538  4484018  45.49
  2019          41     0.00077  0.00077  0.50   98504      76   98466  4385479  44.52
  2019          42     0.00084  0.00084  0.50   98428      83   98387  4287013  43.55
  2019          43     0.00093  0.00093  0.50   98345      92   98299  4188627  42.59
  2019          44     0.00104  0.00104  0.50   98254     102   98203  4090327  41.63
  2019          45     0.00125  0.00125  0.50   98152     123   98090  3992124  40.67
  2019          46     0.00159  0.00159  0.50   98029     156   97951  3894034  39.72
  2019          47     0.00173  0.00173  0.50   97873     169   97788  3796083  38.79
  2019          48     0.00174  0.00174  0.50   97704     170   97619  3698295  37.85
  2019          49     0.00177  0.00177  0.50   97534     173   97448  3600676  36.92
  2019          50     0.00185  0.00185  0.50   97361     180   97271  3503228  35.98
  2019          51     0.00198  0.00197  0.50   97181     192   97086  3405957  35.05
  2019          52     0.00217  0.00217  0.50   96990     210   96884  3308871  34.12
  2019          53     0.00241  0.00240  0.50   96779     233   96663  3211987  33.19
  2019          54     0.00251  0.00251  0.50   96547     242   96425  3115324  32.27
  2019          55     0.00268  0.00267  0.50   96304     257   96175  3018899  31.35
  2019          56     0.00311  0.00311  0.50   96047     298   95897  2922723  30.43
  2019          57     0.00371  0.00371  0.50   95748     355   95571  2826826  29.52
  2019          58     0.00425  0.00425  0.50   95393     405   95191  2731255  28.63
  2019          59     0.00444  0.00443  0.50   94988     421   94778  2636064  27.75
  2019          60     0.00445  0.00444  0.50   94567     420   94357  2541286  26.87
  2019          61     0.00455  0.00454  0.50   94148     427   93934  2446929  25.99
  2019          62     0.00487  0.00486  0.50   93721     455   93493  2352994  25.11
  2019          63     0.00551  0.00550  0.50   93265     513   93009  2259501  24.23
  2019          64     0.00651  0.00649  0.50   92753     602   92452  2166492  23.36
  2019          65     0.00774  0.00771  0.50   92151     711   91795  2074041  22.51
  2019          66     0.00861  0.00857  0.50   91440     783   91048  1982245  21.68
  2019          67     0.00916  0.00912  0.50   90657     827   90243  1891197  20.86
  2019          68     0.00969  0.00965  0.50   89830     867   89397  1800954  20.05
  2019          69     0.01063  0.01057  0.50   88963     941   88493  1711557  19.24
  2019          70     0.01215  0.01208  0.50   88022    1063   87491  1623064  18.44
  2019          71     0.01352  0.01343  0.50   86959    1168   86376  1535574  17.66
  2019          72     0.01450  0.01439  0.50   85792    1235   85174  1449198  16.89
  2019          73     0.01516  0.01505  0.50   84557    1273   83921  1364023  16.13
  2019          74     0.01616  0.01603  0.50   83285    1335   82617  1280103  15.37
  2019          75     0.01790  0.01774  0.50   81950    1454   81223  1197485  14.61
  2019          76     0.01975  0.01956  0.50   80496    1574   79708  1116262  13.87
  2019          77     0.02185  0.02162  0.50   78921    1706   78068  1036554  13.13
  2019          78     0.02453  0.02423  0.50   77215    1871   76280   958486  12.41
  2019          79     0.02762  0.02724  0.50   75344    2053   74318   882206  11.71
  2019          80     0.03098  0.03050  0.50   73292    2236   72174   807888  11.02
  2019          81     0.03489  0.03429  0.50   71056    2436   69838   735714  10.35
  2019          82     0.03966  0.03889  0.50   68619    2669   67285   665877   9.70
  2019          83     0.04526  0.04426  0.50   65951    2919   64491   598592   9.08
  2019          84     0.05167  0.05037  0.50   63032    3175   61445   534100   8.47
  2019          85     0.05894  0.05725  0.50   59857    3427   58144   472656   7.90
  2019          86     0.06717  0.06499  0.50   56430    3667   54596   414512   7.35
  2019          87     0.07650  0.07368  0.50   52762    3887   50819   359916   6.82
  2019          88     0.08704  0.08341  0.50   48875    4077   46837   309097   6.32
  2019          89     0.09894  0.09427  0.50   44799    4223   42687   262260   5.85
  2019          90     0.11234  0.10636  0.50   40575    4316   38417   219573   5.41
  2019          91     0.12739  0.11976  0.50   36260    4342   34088   181156   5.00
  2019          92     0.14424  0.13453  0.50   31917    4294   29770   147068   4.61
  2019          93     0.16302  0.15074  0.50   27623    4164   25541   117297   4.25
  2019          94     0.18387  0.16839  0.50   23459    3950   21484    91756   3.91
  2019          95     0.20689  0.18750  0.50   19509    3658   17680    70272   3.60
  2019          96     0.23214  0.20800  0.50   15851    3297   14203    52592   3.32
  2019          97     0.25967  0.22983  0.50   12554    2885   11111    38389   3.06
  2019          98     0.28941  0.25283  0.50    9669    2445    8447    27278   2.82
  2019          99     0.32130  0.27683  0.50    7224    2000    6224    18831   2.61
  2019         100     0.35515  0.30160  0.50    5224    1576    4437    12607   2.41
  2019         101     0.39071  0.32686  0.50    3649    1193    3052     8170   2.24
  2019         102     0.42768  0.35233  0.50    2456     865    2023     5118   2.08
  2019         103     0.46565  0.37771  0.50    1591     601    1290     3095   1.95
  2019         104     0.50419  0.40268  0.50     990     399     791     1804   1.82
  2019         105     0.54284  0.42696  0.50     591     252     465     1014   1.71
  2019         106     0.58108  0.45026  0.50     339     153     263      549   1.62
  2019         107     0.61840  0.47235  0.50     186      88     142      286   1.54
  2019         108     0.65442  0.49308  0.50      98      48      74      144   1.46
  2019         109     0.68895  0.51243  0.50      50      26      37       70   1.40
  2019         110+    0.74467  1.00000  1.34      24      24      33       33   1.34
  2020           0     0.00182  0.00182  0.21  100000     182   99857  8488770  84.89
  2020           1     0.00017  0.00017  0.50   99818      17   99810  8388913  84.04
  2020           2     0.00011  0.00011  0.50   99801      11   99796  8289103  83.06
  2020           3     0.00005  0.00005  0.50   99791       5   99789  8189307  82.06
  2020           4     0.00000  0.00000  0.50   99786       0   99786  8089518  81.07
  2020           5     0.00000  0.00000  0.50   99786       0   99786  7989732  80.07
  2020           6     0.00000  0.00000  0.50   99786       0   99786  7889946  79.07
  2020           7     0.00001  0.00001  0.50   99786       1   99786  7790160  78.07
  2020           8     0.00005  0.00005  0.50   99785       5   99783  7690374  77.07
  2020           9     0.00008  0.00008  0.50   99781       8   99776  7590591  76.07
  2020          10     0.00008  0.00008  0.50   99772       8   99769  7490815  75.08
  2020          11     0.00004  0.00004  0.50   99765       4   99763  7391046  74.08
  2020          12     0.00000  0.00000  0.50   99761       0   99761  7291283  73.09
  2020          13     0.00000  0.00000  0.50   99760       0   99760  7191523  72.09
  2020          14     0.00005  0.00005  0.50   99760       5   99758  7091763  71.09
  2020          15     0.00013  0.00013  0.50   99755      13   99748  6992005  70.09
  2020          16     0.00021  0.00021  0.50   99742      21   99731  6892257  69.10
  2020          17     0.00024  0.00024  0.50   99720      24   99708  6792526  68.12
  2020          18     0.00025  0.00025  0.50   99696      25   99684  6692817  67.13
  2020          19     0.00027  0.00027  0.50   99671      27   99657  6593134  66.15
  2020          20     0.00032  0.00032  0.50   99644      32   99628  6493476  65.17
  2020          21     0.00035  0.00035  0.50   99612      34   99595  6393848  64.19
  2020          22     0.00032  0.00032  0.50   99578      32   99562  6294254  63.21
  2020          23     0.00028  0.00028  0.50   99546      28   99532  6194692  62.23
  2020          24     0.00029  0.00029  0.50   99517      29   99503  6095160  61.25
  2020          25     0.00035  0.00035  0.50   99489      35   99471  5995657  60.26
  2020          26     0.00044  0.00044  0.50   99454      44   99432  5896186  59.29
  2020          27     0.00052  0.00052  0.50   99410      51   99384  5796755  58.31
  2020          28     0.00051  0.00051  0.50   99358      50   99333  5697371  57.34
  2020          29     0.00040  0.00040  0.50   99308      39   99288  5598037  56.37
  2020          30     0.00035  0.00035  0.50   99269      35   99252  5498749  55.39
  2020          31     0.00034  0.00034  0.50   99234      34   99217  5399497  54.41
  2020          32     0.00032  0.00032  0.50   99200      32   99184  5300280  53.43
  2020          33     0.00031  0.00031  0.50   99169      31   99153  5201096  52.45
  2020          34     0.00036  0.00036  0.50   99138      36   99120  5101943  51.46
  2020          35     0.00045  0.00045  0.50   99102      44   99080  5002823  50.48
  2020          36     0.00052  0.00052  0.50   99058      51   99032  4903743  49.50
  2020          37     0.00053  0.00053  0.50   99007      52   98980  4804710  48.53
  2020          38     0.00055  0.00054  0.50   98954      54   98927  4705730  47.55
  2020          39     0.00062  0.00062  0.50   98900      62   98869  4606803  46.58
  2020          40     0.00071  0.00071  0.50   98839      70   98804  4507934  45.61
  2020          41     0.00076  0.00076  0.50   98769      75   98731  4409130  44.64
  2020          42     0.00090  0.00090  0.50   98693      89   98649  4310399  43.67
  2020          43     0.00103  0.00103  0.50   98604     102   98553  4211750  42.71
  2020          44     0.00106  0.00106  0.50   98503     104   98451  4113197  41.76
  2020          45     0.00109  0.00109  0.50   98399     107   98345  4014746  40.80
  2020          46     0.00126  0.00126  0.50   98291     124   98229  3916401  39.84
  2020          47     0.00154  0.00153  0.50   98167     151   98092  3818172  38.89
  2020          48     0.00178  0.00178  0.50   98017     174   97930  3720080  37.95
  2020          49     0.00189  0.00189  0.50   97843     185   97750  3622151  37.02
  2020          50     0.00194  0.00193  0.50   97658     189   97563  3524400  36.09
  2020          51     0.00202  0.00202  0.50   97469     196   97371  3426837  35.16
  2020          52     0.00217  0.00217  0.50   97273     211   97167  3329466  34.23
  2020          53     0.00244  0.00243  0.50   97062     236   96944  3232299  33.30
  2020          54     0.00287  0.00287  0.50   96826     278   96687  3135355  32.38
  2020          55     0.00328  0.00327  0.50   96548     316   96390  3038668  31.47
  2020          56     0.00348  0.00347  0.50   96232     334   96065  2942278  30.57
  2020          57     0.00357  0.00356  0.50   95898     342   95727  2846213  29.68
  2020          58     0.00370  0.00369  0.50   95556     353   95380  2750486  28.78
  2020          59     0.00387  0.00386  0.50   95204     368   95020  2655106  27.89
  2020          60     0.00421  0.00421  0.50   94836     399   94637  2560086  26.99
  2020          61     0.00484  0.00482  0.50   94437     456   94209  2465449  26.11
  2020          62     0.00561  0.00560  0.50   93982     526   93719  2371240  25.23
  2020          63     0.00635  0.00633  0.50   93456     592   93160  2277521  24.37
  2020          64     0.00683  0.00680  0.50   92864     632   92548  2184361  23.52
  2020          65     0.00698  0.00695  0.50   92232     641   91912  2091813  22.68
  2020          66     0.00736  0.00734  0.50   91591     672   91255  1999901  21.84
  2020          67     0.00807  0.00804  0.50   90919     731   90554  1908647  20.99
  2020          68     0.00902  0.00898  0.50   90188     809   89784  1818093  20.16
  2020          69     0.01013  0.01008  0.50   89379     901   88928  1728309  19.34
  2020          70     0.01132  0.01126  0.50   88478     996   87980  1639381  18.53
  2020          71     0.01243  0.01235  0.50   87482    1080   86942  1551401  17.73
  2020          72     0.01355  0.01346  0.50   86401    1163   85820  1464460  16.95
  2020          73     0.01490  0.01478  0.50   85238    1260   84608  1378640  16.17
  2020          74     0.01670  0.01656  0.50   83978    1391   83283  1294032  15.41
  2020          75     0.01890  0.01872  0.50   82587    1546   81814  1210749  14.66
  2020          76     0.02053  0.02032  0.50   81041    1647   80217  1128935  13.93
  2020          77     0.02183  0.02159  0.50   79394    1714   78537  1048718  13.21
  2020          78     0.02344  0.02316  0.50   77680    1799   76780   970181  12.49
  2020          79     0.02610  0.02577  0.50   75880    1955   74903   893401  11.77
  2020          80     0.03031  0.02986  0.50   73925    2208   72821   818499  11.07
  2020          81     0.03537  0.03476  0.50   71717    2493   70471   745678  10.40
  2020          82     0.04055  0.03975  0.50   69225    2751   67849   675206   9.75
  2020          83     0.04617  0.04513  0.50   66473    3000   64973   607357   9.14
  2020          84     0.05245  0.05111  0.50   63474    3244   61852   542384   8.55
  2020          85     0.05951  0.05779  0.50   60230    3481   58489   480532   7.98
  2020          86     0.06747  0.06527  0.50   56749    3704   54897   422043   7.44
  2020          87     0.07643  0.07362  0.50   53045    3905   51092   367147   6.92
  2020          88     0.08650  0.08291  0.50   49140    4074   47102   316055   6.43
  2020          89     0.09779  0.09323  0.50   45065    4201   42965   268952   5.97
  2020          90     0.11043  0.10465  0.50   40864    4276   38726   225987   5.53
  2020          91     0.12457  0.11726  0.50   36588    4290   34442   187262   5.12
  2020          92     0.14034  0.13114  0.50   32297    4236   30179   152819   4.73
  2020          93     0.15791  0.14635  0.50   28062    4107   26008   122640   4.37
  2020          94     0.17739  0.16294  0.50   23955    3903   22003    96632   4.03
  2020          95     0.19893  0.18093  0.50   20052    3628   18238    74628   3.72
  2020          96     0.22261  0.20032  0.50   16424    3290   14779    56391   3.43
  2020          97     0.24852  0.22105  0.50   13134    2903   11682    41612   3.17
  2020          98     0.27664  0.24303  0.50   10230    2486    8987    29930   2.93
  2020          99     0.30695  0.26611  0.50    7744    2061    6714    20943   2.70
  2020         100     0.33934  0.29011  0.50    5683    1649    4859    14229   2.50
  2020         101     0.37358  0.31479  0.50    4035    1270    3400     9370   2.32
  2020         102     0.40944  0.33986  0.50    2765     940    2295     5970   2.16
  2020         103     0.44654  0.36504  0.50    1825     666    1492     3676   2.01
  2020         104     0.48449  0.39001  0.50    1159     452     933     2184   1.88
  2020         105     0.52282  0.41447  0.50     707     293     560     1251   1.77
  2020         106     0.56101  0.43812  0.50     414     181     323      690   1.67
  2020         107     0.59855  0.46068  0.50     233     107     179      367   1.58
  2020         108     0.63505  0.48200  0.50     125      60      95      188   1.50
  2020         109     0.67032  0.50205  0.50      65      33      49       93   1.43
  2020         110+    0.72851  1.00000  1.37      32      32      44       44   1.37
  2021           0     0.00190  0.00189  0.21  100000     189   99851  8475126  84.75
  2021           1     0.00017  0.00017  0.50   99811      17   99802  8375275  83.91
  2021           2     0.00015  0.00015  0.50   99794      15   99786  8275473  82.93
  2021           3     0.00013  0.00013  0.50   99779      13   99772  8175686  81.94
  2021           4     0.00012  0.00012  0.50   99766      12   99759  8075914  80.95
  2021           5     0.00011  0.00011  0.50   99753      11   99748  7976155  79.96
  2021           6     0.00010  0.00010  0.50   99742      10   99737  7876407  78.97
  2021           7     0.00007  0.00007  0.50   99733       7   99729  7776669  77.98
  2021           8     0.00005  0.00005  0.50   99725       5   99723  7676940  76.98
  2021           9     0.00004  0.00004  0.50   99720       4   99718  7577218  75.98
  2021          10     0.00004  0.00004  0.50   99716       4   99714  7477499  74.99
  2021          11     0.00005  0.00005  0.50   99711       5   99709  7377786  73.99
  2021          12     0.00006  0.00006  0.50   99706       6   99703  7278077  73.00
  2021          13     0.00007  0.00007  0.50   99700       7   99697  7178374  72.00
  2021          14     0.00010  0.00010  0.50   99693      10   99688  7078677  71.00
  2021          15     0.00015  0.00015  0.50   99683      15   99675  6978989  70.01
  2021          16     0.00021  0.00021  0.50   99668      21   99657  6879314  69.02
  2021          17     0.00026  0.00026  0.50   99647      26   99634  6779657  68.04
  2021          18     0.00032  0.00032  0.50   99621      32   99605  6680023  67.05
  2021          19     0.00037  0.00037  0.50   99589      37   99570  6580418  66.08
  2021          20     0.00046  0.00046  0.50   99552      46   99529  6480848  65.10
  2021          21     0.00055  0.00055  0.50   99506      55   99479  6381319  64.13
  2021          22     0.00061  0.00061  0.50   99451      61   99421  6281840  63.17
  2021          23     0.00060  0.00060  0.50   99390      60   99360  6182420  62.20
  2021          24     0.00053  0.00053  0.50   99330      53   99304  6083060  61.24
  2021          25     0.00052  0.00052  0.50   99277      52   99251  5983756  60.27
  2021          26     0.00053  0.00053  0.50   99226      52   99199  5884504  59.30
  2021          27     0.00049  0.00049  0.50   99173      48   99149  5785305  58.34
  2021          28     0.00044  0.00044  0.50   99125      44   99103  5686156  57.36
  2021          29     0.00044  0.00044  0.50   99081      43   99059  5587054  56.39
  2021          30     0.00045  0.00045  0.50   99037      45   99015  5487994  55.41
  2021          31     0.00047  0.00047  0.50   98993      47   98969  5388979  54.44
  2021          32     0.00051  0.00051  0.50   98946      50   98921  5290010  53.46
  2021          33     0.00054  0.00054  0.50   98896      53   98869  5191089  52.49
  2021          34     0.00055  0.00055  0.50   98843      55   98815  5092220  51.52
  2021          35     0.00056  0.00056  0.50   98788      55   98760  4993405  50.55
  2021          36     0.00056  0.00056  0.50   98733      55   98705  4894644  49.57
  2021          37     0.00057  0.00057  0.50   98678      56   98650  4795939  48.60
  2021          38     0.00057  0.00057  0.50   98622      57   98593  4697289  47.63
  2021          39     0.00058  0.00058  0.50   98565      57   98536  4598696  46.66
  2021          40     0.00063  0.00063  0.50   98508      62   98477  4500159  45.68
  2021          41     0.00076  0.00076  0.50   98446      74   98409  4401682  44.71
  2021          42     0.00092  0.00092  0.50   98371      90   98326  4303274  43.75
  2021          43     0.00106  0.00106  0.50   98281     104   98229  4204948  42.78
  2021          44     0.00114  0.00114  0.50   98177     112   98121  4106719  41.83
  2021          45     0.00116  0.00116  0.50   98065     114   98008  4008598  40.88
  2021          46     0.00116  0.00116  0.50   97951     114   97894  3910590  39.92
  2021          47     0.00124  0.00124  0.50   97837     121   97777  3812696  38.97
  2021          48     0.00143  0.00143  0.50   97716     140   97646  3714919  38.02
  2021          49     0.00173  0.00173  0.50   97576     168   97492  3617273  37.07
  2021          50     0.00202  0.00202  0.50   97408     197   97310  3519781  36.13
  2021          51     0.00223  0.00222  0.50   97211     216   97103  3422471  35.21
  2021          52     0.00236  0.00236  0.50   96995     229   96881  3325368  34.28
  2021          53     0.00249  0.00249  0.50   96766     241   96646  3228488  33.36
  2021          54     0.00267  0.00266  0.50   96525     257   96396  3131842  32.45
  2021          55     0.00292  0.00292  0.50   96268     281   96127  3035446  31.53
  2021          56     0.00326  0.00326  0.50   95987     313   95830  2939318  30.62
  2021          57     0.00354  0.00353  0.50   95674     338   95505  2843488  29.72
  2021          58     0.00365  0.00364  0.50   95336     347   95162  2747983  28.82
  2021          59     0.00379  0.00379  0.50   94989     360   94809  2652820  27.93
  2021          60     0.00409  0.00408  0.50   94629     386   94436  2558011  27.03
  2021          61     0.00459  0.00458  0.50   94243     431   94027  2463575  26.14
  2021          62     0.00516  0.00515  0.50   93812     483   93570  2369548  25.26
  2021          63     0.00570  0.00568  0.50   93328     530   93063  2275978  24.39
  2021          64     0.00626  0.00624  0.50   92798     579   92509  2182915  23.52
  2021          65     0.00692  0.00690  0.50   92219     636   91901  2090406  22.67
  2021          66     0.00763  0.00760  0.50   91583     696   91235  1998505  21.82
  2021          67     0.00833  0.00829  0.50   90887     754   90510  1907270  20.98
  2021          68     0.00903  0.00899  0.50   90134     810   89728  1816759  20.16
  2021          69     0.00979  0.00974  0.50   89323     870   88888  1727031  19.33
  2021          70     0.01073  0.01068  0.50   88453     944   87981  1638143  18.52
  2021          71     0.01206  0.01199  0.50   87508    1049   86984  1550162  17.71
  2021          72     0.01363  0.01354  0.50   86459    1170   85874  1463178  16.92
  2021          73     0.01524  0.01513  0.50   85289    1290   84644  1377304  16.15
  2021          74     0.01687  0.01673  0.50   83999    1405   83296  1292660  15.39
  2021          75     0.01857  0.01840  0.50   82594    1519   81834  1209364  14.64
  2021          76     0.02055  0.02034  0.50   81074    1649   80250  1127530  13.91
  2021          77     0.02289  0.02263  0.50   79425    1797   78527  1047280  13.19
  2021          78     0.02558  0.02526  0.50   77628    1961   76648   968753  12.48
  2021          79     0.02848  0.02808  0.50   75667    2125   74605   892106  11.79
  2021          80     0.03151  0.03102  0.50   73542    2282   72402   817501  11.12
  2021          81     0.03508  0.03448  0.50   71261    2457   70032   745099  10.46
  2021          82     0.03960  0.03883  0.50   68804    2671   67468   675067   9.81
  2021          83     0.04500  0.04401  0.50   66133    2911   64677   607598   9.19
  2021          84     0.05126  0.04998  0.50   63222    3160   61642   542921   8.59
  2021          85     0.05837  0.05671  0.50   60062    3406   58359   481279   8.01
  2021          86     0.06640  0.06426  0.50   56656    3641   54836   422920   7.46
  2021          87     0.07542  0.07268  0.50   53015    3853   51089   368084   6.94
  2021          88     0.08557  0.08206  0.50   49162    4034   47145   316996   6.45
  2021          89     0.09697  0.09248  0.50   45128    4173   43041   269851   5.98
  2021          90     0.10974  0.10403  0.50   40954    4261   38824   226810   5.54
  2021          91     0.12403  0.11679  0.50   36694    4285   34551   187986   5.12
  2021          92     0.13997  0.13082  0.50   32408    4240   30289   153435   4.73
  2021          93     0.15770  0.14618  0.50   28169    4118   26110   123147   4.37
  2021          94     0.17734  0.16290  0.50   24051    3918   22092    97037   4.03
  2021          95     0.19900  0.18099  0.50   20133    3644   18311    74944   3.72
  2021          96     0.22275  0.20043  0.50   16489    3305   14837    56633   3.43
  2021          97     0.24866  0.22116  0.50   13184    2916   11726    41796   3.17
  2021          98     0.27671  0.24308  0.50   10269    2496    9020    30070   2.93
  2021          99     0.30687  0.26605  0.50    7772    2068    6739    21049   2.71
  2021         100     0.33900  0.28987  0.50    5705    1654    4878    14311   2.51
  2021         101     0.37292  0.31431  0.50    4051    1273    3414     9433   2.33
  2021         102     0.40837  0.33912  0.50    2778     942    2307     6018   2.17
  2021         103     0.44500  0.36401  0.50    1836     668    1502     3712   2.02
  2021         104     0.48243  0.38867  0.50    1168     454     941     2210   1.89
  2021         105     0.52019  0.41282  0.50     714     295     566     1269   1.78
  2021         106     0.55781  0.43616  0.50     419     183     328      703   1.68
  2021         107     0.59484  0.45848  0.50     236     108     182      375   1.59
  2021         108     0.63106  0.47970  0.50     128      61      97      193   1.51
  2021         109     0.66639  0.49984  0.50      67      33      50       96   1.44
  2021         110+    0.72447  1.00000  1.38      33      33      46       46   1.38
  2022           0     0.00105  0.00105  0.23  100000     105   99919  8432402  84.32
  2022           1     0.00019  0.00019  0.50   99895      19   99886  8332483  83.41
  2022           2     0.00012  0.00012  0.50   99877      12   99871  8232597  82.43
  2022           3     0.00005  0.00005  0.50   99865       5   99862  8132727  81.44
  2022           4     0.00000  0.00000  0.50   99860       0   99860  8032864  80.44
  2022           5     0.00000  0.00000  0.50   99860       0   99860  7933004  79.44
  2022           6     0.00000  0.00000  0.50   99860       0   99860  7833144  78.44
  2022           7     0.00000  0.00000  0.50   99860       0   99860  7733284  77.44
  2022           8     0.00000  0.00000  0.50   99860       0   99860  7633424  76.44
  2022           9     0.00000  0.00000  0.50   99860       0   99860  7533564  75.44
  2022          10     0.00000  0.00000  0.50   99860       0   99860  7433704  74.44
  2022          11     0.00001  0.00001  0.50   99860       1   99859  7333844  73.44
  2022          12     0.00008  0.00008  0.50   99859       8   99855  7233984  72.44
  2022          13     0.00012  0.00012  0.50   99851      12   99845  7134130  71.45
  2022          14     0.00012  0.00012  0.50   99839      12   99833  7034285  70.46
  2022          15     0.00010  0.00010  0.50   99827      10   99822  6934452  69.46
  2022          16     0.00012  0.00012  0.50   99817      12   99811  6834630  68.47
  2022          17     0.00021  0.00021  0.50   99805      21   99795  6734819  67.48
  2022          18     0.00034  0.00034  0.50   99784      33   99768  6635024  66.49
  2022          19     0.00042  0.00042  0.50   99751      42   99730  6535256  65.52
  2022          20     0.00039  0.00039  0.50   99709      39   99690  6435526  64.54
  2022          21     0.00030  0.00030  0.50   99670      30   99655  6335837  63.57
  2022          22     0.00023  0.00023  0.50   99640      23   99629  6236182  62.59
  2022          23     0.00024  0.00024  0.50   99617      24   99605  6136553  61.60
  2022          24     0.00032  0.00032  0.50   99593      32   99578  6036948  60.62
  2022          25     0.00034  0.00033  0.50   99562      33   99545  5937370  59.64
  2022          26     0.00035  0.00035  0.50   99528      35   99511  5837825  58.65
  2022          27     0.00045  0.00045  0.50   99493      45   99471  5738314  57.68
  2022          28     0.00052  0.00052  0.50   99448      51   99423  5638843  56.70
  2022          29     0.00048  0.00048  0.50   99397      48   99373  5539421  55.73
  2022          30     0.00050  0.00050  0.50   99349      49   99325  5440048  54.76
  2022          31     0.00054  0.00054  0.50   99300      53   99274  5340723  53.78
  2022          32     0.00053  0.00053  0.50   99247      53   99221  5241449  52.81
  2022          33     0.00051  0.00051  0.50   99194      50   99169  5142229  51.84
  2022          34     0.00050  0.00050  0.50   99144      49   99119  5043059  50.87
  2022          35     0.00045  0.00045  0.50   99095      45   99072  4943940  49.89
  2022          36     0.00036  0.00036  0.50   99050      36   99032  4844868  48.91
  2022          37     0.00043  0.00043  0.50   99014      42   98993  4745836  47.93
  2022          38     0.00056  0.00056  0.50   98971      56   98944  4646844  46.95
  2022          39     0.00066  0.00066  0.50   98916      66   98883  4547900  45.98
  2022          40     0.00077  0.00077  0.50   98850      76   98812  4449017  45.01
  2022          41     0.00092  0.00092  0.50   98774      90   98729  4350205  44.04
  2022          42     0.00096  0.00096  0.50   98684      95   98636  4251477  43.08
  2022          43     0.00090  0.00090  0.50   98589      88   98544  4152840  42.12
  2022          44     0.00078  0.00078  0.50   98500      77   98462  4054296  41.16
  2022          45     0.00081  0.00081  0.50   98424      80   98384  3955834  40.19
  2022          46     0.00112  0.00112  0.50   98344     110   98289  3857451  39.22
  2022          47     0.00151  0.00151  0.50   98234     148   98160  3759162  38.27
  2022          48     0.00189  0.00189  0.50   98085     185   97993  3661002  37.32
  2022          49     0.00221  0.00221  0.50   97900     217   97792  3563010  36.39
  2022          50     0.00236  0.00236  0.50   97684     231   97568  3465218  35.47
  2022          51     0.00227  0.00227  0.50   97453     221   97342  3367650  34.56
  2022          52     0.00207  0.00206  0.50   97232     201   97132  3270307  33.63
  2022          53     0.00201  0.00201  0.50   97031     195   96934  3173176  32.70
  2022          54     0.00244  0.00243  0.50   96836     236   96719  3076242  31.77
  2022          55     0.00311  0.00311  0.50   96601     300   96451  2979523  30.84
  2022          56     0.00370  0.00369  0.50   96301     355   96123  2883073  29.94
  2022          57     0.00415  0.00414  0.50   95945     397   95746  2786950  29.05
  2022          58     0.00441  0.00440  0.50   95548     421   95337  2691203  28.17
  2022          59     0.00429  0.00428  0.50   95127     407   94924  2595866  27.29
  2022          60     0.00431  0.00430  0.50   94720     407   94517  2500942  26.40
  2022          61     0.00498  0.00497  0.50   94313     469   94079  2406425  25.52
  2022          62     0.00589  0.00587  0.50   93844     551   93569  2312346  24.64
  2022          63     0.00647  0.00645  0.50   93294     602   92993  2218777  23.78
  2022          64     0.00671  0.00668  0.50   92692     620   92382  2125785  22.93
  2022          65     0.00681  0.00679  0.50   92072     625   91759  2033403  22.08
  2022          66     0.00737  0.00735  0.50   91447     672   91111  1941644  21.23
  2022          67     0.00824  0.00820  0.50   90775     745   90403  1850533  20.39
  2022          68     0.00921  0.00916  0.50   90030     825   89618  1760130  19.55
  2022          69     0.01066  0.01061  0.50   89205     946   88732  1670513  18.73
  2022          70     0.01272  0.01264  0.50   88259    1116   87701  1581780  17.92
  2022          71     0.01428  0.01418  0.50   87143    1236   86525  1494079  17.15
  2022          72     0.01547  0.01535  0.50   85907    1319   85248  1407554  16.38
  2022          73     0.01672  0.01658  0.50   84589    1402   83888  1322306  15.63
  2022          74     0.01807  0.01791  0.50   83187    1490   82442  1238418  14.89
  2022          75     0.01978  0.01958  0.50   81697    1600   80897  1155977  14.15
  2022          76     0.02271  0.02246  0.50   80097    1799   79198  1075080  13.42
  2022          77     0.02551  0.02519  0.50   78298    1972   77312   995882  12.72
  2022          78     0.02691  0.02655  0.50   76326    2027   75313   918570  12.03
  2022          79     0.02856  0.02816  0.50   74299    2092   73253   843258  11.35
  2022          80     0.03224  0.03172  0.50   72207    2291   71062   770004  10.66
  2022          81     0.03721  0.03653  0.50   69916    2554   68639   698943  10.00
  2022          82     0.04251  0.04162  0.50   67362    2804   65961   630303   9.36
  2022          83     0.04845  0.04731  0.50   64559    3054   63032   564343   8.74
  2022          84     0.05525  0.05376  0.50   61505    3307   59851   501311   8.15
  2022          85     0.06296  0.06104  0.50   58198    3552   56422   441460   7.59
  2022          86     0.07173  0.06924  0.50   54646    3784   52754   385038   7.05
  2022          87     0.08169  0.07848  0.50   50862    3992   48866   332284   6.53
  2022          88     0.09299  0.08885  0.50   46870    4165   44788   283419   6.05
  2022          89     0.10577  0.10046  0.50   42705    4290   40560   238631   5.59
  2022          90     0.12020  0.11339  0.50   38415    4356   36237   198071   5.16
  2022          91     0.13645  0.12774  0.50   34059    4351   31884   161834   4.75
  2022          92     0.15468  0.14358  0.50   29709    4266   27576   129950   4.37
  2022          93     0.17505  0.16096  0.50   25443    4095   23395   102374   4.02
  2022          94     0.19768  0.17990  0.50   21348    3840   19428    78978   3.70
  2022          95     0.22267  0.20036  0.50   17507    3508   15753    59551   3.40
  2022          96     0.25009  0.22229  0.50   14000    3112   12444    43797   3.13
  2022          97     0.27992  0.24555  0.50   10888    2673    9551    31354   2.88
  2022          98     0.31209  0.26996  0.50    8214    2217    7105    21803   2.65
  2022          99     0.34644  0.29529  0.50    5997    1771    5111    14698   2.45
  2022         100     0.38273  0.32125  0.50    4226    1358    3547     9586   2.27
  2022         101     0.42061  0.34753  0.50    2868     997    2370     6039   2.11
  2022         102     0.45969  0.37378  0.50    1871     700    1522     3669   1.96
  2022         103     0.49947  0.39966  0.50    1172     468     938     2148   1.83
  2022         104     0.53945  0.42486  0.50     704     299     554     1210   1.72
  2022         105     0.57909  0.44907  0.50     405     182     314      656   1.62
  2022         106     0.61788  0.47205  0.50     223     105     170      342   1.53
  2022         107     0.65530  0.49358  0.50     118      58      89      172   1.46
  2022         108     0.69089  0.51350  0.50      60      31      44       83   1.39
  2022         109     0.72439  0.53178  0.50      29      15      21       39   1.34
  2022         110+    0.77634  1.00000  1.29      14      14      17       17   1.29
  2023           0     0.00224  0.00224  0.21  100000     224   99824  8419643  84.20
  2023           1     0.00017  0.00017  0.50   99776      17   99767  8319819  83.38
  2023           2     0.00012  0.00012  0.50   99759      12   99753  8220051  82.40
  2023           3     0.00009  0.00009  0.50   99747       9   99743  8120299  81.41
  2023           4     0.00009  0.00009  0.50   99738       9   99734  8020556  80.42
  2023           5     0.00009  0.00009  0.50   99730       9   99725  7920822  79.42
  2023           6     0.00008  0.00008  0.50   99721       7   99717  7821097  78.43
  2023           7     0.00003  0.00003  0.50   99713       3   99712  7721380  77.44
  2023           8     0.00001  0.00001  0.50   99711       1   99710  7621668  76.44
  2023           9     0.00003  0.00003  0.50   99709       3   99708  7521958  75.44
  2023          10     0.00004  0.00004  0.50   99706       4   99704  7422250  74.44
  2023          11     0.00003  0.00003  0.50   99702       3   99701  7322546  73.44
  2023          12     0.00001  0.00001  0.50   99699       1   99698  7222846  72.45
  2023          13     0.00001  0.00001  0.50   99698       1   99697  7123148  71.45
  2023          14     0.00005  0.00005  0.50   99696       5   99694  7023451  70.45
  2023          15     0.00013  0.00013  0.50   99691      13   99685  6923757  69.45
  2023          16     0.00023  0.00023  0.50   99678      23   99667  6824072  68.46
  2023          17     0.00030  0.00030  0.50   99655      30   99640  6724406  67.48
  2023          18     0.00029  0.00029  0.50   99625      29   99610  6624766  66.50
  2023          19     0.00021  0.00021  0.50   99596      21   99585  6525156  65.52
  2023          20     0.00024  0.00024  0.50   99575      24   99563  6425570  64.53
  2023          21     0.00038  0.00038  0.50   99551      38   99532  6326008  63.55
  2023          22     0.00054  0.00054  0.50   99513      54   99486  6226476  62.57
  2023          23     0.00060  0.00060  0.50   99459      60   99429  6126990  61.60
  2023          24     0.00052  0.00052  0.50   99399      52   99373  6027561  60.64
  2023          25     0.00044  0.00044  0.50   99348      44   99326  5928187  59.67
  2023          26     0.00038  0.00038  0.50   99304      38   99285  5828862  58.70
  2023          27     0.00031  0.00031  0.50   99266      31   99251  5729576  57.72
  2023          28     0.00029  0.00029  0.50   99235      29   99221  5630326  56.74
  2023          29     0.00036  0.00036  0.50   99206      36   99188  5531105  55.75
  2023          30     0.00047  0.00047  0.50   99170      46   99147  5431917  54.77
  2023          31     0.00052  0.00052  0.50   99124      51   99098  5332770  53.80
  2023          32     0.00048  0.00048  0.50   99072      47   99049  5233672  52.83
  2023          33     0.00042  0.00042  0.50   99025      41   99004  5134623  51.85
  2023          34     0.00041  0.00041  0.50   98984      41   98964  5035618  50.87
  2023          35     0.00049  0.00049  0.50   98943      49   98919  4936655  49.89
  2023          36     0.00064  0.00064  0.50   98895      63   98863  4837736  48.92
  2023          37     0.00075  0.00074  0.50   98832      74   98795  4738873  47.95
  2023          38     0.00080  0.00080  0.50   98758      79   98719  4640078  46.98
  2023          39     0.00083  0.00083  0.50   98679      82   98638  4541359  46.02
  2023          40     0.00088  0.00088  0.50   98597      87   98554  4442721  45.06
  2023          41     0.00099  0.00099  0.50   98511      97   98462  4344167  44.10
  2023          42     0.00105  0.00105  0.50   98413     103   98362  4245705  43.14
  2023          43     0.00103  0.00103  0.50   98310     101   98260  4147343  42.19
  2023          44     0.00094  0.00094  0.50   98209      93   98163  4049083  41.23
  2023          45     0.00097  0.00097  0.50   98117      95   98069  3950920  40.27
  2023          46     0.00118  0.00118  0.50   98022     115   97964  3852850  39.31
  2023          47     0.00133  0.00133  0.50   97907     130   97842  3754886  38.35
  2023          48     0.00147  0.00147  0.50   97777     144   97705  3657044  37.40
  2023          49     0.00172  0.00171  0.50   97633     167   97549  3559340  36.46
  2023          50     0.00203  0.00202  0.50   97465     197   97367  3461791  35.52
  2023          51     0.00232  0.00232  0.50   97268     226   97156  3364424  34.59
  2023          52     0.00252  0.00252  0.50   97043     244   96921  3267268  33.67
  2023          53     0.00255  0.00255  0.50   96799     247   96675  3170347  32.75
  2023          54     0.00250  0.00250  0.50   96552     241   96431  3073672  31.83
  2023          55     0.00262  0.00262  0.50   96311     252   96185  2977241  30.91
  2023          56     0.00311  0.00311  0.50   96058     299   95909  2881056  29.99
  2023          57     0.00365  0.00364  0.50   95760     349   95585  2785147  29.08
  2023          58     0.00392  0.00391  0.50   95411     373   95224  2689562  28.19
  2023          59     0.00415  0.00414  0.50   95038     394   94841  2594338  27.30
  2023          60     0.00448  0.00447  0.50   94644     423   94432  2499497  26.41
  2023          61     0.00495  0.00493  0.50   94221     465   93988  2405064  25.53
  2023          62     0.00540  0.00539  0.50   93756     505   93503  2311076  24.65
  2023          63     0.00575  0.00574  0.50   93251     535   92983  2217572  23.78
  2023          64     0.00627  0.00625  0.50   92716     580   92426  2124589  22.92
  2023          65     0.00714  0.00711  0.50   92136     655   91808  2032163  22.06
  2023          66     0.00792  0.00789  0.50   91481     722   91120  1940355  21.21
  2023          67     0.00885  0.00881  0.50   90759     800   90359  1849235  20.38
  2023          68     0.01020  0.01015  0.50   89959     913   89503  1758875  19.55
  2023          69     0.01158  0.01151  0.50   89046    1025   88534  1669373  18.75
  2023          70     0.01267  0.01259  0.50   88021    1108   87467  1580839  17.96
  2023          71     0.01392  0.01382  0.50   86913    1202   86312  1493372  17.18
  2023          72     0.01533  0.01521  0.50   85711    1304   85059  1407060  16.42
  2023          73     0.01673  0.01659  0.50   84407    1401   83707  1322000  15.66
  2023          74     0.01806  0.01789  0.50   83007    1485   82264  1238293  14.92
  2023          75     0.01942  0.01923  0.50   81522    1568   80738  1156029  14.18
  2023          76     0.02132  0.02109  0.50   79954    1686   79111  1075291  13.45
  2023          77     0.02356  0.02328  0.50   78268    1822   77357   996180  12.73
  2023          78     0.02591  0.02558  0.50   76445    1955   75468   918824  12.02
  2023          79     0.02888  0.02847  0.50   74490    2121   73430   843356  11.32
  2023          80     0.03299  0.03246  0.50   72369    2349   71195   769926  10.64
  2023          81     0.03796  0.03726  0.50   70021    2609   68716   698731   9.98
  2023          82     0.04346  0.04254  0.50   67412    2867   65978   630015   9.35
  2023          83     0.04959  0.04839  0.50   64544    3123   62983   564037   8.74
  2023          84     0.05647  0.05492  0.50   61421    3373   59734   501054   8.16
  2023          85     0.06422  0.06223  0.50   58048    3612   56242   441320   7.60
  2023          86     0.07295  0.07039  0.50   54436    3832   52520   385078   7.07
  2023          87     0.08278  0.07949  0.50   50604    4023   48593   332558   6.57
  2023          88     0.09382  0.08962  0.50   46582    4175   44494   283966   6.10
  2023          89     0.10621  0.10085  0.50   42407    4277   40268   239471   5.65
  2023          90     0.12008  0.11328  0.50   38130    4319   35970   199203   5.22
  2023          91     0.13558  0.12697  0.50   33811    4293   31664   163232   4.83
  2023          92     0.15284  0.14199  0.50   29518    4191   27422   131568   4.46
  2023          93     0.17202  0.15840  0.50   25326    4012   23321   104146   4.11
  2023          94     0.19325  0.17622  0.50   21315    3756   19437    80825   3.79
  2023          95     0.21662  0.19545  0.50   17559    3432   15843    61389   3.50
  2023          96     0.24222  0.21605  0.50   14127    3052   12601    45546   3.22
  2023          97     0.27008  0.23795  0.50   11075    2635    9757    32945   2.97
  2023          98     0.30016  0.26099  0.50    8439    2203    7338    23188   2.75
  2023          99     0.33238  0.28501  0.50    6237    1778    5348    15850   2.54
  2023         100     0.36655  0.30978  0.50    4459    1381    3769    10502   2.36
  2023         101     0.40241  0.33501  0.50    3078    1031    2562     6733   2.19
  2023         102     0.43964  0.36042  0.50    2047     738    1678     4171   2.04
  2023         103     0.47783  0.38568  0.50    1309     505    1057     2493   1.90
  2023         104     0.51652  0.41050  0.50     804     330     639     1436   1.79
  2023         105     0.55521  0.43457  0.50     474     206     371      797   1.68
  2023         106     0.59337  0.45760  0.50     268     123     207      426   1.59
  2023         107     0.63047  0.47936  0.50     145      70     111      220   1.51
  2023         108     0.66619  0.49973  0.50      76      38      57      109   1.44
  2023         109     0.70039  0.51873  0.50      38      20      28       52   1.38
  2023         110+    0.75467  1.00000  1.33      18      18      24       24   1.33
